Omega,Tolerance,Step Size Rule,Iterations,Converged?,Gap LR,Gap Naive,Obj. Naive,Obj. LR (UB),"Obj. LR (LB),",Gap,Time Naive,Time LR,Final Lambda,LB Heuristic,BBP,Best iter,Lambda best iter,Gamma best iter
900.0,0.05,1.0,10.0,0.0,0.12917,0.14949,243.06379,286.18714,256.10806,0.12917,4210.0,2280.0,287.1,249.22043,0.0,1.0,0.29718,45.0
900.0,0.05,2.0,8.0,0.0,0.12917,0.14949,243.06379,286.18714,261.29544,0.12917,4210.0,2433.0,200.0,249.22043,0.0,1.0,0.29718,33.0
900.0,0.05,3.0,10.0,0.0,0.12917,0.14949,243.06379,286.18714,261.29544,0.12917,4210.0,2270.0,503.56656,249.22043,0.0,1.0,0.29718,33.0
900.0,0.05,4.0,10.0,0.0,0.12917,0.14949,243.06379,286.18714,256.10806,0.12917,4210.0,2278.0,455.4512,249.22043,0.0,1.0,0.29718,45.0
900.0,0.05,5.0,8.0,0.0,0.12917,0.14949,243.06379,286.18714,261.29544,0.12917,4210.0,2436.0,37.5,249.22043,0.0,1.0,0.29718,33.0
900.0,0.05,6.0,3.0,0.0,0.12917,0.14949,243.06379,286.18714,261.29544,0.12917,4210.0,4286.0,0.0,249.22043,0.0,1.0,0.29718,33.0
