Omega,Tolerance,Step Size Rule,Iterations,Converged?,Gap LR,Gap Naive,Obj. Naive,Obj. LR,Gap,Time Naive,Time LR,Final Lambda,LB Heuristic
900.0,0.05,1.0,1.0,1.0,0.0,1.0,242.73486,249.22043,0.0,4252.0,2128.0,0.29718,249.22043
900.0,0.05,2.0,1.0,1.0,0.0,1.0,242.73486,249.22043,0.0,4252.0,2118.0,0.29718,249.22043
900.0,0.05,3.0,1.0,1.0,0.0,1.0,242.73486,249.22043,0.0,4252.0,2121.0,0.29718,249.22043
900.0,0.05,4.0,1.0,1.0,0.0,1.0,242.73486,249.22043,0.0,4252.0,2117.0,0.29718,249.22043
900.0,0.05,5.0,1.0,1.0,0.0,1.0,242.73486,249.22043,0.0,4252.0,2121.0,0.29718,249.22043
900.0,0.05,6.0,1.0,1.0,0.0,1.0,242.73486,249.22043,0.0,4252.0,2126.0,0.29718,249.22043
