Omega,Tolerance,Step Size Rule,Iterations,Converged?,Gap LR,Gap Naive,Obj. Naive,Obj. LR (UB),"Obj. LR (LB),",Gap,Time Naive,Time LR,Final Lambda,LB Heuristic,BBP,Best iter,Lambda best iter,Gamma best iter
900.0,0.05,1.0,10.0,0.0,0.12706,0.14949,243.06379,285.49494,276.83443,0.12706,4210.0,5132.0,261.29718,249.22043,0.0,1.0,0.29718,-855.0
900.0,0.05,2.0,7.0,0.0,0.09975,0.14949,243.06379,276.83443,276.83443,0.09975,4210.0,49607.0,200.29718,249.22043,0.0,5.0,0.29718,-855.0
900.0,0.05,3.0,10.0,0.0,0.12706,0.14949,243.06379,285.49494,276.83443,0.12706,4210.0,5125.0,683.86374,249.22043,0.0,1.0,0.29718,-855.0
900.0,0.05,4.0,10.0,0.0,0.12706,0.14949,243.06379,285.49494,276.83443,0.12706,4210.0,5124.0,674.35228,249.22043,0.0,1.0,0.29718,-855.0
900.0,0.05,5.0,10.0,0.0,0.12706,0.14949,243.06379,285.49494,276.83443,0.12706,4210.0,5493.0,0.0,249.22043,0.0,1.0,0.29718,-855.0
900.0,0.05,6.0,8.0,0.0,0.12138,0.14949,243.06379,283.64839,266.25056,0.12138,4210.0,55313.0,0.0,249.22043,0.0,8.0,0.32948,21.0
