,Omega,Tolerance,Step Size Rule,Iterations,Converged?,Gap LR,Gap Naive,Obj. Naive,Obj. LR,Gap,Time Naive,Time LR,Final Lambda,LB Heuristic,IR,AP
0,900.0,0.05,1.0,10.0,0.0,0.02689,1.0,242.73486,256.10806,0.02689,4252.0,2248.0,287.1,249.22043,-254.48339,0.0
1,900.0,0.05,2.0,3.0,0.0,0.02689,1.0,242.73486,256.10806,0.02689,4252.0,3230.0,0.46784,249.22043,-254.48339,0.0
2,900.0,0.05,3.0,10.0,0.0,0.02689,1.0,242.73486,256.10806,0.02689,4252.0,2243.0,503.56656,249.22043,-254.48339,0.0
3,900.0,0.05,4.0,10.0,0.0,0.02689,1.0,242.73486,256.10806,0.02689,4252.0,2245.0,455.4512,249.22043,-254.48339,0.0
4,900.0,0.05,5.0,3.0,0.0,0.02689,1.0,242.73486,256.10806,0.02689,4252.0,2895.0,0.2924,249.22043,-254.48339,0.0
5,900.0,0.05,6.0,3.0,0.0,0.02689,1.0,242.73486,256.10806,0.02689,4252.0,4309.0,0.0,249.22043,-254.48339,0.0
