,Omega,Tolerance,Step Size Rule,Iterations,Converged?,Gap LR,Gap Naive,Obj. Naive,Obj. LR,Gap,Time Naive,Time LR,Final Lambda,LB Heuristic,Heuristic Time,IR,AP
0,1500.0,0.05,1.0,2.0,0.0,0.02581,0.16945,238.63722,252.43941,0.02581,4212.0,2501.0,826.5,245.92414,,0.0,0.0
1,1500.0,0.05,2.0,2.0,0.0,0.02581,0.16945,238.63722,252.43941,0.02581,4212.0,2500.0,0.14035,245.92414,,0.0,0.0
2,1500.0,0.05,3.0,2.0,0.0,0.02581,0.16945,238.63722,252.43941,0.02581,4212.0,2496.0,1068.75,245.92414,,0.0,0.0
3,1500.0,0.05,4.0,2.0,0.0,0.02581,0.16945,238.63722,252.43941,0.02581,4212.0,2498.0,1007.62716,245.92414,,0.0,0.0
4,1500.0,0.05,5.0,2.0,0.0,0.02581,0.16945,238.63722,252.43941,0.02581,4212.0,2499.0,0.10526,245.92414,,0.0,0.0
5,1500.0,0.05,6.0,2.0,0.0,0.02581,0.16945,238.63722,252.43941,0.02581,4212.0,2484.0,0.39075,245.92414,71.0,0.0,0.0
