Omega,Tolerance,Step Size Rule,Iterations,Converged?,Gap LR,Gap Naive,Obj. Naive,Obj. LR (UB),"Obj. LR (LB),",Gap,Time Naive,Time LR,Final Lambda,LB Heuristic,BBP,Best iter,Lambda best iter,Gamma best iter
1500.0,0.05,1.0,2.0,0.0,0.14409,0.16945,238.63722,287.32617,252.43941,0.14409,4212.0,2521.0,826.5,245.92414,0.0,1.0,0.1843,75.0
1500.0,0.05,2.0,2.0,0.0,0.14409,0.16945,238.63722,287.32617,252.43941,0.14409,4212.0,2552.0,200.0,245.92414,0.0,1.0,0.1843,75.0
1500.0,0.05,3.0,2.0,0.0,0.14409,0.16945,238.63722,287.32617,252.43941,0.14409,4212.0,2516.0,1068.75,245.92414,0.0,1.0,0.1843,75.0
1500.0,0.05,4.0,2.0,0.0,0.14409,0.16945,238.63722,287.32617,252.43941,0.14409,4212.0,2513.0,1007.62716,245.92414,0.0,1.0,0.1843,75.0
1500.0,0.05,5.0,2.0,0.0,0.14409,0.16945,238.63722,287.32617,252.43941,0.14409,4212.0,2553.0,150.0,245.92414,0.0,1.0,0.1843,75.0
1500.0,0.05,6.0,2.0,0.0,0.14409,0.16945,238.63722,287.32617,252.43941,0.14409,4212.0,2572.0,0.40131,245.92414,0.0,1.0,0.1843,75.0
