Omega,Tolerance,Step Size Rule,Iterations,Converged?,Gap LR,Gap Naive,Obj. Naive,Obj. LR (UB),"Obj. LR (LB),",Gap,Time Naive,Time LR,Final Lambda,LB Heuristic,BBP,Best iter,Lambda best iter,Gamma best iter
1500.0,0.05,1.0,10.0,0.0,0.14276,0.16945,238.63722,286.87993,252.43941,0.14276,4212.0,5590.0,478.5,245.92414,0.0,1.0,0.1843,75.0
1500.0,0.05,2.0,10.0,0.0,0.14276,0.16945,238.63722,286.87993,252.43941,0.14276,4212.0,7057.0,200.0,245.92414,0.0,1.0,0.1843,75.0
1500.0,0.05,3.0,10.0,0.0,0.14276,0.16945,238.63722,286.87993,252.43941,0.14276,4212.0,5587.0,839.2776,245.92414,0.0,1.0,0.1843,75.0
1500.0,0.05,4.0,10.0,0.0,0.14276,0.16945,238.63722,286.87993,252.43941,0.14276,4212.0,5582.0,759.08533,245.92414,0.0,1.0,0.1843,75.0
1500.0,0.05,5.0,10.0,0.0,0.14276,0.16945,238.63722,286.87993,252.43941,0.14276,4212.0,6911.0,0.0,245.92414,0.0,1.0,0.1843,75.0
1500.0,0.05,6.0,7.0,0.0,0.13894,0.16945,238.63722,285.60762,263.56773,0.13894,4212.0,51641.0,0.0,245.92414,0.0,5.0,0.20066,47.0
