"Omega","Tolerance","Step Size Rule","Iterations","Converged?","Gap LR","Gap Naive","Obj. Naive","Obj. LR","Gap","Time Naive","Time LR","Final Lambda","LB Heuristic"
900.00000,0.03000,1.00000,1.00000,1.00000,0.00000,0.14040,240.48354,240.48354,0.00000,4293.00000,2186.00000,0.37948,240.48354
900.00000,0.03000,2.00000,1.00000,1.00000,0.00000,0.14040,240.48354,240.48354,0.00000,4293.00000,2176.00000,0.37948,240.48354
900.00000,0.03000,3.00000,1.00000,1.00000,0.00000,0.14040,240.48354,240.48354,0.00000,4293.00000,2171.00000,0.37948,240.48354
900.00000,0.03000,4.00000,1.00000,1.00000,0.00000,0.14040,240.48354,240.48354,0.00000,4293.00000,2165.00000,0.37948,240.48354
900.00000,0.03000,5.00000,1.00000,1.00000,0.00000,0.14040,240.48354,240.48354,0.00000,4293.00000,2161.00000,0.37948,240.48354
900.00000,0.03000,6.00000,1.00000,1.00000,0.00000,0.14040,240.48354,240.48354,0.00000,4293.00000,2151.00000,0.37948,240.48354
