,Omega,Tolerance,Step Size Rule,Iterations,Converged?,Gap LR,Gap Naive,Obj. Naive,Obj. LR,Gap,Time Naive,Time LR,Final Lambda,LB Heuristic,IR,AP
0,900.0,0.01,1.0,2.0,0.0,0.02973,0.11281,239.3156,246.74314,0.02973,4249.0,2438.0,516.78,239.40735,0.0,0.0
1,900.0,0.01,2.0,2.0,0.0,0.02973,0.11281,239.3156,246.74314,0.02973,4249.0,2480.0,0.22447,239.40735,0.0,0.0
2,900.0,0.01,3.0,2.0,0.0,0.02973,0.11281,239.3156,246.74314,0.02973,4249.0,2434.0,668.25,239.40735,0.0,0.0
3,900.0,0.01,4.0,2.0,0.0,0.02973,0.11281,239.3156,246.74314,0.02973,4249.0,2443.0,630.03214,239.40735,0.0,0.0
4,900.0,0.01,5.0,2.0,0.0,0.02973,0.11281,239.3156,246.74314,0.02973,4249.0,2453.0,0.16835,239.40735,0.0,0.0
5,900.0,0.01,6.0,2.0,0.0,0.02973,0.11281,239.3156,246.74314,0.02973,4249.0,2515.0,0.57605,239.40735,0.0,0.0
