Omega,Tolerance,Step Size Rule,Iterations,Converged?,Gap LR,Gap Naive,Obj. Naive,Obj. LR (UB),"Obj. LR (LB),",Gap,Time Naive,Time LR,Final Lambda,LB Heuristic,BBP,Best iter,Lambda best iter,Gamma best iter
900.0,0.01,1.0,10.0,0.0,0.09652,0.11281,239.3156,264.98394,248.47462,0.09652,4249.0,2281.0,475.02,239.40735,0.0,1.0,0.83698,7.0
900.0,0.01,2.0,8.0,0.0,0.09652,0.11281,239.3156,264.98394,248.47462,0.09652,4249.0,2401.0,200.0,239.40735,0.0,1.0,0.83698,7.0
900.0,0.01,3.0,10.0,0.0,0.09652,0.11281,239.3156,264.98394,248.47462,0.09652,4249.0,2244.0,640.71331,239.40735,0.0,1.0,0.83698,7.0
900.0,0.01,4.0,10.0,0.0,0.09652,0.11281,239.3156,264.98394,248.47462,0.09652,4249.0,2254.0,600.20712,239.40735,0.0,1.0,0.83698,7.0
900.0,0.01,5.0,10.0,0.0,0.09652,0.11281,239.3156,264.98394,248.47462,0.09652,4249.0,2521.0,0.0,239.40735,0.0,1.0,0.83698,7.0
900.0,0.01,6.0,3.0,0.0,0.09652,0.11281,239.3156,264.98394,248.47462,0.09652,4249.0,4270.0,0.0,239.40735,0.0,1.0,0.83698,7.0
