Omega,Tolerance,Step Size Rule,Iterations,Converged?,Gap LR,Gap Naive,Obj. Naive,Obj. LR (UB),"Obj. LR (LB),",Gap,Time Naive,Time LR,Final Lambda,LB Heuristic,BBP,Best iter,Lambda best iter,Gamma best iter
900.0,0.01,1.0,10.0,0.0,0.09073,0.11281,239.3156,263.29759,248.73357,0.09073,4249.0,5264.0,475.02,239.40735,0.0,1.0,0.83698,2.0
900.0,0.01,2.0,10.0,0.0,0.09073,0.11281,239.3156,263.29759,248.73357,0.09073,4249.0,5506.0,200.0,239.40735,0.0,1.0,0.83698,2.0
900.0,0.01,3.0,10.0,0.0,0.09073,0.11281,239.3156,263.29759,248.73357,0.09073,4249.0,5202.0,640.71331,239.40735,0.0,1.0,0.83698,2.0
900.0,0.01,4.0,10.0,0.0,0.09073,0.11281,239.3156,263.29759,248.73357,0.09073,4249.0,5209.0,600.20712,239.40735,0.0,1.0,0.83698,2.0
900.0,0.01,5.0,10.0,0.0,0.09073,0.11281,239.3156,263.29759,248.73357,0.09073,4249.0,5540.0,0.0,239.40735,0.0,1.0,0.83698,2.0
900.0,0.01,6.0,3.0,0.0,0.08944,0.11281,239.3156,262.92277,246.67166,0.08944,4249.0,20086.0,0.0,239.40735,0.0,3.0,0.57605,1.0
