"Omega","Tolerance","Step Size Rule","Iterations","Converged?","Gap LR","Gap Naive","Obj. Naive","Obj. LR","Gap","Time Naive","Time LR","Final Lambda","LB Heuristic"
100.00000,0.05000,1.00000,2.00000,0.00000,0.34481,0.44574,6366.45506,9897.88522,0.34481,4203.00000,3610.00000,846.74554,6484.99948
100.00000,0.05000,2.00000,2.00000,0.00000,0.46038,0.44574,6366.45506,12017.82600,0.46038,4203.00000,3302.00000,798.75606,6484.99948
100.00000,0.05000,3.00000,2.00000,0.00000,0.33706,0.44574,6366.45506,9782.13634,0.33706,4203.00000,3464.00000,885.79553,6484.99948
100.00000,0.05000,4.00000,2.00000,0.00000,0.34905,0.44574,6366.45506,9962.40821,0.34905,4203.00000,3504.00000,886.01001,6484.99948
100.00000,0.05000,5.00000,2.00000,0.00000,0.31991,0.44574,6366.45506,9535.47251,0.31991,4203.00000,3405.00000,767.70343,6484.99948
100.00000,0.05000,6.00000,2.00000,0.00000,0.36565,0.44574,6366.45506,10223.14006,0.36565,4203.00000,3238.00000,0.00000,6484.99948
