"Omega","Tolerance","Step Size Rule","Iterations","Converged?","Gap LR","Gap Naive","Obj. Naive","Obj. LR","Gap","Time Naive","Time LR","Final Lambda","LB Heuristic"
100.00000,0.05000,1.00000,2.00000,0.00000,0.33251,0.49083,6243.38674,9754.96823,0.33251,4207.00000,4219.00000,846.74553,6511.39244
100.00000,0.05000,2.00000,2.00000,0.00000,0.37791,0.49083,6243.38674,10466.95392,0.37791,4207.00000,4234.00000,798.75606,6511.39244
100.00000,0.05000,3.00000,2.00000,0.00000,0.34754,0.49083,6243.38674,9979.73902,0.34754,4207.00000,4232.00000,885.79553,6511.39244
100.00000,0.05000,4.00000,2.00000,0.00000,0.34754,0.49083,6243.38674,9979.73902,0.34754,4207.00000,4240.00000,886.01000,6511.39244
100.00000,0.05000,5.00000,2.00000,0.00000,0.38957,0.49083,6243.38674,10666.95392,0.38957,4207.00000,4237.00000,799.28237,6511.39244
100.00000,0.05000,6.00000,2.00000,0.00000,0.34608,0.49083,6243.38674,9957.45860,0.34608,4207.00000,4215.00000,0.00000,6511.39244
