Omega,Tolerance,Step Size Rule,Iterations,Converged?,Gap LR,Gap Naive,Obj. Naive,Obj. LR (UB),"Obj. LR (LB),",Gap,Time Naive,Time LR,Final Lambda,LB Heuristic,BBP,Best iter,Lambda best iter,Gamma best iter
1500.0,0.01,1.0,10.0,0.0,0.09254,0.09329,243.06316,267.90966,249.47615,0.09254,4212.0,5497.0,791.7,243.11659,0.0,1.0,0.47326,12.0
1500.0,0.01,2.0,10.0,0.0,0.09254,0.09329,243.06316,267.90966,249.47615,0.09254,4212.0,6668.0,200.0,243.11659,0.0,1.0,0.47326,12.0
1500.0,0.01,3.0,10.0,0.0,0.09364,0.09329,243.06316,268.23399,249.47615,0.09364,4212.0,5501.0,1067.85552,243.11659,0.0,1.0,0.47326,12.0
1500.0,0.01,4.0,10.0,0.0,0.09254,0.09329,243.06316,267.90966,249.47615,0.09254,4212.0,5495.0,1000.3452,243.11659,0.0,1.0,0.47326,12.0
1500.0,0.01,5.0,10.0,0.0,0.09254,0.09329,243.06316,267.90966,249.47615,0.09254,4212.0,6332.0,0.0,243.11659,0.0,1.0,0.47326,12.0
1500.0,0.01,6.0,6.0,0.0,0.08289,0.09329,243.06316,265.08868,261.68893,0.08289,4212.0,50699.0,0.59572,243.11659,0.0,6.0,1.32812,15.0
