Omega,Tolerance,Step Size Rule,Iterations,Converged?,Gap LR,Gap Naive,Obj. Naive,Obj. LR (UB),"Obj. LR (LB),",Gap,Time Naive,Time LR,Final Lambda,LB Heuristic,BBP,Best iter,Lambda best iter,Gamma best iter
1500.0,0.01,1.0,2.0,0.0,0.09614,0.09329,243.06316,268.97543,249.47615,0.09614,4212.0,2402.0,861.3,243.11659,0.0,1.0,0.47326,12.0
1500.0,0.01,2.0,2.0,0.0,0.09614,0.09329,243.06316,268.97543,249.47615,0.09614,4212.0,2404.0,200.0,243.11659,0.0,1.0,0.47326,12.0
1500.0,0.01,3.0,2.0,0.0,0.09614,0.09329,243.06316,268.97543,249.47615,0.09614,4212.0,2403.0,1113.75,243.11659,0.0,1.0,0.47326,12.0
1500.0,0.01,4.0,2.0,0.0,0.09614,0.09329,243.06316,268.97543,249.47615,0.09614,4212.0,2405.0,1050.05357,243.11659,0.0,1.0,0.47326,12.0
1500.0,0.01,5.0,2.0,0.0,0.09614,0.09329,243.06316,268.97543,249.47615,0.09614,4212.0,2404.0,150.0,243.11659,0.0,1.0,0.47326,12.0
1500.0,0.01,6.0,2.0,0.0,0.09614,0.09329,243.06316,268.97543,249.47615,0.09614,4212.0,2409.0,0.34298,243.11659,0.0,1.0,0.47326,12.0
