Omega,Tolerance,Step Size Rule,Iterations,Converged?,Gap LR,Gap Naive,Obj. Naive,Obj. LR,Gap,Time Naive,Time LR,Final Lambda,LB Heuristic
100.0,0.03,1.0,2.0,0.0,0.55444,0.77217,1462.7781,8162.24628,0.55444,4204.0,4200.0,800.95985,3636.75271
100.0,0.03,2.0,10.0,0.0,0.55473,0.77217,1462.7781,8167.46628,0.55473,4204.0,2109.0,756.32988,3636.75271
100.0,0.03,3.0,2.0,0.0,0.55444,0.77217,1462.7781,8162.1293,0.55444,4204.0,4200.0,799.18985,3636.75271
100.0,0.03,4.0,2.0,0.0,0.55444,0.77217,1462.7781,8162.1293,0.55444,4204.0,4201.0,799.31853,3636.75271
100.0,0.03,5.0,10.0,0.0,0.55473,0.77217,1462.7781,8167.46628,0.55473,4204.0,2109.0,710.40573,3636.75271
100.0,0.03,6.0,3.0,0.0,0.55473,0.77217,1462.7781,8167.46628,0.55473,4204.0,4200.0,0.0,3636.75271
