Omega,Tolerance,Step Size Rule,Iterations,Converged?,Gap LR,Gap Naive,Obj. Naive,Obj. LR (UB),"Obj. LR (LB),",Gap,Time Naive,Time LR,Final Lambda,LB Heuristic,BBP,Best iter,Lambda best iter,Gamma best iter
1500.0,0.05,1.0,2.0,0.0,0.14485,0.15816,241.78589,286.87962,255.38568,0.14485,4211.0,2402.0,826.5,245.32481,0.0,1.0,0.18133,75.0
1500.0,0.05,2.0,2.0,0.0,0.14485,0.15816,241.78589,286.87962,255.38568,0.14485,4211.0,2412.0,200.0,245.32481,0.0,1.0,0.18133,75.0
1500.0,0.05,3.0,2.0,0.0,0.14485,0.15816,241.78589,286.87962,255.38568,0.14485,4211.0,2408.0,1068.75,245.32481,0.0,1.0,0.18133,75.0
1500.0,0.05,4.0,2.0,0.0,0.14485,0.15816,241.78589,286.87962,255.38568,0.14485,4211.0,2406.0,1007.62716,245.32481,0.0,1.0,0.18133,75.0
1500.0,0.05,5.0,2.0,0.0,0.14485,0.15816,241.78589,286.87962,255.38568,0.14485,4211.0,2412.0,150.0,245.32481,0.0,1.0,0.18133,75.0
1500.0,0.05,6.0,2.0,0.0,0.14485,0.15816,241.78589,286.87962,255.38568,0.14485,4211.0,2440.0,0.40097,245.32481,0.0,1.0,0.18133,75.0
