Omega,Tolerance,Step Size Rule,Iterations,Converged?,Gap LR,Gap Naive,Obj. Naive,Obj. LR (UB),"Obj. LR (LB),",Gap,Time Naive,Time LR,Final Lambda,LB Heuristic,BBP,Best iter,Lambda best iter,Gamma best iter
1500.0,0.05,1.0,10.0,0.0,0.14435,0.15816,241.78589,286.71078,255.38568,0.14435,4211.0,5550.0,478.5,245.32481,0.0,1.0,0.18133,75.0
1500.0,0.05,2.0,10.0,0.0,0.14435,0.15816,241.78589,286.71078,255.38568,0.14435,4211.0,6987.0,200.0,245.32481,0.0,1.0,0.18133,75.0
1500.0,0.05,3.0,10.0,0.0,0.14435,0.15816,241.78589,286.71078,255.38568,0.14435,4211.0,5534.0,839.2776,245.32481,0.0,1.0,0.18133,75.0
1500.0,0.05,4.0,10.0,0.0,0.14435,0.15816,241.78589,286.71078,255.38568,0.14435,4211.0,5541.0,759.08533,245.32481,0.0,1.0,0.18133,75.0
1500.0,0.05,5.0,10.0,0.0,0.14435,0.15816,241.78589,286.71078,255.38568,0.14435,4211.0,6673.0,0.0,245.32481,0.0,1.0,0.18133,75.0
1500.0,0.05,6.0,7.0,0.0,0.14073,0.15816,241.78589,285.50536,260.91382,0.14073,4211.0,51322.0,0.0,245.32481,0.0,7.0,0.20048,28.0
