Omega,Tolerance,Step Size Rule,Iterations,Converged?,Gap LR,Gap Naive,Obj. Naive,Obj. LR,Gap,Time Naive,Time LR,Final Lambda,LB Heuristic,Heuristic Time
1500.0,0.05,1.0,2.0,0.0,0.03939,0.15816,241.78589,255.38568,0.03939,4211.0,2401.0,826.5,245.32481,
1500.0,0.05,2.0,2.0,0.0,0.03939,0.15816,241.78589,255.38568,0.03939,4211.0,2398.0,0.14035,245.32481,
1500.0,0.05,3.0,2.0,0.0,0.03939,0.15816,241.78589,255.38568,0.03939,4211.0,2406.0,1068.75,245.32481,
1500.0,0.05,4.0,2.0,0.0,0.03939,0.15816,241.78589,255.38568,0.03939,4211.0,2404.0,1007.62716,245.32481,
1500.0,0.05,5.0,2.0,0.0,0.03939,0.15816,241.78589,255.38568,0.03939,4211.0,2404.0,0.10526,245.32481,
1500.0,0.05,6.0,2.0,0.0,0.03939,0.15816,241.78589,255.38568,0.03939,4211.0,2450.0,0.40097,245.32481,94.0
