Omega,Tolerance,Step Size Rule,Iterations,Converged?,Gap LR,Gap Naive,Obj. Naive,Obj. LR (UB),"Obj. LR (LB),",Gap,Time Naive,Time LR,Final Lambda,LB Heuristic,BBP,Best iter,Lambda best iter,Gamma best iter
600.0,0.01,1.0,10.0,0.0,0.02998,0.06987,243.27918,252.02311,252.02311,0.02998,4254.0,1711.0,316.84425,244.46824,0.0,1.0,1.32425,2.0
600.0,0.01,2.0,10.0,0.0,0.02998,0.06987,243.27918,252.02311,252.02311,0.02998,4254.0,1807.0,200.0,244.46824,0.0,1.0,1.32425,2.0
600.0,0.01,3.0,10.0,0.0,0.02998,0.06987,243.27918,252.02311,252.02311,0.02998,4254.0,1661.0,427.14221,244.46824,0.0,1.0,1.32425,2.0
600.0,0.01,4.0,10.0,0.0,0.02998,0.06987,243.27918,252.02311,252.02311,0.02998,4254.0,1659.0,400.13808,244.46824,0.0,1.0,1.32425,2.0
600.0,0.01,5.0,10.0,0.0,0.02998,0.06987,243.27918,252.02311,252.02311,0.02998,4254.0,1866.0,0.0,244.46824,0.0,1.0,1.32425,2.0
600.0,0.01,6.0,7.0,0.0,0.02638,0.06987,243.27918,251.0932,251.0932,0.02638,4254.0,32851.0,0.69011,244.46824,0.0,3.0,0.8593,2.0
