Omega,Tolerance,Step Size Rule,Iterations,Converged?,Gap LR,Gap Naive,Obj. Naive,Obj. LR,Gap,Time Naive,Time LR,Final Lambda,LB Heuristic
600.0,0.05,1.0,10.0,0.0,0.04089,0.12473,251.70405,265.36586,0.04089,4239.0,2194.0,191.4,254.51549
600.0,0.05,2.0,7.0,0.0,0.04089,0.12473,251.70405,265.36586,0.04089,4239.0,7075.0,0.0,254.51549
600.0,0.05,3.0,10.0,0.0,0.04089,0.12473,251.70405,265.36586,0.04089,4239.0,2189.0,335.71104,254.51549
600.0,0.05,4.0,10.0,0.0,0.04089,0.12473,251.70405,265.36586,0.04089,4239.0,2191.0,303.63413,254.51549
600.0,0.05,5.0,5.0,0.0,0.04089,0.12473,251.70405,265.36586,0.04089,4239.0,6579.0,0.0,254.51549
600.0,0.05,6.0,5.0,0.0,0.04089,0.12473,251.70405,265.36586,0.04089,4239.0,6399.0,0.01953,254.51549
