Omega,Tolerance,Step Size Rule,Iterations,Converged?,Gap LR,Gap Naive,Obj. Naive,Obj. LR (UB),"Obj. LR (LB),",Gap,Time Naive,Time LR,Final Lambda,LB Heuristic,BBP,Best iter,Lambda best iter,Gamma best iter
600.0,0.05,1.0,10.0,0.0,0.10928,0.12473,251.70405,285.7397,265.36586,0.10928,4239.0,2201.0,191.4,254.51549,0.0,1.0,0.44993,29.0
600.0,0.05,2.0,10.0,0.0,0.10928,0.12473,251.70405,285.7397,265.36586,0.10928,4239.0,2313.0,200.0,254.51549,0.0,1.0,0.44993,29.0
600.0,0.05,3.0,10.0,0.0,0.10929,0.12473,251.70405,285.74352,265.36586,0.10929,4239.0,2198.0,335.71104,254.51549,0.0,1.0,0.44993,29.0
600.0,0.05,4.0,10.0,0.0,0.10928,0.12473,251.70405,285.7397,265.36586,0.10928,4239.0,2197.0,303.63413,254.51549,0.0,1.0,0.44993,29.0
600.0,0.05,5.0,10.0,0.0,0.10928,0.12473,251.70405,285.7397,265.36586,0.10928,4239.0,2361.0,0.0,254.51549,0.0,1.0,0.44993,29.0
600.0,0.05,6.0,3.0,0.0,0.10928,0.12473,251.70405,285.7397,265.36586,0.10928,4239.0,4243.0,0.0,254.51549,0.0,1.0,0.44993,29.0
