,Omega,Tolerance,Step Size Rule,Iterations,Converged?,Gap LR,Gap Naive,Obj. Naive,Obj. LR,Gap,Time Naive,Time LR,Final Lambda,LB Heuristic,IR,AP
0,600.0,0.05,1.0,2.0,0.0,0.03845,0.12473,251.70405,264.69161,0.03845,4239.0,2544.0,330.6,254.51549,-260.32653,0.0
1,600.0,0.05,2.0,2.0,0.0,0.03845,0.12473,251.70405,264.69161,0.03845,4239.0,2551.0,0.35088,254.51549,-260.32653,0.0
2,600.0,0.05,3.0,2.0,0.0,0.03845,0.12473,251.70405,264.69161,0.03845,4239.0,2502.0,427.5,254.51549,-260.32653,0.0
3,600.0,0.05,4.0,2.0,0.0,0.03845,0.12473,251.70405,264.69161,0.03845,4239.0,2540.0,403.05087,254.51549,-260.32653,0.0
4,600.0,0.05,5.0,2.0,0.0,0.03845,0.12473,251.70405,264.69161,0.03845,4239.0,2543.0,0.26316,254.51549,-260.32653,0.0
5,600.0,0.05,6.0,2.0,0.0,0.03845,0.12473,251.70405,264.69161,0.03845,4239.0,2575.0,0.9735,254.51549,-260.32653,0.0
