Omega,Tolerance,Step Size Rule,Iterations,Converged?,Gap LR,Gap Naive,Obj. Naive,Obj. LR (UB),"Obj. LR (LB),",Gap,Time Naive,Time LR,Final Lambda,LB Heuristic,BBP,Best iter,Lambda best iter,Gamma best iter
600.0,0.05,1.0,10.0,0.0,0.10847,0.12473,251.70405,285.48261,275.50232,0.10847,4239.0,5069.0,174.44993,254.51549,0.0,1.0,0.44993,-570.0
600.0,0.05,2.0,7.0,0.0,0.10097,0.12473,251.70405,283.10121,275.50232,0.10097,4239.0,50028.0,200.44993,254.51549,0.0,3.0,0.44993,-570.0
600.0,0.05,3.0,10.0,0.0,0.10847,0.12473,251.70405,285.48261,275.50232,0.10847,4239.0,5068.0,456.16097,254.51549,0.0,1.0,0.44993,-570.0
600.0,0.05,4.0,10.0,0.0,0.10847,0.12473,251.70405,285.48261,275.50232,0.10847,4239.0,5067.0,449.81999,254.51549,0.0,1.0,0.44993,-570.0
600.0,0.05,5.0,10.0,0.0,0.10847,0.12473,251.70405,285.48261,275.50232,0.10847,4239.0,5220.0,0.0,254.51549,0.0,1.0,0.44993,-570.0
600.0,0.05,6.0,8.0,0.0,0.0928,0.12473,251.70405,280.54933,280.54933,0.0928,4239.0,47280.0,0.0,254.51549,0.0,4.0,0.9735,29.0
