Omega,Tolerance,Step Size Rule,Iterations,Converged?,Gap LR,Gap Naive,Obj. Naive,Obj. LR (UB),"Obj. LR (LB),",Gap,Time Naive,Time LR,Final Lambda,LB Heuristic,BBP,Best iter,Lambda best iter,Gamma best iter
600.0,0.05,1.0,5.0,0.0,0.57083,0.62251,4709.68284,12682.5305,10311.17741,0.57083,4201.0,55013.0,393.25738,5442.92522,0.0,1.0,132.25738,-570.0
600.0,0.05,2.0,5.0,0.0,0.56369,0.62251,4709.68284,12474.92812,10311.17741,0.56369,4201.0,55009.0,332.25738,5442.92522,0.0,3.0,132.25738,-570.0
600.0,0.05,3.0,5.0,0.0,0.57083,0.62251,4709.68284,12682.5305,10311.17741,0.57083,4201.0,55012.0,633.90024,5442.92522,0.0,1.0,132.25738,-570.0
600.0,0.05,4.0,5.0,0.0,0.57083,0.62251,4709.68284,12682.5305,10311.17741,0.57083,4201.0,55013.0,635.30726,5442.92522,0.0,1.0,132.25738,-570.0
600.0,0.05,5.0,6.0,0.0,0.57083,0.62251,4709.68284,12682.5305,10311.17741,0.57083,4201.0,55030.0,117.25738,5442.92522,0.0,1.0,132.25738,-570.0
600.0,0.05,6.0,10.0,0.0,0.56977,0.62251,4709.68284,12651.32003,8790.54652,0.56977,4201.0,40090.0,113.95332,5442.92522,0.0,4.0,143.51901,30.0
