,Omega,Tolerance,Step Size Rule,Iterations,Converged?,Gap LR,Gap Naive,Obj. Naive,Obj. LR (UB),"Obj. LR (LB),",Gap,Time Naive,Time LR,Final Lambda,LB Heuristic,BBP,Best iter,Lambda best iter,Gamma best iter,Obj. LR,Time,QP,IR,AP
0,600.0,0.05,1.0,2.0,0.0,0.57353,0.62251,4709.68284,12762.59305,10311.17741,0.57353,4201.0,4203.0,445.45738,5442.92522,0.0,1.0,132.25738,-570.0,,,-4782.418,-5442.92522,-4961.91515
1,600.0,0.05,2.0,2.0,0.0,0.57409,0.62251,4709.68284,12779.49914,10311.17741,0.57409,4201.0,4202.0,132.25738,5442.92522,0.0,1.0,132.25738,-570.0,,,-4782.418,-5442.92522,-4961.91515
2,600.0,0.05,3.0,2.0,0.0,0.57409,0.62251,4709.68284,12779.49914,10311.17741,0.57409,4201.0,4202.0,679.75738,5442.92522,0.0,1.0,132.25738,-570.0,,,-4782.418,-5442.92522,-4961.91515
3,600.0,0.05,4.0,2.0,0.0,0.57353,0.62251,4709.68284,12762.59305,10311.17741,0.57353,4201.0,4204.0,681.04418,5442.92522,0.0,1.0,132.25738,-570.0,,,-4782.418,-5442.92522,-4961.91515
4,600.0,0.05,5.0,2.0,0.0,0.57353,0.62251,4709.68284,12762.59305,10311.17741,0.57353,4201.0,4203.0,282.25738,5442.92522,0.0,1.0,132.25738,-570.0,,,-4782.418,-5442.92522,-4961.91515
5,600.0,0.05,6.0,2.0,0.0,0.57353,0.62251,4709.68284,12762.59305,10311.17741,0.57353,4201.0,4204.0,0.0,5442.92522,0.0,1.0,132.25738,-570.0,,,-4782.418,-5442.92522,-4961.91515
