Omega,Tolerance,Step Size Rule,Iterations,Converged?,Gap LR,Gap Naive,Obj. Naive,Obj. LR (UB),"Obj. LR (LB),",Gap,Time Naive,Time LR,Final Lambda,LB Heuristic,BBP,Best iter,Lambda best iter,Gamma best iter
600.0,0.05,1.0,3.0,0.0,0.56866,0.62251,4709.68284,12618.56523,10311.17741,0.56866,4201.0,25005.0,428.05738,5442.92522,0.0,1.0,132.25738,-570.0
600.0,0.05,2.0,3.0,0.0,0.5619,0.62251,4709.68284,12424.06888,10311.17741,0.5619,4201.0,25003.0,332.25738,5442.92522,0.0,3.0,132.25738,-570.0
600.0,0.05,3.0,3.0,0.0,0.56866,0.62251,4709.68284,12618.56523,10311.17741,0.56866,4201.0,25004.0,661.75738,5442.92522,0.0,1.0,132.25738,-570.0
600.0,0.05,4.0,3.0,0.0,0.56866,0.62251,4709.68284,12618.56523,10311.17741,0.56866,4201.0,25005.0,663.72367,5442.92522,0.0,1.0,132.25738,-570.0
600.0,0.05,5.0,3.0,0.0,0.56866,0.62251,4709.68284,12618.56523,10311.17741,0.56866,4201.0,25004.0,182.25738,5442.92522,0.0,1.0,132.25738,-570.0
600.0,0.05,6.0,4.0,0.0,0.5673,0.62251,4709.68284,12579.04658,8808.88109,0.5673,4201.0,25011.0,0.0,5442.92522,0.0,4.0,143.51901,30.0
