"Omega","Tolerance","Step Size Rule","Iterations","Converged?","Gap LR","Gap Naive","Obj. Naive","Obj. LR","Gap","Time Naive","Time LR","Final Lambda","LB Heuristic"
600.00000,0.05000,1.00000,2.00000,0.00000,0.58287,0.62576,4896.63890,10311.17741,0.52511,4327.00000,4306.00000,445.45738,4301.13443
600.00000,0.05000,2.00000,2.00000,0.00000,0.57462,0.62576,4896.63890,10111.17741,0.51572,4327.00000,4313.00000,132.95914,4301.13443
600.00000,0.05000,3.00000,2.00000,0.00000,0.58287,0.62576,4896.63890,10311.17741,0.52511,4327.00000,4331.00000,679.75738,4301.13443
600.00000,0.05000,4.00000,2.00000,0.00000,0.58287,0.62576,4896.63890,10311.17741,0.52511,4327.00000,4324.00000,681.04418,4301.13443
600.00000,0.05000,5.00000,2.00000,0.00000,0.57037,0.62576,4896.63890,10011.17741,0.51088,4327.00000,4302.00000,133.04686,4301.13443
600.00000,0.05000,6.00000,2.00000,0.00000,0.45393,0.62576,4896.63890,7876.57324,0.37833,4327.00000,4251.00000,0.00000,4301.13443
