,Omega,Tolerance,Step Size Rule,Iterations,Converged?,Gap LR,Gap Naive,Obj. Naive,Obj. LR,Gap,Time Naive,Time LR,Final Lambda,LB Heuristic,IR,AP
0,100.0,0.01,1.0,2.0,1.0,0.0,0.0,275.6473,275.6473,0.0,85.0,264.0,4.24706,275.6473,-268.9404,-273.6963
1,100.0,0.01,2.0,4.0,1.0,0.0,0.0,275.6473,275.6473,0.0,85.0,346.0,4.0404,275.6473,-268.9404,-273.6963
2,100.0,0.01,3.0,2.0,1.0,0.0,0.0,275.6473,275.6473,0.0,85.0,287.0,3.82706,275.6473,-268.9404,-273.6963
3,100.0,0.01,4.0,2.0,1.0,0.0,0.0,275.6473,275.6473,0.0,85.0,293.0,3.82706,275.6473,-268.9404,-273.6963
4,100.0,0.01,5.0,5.0,1.0,0.0,0.0,275.6473,275.6473,0.0,85.0,411.0,3.28283,275.6473,-268.9404,-273.6963
5,100.0,0.01,6.0,2.0,1.0,0.0,0.0,275.6473,275.6473,0.0,85.0,281.0,4.22191,275.6473,-268.9404,-273.6963
