,Omega,Tolerance,Step Size Rule,Iterations,Converged?,Gap LR,Gap Naive,Obj. Naive,Obj. LR,Gap,Time Naive,Time LR,Final Lambda,LB Heuristic,IR,AP
0,100.0,0.05,1.0,3.0,0.0,0.56837,0.42606,6646.86718,10108.14189,0.34242,4203.0,4408.0,838.20795,4362.94521,6245.64271,5465.35104
1,100.0,0.05,2.0,4.0,0.0,0.64272,0.42606,6646.86718,12211.61792,0.45569,4203.0,2840.0,797.329,4362.94521,6245.64271,5465.35104
2,100.0,0.05,3.0,3.0,0.0,0.57683,0.42606,6646.86718,10310.1076,0.35531,4203.0,4412.0,877.15795,4362.94521,6245.64271,5465.35104
3,100.0,0.05,4.0,3.0,0.0,0.5776,0.42606,6646.86718,10328.8576,0.35648,4203.0,4407.0,877.48567,4362.94521,6245.64271,5465.35104
4,100.0,0.05,5.0,4.0,0.0,0.64418,0.42606,6646.86718,12261.61792,0.45791,4203.0,2967.0,795.4869,4362.94521,6245.64271,5465.35104
5,100.0,0.05,6.0,4.0,0.0,0.59537,0.42606,6646.86718,10782.5336,0.38355,4203.0,4412.0,0.0,4362.94521,6245.64271,5465.35104
