"Omega","Tolerance","Step Size Rule","Iterations","Converged?","Gap LR","Gap Naive","Obj. Naive","Obj. LR","Gap","Time Naive","Time LR","Final Lambda","LB Heuristic"
100.00000,0.03000,1.00000,2.00000,0.00000,0.24900,0.42615,6366.43482,8382.62765,0.24052,4209.00000,4237.00000,861.15800,6295.36420
100.00000,0.03000,2.00000,2.00000,0.00000,0.23669,0.42615,6366.43482,8247.49773,0.22808,4209.00000,4233.00000,742.03319,6295.36420
100.00000,0.03000,3.00000,2.00000,0.00000,0.26046,0.42615,6366.43482,8512.58493,0.25211,4209.00000,4244.00000,901.38800,6295.36420
100.00000,0.03000,4.00000,2.00000,0.00000,0.26046,0.42615,6366.43482,8512.58493,0.25211,4209.00000,4227.00000,901.51668,6295.36420
100.00000,0.03000,5.00000,2.00000,0.00000,0.23149,0.42615,6366.43482,8191.65484,0.22281,4209.00000,4232.00000,759.73078,6295.36420
100.00000,0.03000,6.00000,2.00000,0.00000,0.25099,0.42615,6366.43482,8404.94946,0.24254,4209.00000,4213.00000,0.00000,6295.36420
