"Omega","Tolerance","Step Size Rule","Iterations","Converged?","Gap LR","Gap Naive","Obj. Naive","Obj. LR","Gap","Time Naive","Time LR","Final Lambda","LB Heuristic"
100.00000,0.05000,1.00000,2.00000,0.00000,0.33835,0.48223,6553.44682,9998.21165,0.33835,4207.00000,4220.00000,841.10795,6615.31003
100.00000,0.05000,2.00000,2.00000,0.00000,0.40191,0.48223,6553.44682,11060.74585,0.40191,4207.00000,4228.00000,793.11848,6615.31003
100.00000,0.05000,3.00000,2.00000,0.00000,0.35143,0.48223,6553.44682,10199.86291,0.35143,4207.00000,4237.00000,880.15795,6615.31003
100.00000,0.05000,4.00000,2.00000,0.00000,0.35143,0.48223,6553.44682,10199.86291,0.35143,4207.00000,4234.00000,880.37242,6615.31003
100.00000,0.05000,5.00000,2.00000,0.00000,0.39645,0.48223,6553.44682,10960.74585,0.39645,4207.00000,4143.00000,793.64479,6615.31003
100.00000,0.05000,6.00000,2.00000,0.00000,0.36355,0.48223,6553.44682,10394.10618,0.36355,4207.00000,3607.00000,0.00000,6615.31003
