,Omega,Tolerance,Step Size Rule,Iterations,Converged?,Gap LR,Gap Naive,Obj. Naive,Obj. LR,Gap,Time Naive,Time LR,Final Lambda,LB Heuristic,IR,AP
0,900.0,0.01,1.0,2.0,0.0,0.03388,0.10683,239.42438,246.29146,0.02788,4252.0,2402.0,516.78,237.94771,-234.37002,0.0
1,900.0,0.01,2.0,2.0,0.0,0.03388,0.10683,239.42438,246.29146,0.02788,4252.0,2374.0,0.22447,237.94771,-234.37002,0.0
2,900.0,0.01,3.0,2.0,0.0,0.03388,0.10683,239.42438,246.29146,0.02788,4252.0,2351.0,668.25,237.94771,-234.37002,0.0
3,900.0,0.01,4.0,2.0,0.0,0.03388,0.10683,239.42438,246.29146,0.02788,4252.0,2377.0,630.03214,237.94771,-234.37002,0.0
4,900.0,0.01,5.0,2.0,0.0,0.03388,0.10683,239.42438,246.29146,0.02788,4252.0,2340.0,0.16835,237.94771,-234.37002,0.0
5,900.0,0.01,6.0,2.0,0.0,0.03388,0.10683,239.42438,246.29146,0.02788,4252.0,2385.0,0.5853,237.94771,-234.37002,0.0
