Omega,Tolerance,Step Size Rule,Iterations,Converged?,Gap LR,Gap Naive,Obj. Naive,Obj. LR (UB),"Obj. LR (LB),",Gap,Time Naive,Time LR,Final Lambda,LB Heuristic,BBP,Best iter,Lambda best iter,Gamma best iter
900.0,0.01,1.0,10.0,0.0,0.09906,0.10683,239.42438,264.11177,246.29146,0.09347,4252.0,2252.0,475.02,237.94771,0.0,1.0,0.85838,8.0
900.0,0.01,2.0,10.0,0.0,0.09906,0.10683,239.42438,264.11177,246.29146,0.09347,4252.0,2362.0,200.0,237.94771,0.0,1.0,0.85838,8.0
900.0,0.01,3.0,10.0,0.0,0.09906,0.10683,239.42438,264.11177,246.29146,0.09347,4252.0,2225.0,640.71331,237.94771,0.0,1.0,0.85838,8.0
900.0,0.01,4.0,10.0,0.0,0.09906,0.10683,239.42438,264.11177,246.29146,0.09347,4252.0,2228.0,600.20712,237.94771,0.0,1.0,0.85838,8.0
900.0,0.01,5.0,10.0,0.0,0.09906,0.10683,239.42438,264.11177,246.29146,0.09347,4252.0,2467.0,0.0,237.94771,0.0,1.0,0.85838,8.0
900.0,0.01,6.0,3.0,0.0,0.09906,0.10683,239.42438,264.11177,246.29146,0.09347,4252.0,4251.0,29.10889,237.94771,0.0,1.0,0.85838,8.0
