"Omega","Tolerance","Step Size Rule","Iterations","Converged?","Gap LR","Gap Naive","Obj. Naive","Obj. LR","Gap","Time Naive","Time LR","Final Lambda","LB Heuristic"
900.00000,0.01000,1.00000,2.00000,0.00000,0.03388,0.10891,239.42438,246.29146,0.02788,4297.00000,2978.00000,516.78000,237.94771
900.00000,0.01000,2.00000,2.00000,0.00000,0.03388,0.10891,239.42438,246.29146,0.02788,4297.00000,2848.00000,0.22447,237.94771
900.00000,0.01000,3.00000,2.00000,0.00000,0.03388,0.10891,239.42438,246.29146,0.02788,4297.00000,2896.00000,668.25000,237.94771
900.00000,0.01000,4.00000,2.00000,0.00000,0.03388,0.10891,239.42438,246.29146,0.02788,4297.00000,2870.00000,630.03214,237.94771
900.00000,0.01000,5.00000,2.00000,0.00000,0.03388,0.10891,239.42438,246.29146,0.02788,4297.00000,2506.00000,0.16835,237.94771
900.00000,0.01000,6.00000,3.00000,0.00000,0.02666,0.10891,239.42438,244.46557,0.02062,4297.00000,4475.00000,1.40003,237.94771
