,Omega,Tolerance,Step Size Rule,Iterations,Converged?,Gap LR,Gap Naive,Obj. Naive,Obj. LR,Gap,Time Naive,Time LR,Final Lambda,LB Heuristic,IR,AP
0,900.0,0.01,1.0,2.0,0.0,0.02539,1.0,243.661,250.78842,0.02539,4252.0,2453.0,516.78,244.42205,-238.35781,0.0
1,900.0,0.01,2.0,2.0,0.0,0.02539,1.0,243.661,250.78842,0.02539,4252.0,2459.0,0.22447,244.42205,-238.35781,0.0
2,900.0,0.01,3.0,2.0,0.0,0.02539,1.0,243.661,250.78842,0.02539,4252.0,2413.0,668.25,244.42205,-238.35781,0.0
3,900.0,0.01,4.0,2.0,0.0,0.02539,1.0,243.661,250.78842,0.02539,4252.0,2461.0,630.03214,244.42205,-238.35781,0.0
4,900.0,0.01,5.0,2.0,0.0,0.02539,1.0,243.661,250.78842,0.02539,4252.0,2413.0,0.16835,244.42205,-238.35781,0.0
5,900.0,0.01,6.0,2.0,0.0,0.02539,1.0,243.661,250.78842,0.02539,4252.0,2559.0,0.56564,244.42205,-238.35781,0.0
