Omega,Tolerance,Step Size Rule,Iterations,Converged?,Gap LR,Gap Naive,Obj. Naive,Obj. LR (UB),"Obj. LR (LB),",Gap,Time Naive,Time LR,Final Lambda,LB Heuristic,BBP,Best iter,Lambda best iter,Gamma best iter
900.0,0.01,1.0,10.0,0.0,0.05604,0.06583,248.17862,258.93232,253.79712,0.04153,4209.0,5167.0,475.02,244.42205,0.0,1.0,0.79194,4.0
900.0,0.01,2.0,10.0,0.0,0.05604,0.06583,248.17862,258.93232,253.79712,0.04153,4209.0,5432.0,200.0,244.42205,0.0,1.0,0.79194,4.0
900.0,0.01,3.0,10.0,0.0,0.05604,0.06583,248.17862,258.93232,253.79712,0.04153,4209.0,5153.0,640.71331,244.42205,0.0,1.0,0.79194,4.0
900.0,0.01,4.0,10.0,0.0,0.05649,0.06583,248.17862,259.05539,253.79712,0.04199,4209.0,5155.0,600.20712,244.42205,0.0,1.0,0.79194,4.0
900.0,0.01,5.0,10.0,0.0,0.05604,0.06583,248.17862,258.93232,253.79712,0.04153,4209.0,5456.0,0.0,244.42205,0.0,1.0,0.79194,4.0
900.0,0.01,6.0,3.0,0.0,0.05604,0.06583,248.17862,258.93232,253.79712,0.04153,4209.0,20094.0,0.0,244.42205,0.0,1.0,0.79194,4.0
