Omega,Tolerance,Step Size Rule,Iterations,Converged?,Gap LR,Gap Naive,Obj. Naive,Obj. LR (UB),"Obj. LR (LB),",Gap,Time Naive,Time LR,Final Lambda,LB Heuristic,BBP,Best iter,Lambda best iter,Gamma best iter
900.0,0.01,1.0,10.0,0.0,0.07739,0.06583,248.17862,264.92573,253.53427,0.06321,4209.0,2249.0,475.02,244.42205,0.0,1.0,0.79194,7.0
900.0,0.01,2.0,8.0,0.0,0.07739,0.06583,248.17862,264.92573,253.53427,0.06321,4209.0,2416.0,200.0,244.42205,0.0,1.0,0.79194,7.0
900.0,0.01,3.0,10.0,0.0,0.07739,0.06583,248.17862,264.92573,253.53427,0.06321,4209.0,2234.0,640.71331,244.42205,0.0,1.0,0.79194,7.0
900.0,0.01,4.0,10.0,0.0,0.07739,0.06583,248.17862,264.92573,253.53427,0.06321,4209.0,2233.0,600.20712,244.42205,0.0,1.0,0.79194,7.0
900.0,0.01,5.0,9.0,0.0,0.07739,0.06583,248.17862,264.92573,253.53427,0.06321,4209.0,2410.0,4.16667,244.42205,0.0,1.0,0.79194,7.0
900.0,0.01,6.0,3.0,0.0,0.07739,0.06583,248.17862,264.92573,253.53427,0.06321,4209.0,4285.0,0.0,244.42205,0.0,1.0,0.79194,7.0
