Omega,Tolerance,Step Size Rule,Iterations,Converged?,Gap LR,Gap Naive,Obj. Naive,Obj. LR (UB),"Obj. LR (LB),",Gap,Time Naive,Time LR,Final Lambda,LB Heuristic,BBP,Best iter,Lambda best iter,Gamma best iter
600.0,0.05,1.0,2.0,0.0,0.55907,0.62202,4776.02276,12938.85506,10583.45561,0.55907,4201.0,4202.0,445.31338,5705.14747,0.0,1.0,132.11338,-570.0
600.0,0.05,2.0,2.0,0.0,0.55907,0.62202,4776.02276,12938.85506,10583.45561,0.55907,4201.0,4202.0,132.11338,5705.14747,0.0,1.0,132.11338,-570.0
600.0,0.05,3.0,2.0,0.0,0.55907,0.62202,4776.02276,12938.85506,10583.45561,0.55907,4201.0,4204.0,679.61338,5705.14747,0.0,1.0,132.11338,-570.0
600.0,0.05,4.0,2.0,0.0,0.55907,0.62202,4776.02276,12938.85506,10583.45561,0.55907,4201.0,4202.0,680.90017,5705.14747,0.0,1.0,132.11338,-570.0
600.0,0.05,5.0,2.0,0.0,0.55907,0.62202,4776.02276,12938.85506,10583.45561,0.55907,4201.0,4202.0,282.11338,5705.14747,0.0,1.0,132.11338,-570.0
600.0,0.05,6.0,2.0,0.0,0.55907,0.62202,4776.02276,12938.85506,10583.45561,0.55907,4201.0,4202.0,0.0,5705.14747,0.0,1.0,132.11338,-570.0
