,Omega,Tolerance,Step Size Rule,Iterations,Converged?,Gap LR,Gap Naive,Obj. Naive,Obj. LR,Gap,Time Naive,Time LR,Final Lambda,LB Heuristic,IR,AP
0,600.0,0.05,1.0,2.0,0.0,0.62269,0.62202,4776.02276,10583.45561,0.54873,4201.0,4203.0,445.31338,3993.26812,5705.15889,5202.08196
1,600.0,0.05,2.0,2.0,0.0,0.50863,0.62202,4776.02276,10583.45561,0.50863,4201.0,4202.0,132.11338,5200.40281,5705.15889,5202.08196
2,600.0,0.05,3.0,2.0,0.0,0.62269,0.62202,4776.02276,10583.45561,0.54873,4201.0,4202.0,679.61338,3993.26812,5705.15889,5202.08196
3,600.0,0.05,4.0,2.0,0.0,0.62269,0.62202,4776.02276,10583.45561,0.54873,4201.0,4202.0,680.90017,3993.26812,5705.15889,5202.08196
4,600.0,0.05,5.0,2.0,0.0,0.50863,0.62202,4776.02276,10583.45561,0.50863,4201.0,4201.0,282.11338,5200.40281,5705.15889,5202.08196
5,600.0,0.05,6.0,2.0,0.0,0.56258,0.62202,4776.02276,9129.18569,0.47684,4201.0,4202.0,0.0,3993.26812,5705.15889,5202.08196
