Omega,Tolerance,Step Size Rule,Iterations,Converged?,Gap LR,Gap Naive,Obj. Naive,Obj. LR (UB),"Obj. LR (LB),",Gap,Time Naive,Time LR,Final Lambda,LB Heuristic,BBP,Best iter,Lambda best iter,Gamma best iter
600.0,0.05,1.0,3.0,0.0,0.55363,0.62202,4776.02276,12781.08056,10583.45561,0.55363,4201.0,25002.0,427.91338,5705.14747,0.0,1.0,132.11338,-570.0
600.0,0.05,2.0,3.0,0.0,0.54615,0.62202,4776.02276,12570.42761,10591.32254,0.54615,4201.0,25002.0,332.11338,5705.14747,0.0,3.0,132.11338,-570.0
600.0,0.05,3.0,3.0,0.0,0.55363,0.62202,4776.02276,12781.08056,10583.45561,0.55363,4201.0,25002.0,661.61338,5705.14747,0.0,1.0,132.11338,-570.0
600.0,0.05,4.0,3.0,0.0,0.55363,0.62202,4776.02276,12781.08056,10583.45561,0.55363,4201.0,25002.0,663.57967,5705.14747,0.0,1.0,132.11338,-570.0
600.0,0.05,5.0,3.0,0.0,0.55363,0.62202,4776.02276,12781.08056,10583.45561,0.55363,4201.0,25002.0,182.11338,5705.14747,0.0,1.0,132.11338,-570.0
600.0,0.05,6.0,4.0,0.0,0.55263,0.62202,4776.02276,12752.7757,9007.40228,0.55263,4201.0,25009.0,0.0,5705.14747,0.0,4.0,143.39264,30.0
