Omega,Tolerance,Step Size Rule,Iterations,Converged?,Gap LR,Gap Naive,Obj. Naive,Obj. LR,Gap,Time Naive,Time LR,Final Lambda,LB Heuristic
600.0,0.05,1.0,2.0,0.0,0.62269,0.62202,4776.02276,10583.45561,0.54873,4201.0,4203.0,445.31338,3993.26812
600.0,0.05,2.0,2.0,0.0,0.61542,0.62202,4776.02276,10383.45561,0.54004,4201.0,4202.0,132.81513,3993.26812
600.0,0.05,3.0,2.0,0.0,0.62269,0.62202,4776.02276,10583.45561,0.54873,4201.0,4202.0,679.61338,3993.26812
600.0,0.05,4.0,2.0,0.0,0.62269,0.62202,4776.02276,10583.45561,0.54873,4201.0,4202.0,680.90017,3993.26812
600.0,0.03,5.0,2.0,0.0,0.42185,0.56943,4736.24745,6487.54644,0.26995,4201.0,4201.0,135.39583,3750.75903
600.0,0.03,6.0,2.0,0.0,0.44741,0.73778,1982.37114,6787.54644,0.44741,4210.0,4201.0,0.0,3750.75903
