"Omega","Tolerance","Step Size Rule","Iterations","Converged?","Gap LR","Gap Naive","Obj. Naive","Obj. LR","Gap","Time Naive","Time LR","Final Lambda","LB Heuristic"
600.00000,0.05000,1.00000,2.00000,0.00000,0.57300,0.78441,2854.23022,10583.45561,0.57300,4252.00000,4322.00000,445.31338,4519.14803
600.00000,0.05000,2.00000,2.00000,0.00000,0.56477,0.78441,2854.23022,10383.45561,0.56477,4252.00000,4329.00000,132.81513,4519.14803
600.00000,0.05000,3.00000,2.00000,0.00000,0.57300,0.78441,2854.23022,10583.45561,0.57300,4252.00000,4356.00000,679.61338,4519.14803
600.00000,0.05000,4.00000,2.00000,0.00000,0.57300,0.78441,2854.23022,10583.45561,0.57300,4252.00000,4332.00000,680.90017,4519.14803
600.00000,0.05000,5.00000,2.00000,0.00000,0.56054,0.78441,2854.23022,10283.45561,0.56054,4252.00000,4304.00000,132.90285,4519.14803
600.00000,0.05000,6.00000,2.00000,0.00000,0.42994,0.78441,2854.23022,7927.49616,0.42994,4252.00000,4241.00000,0.00000,4519.14803
