Omega,Tolerance,Step Size Rule,Iterations,Converged?,Gap LR,Gap Naive,Obj. Naive,Obj. LR (UB),"Obj. LR (LB),",Gap,Time Naive,Time LR,Final Lambda,LB Heuristic,BBP,Best iter,Lambda best iter,Gamma best iter
600.0,0.01,1.0,10.0,0.0,0.06418,0.07896,241.72673,262.01076,250.28257,0.06418,4236.0,2136.0,316.68,245.19598,0.0,1.0,1.31333,4.0
600.0,0.01,2.0,10.0,0.0,0.06418,0.07896,241.72673,262.01076,250.28257,0.06418,4236.0,2172.0,200.0,245.19598,0.0,1.0,1.31333,4.0
600.0,0.01,3.0,10.0,0.0,0.06418,0.07896,241.72673,262.01076,250.28257,0.06418,4236.0,2136.0,427.14221,245.19598,0.0,1.0,1.31333,4.0
600.0,0.01,4.0,10.0,0.0,0.06418,0.07896,241.72673,262.01076,250.28257,0.06418,4236.0,2137.0,400.13808,245.19598,0.0,1.0,1.31333,4.0
600.0,0.01,5.0,10.0,0.0,0.06462,0.07896,241.72673,262.13546,250.28257,0.06462,4236.0,2201.0,0.0,245.19598,0.0,1.0,1.31333,4.0
600.0,0.01,6.0,3.0,0.0,0.06651,0.07896,241.72673,262.66582,250.28257,0.06651,4236.0,4243.0,0.0,245.19598,0.0,1.0,1.31333,4.0
