,Omega,Tolerance,Step Size Rule,Iterations,Converged?,Gap LR,Gap Naive,Obj. Naive,Obj. LR,Gap,Time Naive,Time LR,Final Lambda,LB Heuristic,IR,AP
0,600.0,0.01,1.0,2.0,0.0,0.02058,0.07896,241.72673,250.34868,0.02058,4236.0,2497.0,344.52,245.19598,0.0,0.0
1,600.0,0.01,2.0,2.0,0.0,0.02058,0.07896,241.72673,250.34868,0.02058,4236.0,2526.0,0.3367,245.19598,0.0,0.0
2,600.0,0.01,3.0,2.0,0.0,0.02058,0.07896,241.72673,250.34868,0.02058,4236.0,2520.0,445.5,245.19598,0.0,0.0
3,600.0,0.01,4.0,2.0,0.0,0.02058,0.07896,241.72673,250.34868,0.02058,4236.0,2488.0,420.02143,245.19598,0.0,0.0
4,600.0,0.01,5.0,2.0,0.0,0.02058,0.07896,241.72673,250.34868,0.02058,4236.0,2566.0,0.25253,245.19598,0.0,0.0
5,600.0,0.01,6.0,2.0,0.0,0.02058,0.07896,241.72673,250.34868,0.02058,4236.0,2553.0,0.85936,245.19598,0.0,0.0
