Omega,Tolerance,Step Size Rule,Iterations,Converged?,Gap LR,Gap Naive,Obj. Naive,Obj. LR (UB),"Obj. LR (LB),",Gap,Time Naive,Time LR,Final Lambda,LB Heuristic,BBP,Best iter,Lambda best iter,Gamma best iter
600.0,0.01,1.0,10.0,0.0,0.02246,0.07896,241.72673,250.82926,250.82926,0.02246,4236.0,4580.0,316.68,245.19598,0.0,1.0,1.31333,3.0
600.0,0.01,2.0,10.0,0.0,0.02246,0.07896,241.72673,250.82926,250.82926,0.02246,4236.0,4643.0,200.0,245.19598,0.0,1.0,1.31333,3.0
600.0,0.01,3.0,10.0,0.0,0.02246,0.07896,241.72673,250.82926,250.82926,0.02246,4236.0,4513.0,427.14221,245.19598,0.0,1.0,1.31333,3.0
600.0,0.01,4.0,10.0,0.0,0.02246,0.07896,241.72673,250.82926,250.82926,0.02246,4236.0,4527.0,400.13808,245.19598,0.0,1.0,1.31333,3.0
600.0,0.01,5.0,10.0,0.0,0.02246,0.07896,241.72673,250.82926,250.82926,0.02246,4236.0,4701.0,0.0,245.19598,0.0,1.0,1.31333,3.0
600.0,0.01,6.0,3.0,0.0,0.02423,0.07896,241.72673,251.28446,249.79999,0.02423,4236.0,20049.0,4.91834,245.19598,0.0,3.0,0.85936,-3.0
