Omega,Tolerance,Step Size Rule,Iterations,Converged?,Gap LR,Gap Naive,Obj. Naive,Obj. LR,Gap,Time Naive,Time LR,Final Lambda,LB Heuristic
100.0,0.03,1.0,1.0,1.0,0.0,0.0,282.08203,282.08203,0.0,217.0,28.0,2.91943,282.08203
100.0,0.03,2.0,1.0,1.0,0.0,0.0,282.08203,282.08203,0.0,217.0,27.0,2.91943,282.08203
100.0,0.03,3.0,1.0,1.0,0.0,0.0,282.08203,282.08203,0.0,217.0,28.0,2.91943,282.08203
100.0,0.03,4.0,1.0,1.0,0.0,0.0,282.08203,282.08203,0.0,217.0,28.0,2.91943,282.08203
100.0,0.03,5.0,1.0,1.0,0.0,0.0,282.08203,282.08203,0.0,217.0,28.0,2.91943,282.08203
100.0,0.03,6.0,1.0,1.0,0.0,0.0,282.08203,282.08203,0.0,217.0,27.0,2.91943,282.08203
,,,,,,,,,,,,,0.0
,,,,,,,,,,,,,-231.83886
