Omega,Tolerance,Step Size Rule,Iterations,Converged?,Gap LR,Gap Naive,Obj. Naive,Obj. LR,Gap,Time Naive,Time LR,Final Lambda,LB Heuristic
900.0,0.03,1.0,2.0,0.0,0.02711,0.13828,242.83616,252.47565,0.02711,4252.0,2253.0,506.34,245.63074
900.0,0.03,2.0,2.0,0.0,0.02711,0.13828,242.83616,252.47565,0.02711,4252.0,2254.0,0.2291,245.63074
900.0,0.03,3.0,2.0,0.0,0.02711,0.13828,242.83616,252.47565,0.02711,4252.0,2253.0,654.75,245.63074
900.0,0.03,4.0,2.0,0.0,0.02711,0.13828,242.83616,252.47565,0.02711,4252.0,2256.0,617.30422,245.63074
900.0,0.03,5.0,2.0,0.0,0.02711,0.13828,242.83616,252.47565,0.02711,4252.0,2253.0,0.17182,245.63074
900.0,0.03,6.0,2.0,0.0,0.02711,0.13828,242.83616,252.47565,0.02711,4252.0,2255.0,0.62644,245.63074
,,,,,,,,,,,,,0.0
,,,,,,,,,,,,,0.0
