"Omega","Tolerance","Step Size Rule","Iterations","Converged?","Gap LR","Gap Naive","Obj. Naive","Obj. LR","Gap","Time Naive","Time LR","Final Lambda","LB Heuristic"
900.00000,0.03000,1.00000,1.00000,1.00000,0.00000,0.12191,246.16611,246.16611,0.00000,4280.00000,2168.00000,0.38898,246.16611
900.00000,0.03000,2.00000,1.00000,1.00000,0.00000,0.12191,246.16611,246.16611,0.00000,4280.00000,2161.00000,0.38898,246.16611
900.00000,0.03000,3.00000,1.00000,1.00000,0.00000,0.12191,246.16611,246.16611,0.00000,4280.00000,2153.00000,0.38898,246.16611
900.00000,0.03000,4.00000,1.00000,1.00000,0.00000,0.12191,246.16611,246.16611,0.00000,4280.00000,2156.00000,0.38898,246.16611
900.00000,0.03000,5.00000,1.00000,1.00000,0.00000,0.12191,246.16611,246.16611,0.00000,4280.00000,2152.00000,0.38898,246.16611
900.00000,0.03000,6.00000,1.00000,1.00000,0.00000,0.12191,246.16611,246.16611,0.00000,4280.00000,2154.00000,0.38898,246.16611
