"Omega","Tolerance","Step Size Rule","Iterations","Converged?","Gap LR","Gap Naive","Obj. Naive","Obj. LR","Gap","Time Naive","Time LR","Final Lambda","LB Heuristic"
100.00000,0.05000,1.00000,3.00000,0.00000,0.34702,0.39543,6685.32156,9688.91082,0.31000,4201.00000,4267.00000,841.58584,6326.63370
100.00000,0.05000,2.00000,8.00000,0.00000,0.43346,0.39543,6685.32156,11167.07879,0.40134,4201.00000,4497.00000,809.12794,6326.63370
100.00000,0.05000,3.00000,3.00000,0.00000,0.36563,0.39543,6685.32156,9973.05181,0.32966,4201.00000,4268.00000,880.53583,6326.63370
100.00000,0.05000,4.00000,3.00000,0.00000,0.36470,0.39543,6685.32156,9958.51964,0.32868,4201.00000,4266.00000,880.86355,6326.63370
100.00000,0.05000,5.00000,10.00000,0.00000,0.46011,0.39543,6685.32156,11718.38830,0.42950,4201.00000,2328.00000,801.53521,6326.63370
100.00000,0.05000,6.00000,4.00000,0.00000,0.37831,0.39543,6685.32156,10176.48017,0.34306,4201.00000,4255.00000,162.49505,6326.63370
