"Omega","Tolerance","Step Size Rule","Iterations","Converged?","Gap LR","Gap Naive","Obj. Naive","Obj. LR","Gap","Time Naive","Time LR","Final Lambda","LB Heuristic"
100.00000,0.03000,1.00000,2.00000,0.00000,0.20316,0.36547,6242.92937,7858.19569,0.20316,4203.00000,4203.00000,808.53888,6261.73994
100.00000,0.03000,2.00000,10.00000,0.00000,0.20178,0.36547,6242.92937,7844.63897,0.20178,4203.00000,2288.00000,763.90891,6261.73994
100.00000,0.03000,3.00000,2.00000,0.00000,0.18887,0.36547,6242.92937,7719.78592,0.18887,4203.00000,4209.00000,806.76888,6261.73994
100.00000,0.03000,4.00000,2.00000,0.00000,0.20742,0.36547,6242.92937,7900.46410,0.20742,4203.00000,4208.00000,806.89756,6261.73994
100.00000,0.03000,5.00000,10.00000,0.00000,0.21252,0.36547,6242.92937,7951.66092,0.21252,4203.00000,2265.00000,717.98476,6261.73994
100.00000,0.03000,6.00000,3.00000,0.00000,0.21055,0.36547,6242.92937,7931.73696,0.21055,4203.00000,4212.00000,234.52596,6261.73994
