"Omega","Tolerance","Step Size Rule","Iterations","Converged?","Gap LR","Gap Naive","Obj. Naive","Obj. LR","Gap","Time Naive","Time LR","Final Lambda","LB Heuristic"
100.00000,0.07000,1.00000,3.00000,0.00000,0.36572,0.46187,7016.29371,11350.25351,0.36572,4203.00000,4308.00000,836.20163,7199.20219
100.00000,0.07000,2.00000,6.00000,0.00000,0.48356,0.46187,7016.29371,13940.09649,0.48356,4203.00000,2618.00000,803.28486,7199.20219
100.00000,0.07000,3.00000,3.00000,0.00000,0.38187,0.46187,7016.29371,11646.75971,0.38187,4203.00000,4323.00000,873.93163,7199.20219
100.00000,0.07000,4.00000,3.00000,0.00000,0.38147,0.46187,7016.29371,11639.26089,0.38147,4203.00000,4326.00000,874.39043,7199.20219
100.00000,0.07000,5.00000,8.00000,0.00000,0.49166,0.46187,7016.29371,14162.23935,0.49166,4203.00000,2844.00000,799.14892,7199.20219
100.00000,0.07000,6.00000,4.00000,0.00000,0.41309,0.46187,7016.29371,12266.29855,0.41309,4203.00000,4300.00000,223.52318,7199.20219
