"Omega","Tolerance","Step Size Rule","Iterations","Converged?","Gap LR","Gap Naive","Obj. Naive","Obj. LR","Gap","Time Naive","Time LR","Final Lambda","LB Heuristic"
100.00000,0.07000,1.00000,3.00000,0.00000,0.36454,0.48485,6934.12265,11305.51437,0.36454,4203.00000,4322.00000,836.20163,7184.14661
100.00000,0.07000,2.00000,6.00000,0.00000,0.48464,0.48485,6934.12265,13940.09649,0.48464,4203.00000,3579.00000,803.28486,7184.14661
100.00000,0.07000,3.00000,3.00000,0.00000,0.38730,0.48485,6934.12265,11725.33176,0.38730,4203.00000,4364.00000,873.93163,7184.14661
100.00000,0.07000,4.00000,3.00000,0.00000,0.38733,0.48485,6934.12265,11725.90841,0.38733,4203.00000,4354.00000,874.39043,7184.14661
100.00000,0.07000,5.00000,7.00000,0.00000,0.49426,0.48485,6934.12265,14205.09649,0.49426,4203.00000,2606.00000,798.74569,7184.14661
100.00000,0.07000,6.00000,4.00000,0.00000,0.40841,0.48485,6934.12265,12143.74116,0.40841,4203.00000,4322.00000,223.57079,7184.14661
