"Omega","Tolerance","Step Size Rule","Iterations","Converged?","Gap LR","Gap Naive","Obj. Naive","Obj. LR","Gap","Time Naive","Time LR","Final Lambda","LB Heuristic"
100.00000,0.05000,1.00000,3.00000,0.00000,0.32570,0.41144,6593.45418,9785.91896,0.32570,4200.00000,4233.00000,839.43866,6598.60954
100.00000,0.05000,2.00000,8.00000,0.00000,0.42218,0.41144,6593.45418,11419.93156,0.42218,4200.00000,2639.00000,806.98077,6598.60954
100.00000,0.05000,3.00000,3.00000,0.00000,0.34014,0.41144,6593.45418,9999.94009,0.34014,4200.00000,4244.00000,878.38866,6598.60954
100.00000,0.05000,4.00000,3.00000,0.00000,0.34294,0.41144,6593.45418,10042.55560,0.34294,4200.00000,4242.00000,878.71638,6598.60954
100.00000,0.05000,5.00000,10.00000,0.00000,0.44879,0.41144,6593.45418,11971.24144,0.44879,4200.00000,1934.00000,799.38804,6598.60954
100.00000,0.05000,6.00000,4.00000,0.00000,0.35396,0.41144,6593.45418,10213.95495,0.35396,4200.00000,4248.00000,201.14437,6598.60954
