,Omega,Tolerance,Step Size Rule,Iterations,Converged?,Gap LR,Gap Naive,Obj. Naive,Obj. LR,Gap,Time Naive,Time LR,Final Lambda,LB Heuristic,IR,AP
0,100.0,0.03,1.0,1.0,1.0,0.0,0.0,280.65692,280.65692,0.0,223.0,23.0,2.95933,280.65692,-276.31738,-276.70085
1,100.0,0.03,2.0,1.0,1.0,0.0,0.0,280.65692,280.65692,0.0,223.0,23.0,2.95933,280.65692,-276.31738,-276.70085
2,100.0,0.03,3.0,1.0,1.0,0.0,0.0,280.65692,280.65692,0.0,223.0,23.0,2.95933,280.65692,-276.31738,-276.70085
3,100.0,0.03,4.0,1.0,1.0,0.0,0.0,280.65692,280.65692,0.0,223.0,23.0,2.95933,280.65692,-276.31738,-276.70085
4,100.0,0.03,5.0,1.0,1.0,0.0,0.0,280.65692,280.65692,0.0,223.0,23.0,2.95933,280.65692,-276.31738,-276.70085
5,100.0,0.03,6.0,1.0,1.0,0.0,0.0,280.65692,280.65692,0.0,223.0,23.0,2.95933,280.65692,-276.31738,-276.70085
