Omega,Tolerance,Step Size Rule,Iterations,Converged?,Gap LR,Gap Naive,Obj. Naive,Obj. LR,Gap,Time Naive,Time LR,Final Lambda,LB Heuristic
900.0,0.07,1.0,1.0,1.0,0.0,1.0,227.05469,247.77013,0.0,4251.0,2116.0,0.30642,247.77013
900.0,0.07,2.0,1.0,1.0,0.0,1.0,227.05469,247.77013,0.0,4251.0,2117.0,0.30642,247.77013
900.0,0.07,3.0,1.0,1.0,0.0,1.0,227.05469,247.77013,0.0,4251.0,2116.0,0.30642,247.77013
900.0,0.07,4.0,1.0,1.0,0.0,1.0,227.05469,247.77013,0.0,4251.0,2119.0,0.30642,247.77013
900.0,0.07,5.0,1.0,1.0,0.0,1.0,227.05469,247.77013,0.0,4251.0,2120.0,0.30642,247.77013
900.0,0.07,6.0,1.0,1.0,0.0,1.0,227.05469,247.77013,0.0,4251.0,2123.0,0.30642,247.77013
