"Omega","Tolerance","Step Size Rule","Iterations","Converged?","Gap LR","Gap Naive","Obj. Naive","Obj. LR","Gap","Time Naive","Time LR","Final Lambda","LB Heuristic"
900.00000,0.07000,1.00000,1.00000,1.00000,0.00000,0.15536,247.77013,247.77013,0.00000,4287.00000,2173.00000,0.30642,247.77013
900.00000,0.07000,2.00000,1.00000,1.00000,0.00000,0.15536,247.77013,247.77013,0.00000,4287.00000,2164.00000,0.30642,247.77013
900.00000,0.07000,3.00000,1.00000,1.00000,0.00000,0.15536,247.77013,247.77013,0.00000,4287.00000,2159.00000,0.30642,247.77013
900.00000,0.07000,4.00000,1.00000,1.00000,0.00000,0.15536,247.77013,247.77013,0.00000,4287.00000,2153.00000,0.30642,247.77013
900.00000,0.07000,5.00000,1.00000,1.00000,0.00000,0.15536,247.77013,247.77013,0.00000,4287.00000,2163.00000,0.30642,247.77013
900.00000,0.07000,6.00000,1.00000,1.00000,0.00000,0.15536,247.77013,247.77013,0.00000,4287.00000,2143.00000,0.30642,247.77013
