Omega,Tolerance,Step Size Rule,Iterations,Converged?,Gap LR,Gap Naive,Obj. Naive,Obj. LR,Gap,Time Naive,Time LR,Final Lambda,LB Heuristic
600.0,0.01,1.0,2.0,0.0,0.024,0.07458,244.36434,254.49829,0.024,4242.0,2435.0,344.52,248.38913
600.0,0.01,2.0,2.0,0.0,0.024,0.07458,244.36434,254.49829,0.024,4242.0,2477.0,0.3367,248.38913
600.0,0.01,3.0,2.0,0.0,0.024,0.07458,244.36434,254.49829,0.024,4242.0,2446.0,445.5,248.38913
600.0,0.01,4.0,2.0,0.0,0.024,0.07458,244.36434,254.49829,0.024,4242.0,2454.0,420.02143,248.38913
600.0,0.01,5.0,2.0,0.0,0.024,0.07458,244.36434,254.49829,0.024,4242.0,2445.0,0.25253,248.38913
600.0,0.01,6.0,2.0,0.0,0.024,0.07458,244.36434,254.49829,0.024,4242.0,2466.0,0.85005,248.38913
,,,,,,,,,,,,,0.0
,,,,,,,,,,,,,0.0
