Omega,Tolerance,Step Size Rule,Iterations,Converged?,Gap LR,Gap Naive,Obj. Naive,Obj. LR (UB),"Obj. LR (LB),",Gap,Time Naive,Time LR,Final Lambda,LB Heuristic,BBP,Best iter,Lambda best iter,Gamma best iter
600.0,0.01,1.0,10.0,0.0,0.04971,0.07458,244.36434,261.38236,254.49829,0.04971,4242.0,2169.0,316.68,248.38913,0.0,1.0,1.25564,5.0
600.0,0.01,2.0,10.0,0.0,0.04971,0.07458,244.36434,261.38236,254.49829,0.04971,4242.0,2221.0,200.0,248.38913,0.0,1.0,1.25564,5.0
600.0,0.01,3.0,10.0,0.0,0.04971,0.07458,244.36434,261.38236,254.49829,0.04971,4242.0,2144.0,427.14221,248.38913,0.0,1.0,1.25564,5.0
600.0,0.01,4.0,10.0,0.0,0.04971,0.07458,244.36434,261.38236,254.49829,0.04971,4242.0,2143.0,400.13808,248.38913,0.0,1.0,1.25564,5.0
600.0,0.01,5.0,10.0,0.0,0.04971,0.07458,244.36434,261.38236,254.49829,0.04971,4242.0,2267.0,0.0,248.38913,0.0,1.0,1.25564,5.0
600.0,0.01,6.0,3.0,0.0,0.04971,0.07458,244.36434,261.38236,254.49829,0.04971,4242.0,4238.0,0.0,248.38913,0.0,1.0,1.25564,5.0
