"Omega","Tolerance","Step Size Rule","Iterations","Converged?","Gap LR","Gap Naive","Obj. Naive","Obj. LR","Gap","Time Naive","Time LR","Final Lambda","LB Heuristic"
600.00000,0.01000,1.00000,2.00000,0.00000,0.01355,0.06980,248.38913,251.80057,0.01355,4251.00000,2586.00000,344.52000,248.38913
600.00000,0.01000,2.00000,2.00000,0.00000,0.02400,0.06980,248.38913,254.49829,0.02400,4251.00000,2499.00000,0.33670,248.38913
600.00000,0.01000,3.00000,2.00000,0.00000,0.02400,0.06980,248.38913,254.49829,0.02400,4251.00000,2475.00000,445.50000,248.38913
600.00000,0.01000,4.00000,2.00000,0.00000,0.02400,0.06980,248.38913,254.49829,0.02400,4251.00000,2488.00000,420.02143,248.38913
600.00000,0.01000,5.00000,2.00000,0.00000,0.02400,0.06980,248.38913,254.49829,0.02400,4251.00000,2518.00000,0.25253,248.38913
600.00000,0.01000,6.00000,3.00000,0.00000,0.01617,0.06980,248.38913,252.47032,0.01617,4251.00000,4417.00000,0.00000,248.38913
