,Omega,Tolerance,Step Size Rule,Iterations,Converged?,Gap LR,Gap Naive,Obj. Naive,Obj. LR,Gap,Time Naive,Time LR,Final Lambda,LB Heuristic,Heuristic Time,IR,AP
0,1500.0,0.01,1.0,2.0,0.0,0.04305,0.10831,236.78366,246.87469,0.04088,4212.0,2433.0,861.3,236.24575,,-235.30626,0.0
1,1500.0,0.01,2.0,2.0,0.0,0.04305,0.10831,236.78366,246.87469,0.04088,4212.0,2436.0,0.13468,236.24575,,-235.30626,0.0
2,1500.0,0.01,3.0,2.0,0.0,0.04305,0.10831,236.78366,246.87469,0.04088,4212.0,2433.0,1113.75,236.24575,,-235.30626,0.0
3,1500.0,0.01,4.0,2.0,0.0,0.04305,0.10831,236.78366,246.87469,0.04088,4212.0,2427.0,1050.05357,236.24575,,-235.30626,0.0
4,1500.0,0.01,5.0,2.0,0.0,0.04305,0.10831,236.78366,246.87469,0.04088,4212.0,2429.0,0.10101,236.24575,,-235.30626,0.0
5,1500.0,0.01,6.0,2.0,0.0,0.04305,0.10831,236.78366,246.87469,0.04088,4212.0,2431.0,0.35255,236.24575,55.0,-235.30626,0.0
