Omega,Tolerance,Step Size Rule,Iterations,Converged?,Gap LR,Gap Naive,Obj. Naive,Obj. LR (UB),"Obj. LR (LB),",Gap,Time Naive,Time LR,Final Lambda,LB Heuristic,BBP,Best iter,Lambda best iter,Gamma best iter
1500.0,0.01,1.0,2.0,0.0,0.11205,0.10831,236.78366,266.05694,246.87469,0.11003,4212.0,2459.0,861.3,236.24575,0.0,1.0,0.53809,3.0
1500.0,0.01,2.0,2.0,0.0,0.11205,0.10831,236.78366,266.05694,246.87469,0.11003,4212.0,2474.0,200.0,236.24575,0.0,1.0,0.53809,3.0
1500.0,0.01,3.0,2.0,0.0,0.11205,0.10831,236.78366,266.05694,246.87469,0.11003,4212.0,2454.0,1113.75,236.24575,0.0,1.0,0.53809,3.0
1500.0,0.01,4.0,2.0,0.0,0.11205,0.10831,236.78366,266.05694,246.87469,0.11003,4212.0,2454.0,1050.05357,236.24575,0.0,1.0,0.53809,3.0
1500.0,0.01,5.0,2.0,0.0,0.11205,0.10831,236.78366,266.05694,246.87469,0.11003,4212.0,2472.0,150.0,236.24575,0.0,1.0,0.53809,3.0
1500.0,0.01,6.0,2.0,0.0,0.11205,0.10831,236.78366,266.05694,246.87469,0.11003,4212.0,2491.0,0.35255,236.24575,0.0,1.0,0.53809,3.0
