Omega,Tolerance,Step Size Rule,Iterations,Converged?,Gap LR,Gap Naive,Obj. Naive,Obj. LR,Gap,Time Naive,Time LR,Final Lambda,LB Heuristic
900.0,0.07,1.0,2.0,0.0,0.06289,1.0,237.14288,256.45497,0.06289,4252.0,2325.0,485.46,240.327
900.0,0.07,2.0,2.0,0.0,0.06289,1.0,237.14288,256.45497,0.06289,4252.0,2326.0,0.23895,240.327
900.0,0.07,3.0,2.0,0.0,0.06289,1.0,237.14288,256.45497,0.06289,4252.0,2337.0,627.75,240.327
900.0,0.07,4.0,2.0,0.0,0.06289,1.0,237.14288,256.45497,0.06289,4252.0,2317.0,591.84838,240.327
900.0,0.07,5.0,2.0,0.0,0.06289,1.0,237.14288,256.45497,0.06289,4252.0,2332.0,0.17921,240.327
900.0,0.07,6.0,2.0,0.0,0.06289,1.0,237.14288,256.45497,0.06289,4252.0,2324.0,0.7184,240.327
,,,,,,,,,,,,,0.0
,,,,,,,,,,,,,0.0
