"Omega","Tolerance","Step Size Rule","Iterations","Converged?","Gap LR","Gap Naive","Obj. Naive","Obj. LR","Gap","Time Naive","Time LR","Final Lambda","LB Heuristic"
900.00000,0.07000,1.00000,1.00000,1.00000,0.00000,0.18292,240.32700,240.32700,0.00000,4289.00000,2173.00000,0.30654,240.32700
900.00000,0.07000,2.00000,1.00000,1.00000,0.00000,0.18292,240.32700,240.32700,0.00000,4289.00000,2167.00000,0.30654,240.32700
900.00000,0.07000,3.00000,1.00000,1.00000,0.00000,0.18292,240.32700,240.32700,0.00000,4289.00000,2161.00000,0.30654,240.32700
900.00000,0.07000,4.00000,1.00000,1.00000,0.00000,0.18292,240.32700,240.32700,0.00000,4289.00000,2165.00000,0.30654,240.32700
900.00000,0.07000,5.00000,1.00000,1.00000,0.00000,0.18292,240.32700,240.32700,0.00000,4289.00000,2155.00000,0.30654,240.32700
900.00000,0.07000,6.00000,1.00000,1.00000,0.00000,0.18292,240.32700,240.32700,0.00000,4289.00000,2137.00000,0.30654,240.32700
