"Omega","Tolerance","Step Size Rule","Iterations","Converged?","Gap LR","Gap Naive","Obj. Naive","Obj. LR","Gap","Time Naive","Time LR","Final Lambda","LB Heuristic"
600.00000,0.07000,1.00000,2.00000,0.00000,0.59166,1.00000,301.24359,12821.46700,0.59166,4231.00000,4245.00000,431.30959,5235.49962
600.00000,0.07000,2.00000,2.00000,0.00000,0.58519,1.00000,301.24359,12621.46700,0.58519,4231.00000,4248.00000,132.74644,5235.49962
600.00000,0.07000,3.00000,2.00000,0.00000,0.59166,1.00000,301.24359,12821.46700,0.59166,4231.00000,4252.00000,658.52959,5235.49962
600.00000,0.07000,4.00000,2.00000,0.00000,0.59166,1.00000,301.24359,12821.46700,0.59166,4231.00000,4254.00000,660.33111,5235.49962
600.00000,0.07000,5.00000,2.00000,0.00000,0.58188,1.00000,301.24359,12521.46700,0.58188,4231.00000,4242.00000,132.83605,5235.49962
600.00000,0.07000,6.00000,2.00000,0.00000,0.50658,1.00000,301.24359,10610.73532,0.50658,4231.00000,4223.00000,0.00000,5235.49962
