"Omega","Tolerance","Step Size Rule","Iterations","Converged?","Gap LR","Gap Naive","Obj. Naive","Obj. LR","Gap","Time Naive","Time LR","Final Lambda","LB Heuristic"
600.00000,0.07000,1.00000,3.00000,0.00000,0.57015,0.60964,5369.03460,14372.33907,0.57015,4201.00000,4427.00000,406.94959,6177.97841
600.00000,0.07000,2.00000,4.00000,0.00000,0.35708,0.60964,5369.03460,9609.25328,0.35708,4201.00000,3900.00000,128.34296,6177.97841
600.00000,0.07000,3.00000,3.00000,0.00000,0.57015,0.60964,5369.03460,14372.33907,0.57015,4201.00000,4426.00000,633.32959,6177.97841
600.00000,0.07000,4.00000,3.00000,0.00000,0.57015,0.60964,5369.03460,14372.33907,0.57015,4201.00000,4491.00000,636.08240,6177.97841
600.00000,0.07000,5.00000,4.00000,0.00000,0.39460,0.60964,5369.03460,10204.70946,0.39460,4201.00000,4170.00000,131.22954,6177.97841
600.00000,0.07000,6.00000,4.00000,0.00000,0.43155,0.60964,5369.03460,10868.10364,0.43155,4201.00000,4372.00000,34.20220,6177.97841
