Omega,Tolerance,Step Size Rule,Iterations,Converged?,Gap LR,Gap Naive,Obj. Naive,Obj. LR,Gap,Time Naive,Time LR,Final Lambda,LB Heuristic
600.0,0.03,1.0,2.0,0.0,0.50547,0.73605,1987.25643,7297.47793,0.50547,4204.0,4238.0,460.76083,3608.79629
600.0,0.03,2.0,2.0,0.0,0.49154,0.73605,1987.25643,7097.47793,0.49154,4204.0,4202.0,134.32812,3608.79629
600.0,0.03,3.0,2.0,0.0,0.50547,0.73605,1987.25643,7297.47793,0.50547,4204.0,4202.0,702.14083,3608.79629
600.0,0.03,4.0,2.0,0.0,0.50547,0.73605,1987.25643,7297.47793,0.50547,4204.0,4205.0,702.91291,3608.79629
600.0,0.03,5.0,2.0,0.0,0.48427,0.55264,4905.98944,6997.47793,0.29889,4201.0,4203.0,134.41403,3608.79629
600.0,0.03,6.0,2.0,0.0,0.44413,0.73605,1987.25643,6492.10374,0.44413,4204.0,4201.0,0.0,3608.79629
