"Omega","Tolerance","Step Size Rule","Iterations","Converged?","Gap LR","Gap Naive","Obj. Naive","Obj. LR","Gap","Time Naive","Time LR","Final Lambda","LB Heuristic"
100.00000,0.05000,1.00000,2.00000,0.00000,0.29714,0.42727,6746.58226,9809.37562,0.29714,4203.00000,2762.00000,841.10795,6894.66265
100.00000,0.05000,2.00000,3.00000,0.00000,0.44450,0.42727,6746.58226,12411.61792,0.44450,4203.00000,3308.00000,795.22374,6894.66265
100.00000,0.05000,3.00000,2.00000,0.00000,0.32299,0.42727,6746.58226,10184.00010,0.32299,4203.00000,2697.00000,880.15795,6894.66265
100.00000,0.05000,4.00000,2.00000,0.00000,0.32299,0.42727,6746.58226,10184.00010,0.32299,4203.00000,2717.00000,880.37242,6894.66265
100.00000,0.05000,5.00000,3.00000,0.00000,0.44225,0.42727,6746.58226,12361.61793,0.44225,4203.00000,3365.00000,794.69742,6894.66265
100.00000,0.05000,6.00000,2.00000,0.00000,0.32975,0.42727,6746.58226,10286.62932,0.32975,4203.00000,2785.00000,0.00000,6894.66265
