"Omega","Tolerance","Step Size Rule","Iterations","Converged?","Gap LR","Gap Naive","Obj. Naive","Obj. LR","Gap","Time Naive","Time LR","Final Lambda","LB Heuristic"
100.00000,0.05000,1.00000,2.00000,0.00000,0.30492,0.45005,6916.62902,9950.87778,0.30492,4212.00000,4224.00000,841.10795,6916.62902
100.00000,0.05000,2.00000,2.00000,0.00000,0.37467,0.45005,6916.62902,11060.74585,0.37467,4212.00000,4224.00000,793.11848,6916.62902
100.00000,0.05000,3.00000,2.00000,0.00000,0.32178,0.45005,6916.62902,10198.17597,0.32178,4212.00000,4253.00000,880.15795,6916.62902
100.00000,0.05000,4.00000,2.00000,0.00000,0.32178,0.45005,6916.62902,10198.17597,0.32178,4212.00000,4231.00000,880.37242,6916.62902
100.00000,0.05000,5.00000,2.00000,0.00000,0.36896,0.45005,6916.62902,10960.74585,0.36896,4212.00000,4162.00000,793.64479,6916.62902
100.00000,0.05000,6.00000,2.00000,0.00000,0.33180,0.45005,6916.62902,10351.17532,0.33180,4212.00000,3492.00000,0.00000,6916.62902
