"Omega","Tolerance","Step Size Rule","Iterations","Converged?","Gap LR","Gap Naive","Obj. Naive","Obj. LR","Gap","Time Naive","Time LR","Final Lambda","LB Heuristic"
100.00000,0.05000,1.00000,2.00000,0.00000,0.31211,0.45878,6579.86756,10054.89820,0.31211,4204.00000,2982.00000,841.10795,6916.62902
100.00000,0.05000,2.00000,2.00000,0.00000,0.45157,0.45878,6579.86756,12611.61792,0.45157,4204.00000,2601.00000,793.11848,6916.62902
100.00000,0.05000,3.00000,2.00000,0.00000,0.32490,0.45878,6579.86756,10245.28085,0.32490,4204.00000,2953.00000,880.15795,6916.62902
100.00000,0.05000,4.00000,2.00000,0.00000,0.32490,0.45878,6579.86756,10245.28085,0.32490,4204.00000,2972.00000,880.37242,6916.62902
100.00000,0.05000,5.00000,2.00000,0.00000,0.36896,0.45878,6579.86756,10960.74585,0.36896,4204.00000,3047.00000,793.64479,6916.62902
100.00000,0.05000,6.00000,2.00000,0.00000,0.33276,0.45878,6579.86756,10366.03767,0.33276,4204.00000,2975.00000,0.00000,6916.62902
