"Omega","Tolerance","Step Size Rule","Iterations","Converged?","Gap LR","Gap Naive","Obj. Naive","Obj. LR","Gap","Time Naive","Time LR","Final Lambda","LB Heuristic"
100.00000,0.07000,1.00000,10.00000,0.00000,0.06451,0.00000,284.98087,303.64296,0.06146,3345.00000,719.00000,20.20896,284.05492
100.00000,0.07000,2.00000,10.00000,0.00000,0.05706,0.00000,284.98087,301.24463,0.05399,3345.00000,1349.00000,4.30108,284.05492
100.00000,0.07000,3.00000,10.00000,0.00000,0.06451,0.00000,284.98087,303.64296,0.06146,3345.00000,689.00000,69.14154,284.05492
100.00000,0.07000,4.00000,10.00000,0.00000,0.06451,0.00000,284.98087,303.64296,0.06146,3345.00000,672.00000,67.66198,284.05492
100.00000,0.07000,5.00000,10.00000,0.00000,0.03007,0.00000,284.98087,292.86232,0.02691,3345.00000,1095.00000,1.08423,284.05492
100.00000,0.07000,6.00000,10.00000,0.00000,0.02948,0.00000,284.98087,292.68260,0.02631,3345.00000,1992.00000,1.94113,284.05492
