,Omega,Tolerance,Step Size Rule,Iterations,Converged?,Gap LR,Gap Naive,Obj. Naive,Obj. LR,Gap,Time Naive,Time LR,Final Lambda,LB Heuristic,IR,AP
0,600.0,0.05,1.0,2.0,0.0,0.6201,0.61678,4828.13253,10637.73166,0.54613,4201.0,4202.0,445.21634,4041.24145,5625.18352,5224.58865
1,600.0,0.05,2.0,2.0,0.0,0.50886,0.61678,4828.13253,10637.73166,0.50886,4201.0,4201.0,132.01634,5224.6064,5625.18352,5224.58865
2,600.0,0.05,3.0,2.0,0.0,0.6201,0.61678,4828.13253,10637.73166,0.54613,4201.0,4202.0,679.51634,4041.24145,5625.18352,5224.58865
3,600.0,0.05,4.0,2.0,0.0,0.6201,0.61678,4828.13253,10637.73166,0.54613,4201.0,4202.0,680.80313,4041.24145,5625.18352,5224.58865
4,600.0,0.05,5.0,2.0,0.0,0.50886,0.61678,4828.13253,10637.73166,0.50886,4201.0,4202.0,282.01634,5224.6064,5625.18352,5224.58865
5,600.0,0.05,6.0,2.0,0.0,0.56271,0.61678,4828.13253,9241.46343,0.47756,4201.0,4203.0,0.0,4041.24145,5625.18352,5224.58865
