Omega,Tolerance,Step Size Rule,Iterations,Converged?,Gap LR,Gap Naive,Obj. Naive,Obj. LR (UB),"Obj. LR (LB),",Gap,Time Naive,Time LR,Final Lambda,LB Heuristic,BBP,Best iter,Lambda best iter,Gamma best iter
600.0,0.05,1.0,5.0,0.0,0.55951,0.61678,4828.13253,12770.45156,10637.73166,0.55951,4201.0,55008.0,393.01634,5625.20872,0.0,1.0,132.01634,-570.0
600.0,0.05,2.0,5.0,0.0,0.55257,0.61678,4828.13253,12572.17843,10645.59859,0.55257,4201.0,55009.0,332.01634,5625.20872,0.0,3.0,132.01634,-570.0
600.0,0.05,3.0,5.0,0.0,0.55951,0.61678,4828.13253,12770.45156,10637.73166,0.55951,4201.0,55006.0,633.65919,5625.20872,0.0,1.0,132.01634,-570.0
600.0,0.05,4.0,5.0,0.0,0.55951,0.61678,4828.13253,12770.45156,10637.73166,0.55951,4201.0,55008.0,635.06622,5625.20872,0.0,1.0,132.01634,-570.0
600.0,0.05,5.0,6.0,0.0,0.55951,0.61678,4828.13253,12770.45156,10637.73166,0.55951,4201.0,55025.0,117.01634,5625.20872,0.0,1.0,132.01634,-570.0
600.0,0.05,6.0,10.0,0.0,0.55946,0.61678,4828.13253,12768.85736,8989.41343,0.55946,4201.0,40085.0,114.23094,5625.20872,0.0,4.0,143.53107,30.0
