"Omega","Tolerance","Step Size Rule","Iterations","Converged?","Gap LR","Gap Naive","Obj. Naive","Obj. LR","Gap","Time Naive","Time LR","Final Lambda","LB Heuristic"
600.00000,0.05000,1.00000,2.00000,0.00000,0.56782,0.62591,4936.83591,10637.73166,0.53591,4268.00000,4318.00000,445.21634,4597.38227
600.00000,0.05000,2.00000,2.00000,0.00000,0.55954,0.62591,4936.83591,10437.73166,0.52702,4268.00000,4327.00000,132.71809,4597.38227
600.00000,0.05000,3.00000,2.00000,0.00000,0.56782,0.62591,4936.83591,10637.73166,0.53591,4268.00000,4332.00000,679.51634,4597.38227
600.00000,0.05000,4.00000,2.00000,0.00000,0.56782,0.62591,4936.83591,10637.73166,0.53591,4268.00000,4328.00000,680.80313,4597.38227
600.00000,0.05000,5.00000,2.00000,0.00000,0.55528,0.62591,4936.83591,10337.73166,0.52244,4268.00000,4303.00000,132.80581,4597.38227
600.00000,0.05000,6.00000,2.00000,0.00000,0.36719,0.62591,4936.83591,7265.00874,0.32046,4268.00000,4269.00000,0.00000,4597.38227
