"Omega","Tolerance","Step Size Rule","Iterations","Converged?","Gap LR","Gap Naive","Obj. Naive","Obj. LR","Gap","Time Naive","Time LR","Final Lambda","LB Heuristic"
600.00000,0.05000,1.00000,2.00000,0.00000,0.59481,0.71491,3762.33372,10637.73166,0.59481,4249.00000,4306.00000,445.21634,4310.33677
600.00000,0.05000,2.00000,2.00000,0.00000,0.58704,0.71491,3762.33372,10437.73166,0.58704,4249.00000,4326.00000,132.71809,4310.33677
600.00000,0.05000,3.00000,2.00000,0.00000,0.59481,0.71491,3762.33372,10637.73166,0.59481,4249.00000,4336.00000,679.51634,4310.33677
600.00000,0.05000,4.00000,2.00000,0.00000,0.59481,0.71491,3762.33372,10637.73166,0.59481,4249.00000,4332.00000,680.80313,4310.33677
600.00000,0.05000,5.00000,2.00000,0.00000,0.58305,0.71491,3762.33372,10337.73166,0.58305,4249.00000,4305.00000,132.80581,4310.33677
600.00000,0.05000,6.00000,2.00000,0.00000,0.41840,0.71491,3762.33372,7411.17106,0.41840,4249.00000,4258.00000,0.00000,4310.33677
