Omega,Tolerance,Step Size Rule,Iterations,Converged?,Gap LR,Gap Naive,Obj. Naive,Obj. LR,Gap,Time Naive,Time LR,Final Lambda,LB Heuristic,Heuristic Time
1500.0,0.07,1.0,2.0,0.0,0.06009,0.18803,237.53701,254.98706,0.06009,4211.0,2427.0,809.1,239.66569,
1500.0,0.07,2.0,2.0,0.0,0.06009,0.18803,237.53701,254.98706,0.06009,4211.0,2423.0,0.14337,239.66569,
1500.0,0.07,3.0,2.0,0.0,0.06009,0.18803,237.53701,254.98706,0.06009,4211.0,2423.0,1046.25,239.66569,
1500.0,0.07,4.0,2.0,0.0,0.06009,0.18803,237.53701,254.98706,0.06009,4211.0,2425.0,986.41396,239.66569,
1500.0,0.07,5.0,2.0,0.0,0.06009,0.18803,237.53701,254.98706,0.06009,4211.0,2423.0,0.10753,239.66569,
1500.0,0.07,6.0,2.0,0.0,0.06009,0.18803,237.53701,254.98706,0.06009,4211.0,2412.0,0.42705,239.66569,52.0
