Omega,Tolerance,Step Size Rule,Iterations,Converged?,Gap LR,Gap Naive,Obj. Naive,Obj. LR,Gap,Time Naive,Time LR,Final Lambda,LB Heuristic
100.0,0.03,1.0,1.0,1.0,0.0,0.0,281.84093,281.84093,0.0,213.0,28.0,2.8795,281.84093
100.0,0.03,2.0,1.0,1.0,0.0,0.0,281.84093,281.84093,0.0,213.0,27.0,2.8795,281.84093
100.0,0.03,3.0,1.0,1.0,0.0,0.0,281.84093,281.84093,0.0,213.0,28.0,2.8795,281.84093
100.0,0.03,4.0,1.0,1.0,0.0,0.0,281.84093,281.84093,0.0,213.0,28.0,2.8795,281.84093
100.0,0.03,5.0,1.0,1.0,0.0,0.0,281.84093,281.84093,0.0,213.0,28.0,2.8795,281.84093
100.0,0.03,6.0,1.0,1.0,0.0,0.0,281.84093,281.84093,0.0,213.0,27.0,2.8795,281.84093
