"Omega","Tolerance","Step Size Rule","Iterations","Converged?","Gap LR","Gap Naive","Obj. Naive","Obj. LR","Gap","Time Naive","Time LR","Final Lambda","LB Heuristic"
100.00000,0.03000,1.00000,1.00000,1.00000,0.00000,0.00000,281.84093,281.84093,0.00000,331.00000,234.00000,2.87950,281.84093
100.00000,0.03000,2.00000,1.00000,1.00000,0.00000,0.00000,281.84093,281.84093,0.00000,331.00000,366.00000,2.87950,281.84093
100.00000,0.03000,3.00000,1.00000,1.00000,0.00000,0.00000,281.84093,281.84093,0.00000,331.00000,451.00000,2.87950,281.84093
100.00000,0.03000,4.00000,1.00000,1.00000,0.00000,0.00000,281.84093,281.84093,0.00000,331.00000,476.00000,2.87950,281.84093
100.00000,0.03000,5.00000,1.00000,1.00000,0.00000,0.00000,281.84093,281.84093,0.00000,331.00000,493.00000,2.87950,281.84093
100.00000,0.03000,6.00000,1.00000,1.00000,0.00000,0.00000,281.84093,281.84093,0.00000,331.00000,504.00000,2.87950,281.84093
