"Omega","Tolerance","Step Size Rule","Iterations","Converged?","Gap LR","Gap Naive","Obj. Naive","Obj. LR","Gap","Time Naive","Time LR","Final Lambda","LB Heuristic"
100.00000,0.07000,1.00000,10.00000,0.00000,0.07064,0.00000,280.91436,302.26659,0.07064,1685.00000,708.00000,20.23114,280.91436
100.00000,0.07000,2.00000,10.00000,0.00000,0.07064,0.00000,280.91436,302.26659,0.07064,1685.00000,1294.00000,4.30108,280.91436
100.00000,0.07000,3.00000,10.00000,0.00000,0.07064,0.00000,280.91436,302.26659,0.07064,1685.00000,637.00000,69.16372,280.91436
100.00000,0.07000,4.00000,10.00000,0.00000,0.07064,0.00000,280.91436,302.26659,0.07064,1685.00000,585.00000,67.68416,280.91436
100.00000,0.07000,5.00000,10.00000,0.00000,0.04589,0.00000,280.91436,294.42466,0.04589,1685.00000,1246.00000,1.08423,280.91436
100.00000,0.07000,6.00000,10.00000,0.00000,0.04580,0.00000,280.91436,294.39821,0.04580,1685.00000,1744.00000,2.69956,280.91436
