"Omega","Tolerance","Step Size Rule","Iterations","Converged?","Gap LR","Gap Naive","Obj. Naive","Obj. LR","Gap","Time Naive","Time LR","Final Lambda","LB Heuristic"
100.00000,0.03000,1.00000,2.00000,0.00000,0.25561,0.42973,5845.74237,7860.07976,0.25561,4203.00000,4205.00000,808.53888,5850.95218
100.00000,0.03000,2.00000,8.00000,0.00000,0.25741,0.42973,5845.74237,7879.15152,0.25741,4203.00000,2414.00000,759.78520,5850.95218
100.00000,0.03000,3.00000,2.00000,0.00000,0.25741,0.42973,5845.74237,7879.15152,0.25741,4203.00000,4206.00000,881.76888,5850.95218
100.00000,0.03000,4.00000,2.00000,0.00000,0.25741,0.42973,5845.74237,7879.15152,0.25741,4203.00000,4207.00000,877.60824,5850.95218
100.00000,0.03000,5.00000,10.00000,0.00000,0.25741,0.42973,5845.74237,7879.15152,0.25741,4203.00000,2405.00000,717.98476,5850.95218
100.00000,0.03000,6.00000,3.00000,0.00000,0.25741,0.42973,5845.74237,7879.15152,0.25741,4203.00000,4214.00000,126.48444,5850.95218
