"Omega","Tolerance","Step Size Rule","Iterations","Converged?","Gap LR","Gap Naive","Obj. Naive","Obj. LR","Gap","Time Naive","Time LR","Final Lambda","LB Heuristic"
100.00000,0.03000,1.00000,2.00000,0.00000,0.24917,0.45029,5851.83126,7824.02065,0.24917,4208.00000,4228.00000,808.53888,5874.47361
100.00000,0.03000,2.00000,7.00000,0.00000,0.24917,0.45029,5851.83126,7824.02065,0.24917,4208.00000,2459.00000,757.72334,5874.47361
100.00000,0.03000,3.00000,2.00000,0.00000,0.24599,0.45029,5851.83126,7791.02386,0.24599,4208.00000,4242.00000,806.76888,5874.47361
100.00000,0.03000,4.00000,2.00000,0.00000,0.24599,0.45029,5851.83126,7791.02386,0.24599,4208.00000,4244.00000,806.89756,5874.47361
100.00000,0.03000,5.00000,6.00000,0.00000,0.24917,0.45029,5851.83126,7824.02065,0.24917,4208.00000,2423.00000,716.50341,5874.47361
100.00000,0.03000,6.00000,3.00000,0.00000,0.24917,0.45029,5851.83126,7824.02065,0.24917,4208.00000,4267.00000,140.45957,5874.47361
