"Omega","Tolerance","Step Size Rule","Iterations","Converged?","Gap LR","Gap Naive","Obj. Naive","Obj. LR","Gap","Time Naive","Time LR","Final Lambda","LB Heuristic"
600.00000,0.03000,1.00000,2.00000,0.00000,0.33336,0.59108,4731.85343,6594.44100,0.28245,4318.00000,4302.00000,461.97074,4396.09984
600.00000,0.03000,2.00000,2.00000,0.00000,0.31251,0.59108,4731.85343,6394.44100,0.26001,4318.00000,4312.00000,135.53803,4396.09984
600.00000,0.03000,3.00000,2.00000,0.00000,0.33336,0.59108,4731.85343,6594.44100,0.28245,4318.00000,4331.00000,703.35074,4396.09984
600.00000,0.03000,4.00000,2.00000,0.00000,0.33336,0.59108,4731.85343,6594.44100,0.28245,4318.00000,4327.00000,704.12282,4396.09984
600.00000,0.03000,5.00000,2.00000,0.00000,0.30159,0.59108,4731.85343,6294.44100,0.24825,4318.00000,4300.00000,135.62394,4396.09984
600.00000,0.03000,6.00000,2.00000,0.00000,0.26086,0.59108,4731.85343,5947.60724,0.20441,4318.00000,4264.00000,0.00000,4396.09984
