Omega,Tolerance,Step Size Rule,Iterations,Converged?,Gap LR,Gap Naive,Obj. Naive,Obj. LR,Gap,Time Naive,Time LR,Final Lambda,LB Heuristic
900.0,0.03,1.0,1.0,1.0,0.0,0.14436,239.7704,243.95169,0.0,4248.0,2148.0,0.36864,243.95169
900.0,0.03,2.0,1.0,1.0,0.0,0.14436,239.7704,243.95169,0.0,4248.0,2153.0,0.36864,243.95169
900.0,0.03,3.0,1.0,1.0,0.0,0.14436,239.7704,243.95169,0.0,4248.0,2142.0,0.36864,243.95169
900.0,0.03,4.0,1.0,1.0,0.0,0.14436,239.7704,243.95169,0.0,4248.0,2148.0,0.36864,243.95169
900.0,0.03,5.0,1.0,1.0,0.0,0.14436,239.7704,243.95169,0.0,4248.0,2147.0,0.36864,243.95169
900.0,0.03,6.0,1.0,1.0,0.0,0.14436,239.7704,243.95169,0.0,4248.0,2157.0,0.36864,243.95169
