,Omega,Tolerance,Step Size Rule,Iterations,Converged?,Gap LR,Gap Naive,Obj. Naive,Obj. LR,Gap,Time Naive,Time LR,Final Lambda,LB Heuristic,Heuristic Time,IR,AP
0,1500.0,0.01,1.0,2.0,0.0,0.04807,0.11302,237.31426,248.07922,0.04339,4211.0,2275.0,861.3,236.15453,,-234.22898,0.0
1,1500.0,0.01,2.0,2.0,0.0,0.04807,0.11302,237.31426,248.07922,0.04339,4211.0,2269.0,0.13468,236.15453,,-234.22898,0.0
2,1500.0,0.01,3.0,2.0,0.0,0.04807,0.11302,237.31426,248.07922,0.04339,4211.0,2271.0,1113.75,236.15453,,-234.22898,0.0
3,1500.0,0.01,4.0,2.0,0.0,0.04807,0.11302,237.31426,248.07922,0.04339,4211.0,2271.0,1050.05357,236.15453,,-234.22898,0.0
4,1500.0,0.01,5.0,2.0,0.0,0.04807,0.11302,237.31426,248.07922,0.04339,4211.0,2273.0,0.10101,236.15453,,-234.22898,0.0
5,1500.0,0.01,6.0,2.0,0.0,0.04807,0.11302,237.31426,248.07922,0.04339,4211.0,2278.0,0.35405,236.15453,51.0,-234.22898,0.0
