Omega,Tolerance,Step Size Rule,Iterations,Converged?,Gap LR,Gap Naive,Obj. Naive,Obj. LR (UB),"Obj. LR (LB),",Gap,Time Naive,Time LR,Final Lambda,LB Heuristic,BBP,Best iter,Lambda best iter,Gamma best iter
1500.0,0.01,1.0,10.0,0.0,0.11573,0.11302,237.31426,267.06099,248.07922,0.11139,4211.0,5381.0,791.7,236.15453,0.0,1.0,0.50457,11.0
1500.0,0.01,2.0,10.0,0.0,0.11573,0.11302,237.31426,267.06099,248.07922,0.11139,4211.0,5878.0,200.0,236.15453,0.0,1.0,0.50457,11.0
1500.0,0.01,3.0,10.0,0.0,0.11573,0.11302,237.31426,267.06099,248.07922,0.11139,4211.0,5380.0,1067.85552,236.15453,0.0,1.0,0.50457,11.0
1500.0,0.01,4.0,10.0,0.0,0.11573,0.11302,237.31426,267.06099,248.07922,0.11139,4211.0,5377.0,1000.3452,236.15453,0.0,1.0,0.50457,11.0
1500.0,0.01,5.0,10.0,0.0,0.11573,0.11302,237.31426,267.06099,248.07922,0.11139,4211.0,6356.0,0.0,236.15453,0.0,1.0,0.50457,11.0
1500.0,0.01,6.0,8.0,0.0,0.11573,0.11302,237.31426,267.06099,248.07922,0.11139,4211.0,43998.0,0.1534,236.15453,0.0,1.0,0.50457,11.0
