Omega,Tolerance,Step Size Rule,Iterations,Converged?,Gap LR,Gap Naive,Obj. Naive,Obj. LR (UB),"Obj. LR (LB),",Gap,Time Naive,Time LR,Final Lambda,LB Heuristic,BBP,Best iter,Lambda best iter,Gamma best iter
1500.0,0.01,1.0,7.0,0.0,0.11881,0.11302,237.31426,267.99389,248.07922,0.11448,4211.0,2408.0,817.8,236.15453,0.0,1.0,0.50457,11.0
1500.0,0.01,2.0,4.0,0.0,0.11881,0.11302,237.31426,267.99389,248.07922,0.11448,4211.0,2437.0,200.0,236.15453,0.0,1.0,0.50457,11.0
1500.0,0.01,3.0,7.0,0.0,0.11881,0.11302,237.31426,267.99389,248.07922,0.11448,4211.0,2409.0,1080.19643,236.15453,0.0,1.0,0.50457,11.0
1500.0,0.01,4.0,7.0,0.0,0.11881,0.11302,237.31426,267.99389,248.07922,0.11448,4211.0,2409.0,1015.39192,236.15453,0.0,1.0,0.50457,11.0
1500.0,0.01,5.0,5.0,0.0,0.11878,0.11302,237.31426,267.9848,248.07922,0.11445,4211.0,2458.0,60.0,236.15453,0.0,1.0,0.50457,11.0
1500.0,0.01,6.0,3.0,0.0,0.11878,0.11302,237.31426,267.9848,248.07922,0.11445,4211.0,4384.0,0.0,236.15453,0.0,1.0,0.50457,11.0
