"Omega","Tolerance","Step Size Rule","Iterations","Converged?","Gap LR","Gap Naive","Obj. Naive","Obj. LR","Gap","Time Naive","Time LR","Final Lambda","LB Heuristic"
600.00000,0.03000,1.00000,2.00000,0.00000,0.31828,0.69669,3476.10226,6351.45221,0.31828,4250.00000,4316.00000,462.16264,4329.92098
600.00000,0.03000,2.00000,2.00000,0.00000,0.29611,0.69669,3476.10226,6151.45221,0.29611,4250.00000,4324.00000,135.72993,4329.92098
600.00000,0.03000,3.00000,2.00000,0.00000,0.31828,0.69669,3476.10226,6351.45221,0.31828,4250.00000,4336.00000,703.54264,4329.92098
600.00000,0.03000,4.00000,2.00000,0.00000,0.31828,0.69669,3476.10226,6351.45221,0.31828,4250.00000,4327.00000,704.31472,4329.92098
600.00000,0.03000,5.00000,2.00000,0.00000,0.28448,0.69669,3476.10226,6051.45221,0.28448,4250.00000,4309.00000,135.81584,4329.92098
600.00000,0.03000,6.00000,2.00000,0.00000,0.26073,0.69669,3476.10226,5857.02939,0.26073,4250.00000,4270.00000,0.00000,4329.92098
