Omega,Tolerance,Step Size Rule,Iterations,Converged?,Gap LR,Gap Naive,Obj. Naive,Obj. LR,Gap,Time Naive,Time LR,Final Lambda,LB Heuristic
600.0,0.03,1.0,2.0,0.0,0.03122,0.11001,247.95142,257.42275,0.03122,4239.0,2529.0,337.56,249.38501
600.0,0.03,2.0,2.0,0.0,0.03122,0.11001,247.95142,257.42275,0.03122,4239.0,2576.0,0.34364,249.38501
600.0,0.03,3.0,2.0,0.0,0.03122,0.11001,247.95142,257.42275,0.03122,4239.0,2511.0,436.5,249.38501
600.0,0.03,4.0,2.0,0.0,0.03122,0.11001,247.95142,257.42275,0.03122,4239.0,2559.0,411.53615,249.38501
600.0,0.03,5.0,2.0,0.0,0.03122,0.11001,247.95142,257.42275,0.03122,4239.0,2580.0,0.25773,249.38501
600.0,0.03,6.0,2.0,0.0,0.03122,0.11001,247.95142,257.42275,0.03122,4239.0,2603.0,0.92512,249.38501
,,,,,,,,,,,,,0.0
,,,,,,,,,,,,,0.0
