,Omega,Tolerance,Step Size Rule,Iterations,Converged?,Gap LR,Gap Naive,Obj. Naive,Obj. LR,Gap,Time Naive,Time LR,Final Lambda,LB Heuristic,IR,AP
0,600.0,0.05,1.0,10.0,0.0,0.09718,0.16183,240.90186,275.93673,0.09718,4241.0,2166.0,174.44694,249.12108,-253.39341,0.0
1,600.0,0.05,2.0,5.0,0.0,0.09718,0.16183,240.90186,275.93673,0.09718,4241.0,6314.0,200.44694,249.12108,-253.39341,0.0
2,600.0,0.05,3.0,10.0,0.0,0.09718,0.16183,240.90186,275.93673,0.09718,4241.0,2165.0,456.15798,249.12108,-253.39341,0.0
3,600.0,0.05,4.0,10.0,0.0,0.09718,0.16183,240.90186,275.93673,0.09718,4241.0,2167.0,449.81701,249.12108,-253.39341,0.0
4,600.0,0.05,5.0,10.0,0.0,0.09718,0.16183,240.90186,275.93673,0.09718,4241.0,2388.0,0.0,249.12108,-253.39341,0.0
5,600.0,0.05,6.0,4.0,0.0,0.05155,0.16183,240.90186,262.66064,0.05155,4241.0,6346.0,0.04466,249.12108,-253.39341,0.0
