Omega,Tolerance,Step Size Rule,Iterations,Converged?,Gap LR,Gap Naive,Obj. Naive,Obj. LR (UB),"Obj. LR (LB),",Gap,Time Naive,Time LR,Final Lambda,LB Heuristic,BBP,Best iter,Lambda best iter,Gamma best iter
600.0,0.05,1.0,10.0,0.0,0.12339,0.16183,240.90186,284.18763,275.93673,0.12339,4241.0,2175.0,174.44694,249.12108,0.0,1.0,0.44694,-570.0
600.0,0.05,2.0,3.0,0.0,0.12195,0.16183,240.90186,283.71969,275.93673,0.12195,4241.0,4210.0,200.44694,249.12108,0.0,3.0,0.44694,-570.0
600.0,0.05,3.0,10.0,0.0,0.12339,0.16183,240.90186,284.18763,275.93673,0.12339,4241.0,2173.0,456.15798,249.12108,0.0,1.0,0.44694,-570.0
600.0,0.05,4.0,10.0,0.0,0.12339,0.16183,240.90186,284.18763,275.93673,0.12339,4241.0,2177.0,449.81701,249.12108,0.0,1.0,0.44694,-570.0
600.0,0.05,5.0,10.0,0.0,0.12339,0.16183,240.90186,284.18763,275.93673,0.12339,4241.0,2382.0,0.0,249.12108,0.0,1.0,0.44694,-570.0
600.0,0.05,6.0,2.0,0.0,0.12127,0.16183,240.90186,283.50043,261.28598,0.12127,4241.0,4205.0,0.0,249.12108,0.0,2.0,0.56998,19.0
