Omega,Tolerance,Step Size Rule,Iterations,Converged?,Gap LR,Gap Naive,Obj. Naive,Obj. LR,Gap,Time Naive,Time LR,Final Lambda,LB Heuristic
600.0,0.05,1.0,2.0,0.0,0.01294,0.16183,240.90186,252.38734,0.01294,4241.0,2468.0,330.6,249.12108
600.0,0.05,2.0,2.0,0.0,0.01294,0.16183,240.90186,252.38734,0.01294,4241.0,2489.0,0.35088,249.12108
600.0,0.05,3.0,2.0,0.0,0.01294,0.16183,240.90186,252.38734,0.01294,4241.0,2463.0,427.5,249.12108
600.0,0.05,4.0,2.0,0.0,0.01294,0.16183,240.90186,252.38734,0.01294,4241.0,2506.0,403.05087,249.12108
600.0,0.05,5.0,2.0,0.0,0.01294,0.16183,240.90186,252.38734,0.01294,4241.0,2462.0,0.26316,249.12108
600.0,0.05,6.0,2.0,0.0,0.01294,0.16183,240.90186,252.38734,0.01294,4241.0,2878.0,0.75878,249.12108
