Omega,Tolerance,Step Size Rule,Iterations,Converged?,Gap LR,Gap Naive,Obj. Naive,Obj. LR (UB),"Obj. LR (LB),",Gap,Time Naive,Time LR,Final Lambda,LB Heuristic,BBP,Best iter,Lambda best iter,Gamma best iter
600.0,0.05,1.0,10.0,0.0,0.122,0.16183,240.90186,283.73576,275.93673,0.122,4241.0,5067.0,174.44694,249.12108,0.0,1.0,0.44694,-570.0
600.0,0.05,2.0,7.0,0.0,0.09718,0.16183,240.90186,275.93673,275.93673,0.09718,4241.0,48770.0,200.44694,249.12108,0.0,3.0,0.44694,-570.0
600.0,0.05,3.0,10.0,0.0,0.122,0.16183,240.90186,283.73576,275.93673,0.122,4241.0,5069.0,456.15798,249.12108,0.0,1.0,0.44694,-570.0
600.0,0.05,4.0,10.0,0.0,0.122,0.16183,240.90186,283.73576,275.93673,0.122,4241.0,5070.0,449.81701,249.12108,0.0,1.0,0.44694,-570.0
600.0,0.05,5.0,10.0,0.0,0.122,0.16183,240.90186,283.73576,275.93673,0.122,4241.0,5280.0,0.0,249.12108,0.0,1.0,0.44694,-570.0
600.0,0.05,6.0,8.0,0.0,0.08923,0.16183,240.90186,273.5274,273.5274,0.08923,4241.0,44212.0,0.0,249.12108,0.0,4.0,0.98798,26.0
