"Omega","Tolerance","Step Size Rule","Iterations","Converged?","Gap LR","Gap Naive","Obj. Naive","Obj. LR","Gap","Time Naive","Time LR","Final Lambda","LB Heuristic"
600.00000,0.05000,1.00000,2.00000,0.00000,0.01294,0.13323,249.12108,252.38734,0.01294,4241.00000,2680.00000,330.60000,249.12108
600.00000,0.05000,2.00000,2.00000,0.00000,0.01294,0.13323,249.12108,252.38734,0.01294,4241.00000,2581.00000,0.35088,249.12108
600.00000,0.05000,3.00000,2.00000,0.00000,0.01294,0.13323,249.12108,252.38734,0.01294,4241.00000,2584.00000,427.50000,249.12108
600.00000,0.05000,4.00000,2.00000,0.00000,0.01294,0.13323,249.12108,252.38734,0.01294,4241.00000,2572.00000,403.05087,249.12108
600.00000,0.05000,5.00000,2.00000,0.00000,0.01294,0.13323,249.12108,252.38734,0.01294,4241.00000,2562.00000,0.26316,249.12108
600.00000,0.05000,6.00000,2.00000,0.00000,0.01690,0.13323,249.12108,253.40408,0.01690,4241.00000,2778.00000,0.83641,249.12108
