"Omega","Tolerance","Step Size Rule","Iterations","Converged?","Gap LR","Gap Naive","Obj. Naive","Obj. LR","Gap","Time Naive","Time LR","Final Lambda","LB Heuristic"
600.00000,0.03000,1.00000,2.00000,0.00000,0.01455,0.11665,248.50326,252.17216,0.01455,4250.00000,2846.00000,337.56000,248.50326
600.00000,0.03000,2.00000,2.00000,0.00000,0.01455,0.11665,248.50326,252.17216,0.01455,4250.00000,2809.00000,0.34364,248.50326
600.00000,0.03000,3.00000,2.00000,0.00000,0.01455,0.11665,248.50326,252.17216,0.01455,4250.00000,2783.00000,436.50000,248.50326
600.00000,0.03000,4.00000,2.00000,0.00000,0.01455,0.11665,248.50326,252.17216,0.01455,4250.00000,2749.00000,411.53615,248.50326
600.00000,0.03000,5.00000,2.00000,0.00000,0.01455,0.11665,248.50326,252.17216,0.01455,4250.00000,2501.00000,0.25773,248.50326
600.00000,0.03000,6.00000,2.00000,0.00000,0.01455,0.11665,248.50326,252.17216,0.01455,4250.00000,2698.00000,0.79938,248.50326
