"Omega","Tolerance","Step Size Rule","Iterations","Converged?","Gap LR","Gap Naive","Obj. Naive","Obj. LR","Gap","Time Naive","Time LR","Final Lambda","LB Heuristic"
600.00000,0.05000,1.00000,1.00000,1.00000,0.00000,0.12415,251.68659,251.68659,0.00000,4259.00000,2147.00000,0.45340,251.68659
600.00000,0.05000,2.00000,1.00000,1.00000,0.00000,0.12415,251.68659,251.68659,0.00000,4259.00000,2150.00000,0.45340,251.68659
600.00000,0.05000,3.00000,1.00000,1.00000,0.00000,0.12415,251.68659,251.68659,0.00000,4259.00000,2144.00000,0.45340,251.68659
600.00000,0.05000,4.00000,1.00000,1.00000,0.00000,0.12415,251.68659,251.68659,0.00000,4259.00000,2144.00000,0.45340,251.68659
600.00000,0.05000,5.00000,1.00000,1.00000,0.00000,0.12415,251.68659,251.68659,0.00000,4259.00000,2144.00000,0.45340,251.68659
600.00000,0.05000,6.00000,1.00000,1.00000,0.00000,0.12415,251.68659,251.68659,0.00000,4259.00000,2141.00000,0.45340,251.68659
