Omega,Tolerance,Step Size Rule,Iterations,Converged?,Gap LR,Gap Naive,Obj. Naive,Obj. LR,Gap,Time Naive,Time LR,Final Lambda,LB Heuristic
100.0,0.07,1.0,10.0,0.0,0.07622,0.00901,283.33836,305.35594,0.0721,879.0,305.0,20.2176,282.08132
100.0,0.07,2.0,10.0,0.0,0.07622,0.00901,283.33836,305.35594,0.0721,879.0,592.0,4.30108,282.08132
100.0,0.07,3.0,10.0,0.0,0.07622,0.00901,283.33836,305.35594,0.0721,879.0,291.0,69.15017,282.08132
100.0,0.07,4.0,10.0,0.0,0.07622,0.00901,283.33836,305.35594,0.0721,879.0,298.0,67.67061,282.08132
100.0,0.07,5.0,10.0,0.0,0.05795,0.00901,283.33836,299.43291,0.05375,879.0,530.0,1.08423,282.08132
100.0,0.07,6.0,10.0,0.0,0.05802,0.00901,283.33836,299.45633,0.05382,879.0,967.0,2.60246,282.08132
,,,,,,,,,,,,,0.0
,,,,,,,,,,,,,0.0
