Omega,Tolerance,Step Size Rule,Iterations,Converged?,Gap LR,Gap Naive,Obj. Naive,Obj. LR (UB),"Obj. LR (LB),",Gap,Time Naive,Time LR,Final Lambda,LB Heuristic,BBP,Best iter,Lambda best iter,Gamma best iter
900.0,0.05,1.0,10.0,0.0,0.13473,0.13756,246.29175,285.70881,260.78405,0.13473,4209.0,2320.0,287.1,247.21436,0.0,1.0,0.30244,30.0
900.0,0.05,2.0,6.0,0.0,0.13473,0.13756,246.29175,285.70881,260.78405,0.13473,4209.0,2496.0,200.0,247.21436,0.0,1.0,0.30244,30.0
900.0,0.05,3.0,10.0,0.0,0.13473,0.13756,246.29175,285.70881,260.78405,0.13473,4209.0,2313.0,503.56656,247.21436,0.0,1.0,0.30244,30.0
900.0,0.05,4.0,10.0,0.0,0.13432,0.13756,246.29175,285.57316,260.78405,0.13432,4209.0,2319.0,455.4512,247.21436,0.0,1.0,0.30244,30.0
900.0,0.05,5.0,5.0,0.0,0.13432,0.13756,246.29175,285.57316,260.78405,0.13432,4209.0,2439.0,60.0,247.21436,0.0,1.0,0.30244,30.0
900.0,0.05,6.0,3.0,0.0,0.13473,0.13756,246.29175,285.70881,260.78405,0.13473,4209.0,4344.0,0.0,247.21436,0.0,1.0,0.30244,30.0
