Omega,Tolerance,Step Size Rule,Iterations,Converged?,Gap LR,Gap Naive,Obj. Naive,Obj. LR,Gap,Time Naive,Time LR,Final Lambda,LB Heuristic
900.0,0.05,1.0,1.0,1.0,0.0,1.0,227.05469,247.21436,0.0,4252.0,2147.0,0.30244,247.21436
900.0,0.05,2.0,1.0,1.0,0.0,1.0,227.05469,247.21436,0.0,4252.0,2147.0,0.30244,247.21436
900.0,0.05,3.0,1.0,1.0,0.0,1.0,227.05469,247.21436,0.0,4252.0,2148.0,0.30244,247.21436
900.0,0.05,4.0,1.0,1.0,0.0,1.0,227.05469,247.21436,0.0,4252.0,2143.0,0.30244,247.21436
900.0,0.05,5.0,1.0,1.0,0.0,1.0,227.05469,247.21436,0.0,4252.0,2153.0,0.30244,247.21436
900.0,0.05,6.0,1.0,1.0,0.0,1.0,227.05469,247.21436,0.0,4252.0,2148.0,0.30244,247.21436
