,Omega,Tolerance,Step Size Rule,Iterations,Converged?,Gap LR,Gap Naive,Obj. Naive,Obj. LR,Gap,Time Naive,Time LR,Final Lambda,LB Heuristic,IR,AP
0,900.0,0.05,1.0,7.0,0.0,0.05203,0.13756,246.29175,260.78405,0.05203,4209.0,2256.0,365.4,247.21436,-253.35313,0.0
1,900.0,0.05,2.0,3.0,0.0,0.05203,0.13756,246.29175,260.78405,0.05203,4209.0,2251.0,0.0,247.21436,-253.35313,0.0
2,900.0,0.05,3.0,6.0,0.0,0.05203,0.13756,246.29175,260.78405,0.05203,4209.0,2251.0,555.58929,247.21436,-253.35313,0.0
3,900.0,0.05,4.0,7.0,0.0,0.05203,0.13756,246.29175,260.78405,0.05203,4209.0,2254.0,500.59135,247.21436,-253.35313,0.0
4,900.0,0.05,5.0,3.0,0.0,0.05203,0.13756,246.29175,260.78405,0.05203,4209.0,2253.0,50.0,247.21436,-253.35313,0.0
5,900.0,0.05,6.0,3.0,0.0,0.05203,0.13756,246.29175,260.78405,0.05203,4209.0,4325.0,0.0,247.21436,-253.35313,0.0
