Omega,Tolerance,Step Size Rule,Iterations,Converged?,Gap LR,Gap Naive,Obj. Naive,Obj. LR (UB),"Obj. LR (LB),",Gap,Time Naive,Time LR,Final Lambda,LB Heuristic,BBP,Best iter,Lambda best iter,Gamma best iter
900.0,0.05,1.0,10.0,0.0,0.13285,0.13756,246.29175,285.08767,260.78405,0.13285,4209.0,5220.0,287.1,247.21436,0.0,1.0,0.30244,30.0
900.0,0.05,2.0,10.0,0.0,0.13285,0.13756,246.29175,285.08767,260.78405,0.13285,4209.0,5595.0,200.0,247.21436,0.0,1.0,0.30244,30.0
900.0,0.05,3.0,10.0,0.0,0.13285,0.13756,246.29175,285.08767,260.78405,0.13285,4209.0,5217.0,503.56656,247.21436,0.0,1.0,0.30244,30.0
900.0,0.05,4.0,10.0,0.0,0.13285,0.13756,246.29175,285.08767,260.78405,0.13285,4209.0,5220.0,455.4512,247.21436,0.0,1.0,0.30244,30.0
900.0,0.05,5.0,10.0,0.0,0.13285,0.13756,246.29175,285.08767,260.78405,0.13285,4209.0,5971.0,0.0,247.21436,0.0,1.0,0.30244,30.0
900.0,0.05,6.0,7.0,0.0,0.12976,0.13756,246.29175,284.07646,263.54983,0.12976,4209.0,50456.0,0.0,247.21436,0.0,7.0,0.33088,32.0
