"Omega","Tolerance","Step Size Rule","Iterations","Converged?","Gap LR","Gap Naive","Obj. Naive","Obj. LR","Gap","Time Naive","Time LR","Final Lambda","LB Heuristic"
900.00000,0.05000,1.00000,1.00000,1.00000,0.00000,0.13850,247.21436,247.21436,0.00000,4288.00000,2179.00000,0.30244,247.21436
900.00000,0.05000,2.00000,1.00000,1.00000,0.00000,0.13850,247.21436,247.21436,0.00000,4288.00000,2171.00000,0.30244,247.21436
900.00000,0.05000,3.00000,1.00000,1.00000,0.00000,0.13850,247.21436,247.21436,0.00000,4288.00000,2156.00000,0.30244,247.21436
900.00000,0.05000,4.00000,1.00000,1.00000,0.00000,0.13850,247.21436,247.21436,0.00000,4288.00000,2159.00000,0.30244,247.21436
900.00000,0.05000,5.00000,1.00000,1.00000,0.00000,0.13850,247.21436,247.21436,0.00000,4288.00000,2158.00000,0.30244,247.21436
900.00000,0.05000,6.00000,1.00000,1.00000,0.00000,0.13850,247.21436,247.21436,0.00000,4288.00000,2153.00000,0.30244,247.21436
