Omega,Tolerance,Step Size Rule,Iterations,Converged?,Gap LR,Gap Naive,Obj. Naive,Obj. LR,Gap,Time Naive,Time LR,Final Lambda,LB Heuristic,Heuristic Time
1500.0,0.07,1.0,2.0,0.0,0.05901,0.17494,241.78589,260.95128,0.05901,4212.0,2376.0,809.1,245.55136,
1500.0,0.07,2.0,1.0,1.0,0.0,0.17494,241.78589,245.55136,0.0,4212.0,2112.0,0.18253,245.55136,
1500.0,0.07,3.0,2.0,0.0,0.05901,0.17494,241.78589,260.95128,0.05901,4212.0,2376.0,1046.25,245.55136,
1500.0,0.07,4.0,2.0,0.0,0.05901,0.17494,241.78589,260.95128,0.05901,4212.0,2374.0,986.41396,245.55136,
1500.0,0.07,5.0,2.0,0.0,0.05901,0.17494,241.78589,260.95128,0.05901,4212.0,2378.0,0.10753,245.55136,
1500.0,0.07,6.0,2.0,0.0,0.05901,0.17494,241.78589,260.95128,0.05901,4212.0,2405.0,0.41898,245.55136,61.0
,,,,,,,,,,,,,0.0,
,,,,,,,,,,,,,0.0,
