Omega,Tolerance,Step Size Rule,Iterations,Converged?,Gap LR,Gap Naive,Obj. Naive,Obj. LR (UB),"Obj. LR (LB),",Gap,Time Naive,Time LR,Final Lambda,LB Heuristic,BBP,Best iter,Lambda best iter,Gamma best iter
1500.0,0.05,1.0,2.0,0.0,0.57702,0.77684,2936.2213,13105.14391,10377.09223,0.57702,4204.0,4208.0,836.03202,5543.2615,0.0,1.0,53.03202,-1425.0
1500.0,0.05,2.0,2.0,0.0,0.57735,0.77684,2936.2213,13115.6325,10377.09223,0.57735,4204.0,4209.0,53.03202,5543.2615,0.0,1.0,53.03202,-1425.0
1500.0,0.05,3.0,2.0,0.0,0.57702,0.77684,2936.2213,13105.14391,10377.09223,0.57702,4204.0,4205.0,1421.78202,5543.2615,0.0,1.0,53.03202,-1425.0
1500.0,0.05,4.0,2.0,0.0,0.57702,0.77684,2936.2213,13105.14391,10377.09223,0.57702,4204.0,4209.0,1424.99901,5543.2615,0.0,1.0,53.03202,-1425.0
1500.0,0.05,5.0,2.0,0.0,0.57702,0.77684,2936.2213,13105.14391,10377.09223,0.57702,4204.0,4209.0,203.03202,5543.2615,0.0,1.0,53.03202,-1425.0
1500.0,0.05,6.0,2.0,0.0,0.57702,0.77684,2936.2213,13105.14391,10377.09223,0.57702,4204.0,4209.0,0.0,5543.2615,0.0,1.0,53.03202,-1425.0
