Omega,Tolerance,Step Size Rule,Iterations,Converged?,Gap LR,Gap Naive,Obj. Naive,Obj. LR,Gap,Time Naive,Time LR,Final Lambda,LB Heuristic
1500.0,0.05,1.0,2.0,0.0,0.46582,0.77684,2936.2213,10377.09223,0.46582,4204.0,4208.0,836.03202,5543.2615
1500.0,0.05,2.0,2.0,0.0,0.45532,0.77684,2936.2213,10177.09223,0.45532,4204.0,4207.0,53.31272,5543.2615
1500.0,0.05,3.0,2.0,0.0,0.46582,0.77684,2936.2213,10377.09223,0.46582,4204.0,4205.0,1421.78202,5543.2615
1500.0,0.05,4.0,2.0,0.0,0.46582,0.77684,2936.2213,10377.09223,0.46582,4204.0,4209.0,1424.99901,5543.2615
1500.0,0.05,5.0,2.0,0.0,0.44991,0.77684,2936.2213,10077.09223,0.44991,4204.0,4206.0,53.34781,5543.2615
1500.0,0.05,6.0,2.0,0.0,0.28058,0.77684,2936.2213,7705.15688,0.28058,4204.0,4206.0,2.1658,5543.2615
,,,,,,,,,,,,,5543.24167
,,,,,,,,,,,,,5124.6007
