"Omega","Tolerance","Step Size Rule","Iterations","Converged?","Gap LR","Gap Naive","Obj. Naive","Obj. LR","Gap","Time Naive","Time LR","Final Lambda","LB Heuristic"
600.00000,0.03000,1.00000,2.00000,0.00000,0.01510,0.12394,245.38062,249.14221,0.01510,4248.00000,2777.00000,337.56000,245.38062
600.00000,0.03000,2.00000,2.00000,0.00000,0.01510,0.12394,245.38062,249.14221,0.01510,4248.00000,2665.00000,0.34364,245.38062
600.00000,0.03000,3.00000,2.00000,0.00000,0.01510,0.12394,245.38062,249.14221,0.01510,4248.00000,2639.00000,436.50000,245.38062
600.00000,0.03000,4.00000,2.00000,0.00000,0.01510,0.12394,245.38062,249.14221,0.01510,4248.00000,2662.00000,411.53615,245.38062
600.00000,0.03000,5.00000,2.00000,0.00000,0.01510,0.12394,245.38062,249.14221,0.01510,4248.00000,2651.00000,0.25773,245.38062
600.00000,0.03000,6.00000,2.00000,0.00000,0.01510,0.12394,245.38062,249.14221,0.01510,4248.00000,2695.00000,0.79557,245.38062
