Omega,Tolerance,Step Size Rule,Iterations,Converged?,Gap LR,Gap Naive,Obj. Naive,Obj. LR (UB),"Obj. LR (LB),",Gap,Time Naive,Time LR,Final Lambda,LB Heuristic,BBP,Best iter,Lambda best iter,Gamma best iter
100.0,0.05,1.0,10.0,0.0,0.05427,0.00082,280.4916,296.04456,296.04456,0.05254,587.0,37.0,31.78731,279.97857,0.0,1.0,2.78731,-95.0
100.0,0.05,2.0,10.0,0.0,0.05427,0.00082,280.4916,296.04456,296.04456,0.05254,587.0,118.0,2.78731,279.97857,0.0,3.0,2.78731,-95.0
100.0,0.05,3.0,10.0,0.0,0.05427,0.00082,280.4916,296.04456,296.04456,0.05254,587.0,28.0,78.73915,279.97857,0.0,1.0,2.78731,-95.0
100.0,0.05,4.0,10.0,0.0,0.05427,0.00082,280.4916,296.04456,296.04456,0.05254,587.0,31.0,77.68232,279.97857,0.0,1.0,2.78731,-95.0
100.0,0.05,5.0,10.0,0.0,0.02802,0.00082,280.4916,288.05047,288.05047,0.02624,587.0,61.0,0.0,279.97857,0.0,10.0,4.16667,3.0
100.0,0.05,6.0,10.0,0.0,0.01887,0.00082,280.4916,285.36289,285.36289,0.01707,587.0,154.0,2.45165,279.97857,0.0,6.0,2.95643,2.0
