,Omega,Tolerance,Step Size Rule,Iterations,Converged?,Gap LR,Gap Naive,Obj. Naive,Obj. LR,Gap,Time Naive,Time LR,Final Lambda,LB Heuristic,IR,AP
0,100.0,0.05,1.0,10.0,0.0,0.05427,0.00904,280.4916,296.04456,0.05254,406.0,338.0,31.78731,279.97857,-275.11517,-277.29344
1,100.0,0.05,2.0,10.0,0.0,0.02847,0.00904,280.4916,288.18205,0.02669,406.0,752.0,4.21053,279.97857,-275.11517,-277.29344
2,100.0,0.05,3.0,10.0,0.0,0.05427,0.00904,280.4916,296.04456,0.05254,406.0,274.0,78.73915,279.97857,-275.11517,-277.29344
3,100.0,0.05,4.0,10.0,0.0,0.05427,0.00904,280.4916,296.04456,0.05254,406.0,291.0,77.68232,279.97857,-275.11517,-277.29344
4,100.0,0.05,5.0,10.0,0.0,0.01917,0.00904,280.4916,285.45004,0.01737,406.0,658.0,1.0614,279.97857,-275.11517,-277.29344
5,100.0,0.05,6.0,10.0,0.0,0.01887,0.00904,280.4916,285.36289,0.01707,406.0,1676.0,1.61034,279.97857,-275.11517,-277.29344
