Omega,Tolerance,Step Size Rule,Iterations,Converged?,Gap LR,Gap Naive,Obj. Naive,Obj. LR,Gap,Time Naive,Time LR,Final Lambda,LB Heuristic,Heuristic Time
1500.0,0.07,1.0,2.0,0.0,0.01895,0.22264,228.08615,247.28289,0.01895,4210.0,2416.0,809.1,242.59758,
1500.0,0.07,2.0,2.0,0.0,0.01895,0.22264,228.08615,247.28289,0.01895,4210.0,2284.0,0.14337,242.59758,
1500.0,0.07,3.0,2.0,0.0,0.01895,0.22264,228.08615,247.28289,0.01895,4210.0,2415.0,1046.25,242.59758,
1500.0,0.07,4.0,2.0,0.0,0.01895,0.22264,228.08615,247.28289,0.01895,4210.0,2411.0,986.41396,242.59758,
1500.0,0.07,5.0,2.0,0.0,0.01895,0.22264,228.08615,247.28289,0.01895,4210.0,2414.0,0.10753,242.59758,
1500.0,0.07,6.0,2.0,0.0,0.01895,0.22264,228.08615,247.28289,0.01895,4210.0,3678.0,0.33072,242.59758,88.0
