Omega,Tolerance,Step Size Rule,Iterations,Converged?,Gap LR,Gap Naive,Obj. Naive,Obj. LR (UB),"Obj. LR (LB),",Gap,Time Naive,Time LR,Final Lambda,LB Heuristic,BBP,Best iter,Lambda best iter,Gamma best iter
100.0,0.05,1.0,3.0,0.0,0.51099,0.43436,6405.29805,11670.44154,10000.19213,0.45115,4206.0,4331.0,840.1448,5706.94863,0.0,3.0,843.0448,5.0
100.0,0.05,2.0,4.0,0.0,0.52525,0.43436,6405.29805,12020.85829,10738.86075,0.46715,4206.0,4466.0,790.8448,5706.94863,0.0,4.0,990.8448,5.0
100.0,0.05,3.0,3.0,0.0,0.50852,0.43436,6405.29805,11611.74407,10197.42954,0.44838,4206.0,4333.0,879.0948,5706.94863,0.0,3.0,882.0948,5.0
100.0,0.05,4.0,3.0,0.0,0.51187,0.43436,6405.29805,11691.39859,10201.43057,0.45214,4206.0,4333.0,879.42251,5706.94863,0.0,3.0,882.30926,5.0
100.0,0.05,5.0,3.0,0.0,0.51581,0.43436,6405.29805,11786.50012,10488.86075,0.45656,4206.0,4333.0,840.8448,5706.94863,0.0,3.0,940.8448,5.0
100.0,0.05,6.0,4.0,0.0,0.52708,0.43436,6405.29805,12067.48254,10470.88255,0.46921,4206.0,4334.0,0.0,5706.94863,0.0,2.0,936.19966,5.0
