,Omega,Tolerance,Step Size Rule,Iterations,Converged?,Gap LR,Gap Naive,Obj. Naive,Obj. LR,Gap,Time Naive,Time LR,Final Lambda,LB Heuristic,IR,AP
0,100.0,0.05,1.0,3.0,0.0,0.60571,0.43436,6405.29805,10000.19213,0.35948,4206.0,4332.0,840.1448,3942.96371,5706.96923,5115.57087
1,100.0,0.05,2.0,5.0,0.0,0.66617,0.43436,6405.29805,11811.30462,0.4577,4206.0,3833.0,801.37111,3942.96371,5706.96923,5115.57087
2,100.0,0.05,3.0,3.0,0.0,0.61334,0.43436,6405.29805,10197.42954,0.37187,4206.0,4334.0,879.0948,3942.96371,5706.96923,5115.57087
3,100.0,0.05,4.0,3.0,0.0,0.61349,0.43436,6405.29805,10201.43057,0.37212,4206.0,4332.0,879.42251,3942.96371,5706.96923,5115.57087
4,100.0,0.05,5.0,5.0,0.0,0.67104,0.43436,6405.29805,11986.30462,0.46562,4206.0,3004.0,798.05532,3942.96371,5706.96923,5115.57087
5,100.0,0.05,6.0,4.0,0.0,0.62981,0.43436,6405.29805,10651.31769,0.39864,4206.0,4331.0,0.0,3942.96371,5706.96923,5115.57087
