Omega,Tolerance,Step Size Rule,Iterations,Converged?,Gap LR,Gap Naive,Obj. Naive,Obj. LR,Gap,Time Naive,Time LR,Final Lambda,LB Heuristic
600.0,0.03,1.0,2.0,0.0,0.03463,0.09964,251.53009,260.94295,0.03463,4234.0,2533.0,337.56,251.90773
600.0,0.03,2.0,2.0,0.0,0.03463,0.09964,251.53009,260.94295,0.03463,4234.0,2564.0,0.34364,251.90773
600.0,0.03,3.0,2.0,0.0,0.03463,0.09964,251.53009,260.94295,0.03463,4234.0,2544.0,436.5,251.90773
600.0,0.03,4.0,2.0,0.0,0.03463,0.09964,251.53009,260.94295,0.03463,4234.0,2585.0,411.53615,251.90773
600.0,0.03,5.0,2.0,0.0,0.03463,0.09964,251.53009,260.94295,0.03463,4234.0,2551.0,0.25773,251.90773
600.0,0.03,6.0,2.0,0.0,0.03463,0.09964,251.53009,260.94295,0.03463,4234.0,2582.0,0.92746,251.90773
,,,,,,,,,,,,,0.0
,,,,,,,,,,,,,0.0
