,Omega,Tolerance,Step Size Rule,Iterations,Converged?,Gap LR,Gap Naive,Obj. Naive,Obj. LR,Gap,Time Naive,Time LR,Final Lambda,LB Heuristic,IR,AP
0,100.0,0.05,1.0,10.0,0.0,0.05735,0.00668,283.1366,299.68146,0.05521,478.0,328.0,31.79421,282.49467,-261.41632,-233.02155
1,100.0,0.05,2.0,10.0,0.0,0.02757,0.00668,283.1366,290.50308,0.02536,478.0,837.0,4.21053,282.49467,-261.41632,-233.02155
2,100.0,0.05,3.0,10.0,0.0,0.05735,0.00668,283.1366,299.68146,0.05521,478.0,306.0,78.74605,282.49467,-261.41632,-233.02155
3,100.0,0.05,4.0,10.0,0.0,0.05735,0.00668,283.1366,299.68146,0.05521,478.0,309.0,77.68922,282.49467,-261.41632,-233.02155
4,100.0,0.05,5.0,10.0,0.0,0.0194,0.00668,283.1366,288.08203,0.01717,478.0,684.0,1.0614,282.49467,-261.41632,-233.02155
5,100.0,0.05,6.0,10.0,0.0,0.01923,0.00668,283.1366,288.03227,0.017,478.0,1632.0,2.28292,282.49467,-261.41632,-233.02155
