"Omega","Tolerance","Step Size Rule","Iterations","Converged?","Gap LR","Gap Naive","Obj. Naive","Obj. LR","Gap","Time Naive","Time LR","Final Lambda","LB Heuristic"
100.00000,0.01000,1.00000,2.00000,0.00000,0.07810,0.27042,5884.10712,6379.65032,0.07768,4203.00000,4204.00000,874.15725,5881.36836
100.00000,0.01000,2.00000,10.00000,0.00000,0.08303,0.27042,5884.10712,6413.93601,0.08261,4203.00000,2323.00000,693.49907,5881.36836
100.00000,0.01000,3.00000,2.00000,0.00000,0.07316,0.27042,5884.10712,6345.61536,0.07273,4203.00000,4208.00000,873.56725,5881.36836
100.00000,0.01000,4.00000,2.00000,0.00000,0.07622,0.27042,5884.10712,6366.64352,0.07579,4203.00000,4209.00000,873.61014,5881.36836
100.00000,0.01000,5.00000,10.00000,0.00000,0.07663,0.27042,5884.10712,6369.43292,0.07620,4203.00000,2289.00000,581.16261,5881.36836
100.00000,0.01000,6.00000,3.00000,0.00000,0.07316,0.27042,5884.10712,6345.61536,0.07273,4203.00000,4213.00000,387.80384,5881.36836
