"Omega","Tolerance","Step Size Rule","Iterations","Converged?","Gap LR","Gap Naive","Obj. Naive","Obj. LR","Gap","Time Naive","Time LR","Final Lambda","LB Heuristic"
100.00000,0.01000,1.00000,2.00000,0.00000,0.10304,0.28590,5955.89652,6767.02714,0.10304,4203.00000,4205.00000,868.57671,6069.78422
100.00000,0.01000,2.00000,10.00000,0.00000,0.10311,0.28590,5955.89652,6767.60714,0.10311,4203.00000,2315.00000,687.91853,6069.78422
100.00000,0.01000,3.00000,2.00000,0.00000,0.09705,0.28590,5955.89652,6722.17049,0.09705,4203.00000,4210.00000,867.98671,6069.78422
100.00000,0.01000,4.00000,2.00000,0.00000,0.10035,0.28590,5955.89652,6746.84127,0.10035,4203.00000,4210.00000,868.02961,6069.78422
100.00000,0.01000,5.00000,10.00000,0.00000,0.10190,0.28590,5955.89652,6758.44038,0.10190,4203.00000,2295.00000,575.58207,6069.78422
100.00000,0.01000,6.00000,3.00000,0.00000,0.09839,0.28590,5955.89652,6732.17049,0.09839,4203.00000,4215.00000,4.96838,6069.78422
