"Omega","Tolerance","Step Size Rule","Iterations","Converged?","Gap LR","Gap Naive","Obj. Naive","Obj. LR","Gap","Time Naive","Time LR","Final Lambda","LB Heuristic"
600.00000,0.01000,1.00000,2.00000,0.00000,0.10918,0.62041,3581.21472,4242.37365,0.10918,4207.00000,4213.00000,145.41851,3779.18973
600.00000,0.01000,2.00000,3.00000,0.00000,0.20369,0.62041,3581.21472,4745.85280,0.20369,4207.00000,2468.00000,108.41191,3779.18973
600.00000,0.01000,3.00000,2.00000,0.00000,0.18762,0.62041,3581.21472,4652.00549,0.18762,4207.00000,4219.00000,137.98851,3779.18973
600.00000,0.01000,4.00000,2.00000,0.00000,0.14657,0.62041,3581.21472,4428.25480,0.14657,4207.00000,4218.00000,139.61719,3779.18973
600.00000,0.01000,5.00000,3.00000,0.00000,0.20975,0.62041,3581.21472,4782.29873,0.20975,4207.00000,2505.00000,88.15938,3779.18973
600.00000,0.01000,6.00000,3.00000,0.00000,0.21101,0.62041,3581.21472,4789.93624,0.21101,4207.00000,4362.00000,0.00000,3779.18973
