"Omega","Tolerance","Step Size Rule","Iterations","Converged?","Gap LR","Gap Naive","Obj. Naive","Obj. LR","Gap","Time Naive","Time LR","Final Lambda","LB Heuristic"
600.00000,0.01000,1.00000,2.00000,0.00000,2.18459,0.60657,3802.19621,-3729.58333,2.18459,4232.00000,4258.00000,488.77851,4418.02952
600.00000,0.01000,2.00000,2.00000,0.00000,-1.20946,0.60657,3802.19621,1999.60076,-1.20946,4232.00000,3301.00000,114.74188,4418.02952
600.00000,0.01000,3.00000,2.00000,0.00000,2.18459,0.60657,3802.19621,-3729.58333,2.18459,4232.00000,4251.00000,737.23851,4418.02952
600.00000,0.01000,4.00000,2.00000,0.00000,2.18459,0.60657,3802.19621,-3729.58333,2.18459,4232.00000,4253.00000,737.49587,4418.02952
600.00000,0.01000,5.00000,2.00000,0.00000,2.18459,0.60657,3802.19621,-3729.58333,2.18459,4232.00000,4258.00000,123.24356,4418.02952
600.00000,0.01000,6.00000,2.00000,0.00000,-0.47431,0.60657,3802.19621,2996.68581,-0.47431,4232.00000,4234.00000,0.00000,4418.02952
