"Omega","Tolerance","Step Size Rule","Iterations","Converged?","Gap LR","Gap Naive","Obj. Naive","Obj. LR","Gap","Time Naive","Time LR","Final Lambda","LB Heuristic"
100.00000,0.07000,1.00000,10.00000,0.00000,0.06420,0.00000,283.78882,303.25937,0.06420,875.00000,719.00000,20.22135,283.78882
100.00000,0.07000,2.00000,10.00000,0.00000,0.04846,0.00000,283.78882,298.24261,0.04846,875.00000,1552.00000,4.30108,283.78882
100.00000,0.07000,3.00000,10.00000,0.00000,0.06420,0.00000,283.78882,303.25937,0.06420,875.00000,589.00000,69.15393,283.78882
100.00000,0.07000,4.00000,10.00000,0.00000,0.06420,0.00000,283.78882,303.25937,0.06420,875.00000,597.00000,67.67436,283.78882
100.00000,0.07000,5.00000,10.00000,0.00000,0.02002,0.00000,283.78882,289.58670,0.02002,875.00000,1364.00000,1.08423,283.78882
100.00000,0.07000,6.00000,10.00000,0.00000,0.01922,0.00000,283.78882,289.35006,0.01922,875.00000,2400.00000,2.88175,283.78882
