,Omega,Tolerance,Step Size Rule,Iterations,Converged?,Gap LR,Gap Naive,Obj. Naive,Obj. LR,Gap,Time Naive,Time LR,Final Lambda,LB Heuristic,IR,AP
0,100.0,0.07,1.0,10.0,0.0,0.06759,0.00692,285.01671,304.76738,0.06481,519.0,383.0,20.24774,284.16778,-278.07757,-280.10063
1,100.0,0.07,2.0,10.0,0.0,0.05644,0.00692,285.01671,301.16574,0.05362,519.0,909.0,4.30108,284.16778,-278.07757,-280.10063
2,100.0,0.07,3.0,10.0,0.0,0.06759,0.00692,285.01671,304.76738,0.06481,519.0,314.0,69.18031,284.16778,-278.07757,-280.10063
3,100.0,0.07,4.0,10.0,0.0,0.06759,0.00692,285.01671,304.76738,0.06481,519.0,343.0,67.70075,284.16778,-278.07757,-280.10063
4,100.0,0.07,5.0,10.0,0.0,0.03666,0.00692,285.01671,294.98294,0.03379,519.0,674.0,1.08423,284.16778,-278.07757,-280.10063
5,100.0,0.07,6.0,10.0,0.0,0.03674,0.00692,285.01671,295.00656,0.03386,519.0,1304.0,2.66279,284.16778,-278.07757,-280.10063
