"Omega","Tolerance","Step Size Rule","Iterations","Converged?","Gap LR","Gap Naive","Obj. Naive","Obj. LR","Gap","Time Naive","Time LR","Final Lambda","LB Heuristic"
600.00000,0.03000,1.00000,2.00000,0.00000,0.23704,0.97773,251.06710,5014.35687,0.23704,4205.00000,2446.00000,461.66289,3825.74752
600.00000,0.03000,2.00000,3.00000,0.00000,0.34269,0.97773,251.06710,5820.31450,0.34269,4205.00000,2533.00000,121.31684,3825.74752
600.00000,0.03000,3.00000,3.00000,0.00000,0.34269,0.97773,251.06710,5820.31450,0.34269,4205.00000,4411.00000,544.66289,3825.74752
600.00000,0.03000,4.00000,3.00000,0.00000,0.36140,0.97773,251.06710,5990.80763,0.36140,4205.00000,4410.00000,520.10673,3825.74752
600.00000,0.03000,5.00000,3.00000,0.00000,0.37687,0.97773,251.06710,6139.58010,0.37687,4205.00000,2442.00000,116.74538,3825.74752
600.00000,0.03000,6.00000,3.00000,0.00000,0.34269,0.97773,251.06710,5820.31450,0.34269,4205.00000,4386.00000,42.06034,3825.74752
