Omega,Tolerance,Step Size Rule,Iterations,Converged?,Gap LR,Gap Naive,Obj. Naive,Obj. LR,Gap,Time Naive,Time LR,Final Lambda,LB Heuristic
900.0,0.03,1.0,2.0,0.0,0.43992,0.76039,2158.42191,6467.22462,0.43992,4204.0,4203.0,580.82178,3622.13315
900.0,0.03,2.0,2.0,0.0,0.42205,0.76039,2158.42191,6267.22462,0.42205,4204.0,4202.0,90.59997,3622.13315
900.0,0.03,2.0,2.0,0.0,0.42205,0.76039,2158.42191,6267.22462,0.42205,4204.0,4202.0,90.59997,3622.13315
900.0,0.03,4.0,2.0,0.0,0.43992,0.76039,2158.42191,6467.22462,0.43992,4204.0,4202.0,944.0499,3622.13315
900.0,0.03,5.0,2.0,0.0,0.41268,0.76039,2158.42191,6167.22462,0.41268,4204.0,4204.0,90.65724,3622.13315
900.0,0.03,6.0,2.0,0.0,0.43992,0.76039,2158.42191,6467.22462,0.43992,4204.0,4206.0,0.0,3622.13315
