Omega,Tolerance,Step Size Rule,Iterations,Converged?,Gap LR,Gap Naive,Obj. Naive,Obj. LR (UB),"Obj. LR (LB),",Gap,Time Naive,Time LR,Final Lambda,LB Heuristic,BBP,Best iter,Lambda best iter,Gamma best iter
600.0,0.01,1.0,10.0,0.0,0.04313,0.05381,252.31788,262.98686,258.25505,0.04057,4238.0,2140.0,316.68,251.64445,0.0,1.0,1.17689,6.0
600.0,0.01,2.0,10.0,0.0,0.04484,0.05381,252.31788,263.45694,258.25505,0.04228,4238.0,2188.0,200.0,251.64445,0.0,1.0,1.17689,6.0
600.0,0.01,3.0,10.0,0.0,0.04283,0.05381,252.31788,262.90503,258.25505,0.04027,4238.0,2146.0,427.14221,251.64445,0.0,1.0,1.17689,6.0
600.0,0.01,4.0,10.0,0.0,0.04283,0.05381,252.31788,262.90503,258.25505,0.04027,4238.0,2141.0,400.13808,251.64445,0.0,1.0,1.17689,6.0
600.0,0.01,5.0,10.0,0.0,0.04509,0.05381,252.31788,263.52599,258.25505,0.04253,4238.0,2196.0,0.0,251.64445,0.0,1.0,1.17689,6.0
600.0,0.01,6.0,3.0,0.0,0.04065,0.05381,252.31788,262.30665,256.52452,0.03808,4238.0,4239.0,0.0,251.64445,0.0,3.0,0.84133,5.0
