Omega,Tolerance,Step Size Rule,Iterations,Converged?,Gap LR,Gap Naive,Obj. Naive,Obj. LR,Gap,Time Naive,Time LR,Final Lambda,LB Heuristic
600.0,0.01,1.0,2.0,0.0,0.0256,0.05381,252.31788,258.25505,0.02299,4238.0,2603.0,344.52,251.64445
600.0,0.01,2.0,2.0,0.0,0.0256,0.05381,252.31788,258.25505,0.02299,4238.0,2622.0,0.3367,251.64445
600.0,0.01,3.0,2.0,0.0,0.0256,0.05381,252.31788,258.25505,0.02299,4238.0,2588.0,445.5,251.64445
600.0,0.01,4.0,2.0,0.0,0.0256,0.05381,252.31788,258.25505,0.02299,4238.0,2592.0,420.02143,251.64445
600.0,0.01,5.0,2.0,0.0,0.0256,0.05381,252.31788,258.25505,0.02299,4238.0,2622.0,0.25253,251.64445
600.0,0.01,6.0,2.0,0.0,0.0256,0.05381,252.31788,258.25505,0.02299,4238.0,2603.0,0.84133,251.64445
