Omega,Tolerance,Step Size Rule,Iterations,Converged?,Gap LR,Gap Naive,Obj. Naive,Obj. LR (UB),"Obj. LR (LB),",Gap,Time Naive,Time LR,Final Lambda,LB Heuristic,BBP,Best iter,Lambda best iter,Gamma best iter
900.0,0.01,1.0,2.0,0.0,0.08655,0.09515,239.73785,262.46153,250.1338,0.08655,4252.0,4206.0,17.08916,239.7464,0.0,1.0,0.84916,1.0
900.0,0.01,2.0,6.0,0.0,0.08655,0.09515,239.73785,262.46153,250.1338,0.08655,4252.0,2462.0,200.0,239.7464,0.0,1.0,0.84916,1.0
900.0,0.01,3.0,10.0,0.0,0.08655,0.09515,239.73785,262.46153,250.1338,0.08655,4252.0,2297.0,640.71331,239.7464,0.0,1.0,0.84916,1.0
900.0,0.01,4.0,10.0,0.0,0.08655,0.09515,239.73785,262.46153,250.1338,0.08655,4252.0,2305.0,600.20712,239.7464,0.0,1.0,0.84916,1.0
900.0,0.01,5.0,8.0,0.0,0.08655,0.09515,239.73785,262.46153,250.1338,0.08655,4252.0,2463.0,37.5,239.7464,0.0,1.0,0.84916,1.0
900.0,0.01,6.0,3.0,0.0,0.08655,0.09515,239.73785,262.46153,250.1338,0.08655,4252.0,4319.0,26.28401,239.7464,0.0,1.0,0.84916,1.0
