Omega,Tolerance,Step Size Rule,Iterations,Converged?,Gap LR,Gap Naive,Obj. Naive,Obj. LR,Gap,Time Naive,Time LR,Final Lambda,LB Heuristic
900.0,0.01,1.0,2.0,0.0,0.02994,0.09515,239.73785,247.14616,0.02994,4252.0,2413.0,516.78,239.7464
900.0,0.01,2.0,2.0,0.0,0.02994,0.09515,239.73785,247.14616,0.02994,4252.0,2456.0,0.22447,239.7464
900.0,0.01,3.0,2.0,0.0,0.02994,0.09515,239.73785,247.14616,0.02994,4252.0,2403.0,668.25,239.7464
900.0,0.01,4.0,2.0,0.0,0.02994,0.09515,239.73785,247.14616,0.02994,4252.0,2421.0,630.03214,239.7464
900.0,0.01,5.0,2.0,0.0,0.02994,0.09515,239.73785,247.14616,0.02994,4252.0,2399.0,0.16835,239.7464
900.0,0.01,6.0,2.0,0.0,0.02994,0.09515,239.73785,247.14616,0.02994,4252.0,2491.0,0.57704,239.7464
,,,,,,,,,,,,,0.0
,,,,,,,,,,,,,0.0
