"Omega","Tolerance","Step Size Rule","Iterations","Converged?","Gap LR","Gap Naive","Obj. Naive","Obj. LR","Gap","Time Naive","Time LR","Final Lambda","LB Heuristic"
600.00000,0.07000,1.00000,2.00000,0.00000,0.61465,0.66172,5065.13707,13144.41596,0.61465,4270.00000,4313.00000,431.15499,5065.13707
600.00000,0.07000,2.00000,2.00000,0.00000,0.60870,0.66172,5065.13707,12944.41596,0.60870,4270.00000,4322.00000,132.59184,5065.13707
600.00000,0.07000,3.00000,2.00000,0.00000,0.61465,0.66172,5065.13707,13144.41596,0.61465,4270.00000,4339.00000,658.37499,5065.13707
600.00000,0.07000,4.00000,2.00000,0.00000,0.61465,0.66172,5065.13707,13144.41596,0.61465,4270.00000,4335.00000,660.17651,5065.13707
600.00000,0.07000,5.00000,2.00000,0.00000,0.60565,0.66172,5065.13707,12844.41596,0.60565,4270.00000,4307.00000,132.68144,5065.13707
600.00000,0.07000,6.00000,2.00000,0.00000,0.48064,0.66172,5065.13707,9752.58844,0.48064,4270.00000,4263.00000,0.00000,5065.13707
