"Omega","Tolerance","Step Size Rule","Iterations","Converged?","Gap LR","Gap Naive","Obj. Naive","Obj. LR","Gap","Time Naive","Time LR","Final Lambda","LB Heuristic"
100.00000,0.07000,1.00000,3.00000,0.00000,0.36450,0.47175,7099.79079,11606.74030,0.36450,4203.00000,4463.00000,836.69850,7376.04406
100.00000,0.07000,2.00000,5.00000,0.00000,0.47718,0.47175,7099.79079,14108.05815,0.47718,4203.00000,3646.00000,801.63119,7376.04406
100.00000,0.07000,3.00000,3.00000,0.00000,0.37504,0.47175,7099.79079,11802.44011,0.37504,4203.00000,4483.00000,874.42850,7376.04406
100.00000,0.07000,4.00000,3.00000,0.00000,0.37504,0.47175,7099.79079,11802.44011,0.37504,4203.00000,4469.00000,874.88730,7376.04406
100.00000,0.07000,5.00000,5.00000,0.00000,0.48358,0.47175,7099.79079,14283.05816,0.48358,4203.00000,2540.00000,798.24409,7376.04406
100.00000,0.07000,6.00000,4.00000,0.00000,0.41263,0.47175,7099.79079,12557.76166,0.41263,4203.00000,4396.00000,191.10432,7376.04406
