Omega,Tolerance,Step Size Rule,Iterations,Converged?,Gap LR,Gap Naive,Obj. Naive,Obj. LR,Gap,Time Naive,Time LR,Final Lambda,LB Heuristic
600.0,0.03,1.0,2.0,0.0,0.0151,0.13317,240.90255,249.14221,0.0151,4237.0,2525.0,337.56,245.38062
600.0,0.03,2.0,2.0,0.0,0.0151,0.13317,240.90255,249.14221,0.0151,4237.0,2564.0,0.34364,245.38062
600.0,0.03,3.0,2.0,0.0,0.0151,0.13317,240.90255,249.14221,0.0151,4237.0,2526.0,436.5,245.38062
600.0,0.03,4.0,2.0,0.0,0.0151,0.13317,240.90255,249.14221,0.0151,4237.0,2526.0,411.53615,245.38062
600.0,0.03,5.0,2.0,0.0,0.0151,0.13317,240.90255,249.14221,0.0151,4237.0,2553.0,0.25773,245.38062
600.0,0.03,6.0,2.0,0.0,0.0151,0.13317,240.90255,249.14221,0.0151,4237.0,2810.0,0.79557,245.38062
,,,,,,,,,,,,,0.0
,,,,,,,,,,,,,0.0
