Omega,Tolerance,Step Size Rule,Iterations,Converged?,Gap LR,Gap Naive,Obj. Naive,Obj. LR,Gap,Time Naive,Time LR,Final Lambda,LB Heuristic
600.0,0.07,1.0,2.0,0.0,0.00783,0.17572,240.72725,254.63573,0.00783,4247.0,2494.0,323.64,252.64113
600.0,0.07,2.0,2.0,0.0,0.00783,0.17572,240.72725,254.63573,0.00783,4247.0,2511.0,0.35842,252.64113
600.0,0.07,3.0,2.0,0.0,0.00783,0.17572,240.72725,254.63573,0.00783,4247.0,2476.0,418.5,252.64113
600.0,0.07,4.0,2.0,0.0,0.00783,0.17572,240.72725,254.63573,0.00783,4247.0,2460.0,394.56558,252.64113
600.0,0.07,5.0,2.0,0.0,0.00783,0.17572,240.72725,254.63573,0.00783,4247.0,2492.0,0.26882,252.64113
600.0,0.07,6.0,1.0,1.0,0.0,0.17572,240.72725,252.64113,0.0,4247.0,2133.0,0.46026,252.64113
