,Omega,Tolerance,Step Size Rule,Iterations,Converged?,Gap LR,Gap Naive,Obj. Naive,Obj. LR,Gap,Time Naive,Time LR,Final Lambda,LB Heuristic,IR,AP
0,100.0,0.03,1.0,10.0,0.0,0.02323,0.00317,271.73601,278.19866,0.02323,228.0,661.0,48.16493,271.73601,-268.57836,-233.10236
1,100.0,0.03,2.0,10.0,0.0,0.02526,0.00317,271.73601,278.77866,0.02526,228.0,1010.0,136.25827,271.73601,-268.57836,-233.10236
2,100.0,0.03,3.0,10.0,0.0,0.02362,0.00317,271.73601,278.31041,0.02362,228.0,393.0,52.49604,271.73601,-268.57836,-233.10236
3,100.0,0.03,4.0,10.0,0.0,0.02362,0.00317,271.73601,278.31041,0.02362,228.0,457.0,49.59697,271.73601,-268.57836,-233.10236
4,100.0,0.03,5.0,10.0,0.0,0.02526,0.00317,271.73601,278.77866,0.02526,228.0,373.0,110.02811,271.73601,-268.57836,-233.10236
5,100.0,0.03,6.0,10.0,0.0,0.02521,0.00317,271.73601,278.76499,0.02521,228.0,1428.0,2.79032,271.73601,-268.57836,-233.10236
