"Omega","Tolerance","Step Size Rule","Iterations","Converged?","Gap LR","Gap Naive","Obj. Naive","Obj. LR","Gap","Time Naive","Time LR","Final Lambda","LB Heuristic"
100.00000,0.03000,1.00000,10.00000,0.00000,0.02323,0.00000,271.73601,278.19866,0.02323,376.00000,1138.00000,48.16493,271.73601
100.00000,0.03000,2.00000,10.00000,0.00000,0.02526,0.00000,271.73601,278.77866,0.02526,376.00000,1866.00000,136.25827,271.73601
100.00000,0.03000,3.00000,10.00000,0.00000,0.02362,0.00000,271.73601,278.31041,0.02362,376.00000,1116.00000,52.49604,271.73601
100.00000,0.03000,4.00000,10.00000,0.00000,0.02362,0.00000,271.73601,278.31041,0.02362,376.00000,1052.00000,49.59697,271.73601
100.00000,0.03000,5.00000,10.00000,0.00000,0.02526,0.00000,271.73601,278.77866,0.02526,376.00000,745.00000,110.02811,271.73601
100.00000,0.03000,6.00000,10.00000,0.00000,0.02521,0.00000,271.73601,278.76499,0.02521,376.00000,2068.00000,2.79032,271.73601
