"Omega","Tolerance","Step Size Rule","Iterations","Converged?","Gap LR","Gap Naive","Obj. Naive","Obj. LR","Gap","Time Naive","Time LR","Final Lambda","LB Heuristic"
100.00000,0.03000,1.00000,2.00000,0.00000,0.20447,0.36897,6357.44958,8260.86898,0.20447,4203.00000,4204.00000,803.87273,6571.79965
100.00000,0.03000,2.00000,10.00000,0.00000,0.18668,0.36897,6357.44958,8080.23435,0.18668,4203.00000,2281.00000,759.24276,6571.79965
100.00000,0.03000,3.00000,2.00000,0.00000,0.20507,0.36897,6357.44958,8267.17033,0.20507,4203.00000,4209.00000,802.10273,6571.79965
100.00000,0.03000,4.00000,2.00000,0.00000,0.20838,0.36897,6357.44958,8301.76185,0.20838,4203.00000,4207.00000,802.23141,6571.79965
100.00000,0.03000,5.00000,10.00000,0.00000,0.20354,0.36897,6357.44958,8251.23370,0.20354,4203.00000,2269.00000,713.31861,6571.79965
100.00000,0.03000,6.00000,3.00000,0.00000,0.20913,0.36897,6357.44958,8309.54654,0.20913,4203.00000,4213.00000,223.42653,6571.79965
