,Omega,Tolerance,Step Size Rule,Iterations,Converged?,Gap LR,Gap Naive,Obj. Naive,Obj. LR (UB),"Obj. LR (LB),",Gap,Time Naive,Time LR,Final Lambda,LB Heuristic,BBP,Best iter,Lambda best iter,Gamma best iter,Obj. LR,Time,QP,IR,AP
0,900.0,0.01,1.0,2.0,0.0,0.49478,0.54939,4235.25397,9550.52053,4859.60315,0.49478,4202.0,4203.0,85.88155,4825.13125,0.0,1.0,96.32155,9.0,,,-4453.959,-4825.13125,-4313.15204
1,900.0,0.01,2.0,3.0,0.0,0.49478,0.54939,4235.25397,9550.52053,4859.60315,0.49478,4202.0,4218.0,0.0,4825.13125,0.0,1.0,96.32155,9.0,,,-4453.959,-4825.13125,-4313.15204
2,900.0,0.01,3.0,2.0,0.0,0.49478,0.54939,4235.25397,9550.52053,4859.60315,0.49478,4202.0,4203.0,755.57155,4825.13125,0.0,1.0,96.32155,9.0,,,-4453.959,-4825.13125,-4313.15204
3,900.0,0.01,4.0,2.0,0.0,0.49478,0.54939,4235.25397,9550.52053,4859.60315,0.49478,4202.0,4205.0,717.35369,4825.13125,0.0,1.0,96.32155,9.0,,,-4453.959,-4825.13125,-4313.15204
4,900.0,0.01,5.0,3.0,0.0,0.49478,0.54939,4235.25397,9550.52053,4859.60315,0.49478,4202.0,4215.0,50.0,4825.13125,0.0,1.0,96.32155,9.0,,,-4453.959,-4825.13125,-4313.15204
5,900.0,0.01,6.0,3.0,0.0,0.49478,0.54939,4235.25397,9550.52053,4859.60315,0.49478,4202.0,4217.0,0.0,4825.13125,0.0,1.0,96.32155,9.0,,,-4453.959,-4825.13125,-4313.15204
