Omega,Tolerance,Step Size Rule,Iterations,Converged?,Gap LR,Gap Naive,Obj. Naive,Obj. LR,Gap,Time Naive,Time LR,Final Lambda,LB Heuristic
600.0,0.03,1.0,2.0,0.0,0.45865,0.73738,1968.33243,7015.55174,0.45865,4210.0,4243.0,461.12542,3797.88671
600.0,0.03,2.0,2.0,0.0,0.44276,0.73738,1968.33243,6815.55174,0.44276,4210.0,4204.0,134.6927,3797.88671
600.0,0.03,3.0,2.0,0.0,0.45865,0.73738,1968.33243,7015.55174,0.45865,4210.0,4203.0,702.50542,3797.88671
600.0,0.03,4.0,2.0,0.0,0.45865,0.73738,1968.33243,7015.55174,0.45865,4210.0,4203.0,703.27749,3797.88671
600.0,0.03,5.0,2.0,0.0,0.43446,0.57665,4656.13493,6715.55174,0.30666,4202.0,4203.0,134.77861,3797.88671
600.0,0.03,6.0,2.0,0.0,0.45452,0.73738,1968.33243,6962.44802,0.45452,4210.0,4203.0,0.0,3797.88671
