,Omega,Tolerance,Step Size Rule,Iterations,Converged?,Gap LR,Gap Naive,Obj. Naive,Obj. LR,Gap,Time Naive,Time LR,Final Lambda,LB Heuristic,IR,AP
0,900.0,0.05,1.0,2.0,0.0,0.62438,0.67936,4156.83368,10842.21282,0.61661,4202.0,4207.0,557.6447,4072.56582,5682.55973,5241.56929
1,900.0,0.05,2.0,2.0,0.0,0.51656,0.67936,4156.83368,10842.21282,0.51656,4202.0,4203.0,87.8447,5241.55334,5682.55973,5241.56929
2,900.0,0.05,3.0,2.0,0.0,0.62438,0.67936,4156.83368,10842.21282,0.61661,4202.0,4203.0,909.0947,4072.56582,5682.55973,5241.56929
3,900.0,0.05,4.0,2.0,0.0,0.62438,0.67936,4156.83368,10842.21282,0.61661,4202.0,4202.0,911.02489,4072.56582,5682.55973,5241.56929
4,900.0,0.05,5.0,2.0,0.0,0.51656,0.67936,4156.83368,10842.21282,0.51656,4202.0,4208.0,237.8447,5241.55334,5682.55973,5241.56929
5,900.0,0.05,6.0,2.0,0.0,0.5416,0.67936,4156.83368,8884.23589,0.53211,4202.0,4204.0,0.0,4072.56582,5682.55973,5241.56929
