Omega,Tolerance,Step Size Rule,Iterations,Converged?,Gap LR,Gap Naive,Obj. Naive,Obj. LR (UB),"Obj. LR (LB),",Gap,Time Naive,Time LR,Final Lambda,LB Heuristic,BBP,Best iter,Lambda best iter,Gamma best iter
900.0,0.05,1.0,2.0,0.0,0.5684,0.67936,4156.83368,13171.36577,10842.21282,0.5684,4202.0,4206.0,557.6447,5684.75441,0.0,1.0,87.8447,-855.0
900.0,0.05,2.0,2.0,0.0,0.5684,0.67936,4156.83368,13171.36577,10842.21282,0.5684,4202.0,4203.0,87.8447,5684.75441,0.0,1.0,87.8447,-855.0
900.0,0.05,3.0,2.0,0.0,0.5684,0.67936,4156.83368,13171.36577,10842.21282,0.5684,4202.0,4204.0,909.0947,5684.75441,0.0,1.0,87.8447,-855.0
900.0,0.05,4.0,2.0,0.0,0.5684,0.67936,4156.83368,13171.36577,10842.21282,0.5684,4202.0,4202.0,911.02489,5684.75441,0.0,1.0,87.8447,-855.0
900.0,0.05,5.0,2.0,0.0,0.5684,0.67936,4156.83368,13171.36577,10842.21282,0.5684,4202.0,4204.0,237.8447,5684.75441,0.0,1.0,87.8447,-855.0
900.0,0.05,6.0,2.0,0.0,0.5684,0.67936,4156.83368,13171.36577,10842.21282,0.5684,4202.0,4203.0,0.0,5684.75441,0.0,1.0,87.8447,-855.0
