Omega,Tolerance,Step Size Rule,Iterations,Converged?,Gap LR,Gap Naive,Obj. Naive,Obj. LR,Gap,Time Naive,Time LR,Final Lambda,LB Heuristic
900.0,0.05,1.0,2.0,0.0,0.62438,0.67936,4156.83368,10842.21282,0.61661,4202.0,4207.0,557.6447,4072.56582
900.0,0.05,2.0,2.0,0.0,0.61732,0.67936,4156.83368,10642.21282,0.6094,4202.0,4205.0,88.31253,4072.56582
900.0,0.05,3.0,2.0,0.0,0.62438,0.67936,4156.83368,10842.21282,0.61661,4202.0,4203.0,909.0947,4072.56582
900.0,0.05,4.0,2.0,0.0,0.62438,0.67936,4156.83368,10842.21282,0.61661,4202.0,4202.0,911.02489,4072.56582
900.0,0.05,5.0,2.0,0.0,0.61369,0.67936,4156.83368,10542.21282,0.6057,4202.0,4203.0,88.37101,4072.56582
900.0,0.05,6.0,2.0,0.0,0.5416,0.67936,4156.83368,8884.23589,0.53211,4202.0,4204.0,0.0,4072.56582
,,,,,,,,,,,,,5682.55973
,,,,,,,,,,,,,5241.56929
