,Omega,Tolerance,Step Size Rule,Iterations,Converged?,Gap LR,Gap Naive,Obj. Naive,Obj. LR (UB),"Obj. LR (LB),",Gap,Time Naive,Time LR,Final Lambda,LB Heuristic,BBP,Best iter,Lambda best iter,Gamma best iter,Obj. LR,Time,QP,IR,AP
0,900.0,0.05,1.0,5.0,0.0,0.56411,0.67936,4156.83368,13041.60043,10842.21282,0.56411,4202.0,55011.0,479.3447,5684.75441,0.0,1.0,87.8447,-855.0,,,-4218.805,-5684.75441,-5241.55334
1,900.0,0.05,2.0,5.0,0.0,0.55892,0.67936,4156.83368,12888.3797,10842.21282,0.55892,4202.0,55010.0,287.8447,5684.75441,0.0,3.0,87.8447,-855.0,,,-4218.805,-5684.75441,-5241.55334
2,900.0,0.05,3.0,5.0,0.0,0.56411,0.67936,4156.83368,13041.60043,10842.21282,0.56411,4202.0,55009.0,840.30898,5684.75441,0.0,1.0,87.8447,-855.0,,,-4218.805,-5684.75441,-5241.55334
3,900.0,0.05,4.0,5.0,0.0,0.56411,0.67936,4156.83368,13041.60043,10842.21282,0.56411,4202.0,55012.0,842.41952,5684.75441,0.0,1.0,87.8447,-855.0,,,-4218.805,-5684.75441,-5241.55334
4,900.0,0.05,5.0,6.0,0.0,0.56411,0.67936,4156.83368,13041.60043,10842.21282,0.56411,4202.0,55038.0,72.8447,5684.75441,0.0,1.0,87.8447,-855.0,,,-4218.805,-5684.75441,-5241.55334
5,900.0,0.05,6.0,10.0,0.0,0.56411,0.67936,4156.83368,13041.60043,10842.21282,0.56411,4202.0,25225.0,85.38806,5684.75441,0.0,1.0,87.8447,-855.0,,,-4218.805,-5684.75441,-5241.55334
