Omega,Tolerance,Step Size Rule,Iterations,Converged?,Gap LR,Gap Naive,Obj. Naive,Obj. LR (UB),"Obj. LR (LB),",Gap,Time Naive,Time LR,Final Lambda,LB Heuristic,BBP,Best iter,Lambda best iter,Gamma best iter
1500.0,0.05,1.0,2.0,0.0,0.16096,0.20545,228.35458,287.73291,241.83282,0.16096,4210.0,2437.0,826.5,241.41916,0.0,1.0,0.18306,75.0
1500.0,0.05,2.0,2.0,0.0,0.16096,0.20545,228.35458,287.73291,241.83282,0.16096,4210.0,2445.0,200.0,241.41916,0.0,1.0,0.18306,75.0
1500.0,0.05,3.0,2.0,0.0,0.16096,0.20545,228.35458,287.73291,241.83282,0.16096,4210.0,2435.0,1068.75,241.41916,0.0,1.0,0.18306,75.0
1500.0,0.05,4.0,2.0,0.0,0.16096,0.20545,228.35458,287.73291,241.83282,0.16096,4210.0,2435.0,1007.62716,241.41916,0.0,1.0,0.18306,75.0
1500.0,0.05,5.0,2.0,0.0,0.16096,0.20545,228.35458,287.73291,241.83282,0.16096,4210.0,2442.0,150.0,241.41916,0.0,1.0,0.18306,75.0
1500.0,0.05,6.0,2.0,0.0,0.16096,0.20545,228.35458,287.73291,241.83282,0.16096,4210.0,2449.0,0.40889,241.41916,0.0,1.0,0.18306,75.0
