Omega,Tolerance,Step Size Rule,Iterations,Converged?,Gap LR,Gap Naive,Obj. Naive,Obj. LR,Gap,Time Naive,Time LR,Final Lambda,LB Heuristic,Heuristic Time
1500.0,0.05,1.0,2.0,0.0,0.00171,0.20545,228.35458,241.83282,0.00171,4210.0,2415.0,826.5,241.41916,
1500.0,0.05,2.0,2.0,0.0,0.00171,0.20545,228.35458,241.83282,0.00171,4210.0,2414.0,0.14035,241.41916,
1500.0,0.05,3.0,2.0,0.0,0.00171,0.20545,228.35458,241.83282,0.00171,4210.0,2418.0,1068.75,241.41916,
1500.0,0.05,4.0,2.0,0.0,0.00171,0.20545,228.35458,241.83282,0.00171,4210.0,2416.0,1007.62716,241.41916,
1500.0,0.05,5.0,2.0,0.0,0.00171,0.20545,228.35458,241.83282,0.00171,4210.0,2414.0,0.10526,241.41916,
1500.0,0.05,6.0,2.0,0.0,0.00171,0.20545,228.35458,241.83282,0.00171,4210.0,4211.0,0.0,241.41916,73.0
,,,,,,,,,,,,,0.0,
,,,,,,,,,,,,,0.0,
