Omega,Tolerance,Step Size Rule,Iterations,Converged?,Gap LR,Gap Naive,Obj. Naive,Obj. LR (UB),"Obj. LR (LB),",Gap,Time Naive,Time LR,Final Lambda,LB Heuristic,BBP,Best iter,Lambda best iter,Gamma best iter
1500.0,0.05,1.0,10.0,0.0,0.1597,0.20545,228.35458,287.30118,241.83282,0.1597,4210.0,5529.0,478.5,241.41916,0.0,1.0,0.18306,75.0
1500.0,0.05,2.0,10.0,0.0,0.1597,0.20545,228.35458,287.30118,241.83282,0.1597,4210.0,6614.0,200.0,241.41916,0.0,1.0,0.18306,75.0
1500.0,0.05,3.0,10.0,0.0,0.1597,0.20545,228.35458,287.30118,241.83282,0.1597,4210.0,5527.0,839.2776,241.41916,0.0,1.0,0.18306,75.0
1500.0,0.05,4.0,10.0,0.0,0.1597,0.20545,228.35458,287.30118,241.83282,0.1597,4210.0,5522.0,759.08533,241.41916,0.0,1.0,0.18306,75.0
1500.0,0.05,5.0,10.0,0.0,0.1597,0.20545,228.35458,287.30118,241.83282,0.1597,4210.0,6708.0,0.0,241.41916,0.0,1.0,0.18306,75.0
1500.0,0.05,6.0,7.0,0.0,0.15571,0.20545,228.35458,285.9425,261.03691,0.15571,4210.0,51106.0,0.0,241.41916,0.0,5.0,0.20445,48.0
