Omega,Tolerance,Step Size Rule,Iterations,Converged?,Gap LR,Gap Naive,Obj. Naive,Obj. LR,Gap,Time Naive,Time LR,Final Lambda,LB Heuristic
100.0,0.01,1.0,4.0,0.0,0.0004,0.0,278.53877,278.6509,0.0004,53.0,423.0,3.15282,278.53877
100.0,0.01,2.0,10.0,0.0,0.0015,0.0,278.53877,278.95848,0.0015,53.0,640.0,0.0,278.53877
100.0,0.01,3.0,3.0,0.0,0.00037,0.0,278.53877,278.6409,0.00037,53.0,330.0,3.12282,278.53877
100.0,0.01,4.0,3.0,0.0,0.00052,0.0,278.53877,278.68379,0.00052,53.0,352.0,3.18836,278.53877
100.0,0.01,5.0,5.0,1.0,0.0,0.0,278.53877,278.53877,0.0,53.0,397.0,3.28283,278.53877
100.0,0.01,6.0,3.0,0.0,0.00023,0.0,278.53877,278.60297,0.00023,53.0,316.0,3.55649,278.53877
,,,,,,,,,,,,,0.0
,,,,,,,,,,,,,-232.25544
