"Omega","Tolerance","Step Size Rule","Iterations","Converged?","Gap LR","Gap Naive","Obj. Naive","Obj. LR","Gap","Time Naive","Time LR","Final Lambda","LB Heuristic"
600.00000,0.05000,1.00000,3.00000,0.00000,0.29911,0.94039,776.73130,4601.01447,0.29911,4206.00000,4501.00000,439.88837,3224.81667
600.00000,0.05000,2.00000,3.00000,0.00000,0.52820,0.94039,776.73130,6835.19004,0.52820,4206.00000,2510.00000,124.27679,3224.81667
600.00000,0.05000,3.00000,3.00000,0.00000,0.57100,0.94039,776.73130,7517.01593,0.57100,4206.00000,4374.00000,514.40837,3224.81667
600.00000,0.05000,4.00000,3.00000,0.00000,0.53545,0.94039,776.73130,6941.84035,0.53545,4206.00000,4385.00000,491.63872,3224.81667
600.00000,0.05000,5.00000,3.00000,0.00000,0.51622,0.94039,776.73130,6665.83729,0.51622,4206.00000,2461.00000,120.80850,3224.81667
600.00000,0.05000,6.00000,3.00000,0.00000,0.57100,0.94039,776.73130,7517.01593,0.57100,4206.00000,4369.00000,0.00000,3224.81667
