"Omega","Tolerance","Step Size Rule","Iterations","Converged?","Gap LR","Gap Naive","Obj. Naive","Obj. LR","Gap","Time Naive","Time LR","Final Lambda","LB Heuristic"
600.00000,0.05000,1.00000,2.00000,0.00000,0.55401,1.00000,373.20207,10833.67623,0.55401,4232.00000,4242.00000,445.10837,4831.76490
600.00000,0.05000,2.00000,2.00000,0.00000,0.54562,1.00000,373.20207,10633.67623,0.54562,4232.00000,4246.00000,132.61012,4831.76490
600.00000,0.05000,3.00000,2.00000,0.00000,0.55401,1.00000,373.20207,10833.67623,0.55401,4232.00000,4248.00000,679.40837,4831.76490
600.00000,0.05000,4.00000,2.00000,0.00000,0.55401,1.00000,373.20207,10833.67623,0.55401,4232.00000,4249.00000,680.69516,4831.76490
600.00000,0.05000,5.00000,2.00000,0.00000,0.54130,1.00000,373.20207,10533.67623,0.54130,4232.00000,4241.00000,132.69784,4831.76490
600.00000,0.05000,6.00000,2.00000,0.00000,0.43443,1.00000,373.20207,8543.24685,0.43443,4232.00000,4224.00000,0.00000,4831.76490
