"Omega","Tolerance","Step Size Rule","Iterations","Converged?","Gap LR","Gap Naive","Obj. Naive","Obj. LR","Gap","Time Naive","Time LR","Final Lambda","LB Heuristic"
600.00000,0.05000,1.00000,2.00000,0.00000,0.55160,0.72967,3610.52300,10833.67623,0.55160,4248.00000,4295.00000,445.10837,4857.79436
600.00000,0.05000,2.00000,2.00000,0.00000,0.54317,0.72967,3610.52300,10633.67623,0.54317,4248.00000,4298.00000,132.61012,4857.79436
600.00000,0.05000,3.00000,2.00000,0.00000,0.55160,0.72967,3610.52300,10833.67623,0.55160,4248.00000,4329.00000,679.40837,4857.79436
600.00000,0.05000,4.00000,2.00000,0.00000,0.55160,0.72967,3610.52300,10833.67623,0.55160,4248.00000,4332.00000,680.69516,4857.79436
600.00000,0.05000,5.00000,2.00000,0.00000,0.53883,0.72967,3610.52300,10533.67623,0.53883,4248.00000,4299.00000,132.69784,4857.79436
600.00000,0.05000,6.00000,2.00000,0.00000,0.30990,0.72967,3610.52300,7039.26286,0.30990,4248.00000,4278.00000,7.44514,4857.79436
