"Omega","Tolerance","Step Size Rule","Iterations","Converged?","Gap LR","Gap Naive","Obj. Naive","Obj. LR","Gap","Time Naive","Time LR","Final Lambda","LB Heuristic"
600.00000,0.03000,1.00000,2.00000,0.00000,0.34020,0.73385,3087.61687,7015.55174,0.34020,4248.00000,4326.00000,461.12542,4628.89241
600.00000,0.03000,2.00000,2.00000,0.00000,0.32083,0.73385,3087.61687,6815.55174,0.32083,4248.00000,4328.00000,134.69270,4628.89241
600.00000,0.03000,3.00000,2.00000,0.00000,0.34020,0.73385,3087.61687,7015.55174,0.34020,4248.00000,4331.00000,702.50542,4628.89241
600.00000,0.03000,4.00000,2.00000,0.00000,0.34020,0.73385,3087.61687,7015.55174,0.34020,4248.00000,4336.00000,703.27749,4628.89241
600.00000,0.03000,5.00000,2.00000,0.00000,0.31072,0.73385,3087.61687,6715.55174,0.31072,4248.00000,4303.00000,134.77861,4628.89241
600.00000,0.03000,6.00000,2.00000,0.00000,0.20104,0.73385,3087.61687,5793.64563,0.20104,4248.00000,4292.00000,12.78997,4628.89241
