"Omega","Tolerance","Step Size Rule","Iterations","Converged?","Gap LR","Gap Naive","Obj. Naive","Obj. LR","Gap","Time Naive","Time LR","Final Lambda","LB Heuristic"
600.00000,0.03000,1.00000,2.00000,0.00000,0.27671,0.85347,1650.12224,5647.77215,0.27671,4206.00000,2498.00000,465.76542,4084.98293
600.00000,0.03000,2.00000,3.00000,0.00000,0.33347,0.85347,1650.12224,6128.76075,0.33347,4206.00000,2536.00000,122.19270,4084.98293
600.00000,0.03000,3.00000,3.00000,0.00000,0.33347,0.85347,1650.12224,6128.76075,0.33347,4206.00000,4432.00000,543.70542,4084.98293
600.00000,0.03000,4.00000,3.00000,0.00000,0.32954,0.85347,1650.12224,6092.83445,0.32954,4206.00000,4405.00000,518.14926,4084.98293
600.00000,0.03000,5.00000,3.00000,0.00000,0.36649,0.85347,1650.12224,6448.20124,0.36649,4206.00000,2473.00000,117.76830,4084.98293
600.00000,0.03000,6.00000,3.00000,0.00000,0.33347,0.85347,1650.12224,6128.76075,0.33347,4206.00000,4363.00000,19.04414,4084.98293
