Omega,Tolerance,Step Size Rule,Iterations,Converged?,Gap LR,Gap Naive,Obj. Naive,Obj. LR,Gap,Time Naive,Time LR,Final Lambda,LB Heuristic,Heuristic Time
1500.0,0.07,1.0,2.0,0.0,0.03827,0.2067,233.40556,252.56936,0.03827,4211.0,2338.0,809.1,242.90293,
1500.0,0.07,2.0,2.0,0.0,0.03827,0.2067,233.40556,252.56936,0.03827,4211.0,2336.0,0.14337,242.90293,
1500.0,0.07,3.0,2.0,0.0,0.03827,0.2067,233.40556,252.56936,0.03827,4211.0,2339.0,1046.25,242.90293,
1500.0,0.07,4.0,2.0,0.0,0.03827,0.2067,233.40556,252.56936,0.03827,4211.0,2335.0,986.41396,242.90293,
1500.0,0.07,5.0,2.0,0.0,0.03827,0.2067,233.40556,252.56936,0.03827,4211.0,2337.0,0.10753,242.90293,
1500.0,0.07,6.0,2.0,0.0,0.03827,0.2067,233.40556,252.56936,0.03827,4211.0,2336.0,0.42433,242.90293,59.0
