Omega,Tolerance,Step Size Rule,Iterations,Converged?,Gap LR,Gap Naive,Obj. Naive,Obj. LR (UB),"Obj. LR (LB),",Gap,Time Naive,Time LR,Final Lambda,LB Heuristic,BBP,Best iter,Lambda best iter,Gamma best iter
900.0,0.01,1.0,3.0,0.0,0.07501,0.09364,244.56412,266.41658,251.98889,0.07501,4252.0,2415.0,516.78,246.43198,0.0,1.0,0.78114,-4.0
900.0,0.01,2.0,3.0,1.0,0.04377,0.09364,244.56412,257.71296,253.58022,0.04377,4252.0,4214.0,0.78114,246.43198,1.0,3.0,0.78114,0.0
900.0,0.01,3.0,10.0,0.0,0.07501,0.09364,244.56412,266.41658,251.98889,0.07501,4252.0,2337.0,512.46331,246.43198,0.0,1.0,0.78114,-4.0
900.0,0.01,4.0,10.0,0.0,0.07501,0.09364,244.56412,266.41658,251.98889,0.07501,4252.0,2342.0,489.79022,246.43198,0.0,1.0,0.78114,-4.0
900.0,0.01,5.0,8.0,0.0,0.07501,0.09364,244.56412,266.41658,251.98889,0.07501,4252.0,2460.0,37.5,246.43198,0.0,1.0,0.78114,-4.0
900.0,0.01,6.0,4.0,0.0,0.07501,0.09364,244.56412,266.41658,251.98889,0.07501,4252.0,4448.0,1.16275,246.43198,0.0,1.0,0.78114,-4.0
