,Omega,Tolerance,Step Size Rule,Iterations,Converged?,Gap LR,Gap Naive,Obj. Naive,Obj. LR,Gap,Time Naive,Time LR,Final Lambda,LB Heuristic,IR,AP
0,900.0,0.01,1.0,2.0,0.0,0.01949,0.09364,244.56412,251.33151,0.01949,4252.0,2436.0,516.78,246.43198,0.0,0.0
1,900.0,0.01,2.0,2.0,0.0,0.01949,0.09364,244.56412,251.33151,0.01949,4252.0,2450.0,0.22447,246.43198,0.0,0.0
2,900.0,0.01,3.0,2.0,0.0,0.01949,0.09364,244.56412,251.33151,0.01949,4252.0,2386.0,668.25,246.43198,0.0,0.0
3,900.0,0.01,4.0,2.0,0.0,0.01949,0.09364,244.56412,251.33151,0.01949,4252.0,2430.0,630.03214,246.43198,0.0,0.0
4,900.0,0.01,5.0,2.0,0.0,0.01949,0.09364,244.56412,251.33151,0.01949,4252.0,2405.0,0.16835,246.43198,0.0,0.0
5,900.0,0.01,6.0,2.0,0.0,0.01949,0.09364,244.56412,251.33151,0.01949,4252.0,2522.0,0.56496,246.43198,0.0,0.0
