Omega,Tolerance,Step Size Rule,Iterations,Converged?,Gap LR,Gap Naive,Obj. Naive,Obj. LR (UB),"Obj. LR (LB),",Gap,Time Naive,Time LR,Final Lambda,LB Heuristic,BBP,Best iter,Lambda best iter,Gamma best iter
600.0,0.05,1.0,10.0,0.0,0.14548,0.17143,236.88746,283.75405,261.90182,0.14548,4241.0,2203.0,191.4,242.47449,0.0,1.0,0.44569,22.0
600.0,0.05,2.0,10.0,0.0,0.14548,0.17143,236.88746,283.75405,261.90182,0.14548,4241.0,2332.0,200.0,242.47449,0.0,1.0,0.44569,22.0
600.0,0.05,3.0,10.0,0.0,0.14548,0.17143,236.88746,283.75405,261.90182,0.14548,4241.0,2204.0,335.71104,242.47449,0.0,1.0,0.44569,22.0
600.0,0.05,4.0,10.0,0.0,0.14548,0.17143,236.88746,283.75405,261.90182,0.14548,4241.0,2201.0,303.63413,242.47449,0.0,1.0,0.44569,22.0
600.0,0.05,5.0,10.0,0.0,0.14548,0.17143,236.88746,283.75405,261.90182,0.14548,4241.0,2446.0,0.0,242.47449,0.0,1.0,0.44569,22.0
600.0,0.05,6.0,3.0,0.0,0.14548,0.17143,236.88746,283.75405,261.90182,0.14548,4241.0,4247.0,0.0,242.47449,0.0,1.0,0.44569,22.0
