Omega,Tolerance,Step Size Rule,Iterations,Converged?,Gap LR,Gap Naive,Obj. Naive,Obj. LR,Gap,Time Naive,Time LR,Final Lambda,LB Heuristic
600.0,0.05,1.0,2.0,0.0,0.02186,0.17143,236.88746,247.89407,0.02186,4241.0,2412.0,330.6,242.47449
600.0,0.05,2.0,2.0,0.0,0.02186,0.17143,236.88746,247.89407,0.02186,4241.0,2420.0,0.35088,242.47449
600.0,0.05,3.0,2.0,0.0,0.02186,0.17143,236.88746,247.89407,0.02186,4241.0,2425.0,427.5,242.47449
600.0,0.05,4.0,2.0,0.0,0.02186,0.17143,236.88746,247.89407,0.02186,4241.0,2450.0,403.05087,242.47449
600.0,0.05,5.0,2.0,0.0,0.02186,0.17143,236.88746,247.89407,0.02186,4241.0,2442.0,0.26316,242.47449
600.0,0.05,6.0,2.0,0.0,0.02186,0.17143,236.88746,247.89407,0.02186,4241.0,2655.0,0.92145,242.47449
