Omega,Tolerance,Step Size Rule,Iterations,Converged?,Gap LR,Gap Naive,Obj. Naive,Obj. LR,Gap,Time Naive,Time LR,Final Lambda,LB Heuristic
600.0,0.05,1.0,10.0,0.0,0.07418,0.17143,236.88746,261.90182,0.07418,4241.0,2199.0,191.4,242.47449
600.0,0.05,2.0,7.0,0.0,0.07418,0.17143,236.88746,261.90182,0.07418,4241.0,7127.0,0.0,242.47449
600.0,0.05,3.0,10.0,0.0,0.07418,0.17143,236.88746,261.90182,0.07418,4241.0,2196.0,335.71104,242.47449
600.0,0.05,4.0,10.0,0.0,0.07418,0.17143,236.88746,261.90182,0.07418,4241.0,2197.0,303.63413,242.47449
600.0,0.05,5.0,5.0,0.0,0.07138,0.17143,236.88746,261.11135,0.07138,4241.0,6504.0,0.0,242.47449
600.0,0.05,6.0,5.0,0.0,0.07069,0.17143,236.88746,260.92008,0.07069,4241.0,6390.0,0.0,242.47449
