Omega,Tolerance,Step Size Rule,Iterations,Converged?,Gap LR,Gap Naive,Obj. Naive,Obj. LR (UB),"Obj. LR (LB),",Gap,Time Naive,Time LR,Final Lambda,LB Heuristic,BBP,Best iter,Lambda best iter,Gamma best iter
600.0,0.05,1.0,10.0,0.0,0.14349,0.17143,236.88746,283.0945,275.09398,0.14349,4241.0,5065.0,174.44569,242.47449,0.0,1.0,0.44569,-570.0
600.0,0.05,2.0,7.0,0.0,0.12321,0.17143,236.88746,276.54856,275.09398,0.12321,4241.0,50028.0,200.44569,242.47449,0.0,7.0,0.44569,-570.0
600.0,0.05,3.0,10.0,0.0,0.14348,0.17143,236.88746,283.094,275.09398,0.14348,4241.0,5068.0,456.15673,242.47449,0.0,1.0,0.44569,-570.0
600.0,0.05,4.0,10.0,0.0,0.14349,0.17143,236.88746,283.0945,275.09398,0.14349,4241.0,5068.0,449.81575,242.47449,0.0,1.0,0.44569,-570.0
600.0,0.05,5.0,10.0,0.0,0.14348,0.17143,236.88746,283.094,275.09398,0.14348,4241.0,5304.0,0.0,242.47449,0.0,1.0,0.44569,-570.0
600.0,0.05,6.0,8.0,0.0,0.11963,0.17143,236.88746,275.42289,275.42289,0.11963,4241.0,51193.0,0.0,242.47449,0.0,4.0,1.00583,22.0
