"Omega","Tolerance","Step Size Rule","Iterations","Converged?","Gap LR","Gap Naive","Obj. Naive","Obj. LR","Gap","Time Naive","Time LR","Final Lambda","LB Heuristic"
600.00000,0.05000,1.00000,2.00000,0.00000,0.22234,0.97520,318.56731,4841.19840,0.22234,4206.00000,2444.00000,459.33494,3764.81659
600.00000,0.05000,2.00000,2.00000,0.00000,0.45785,0.97520,318.56731,6944.29499,0.45785,4206.00000,2405.00000,123.87016,3764.81659
600.00000,0.05000,3.00000,3.00000,0.00000,0.40353,0.97520,318.56731,6311.80708,0.40353,4206.00000,4408.00000,522.71494,3764.81659
600.00000,0.05000,4.00000,3.00000,0.00000,0.50941,0.97520,318.56731,7674.08634,0.50941,4206.00000,4413.00000,488.94530,3764.81659
600.00000,0.05000,5.00000,3.00000,0.00000,0.50836,0.97520,318.56731,7657.63974,0.50836,4206.00000,2467.00000,121.93925,3764.81659
600.00000,0.05000,6.00000,3.00000,0.00000,0.45785,0.97520,318.56731,6944.29499,0.45785,4206.00000,4382.00000,25.95731,3764.81659
