"Omega","Tolerance","Step Size Rule","Iterations","Converged?","Gap LR","Gap Naive","Obj. Naive","Obj. LR","Gap","Time Naive","Time LR","Final Lambda","LB Heuristic"
600.00000,0.05000,1.00000,2.00000,0.00000,0.59003,1.00000,318.56731,10556.44339,0.59003,4231.00000,4245.00000,445.41494,4327.84004
600.00000,0.05000,2.00000,2.00000,0.00000,0.58211,1.00000,318.56731,10356.44339,0.58211,4231.00000,4248.00000,132.91669,4327.84004
600.00000,0.05000,3.00000,2.00000,0.00000,0.59003,1.00000,318.56731,10556.44339,0.59003,4231.00000,4248.00000,679.71494,4327.84004
600.00000,0.05000,4.00000,2.00000,0.00000,0.59003,1.00000,318.56731,10556.44339,0.59003,4231.00000,4275.00000,681.00174,4327.84004
600.00000,0.05000,5.00000,2.00000,0.00000,0.57804,1.00000,318.56731,10256.44339,0.57804,4231.00000,4242.00000,133.00441,4327.84004
600.00000,0.05000,6.00000,2.00000,0.00000,0.45487,1.00000,318.56731,7939.09831,0.45487,4231.00000,4227.00000,0.00000,4327.84004
