"Omega","Tolerance","Step Size Rule","Iterations","Converged?","Gap LR","Gap Naive","Obj. Naive","Obj. LR","Gap","Time Naive","Time LR","Final Lambda","LB Heuristic"
600.00000,0.07000,1.00000,2.00000,0.00000,0.62440,0.67265,4829.07836,12857.07275,0.62440,4282.00000,4318.00000,431.12963,4829.07836
600.00000,0.07000,2.00000,2.00000,0.00000,0.61847,0.67265,4829.07836,12657.07275,0.61847,4282.00000,4307.00000,132.56648,4829.07836
600.00000,0.07000,3.00000,2.00000,0.00000,0.62440,0.67265,4829.07836,12857.07275,0.62440,4282.00000,4338.00000,658.34963,4829.07836
600.00000,0.07000,4.00000,2.00000,0.00000,0.62440,0.67265,4829.07836,12857.07275,0.62440,4282.00000,4331.00000,660.15115,4829.07836
600.00000,0.07000,5.00000,2.00000,0.00000,0.61543,0.67265,4829.07836,12557.07275,0.61543,4282.00000,4313.00000,132.65608,4829.07836
600.00000,0.07000,6.00000,2.00000,0.00000,0.48757,0.67265,4829.07836,9423.79141,0.48757,4282.00000,4273.00000,0.00000,4829.07836
