"Omega","Tolerance","Step Size Rule","Iterations","Converged?","Gap LR","Gap Naive","Obj. Naive","Obj. LR","Gap","Time Naive","Time LR","Final Lambda","LB Heuristic"
600.00000,0.07000,1.00000,2.00000,0.00000,0.64925,0.69809,4455.37060,12857.07275,0.64925,4248.00000,4327.00000,431.12963,4509.56608
600.00000,0.07000,2.00000,2.00000,0.00000,0.64371,0.69809,4455.37060,12657.07275,0.64371,4248.00000,4327.00000,132.56648,4509.56608
600.00000,0.07000,3.00000,2.00000,0.00000,0.64925,0.69809,4455.37060,12857.07275,0.64925,4248.00000,4335.00000,658.34963,4509.56608
600.00000,0.07000,4.00000,2.00000,0.00000,0.64925,0.69809,4455.37060,12857.07275,0.64925,4248.00000,4331.00000,660.15115,4509.56608
600.00000,0.07000,5.00000,2.00000,0.00000,0.64087,0.69809,4455.37060,12557.07275,0.64087,4248.00000,4310.00000,132.65608,4509.56608
600.00000,0.07000,6.00000,2.00000,0.00000,0.51182,0.69809,4455.37060,9237.53026,0.51182,4248.00000,4272.00000,0.00000,4509.56608
