"Omega","Tolerance","Step Size Rule","Iterations","Converged?","Gap LR","Gap Naive","Obj. Naive","Obj. LR","Gap","Time Naive","Time LR","Final Lambda","LB Heuristic"
600.00000,0.03000,1.00000,2.00000,0.00000,0.27811,0.92860,798.14718,5536.44672,0.27811,4206.00000,2443.00000,464.98217,3996.71886
600.00000,0.03000,2.00000,3.00000,0.00000,0.36547,0.92860,798.14718,6298.66104,0.36547,4206.00000,2543.00000,122.72475,3996.71886
600.00000,0.03000,3.00000,3.00000,0.00000,0.35217,0.92860,798.14718,6169.39895,0.35217,4206.00000,4398.00000,542.50217,3996.71886
600.00000,0.03000,4.00000,3.00000,0.00000,0.31759,0.92860,798.14718,5856.79423,0.31759,4206.00000,4432.00000,519.94602,3996.71886
600.00000,0.03000,5.00000,3.00000,0.00000,0.37588,0.92860,798.14718,6403.74212,0.37588,4206.00000,2437.00000,116.58467,3996.71886
600.00000,0.03000,6.00000,3.00000,0.00000,0.36547,0.92860,798.14718,6298.66104,0.36547,4206.00000,4387.00000,3.01594,3996.71886
