"Omega","Tolerance","Step Size Rule","Iterations","Converged?","Gap LR","Gap Naive","Obj. Naive","Obj. LR","Gap","Time Naive","Time LR","Final Lambda","LB Heuristic"
600.00000,0.03000,1.00000,2.00000,0.00000,0.36244,0.80563,2231.65379,7189.35994,0.36244,4252.00000,4242.00000,460.92217,4583.68077
600.00000,0.03000,2.00000,2.00000,0.00000,0.34419,0.80563,2231.65379,6989.35994,0.34419,4252.00000,4244.00000,134.48946,4583.68077
600.00000,0.03000,3.00000,2.00000,0.00000,0.36244,0.80563,2231.65379,7189.35994,0.36244,4252.00000,4267.00000,702.30217,4583.68077
600.00000,0.03000,4.00000,2.00000,0.00000,0.36244,0.80563,2231.65379,7189.35994,0.36244,4252.00000,4246.00000,703.07425,4583.68077
600.00000,0.03000,5.00000,2.00000,0.00000,0.33467,0.80563,2231.65379,6889.35994,0.33467,4252.00000,4242.00000,134.57537,4583.68077
600.00000,0.03000,6.00000,2.00000,0.00000,0.26381,0.80563,2231.65379,6226.19880,0.26381,4252.00000,4229.00000,0.00000,4583.68077
