"Omega","Tolerance","Step Size Rule","Iterations","Converged?","Gap LR","Gap Naive","Obj. Naive","Obj. LR","Gap","Time Naive","Time LR","Final Lambda","LB Heuristic"
100.00000,0.01000,1.00000,2.00000,0.00000,0.08676,0.28211,5894.12414,6461.38736,0.08676,4203.00000,4204.00000,874.45221,5900.76830
100.00000,0.01000,2.00000,10.00000,0.00000,0.11937,0.28211,5894.12414,6700.61931,0.11937,4203.00000,2318.00000,693.79403,5900.76830
100.00000,0.01000,3.00000,2.00000,0.00000,0.07657,0.28211,5894.12414,6390.02535,0.07657,4203.00000,4212.00000,873.86221,5900.76830
100.00000,0.01000,4.00000,2.00000,0.00000,0.09843,0.28211,5894.12414,6544.97828,0.09843,4203.00000,4210.00000,873.90510,5900.76830
100.00000,0.01000,5.00000,10.00000,0.00000,0.10133,0.28211,5894.12414,6566.13615,0.10133,4203.00000,2301.00000,581.45757,5900.76830
100.00000,0.01000,6.00000,3.00000,0.00000,0.10205,0.28211,5894.12414,6571.34639,0.10205,4203.00000,4215.00000,0.00000,5900.76830
