"Omega","Tolerance","Step Size Rule","Iterations","Converged?","Gap LR","Gap Naive","Obj. Naive","Obj. LR","Gap","Time Naive","Time LR","Final Lambda","LB Heuristic"
100.00000,0.05000,1.00000,2.00000,0.00000,0.34805,0.47054,6329.28647,9526.73669,0.33563,4209.00000,4224.00000,848.26183,6210.98420
100.00000,0.05000,2.00000,2.00000,0.00000,0.38220,0.47054,6329.28647,10053.32390,0.37043,4209.00000,4232.00000,800.27236,6210.98420
100.00000,0.05000,3.00000,2.00000,0.00000,0.36014,0.47054,6329.28647,9706.78536,0.34795,4209.00000,4229.00000,887.31183,6210.98420
100.00000,0.05000,4.00000,2.00000,0.00000,0.36014,0.47054,6329.28647,9706.78536,0.34795,4209.00000,4223.00000,887.52630,6210.98420
100.00000,0.05000,5.00000,2.00000,0.00000,0.37599,0.47054,6329.28647,9953.32390,0.36410,4209.00000,4216.00000,800.79867,6210.98420
100.00000,0.05000,6.00000,2.00000,0.00000,0.35701,0.47054,6329.28647,9659.59590,0.34477,4209.00000,4223.00000,0.00000,6210.98420
