"Omega","Tolerance","Step Size Rule","Iterations","Converged?","Gap LR","Gap Naive","Obj. Naive","Obj. LR","Gap","Time Naive","Time LR","Final Lambda","LB Heuristic"
100.00000,0.05000,1.00000,2.00000,0.00000,0.34131,0.42817,6394.72427,9474.65894,0.32507,4203.00000,4021.00000,848.26183,6240.81637
100.00000,0.05000,2.00000,2.00000,0.00000,0.32420,0.42817,6394.72427,9234.71866,0.30753,4203.00000,3876.00000,758.16709,6240.81637
100.00000,0.05000,3.00000,2.00000,0.00000,0.35690,0.42817,6394.72427,9704.23474,0.34104,4203.00000,3518.00000,887.31183,6240.81637
100.00000,0.05000,4.00000,2.00000,0.00000,0.34845,0.42817,6394.72427,9578.37233,0.33238,4203.00000,3583.00000,887.52630,6240.81637
100.00000,0.05000,5.00000,2.00000,0.00000,0.32905,0.42817,6394.72427,9301.45963,0.31250,4203.00000,3759.00000,769.21972,6240.81637
100.00000,0.05000,6.00000,2.00000,0.00000,0.36660,0.42817,6394.72427,9852.94561,0.35098,4203.00000,3134.00000,0.00000,6240.81637
