"Omega","Tolerance","Step Size Rule","Iterations","Converged?","Gap LR","Gap Naive","Obj. Naive","Obj. LR","Gap","Time Naive","Time LR","Final Lambda","LB Heuristic"
100.00000,0.05000,1.00000,2.00000,0.00000,0.34785,0.47854,6061.01192,9523.91145,0.34785,4203.00000,4205.00000,848.26183,6210.98420
100.00000,0.05000,2.00000,2.00000,0.00000,0.39425,0.47854,6061.01192,10253.32390,0.39425,4203.00000,4208.00000,800.27236,6210.98420
100.00000,0.05000,3.00000,2.00000,0.00000,0.36123,0.47854,6061.01192,9723.41145,0.36123,4203.00000,4210.00000,887.31183,6210.98420
100.00000,0.05000,4.00000,2.00000,0.00000,0.36123,0.47854,6061.01192,9723.41145,0.36123,4203.00000,4210.00000,887.52630,6210.98420
100.00000,0.05000,5.00000,2.00000,0.00000,0.39425,0.47854,6061.01192,10253.32390,0.39425,4203.00000,4210.00000,800.79867,6210.98420
100.00000,0.05000,6.00000,2.00000,0.00000,0.36862,0.47854,6061.01192,9837.17059,0.36862,4203.00000,3962.00000,0.00000,6210.98420
