"Omega","Tolerance","Step Size Rule","Iterations","Converged?","Gap LR","Gap Naive","Obj. Naive","Obj. LR","Gap","Time Naive","Time LR","Final Lambda","LB Heuristic"
600.00000,0.01000,1.00000,2.00000,0.00000,0.17902,0.58862,4049.81493,4723.24065,0.14258,4277.00000,4301.00000,137.92144,3877.67733
600.00000,0.01000,2.00000,2.00000,0.00000,0.21001,0.58862,4049.81493,4908.48601,0.17494,4277.00000,2610.00000,104.05814,3877.67733
600.00000,0.01000,3.00000,2.00000,0.00000,0.23869,0.58862,4049.81493,5093.44586,0.20490,4277.00000,4364.00000,133.22144,3877.67733
600.00000,0.01000,4.00000,2.00000,0.00000,0.23869,0.58862,4049.81493,5093.44586,0.20490,4277.00000,4352.00000,133.47880,3877.67733
600.00000,0.01000,5.00000,2.00000,0.00000,0.24428,0.58862,4049.81493,5131.11253,0.21073,4277.00000,2648.00000,93.97397,3877.67733
600.00000,0.01000,6.00000,2.00000,0.00000,0.24428,0.58862,4049.81493,5131.11253,0.21073,4277.00000,2554.00000,274.98459,3877.67733
