Omega,Tolerance,Step Size Rule,Iterations,Converged?,Gap LR,Gap Naive,Obj. Naive,Obj. LR,Gap,Time Naive,Time LR,Final Lambda,LB Heuristic
1500.0,0.05,1.0,2.0,0.0,0.46816,0.74355,3384.2923,10589.30425,0.46816,4204.0,4222.0,835.98006,5631.7697
1500.0,0.05,2.0,2.0,0.0,0.45793,0.74355,3384.2923,10389.30425,0.45793,4204.0,4207.0,53.26077,5631.7697
1500.0,0.05,3.0,2.0,0.0,0.46816,0.74355,3384.2923,10589.30425,0.46816,4204.0,4210.0,1421.73006,5631.7697
1500.0,0.05,4.0,2.0,0.0,0.46816,0.74355,3384.2923,10589.30425,0.46816,4204.0,4226.0,1424.94706,5631.7697
1500.0,0.05,5.0,2.0,0.0,0.45266,0.74355,3384.2923,10289.30425,0.45266,4204.0,4208.0,53.29585,5631.7697
1500.0,0.05,6.0,2.0,0.0,0.3061,0.74355,3384.2923,8116.13342,0.3061,4204.0,4211.0,0.0,5631.7697
,,,,,,,,,,,,,5632.42814
,,,,,,,,,,,,,5266.64457
