Omega,Tolerance,Step Size Rule,Iterations,Converged?,Gap LR,Gap Naive,Obj. Naive,Obj. LR (UB),"Obj. LR (LB),",Gap,Time Naive,Time LR,Final Lambda,LB Heuristic,BBP,Best iter,Lambda best iter,Gamma best iter
1500.0,0.05,1.0,2.0,0.0,0.57406,0.74355,3384.2923,13222.1066,10589.30425,0.57406,4204.0,4210.0,835.98006,5631.7697,0.0,1.0,52.98006,-1425.0
1500.0,0.05,2.0,2.0,0.0,0.57406,0.74355,3384.2923,13222.1066,10589.30425,0.57406,4204.0,4209.0,52.98006,5631.7697,0.0,1.0,52.98006,-1425.0
1500.0,0.05,3.0,2.0,0.0,0.57406,0.74355,3384.2923,13222.1066,10589.30425,0.57406,4204.0,4215.0,1421.73006,5631.7697,0.0,1.0,52.98006,-1425.0
1500.0,0.05,4.0,2.0,0.0,0.57406,0.74355,3384.2923,13222.1066,10589.30425,0.57406,4204.0,4210.0,1424.94706,5631.7697,0.0,1.0,52.98006,-1425.0
1500.0,0.05,5.0,2.0,0.0,0.57406,0.74355,3384.2923,13222.1066,10589.30425,0.57406,4204.0,4209.0,202.98006,5631.7697,0.0,1.0,52.98006,-1425.0
1500.0,0.05,6.0,2.0,0.0,0.57406,0.74355,3384.2923,13222.1066,10589.30425,0.57406,4204.0,4211.0,0.0,5631.7697,0.0,1.0,52.98006,-1425.0
