Omega,Tolerance,Step Size Rule,Iterations,Converged?,Gap LR,Gap Naive,Obj. Naive,Obj. LR,Gap,Time Naive,Time LR,Final Lambda,LB Heuristic
900.0,0.01,1.0,2.0,0.0,0.00052,0.08783,244.76446,246.45544,0.00052,4252.0,2400.0,516.78,246.32688
900.0,0.01,2.0,2.0,0.0,0.00052,0.08783,244.76446,246.45544,0.00052,4252.0,2368.0,0.22447,246.32688
900.0,0.01,3.0,2.0,0.0,0.00052,0.08783,244.76446,246.45544,0.00052,4252.0,2353.0,668.25,246.32688
900.0,0.01,4.0,2.0,0.0,0.00052,0.08783,244.76446,246.45544,0.00052,4252.0,2386.0,630.03214,246.32688
900.0,0.01,5.0,2.0,0.0,0.00052,0.08783,244.76446,246.45544,0.00052,4252.0,2371.0,0.16835,246.32688
900.0,0.01,6.0,2.0,0.0,0.00052,0.08783,244.76446,246.45544,0.00052,4252.0,4252.0,0.0,246.32688
