Omega,Tolerance,Step Size Rule,Iterations,Converged?,Gap LR,Gap Naive,Obj. Naive,Obj. LR (UB),"Obj. LR (LB),",Gap,Time Naive,Time LR,Final Lambda,LB Heuristic,BBP,Best iter,Lambda best iter,Gamma best iter
1500.0,0.05,1.0,2.0,0.0,0.15199,0.16508,240.61551,288.03694,254.17439,0.15199,4211.0,2495.0,826.5,244.2595,0.0,1.0,0.18078,75.0
1500.0,0.05,2.0,2.0,0.0,0.15199,0.16508,240.61551,288.03694,254.17439,0.15199,4211.0,2488.0,200.0,244.2595,0.0,1.0,0.18078,75.0
1500.0,0.05,3.0,2.0,0.0,0.15199,0.16508,240.61551,288.03694,254.17439,0.15199,4211.0,2489.0,1068.75,244.2595,0.0,1.0,0.18078,75.0
1500.0,0.05,4.0,2.0,0.0,0.15199,0.16508,240.61551,288.03694,254.17439,0.15199,4211.0,2500.0,1007.62716,244.2595,0.0,1.0,0.18078,75.0
1500.0,0.05,5.0,2.0,0.0,0.15199,0.16508,240.61551,288.03694,254.17439,0.15199,4211.0,2484.0,150.0,244.2595,0.0,1.0,0.18078,75.0
1500.0,0.05,6.0,2.0,0.0,0.15199,0.16508,240.61551,288.03694,254.17439,0.15199,4211.0,2528.0,0.40416,244.2595,0.0,1.0,0.18078,75.0
