Omega,Tolerance,Step Size Rule,Iterations,Converged?,Gap LR,Gap Naive,Obj. Naive,Obj. LR (UB),"Obj. LR (LB),",Gap,Time Naive,Time LR,Final Lambda,LB Heuristic,BBP,Best iter,Lambda best iter,Gamma best iter
1500.0,0.05,1.0,10.0,0.0,0.15106,0.16508,240.61551,287.72243,261.68726,0.15106,4211.0,5640.0,478.5,244.2595,0.0,1.0,0.18078,53.0
1500.0,0.05,2.0,10.0,0.0,0.15106,0.16508,240.61551,287.72243,261.68726,0.15106,4211.0,7161.0,200.0,244.2595,0.0,1.0,0.18078,53.0
1500.0,0.05,3.0,10.0,0.0,0.15106,0.16508,240.61551,287.72243,261.68726,0.15106,4211.0,5622.0,839.2776,244.2595,0.0,1.0,0.18078,53.0
1500.0,0.05,4.0,10.0,0.0,0.15106,0.16508,240.61551,287.72243,261.68726,0.15106,4211.0,5633.0,759.08533,244.2595,0.0,1.0,0.18078,53.0
1500.0,0.05,5.0,10.0,0.0,0.15106,0.16508,240.61551,287.72243,261.68726,0.15106,4211.0,6957.0,0.0,244.2595,0.0,1.0,0.18078,53.0
1500.0,0.05,6.0,7.0,0.0,0.14549,0.16508,240.61551,285.84706,263.31716,0.14549,4211.0,51822.0,0.0,244.2595,0.0,7.0,0.20208,51.0
