Omega,Tolerance,Step Size Rule,Iterations,Converged?,Gap LR,Gap Naive,Obj. Naive,Obj. LR,Gap,Time Naive,Time LR,Final Lambda,LB Heuristic
900.0,0.03,1.0,2.0,0.0,0.46639,0.7716,2068.45558,6971.54657,0.46639,4203.0,4251.0,580.20716,3720.08559
900.0,0.03,2.0,2.0,0.0,0.45063,0.7716,2068.45558,6771.54657,0.45063,4203.0,4268.0,89.98535,3720.08559
900.0,0.03,3.0,2.0,0.0,0.46639,0.7716,2068.45558,6971.54657,0.46639,4203.0,4202.0,942.27716,3720.08559
900.0,0.03,4.0,2.0,0.0,0.46639,0.7716,2068.45558,6971.54657,0.46639,4203.0,4203.0,943.43528,3720.08559
900.0,0.03,5.0,2.0,0.0,0.4424,0.7716,2068.45558,6671.54657,0.4424,4203.0,4227.0,90.04263,3720.08559
900.0,0.03,6.0,2.0,0.0,0.46229,0.7716,2068.45558,6918.38896,0.46229,4203.0,4202.0,0.0,3720.08559
