Omega,Tolerance,Step Size Rule,Iterations,Converged?,Gap LR,Gap Naive,Obj. Naive,Obj. LR (UB),"Obj. LR (LB),",Gap,Time Naive,Time LR,Final Lambda,LB Heuristic,BBP,Best iter,Lambda best iter,Gamma best iter
1500.0,0.01,1.0,2.0,0.0,0.14188,0.12669,233.42296,268.18397,246.03143,0.12962,4213.0,2500.0,861.3,230.13308,0.0,1.0,0.50694,6.0
1500.0,0.01,2.0,2.0,0.0,0.14188,0.12669,233.42296,268.18397,246.03143,0.12962,4213.0,2510.0,200.0,230.13308,0.0,1.0,0.50694,6.0
1500.0,0.01,3.0,2.0,0.0,0.14188,0.12669,233.42296,268.18397,246.03143,0.12962,4213.0,2505.0,1113.75,230.13308,0.0,1.0,0.50694,6.0
1500.0,0.01,4.0,2.0,0.0,0.14188,0.12669,233.42296,268.18397,246.03143,0.12962,4213.0,2493.0,1050.05357,230.13308,0.0,1.0,0.50694,6.0
1500.0,0.01,5.0,2.0,0.0,0.14188,0.12669,233.42296,268.18397,246.03143,0.12962,4213.0,2515.0,150.0,230.13308,0.0,1.0,0.50694,6.0
1500.0,0.01,6.0,2.0,0.0,0.14188,0.12669,233.42296,268.18397,246.03143,0.12962,4213.0,2566.0,0.36153,230.13308,0.0,1.0,0.50694,6.0
