Omega,Tolerance,Step Size Rule,Iterations,Converged?,Gap LR,Gap Naive,Obj. Naive,Obj. LR (UB),"Obj. LR (LB),",Gap,Time Naive,Time LR,Final Lambda,LB Heuristic,BBP,Best iter,Lambda best iter,Gamma best iter
1500.0,0.01,1.0,10.0,0.0,0.13772,0.12669,233.42296,266.88836,246.03143,0.12539,4213.0,5466.0,791.7,230.13308,0.0,1.0,0.50694,6.0
1500.0,0.01,2.0,10.0,0.0,0.13772,0.12669,233.42296,266.88836,246.03143,0.12539,4213.0,6581.0,200.0,230.13308,0.0,1.0,0.50694,6.0
1500.0,0.01,3.0,10.0,0.0,0.13772,0.12669,233.42296,266.88836,246.03143,0.12539,4213.0,5455.0,1067.85552,230.13308,0.0,1.0,0.50694,6.0
1500.0,0.01,4.0,10.0,0.0,0.13772,0.12669,233.42296,266.88836,246.03143,0.12539,4213.0,5461.0,1000.3452,230.13308,0.0,1.0,0.50694,6.0
1500.0,0.01,5.0,10.0,0.0,0.13889,0.12669,233.42296,267.25269,246.03143,0.12658,4213.0,6578.0,0.0,230.13308,0.0,1.0,0.50694,6.0
1500.0,0.01,6.0,8.0,0.0,0.13772,0.12669,233.42296,266.88836,246.03143,0.12539,4213.0,45509.0,0.15534,230.13308,0.0,1.0,0.50694,6.0
