Omega,Tolerance,Step Size Rule,Iterations,Converged?,Gap LR,Gap Naive,Obj. Naive,Obj. LR,Gap,Time Naive,Time LR,Final Lambda,LB Heuristic,Heuristic Time
1500.0,0.01,1.0,2.0,0.0,0.06462,0.12669,233.42296,246.03143,0.05125,4213.0,2468.0,861.3,230.13308,
1500.0,0.01,2.0,2.0,0.0,0.06462,0.12669,233.42296,246.03143,0.05125,4213.0,2486.0,0.13468,230.13308,
1500.0,0.01,3.0,2.0,0.0,0.06462,0.12669,233.42296,246.03143,0.05125,4213.0,2472.0,1113.75,230.13308,
1500.0,0.01,4.0,2.0,0.0,0.06462,0.12669,233.42296,246.03143,0.05125,4213.0,2468.0,1050.05357,230.13308,
1500.0,0.01,5.0,2.0,0.0,0.06462,0.12669,233.42296,246.03143,0.05125,4213.0,2473.0,0.10101,230.13308,
1500.0,0.01,6.0,2.0,0.0,0.06462,0.12669,233.42296,246.03143,0.05125,4213.0,2470.0,0.36153,230.13308,63.0
