,Omega,Tolerance,Step Size Rule,Iterations,Converged?,Gap LR,Gap Naive,Obj. Naive,Obj. LR,Gap,Time Naive,Time LR,Final Lambda,LB Heuristic,IR,AP
0,100.0,0.01,1.0,1.0,1.0,0.0,0.0,273.49889,273.49889,0.0,57.0,23.0,5.4163,273.49889,-253.81571,-232.5794
1,100.0,0.01,2.0,1.0,1.0,0.0,0.0,273.49889,273.49889,0.0,57.0,23.0,5.4163,273.49889,-253.81571,-232.5794
2,100.0,0.01,3.0,1.0,1.0,0.0,0.0,273.49889,273.49889,0.0,57.0,23.0,5.4163,273.49889,-253.81571,-232.5794
3,100.0,0.01,4.0,1.0,1.0,0.0,0.0,273.49889,273.49889,0.0,57.0,22.0,5.4163,273.49889,-253.81571,-232.5794
4,100.0,0.01,5.0,1.0,1.0,0.0,0.0,273.49889,273.49889,0.0,57.0,22.0,5.4163,273.49889,-253.81571,-232.5794
5,100.0,0.01,6.0,1.0,1.0,0.0,0.0,273.49889,273.49889,0.0,57.0,23.0,5.4163,273.49889,-253.81571,-232.5794
