"Omega","Tolerance","Step Size Rule","Iterations","Converged?","Gap LR","Gap Naive","Obj. Naive","Obj. LR","Gap","Time Naive","Time LR","Final Lambda","LB Heuristic"
100.00000,0.01000,1.00000,2.00000,0.00000,0.07760,0.36926,5724.29822,6258.45194,0.07760,4209.00000,4233.00000,855.02729,5772.76910
100.00000,0.01000,2.00000,8.00000,0.00000,0.07769,0.36926,5724.29822,6259.03194,0.07769,4209.00000,2420.00000,670.32870,5772.76910
100.00000,0.01000,3.00000,2.00000,0.00000,0.07775,0.36926,5724.29822,6259.44659,0.07775,4209.00000,4230.00000,854.43729,5772.76910
100.00000,0.01000,4.00000,2.00000,0.00000,0.07775,0.36926,5724.29822,6259.44659,0.07775,4209.00000,4227.00000,854.48018,5772.76910
100.00000,0.01000,5.00000,9.00000,0.00000,0.07790,0.36926,5724.29822,6260.44659,0.07790,4209.00000,2435.00000,561.72961,5772.76910
100.00000,0.01000,6.00000,3.00000,0.00000,0.07790,0.36926,5724.29822,6260.44659,0.07790,4209.00000,4260.00000,334.38013,5772.76910
