"Omega","Tolerance","Step Size Rule","Iterations","Converged?","Gap LR","Gap Naive","Obj. Naive","Obj. LR","Gap","Time Naive","Time LR","Final Lambda","LB Heuristic"
600.00000,0.03000,1.00000,2.00000,0.00000,0.29871,0.71528,3278.00954,6475.64063,0.29871,4249.00000,4309.00000,462.03277,4541.30527
600.00000,0.03000,2.00000,2.00000,0.00000,0.27636,0.71528,3278.00954,6275.64063,0.27636,4249.00000,4320.00000,135.60006,4541.30527
600.00000,0.03000,3.00000,2.00000,0.00000,0.29871,0.71528,3278.00954,6475.64063,0.29871,4249.00000,4345.00000,703.41277,4541.30527
600.00000,0.03000,4.00000,2.00000,0.00000,0.29871,0.71528,3278.00954,6475.64063,0.29871,4249.00000,4329.00000,704.18485,4541.30527
600.00000,0.03000,5.00000,2.00000,0.00000,0.26464,0.71528,3278.00954,6175.64063,0.26464,4249.00000,4302.00000,135.68597,4541.30527
600.00000,0.03000,6.00000,2.00000,0.00000,0.11222,0.71528,3278.00954,5115.32501,0.11222,4249.00000,4240.00000,77.78000,4541.30527
