,Omega,Tolerance,Step Size Rule,Iterations,Converged?,Gap LR,Gap Naive,Obj. Naive,Obj. LR (UB),"Obj. LR (LB),",Gap,Time Naive,Time LR,Final Lambda,LB Heuristic,BBP,Best iter,Lambda best iter,Gamma best iter,Obj. LR,Time,QP,IR,AP
0,900.0,0.01,1.0,2.0,0.0,0.48318,0.53779,4437.40302,9777.81155,5126.1504,0.48318,4202.0,4202.0,85.93053,5053.36459,0.0,1.0,96.37053,9.0,,,-4518.439,-5053.36459,-4540.45715
1,900.0,0.01,2.0,3.0,0.0,0.48318,0.53779,4437.40302,9777.81155,5126.1504,0.48318,4202.0,4217.0,0.0,5053.36459,0.0,1.0,96.37053,9.0,,,-4518.439,-5053.36459,-4540.45715
2,900.0,0.01,3.0,2.0,0.0,0.48318,0.53779,4437.40302,9777.81155,5126.1504,0.48318,4202.0,4203.0,755.62053,5053.36459,0.0,1.0,96.37053,9.0,,,-4518.439,-5053.36459,-4540.45715
3,900.0,0.01,4.0,2.0,0.0,0.48318,0.53779,4437.40302,9777.81155,5126.1504,0.48318,4202.0,4205.0,717.40267,5053.36459,0.0,1.0,96.37053,9.0,,,-4518.439,-5053.36459,-4540.45715
4,900.0,0.01,5.0,3.0,0.0,0.48318,0.53779,4437.40302,9777.81155,5126.1504,0.48318,4202.0,4216.0,50.0,5053.36459,0.0,1.0,96.37053,9.0,,,-4518.439,-5053.36459,-4540.45715
5,900.0,0.01,6.0,3.0,0.0,0.48318,0.53779,4437.40302,9777.81155,5126.1504,0.48318,4202.0,4217.0,0.0,5053.36459,0.0,1.0,96.37053,9.0,,,-4518.439,-5053.36459,-4540.45715
