Omega,Tolerance,Step Size Rule,Iterations,Converged?,Gap LR,Gap Naive,Obj. Naive,Obj. LR,Gap,Time Naive,Time LR,Final Lambda,LB Heuristic,Heuristic Time
1500.0,0.07,1.0,2.0,0.0,0.04474,0.17745,241.76709,260.89582,0.04474,4213.0,2396.0,809.1,249.22382,
1500.0,0.07,2.0,1.0,1.0,0.0,0.17745,241.76709,249.22382,0.0,4213.0,2117.0,0.18218,249.22382,
1500.0,0.07,3.0,2.0,0.0,0.04474,0.17745,241.76709,260.89582,0.04474,4213.0,2395.0,1046.25,249.22382,
1500.0,0.07,4.0,2.0,0.0,0.04474,0.17745,241.76709,260.89582,0.04474,4213.0,2394.0,986.41396,249.22382,
1500.0,0.07,5.0,2.0,0.0,0.04474,0.17745,241.76709,260.89582,0.04474,4213.0,2393.0,0.10753,249.22382,
1500.0,0.07,6.0,2.0,0.0,0.04474,0.17745,241.76709,260.89582,0.04474,4213.0,2408.0,0.4152,249.22382,50.0
,,,,,,,,,,,,,0.0,
,,,,,,,,,,,,,0.0,
