"Omega","Tolerance","Step Size Rule","Iterations","Converged?","Gap LR","Gap Naive","Obj. Naive","Obj. LR","Gap","Time Naive","Time LR","Final Lambda","LB Heuristic"
600.00000,0.01000,1.00000,2.00000,0.00000,0.07359,0.54311,4583.52523,4727.40911,0.03044,4272.00000,4327.00000,141.71388,4379.52231
600.00000,0.01000,2.00000,2.00000,0.00000,0.12518,0.54311,4583.52523,5006.21640,0.08443,4272.00000,2551.00000,96.11058,4379.52231
600.00000,0.01000,3.00000,2.00000,0.00000,0.12593,0.54311,4583.52523,5010.50197,0.08522,4272.00000,4386.00000,135.27388,4379.52231
600.00000,0.01000,4.00000,2.00000,0.00000,0.12834,0.54311,4583.52523,5024.36241,0.08774,4272.00000,4373.00000,135.53124,4379.52231
600.00000,0.01000,5.00000,2.00000,0.00000,0.13495,0.54311,4583.52523,5062.72254,0.09465,4272.00000,2632.00000,96.02641,4379.52231
600.00000,0.01000,6.00000,2.00000,0.00000,0.12605,0.54311,4583.52523,5011.19544,0.08534,4272.00000,2556.00000,274.04829,4379.52231
