"Omega","Tolerance","Step Size Rule","Iterations","Converged?","Gap LR","Gap Naive","Obj. Naive","Obj. LR","Gap","Time Naive","Time LR","Final Lambda","LB Heuristic"
600.00000,0.01000,1.00000,2.00000,0.00000,0.06654,0.60620,3833.96883,4181.47873,0.06654,4207.00000,4212.00000,143.45388,3903.22244
600.00000,0.01000,2.00000,3.00000,0.00000,0.21833,0.60620,3833.96883,4993.45456,0.21833,4207.00000,2463.00000,106.44728,3903.22244
600.00000,0.01000,3.00000,2.00000,0.00000,0.13803,0.60620,3833.96883,4528.26425,0.13803,4207.00000,4220.00000,137.27388,3903.22244
600.00000,0.01000,4.00000,2.00000,0.00000,0.20644,0.60620,3833.96883,4918.62695,0.20644,4207.00000,4219.00000,136.23835,3903.22244
600.00000,0.01000,5.00000,3.00000,0.00000,0.24002,0.60620,3833.96883,5135.95473,0.24002,4207.00000,2479.00000,96.19476,3903.22244
600.00000,0.01000,6.00000,3.00000,0.00000,0.13803,0.60620,3833.96883,4528.26425,0.13803,4207.00000,4392.00000,0.00000,3903.22244
