"Omega","Tolerance","Step Size Rule","Iterations","Converged?","Gap LR","Gap Naive","Obj. Naive","Obj. LR","Gap","Time Naive","Time LR","Final Lambda","LB Heuristic"
600.00000,0.01000,1.00000,2.00000,0.00000,2.89254,0.72238,2769.35097,-2368.69420,2.89254,4232.00000,4247.00000,486.81388,4482.85970
600.00000,0.01000,2.00000,2.00000,0.00000,-1.24723,0.72238,2769.35097,1994.83371,-1.24723,4232.00000,3120.00000,112.77725,4482.85970
600.00000,0.01000,3.00000,2.00000,0.00000,2.89254,0.72238,2769.35097,-2368.69420,2.89254,4232.00000,4249.00000,735.27388,4482.85970
600.00000,0.01000,4.00000,2.00000,0.00000,2.89254,0.72238,2769.35097,-2368.69420,2.89254,4232.00000,4249.00000,735.53124,4482.85970
600.00000,0.01000,5.00000,2.00000,0.00000,2.89254,0.72238,2769.35097,-2368.69420,2.89254,4232.00000,4250.00000,121.27893,4482.85970
600.00000,0.01000,6.00000,2.00000,0.00000,-0.37443,0.72238,2769.35097,3261.61593,-0.37443,4232.00000,4235.00000,0.00000,4482.85970
