"Omega","Tolerance","Step Size Rule","Iterations","Converged?","Gap LR","Gap Naive","Obj. Naive","Obj. LR","Gap","Time Naive","Time LR","Final Lambda","LB Heuristic"
900.00000,0.03000,1.00000,1.00000,1.00000,0.00000,0.12953,244.26490,244.26490,0.00000,4278.00000,2177.00000,0.38820,244.26490
900.00000,0.03000,2.00000,1.00000,1.00000,0.00000,0.12953,244.26490,244.26490,0.00000,4278.00000,2164.00000,0.38820,244.26490
900.00000,0.03000,3.00000,1.00000,1.00000,0.00000,0.12953,244.26490,244.26490,0.00000,4278.00000,2156.00000,0.38820,244.26490
900.00000,0.03000,4.00000,1.00000,1.00000,0.00000,0.12953,244.26490,244.26490,0.00000,4278.00000,2156.00000,0.38820,244.26490
900.00000,0.03000,5.00000,1.00000,1.00000,0.00000,0.12953,244.26490,244.26490,0.00000,4278.00000,2153.00000,0.38820,244.26490
900.00000,0.03000,6.00000,1.00000,1.00000,0.00000,0.12953,244.26490,244.26490,0.00000,4278.00000,2154.00000,0.38820,244.26490
