,Omega,Tolerance,Step Size Rule,Iterations,Converged?,Gap LR,Gap Naive,Obj. Naive,Obj. LR,Gap,Time Naive,Time LR,Final Lambda,LB Heuristic,IR,AP
0,100.0,0.01,1.0,4.0,0.0,0.0008,0.0,274.24654,274.46499,0.0008,82.0,516.0,4.22963,274.24654,-268.27592,-272.86883
1,100.0,0.01,2.0,10.0,0.0,0.00338,0.0,274.24654,275.17751,0.00338,82.0,640.0,0.0,274.24654,-268.27592,-272.86883
2,100.0,0.01,3.0,3.0,0.0,0.00087,0.0,274.24654,274.48499,0.00087,82.0,399.0,4.25963,274.24654,-268.27592,-272.86883
3,100.0,0.01,4.0,3.0,0.0,0.00056,0.0,274.24654,274.3992,0.00056,82.0,393.0,4.25723,274.24654,-268.27592,-272.86883
4,100.0,0.01,5.0,5.0,0.0,0.00063,0.0,274.24654,274.41993,0.00063,82.0,389.0,0.0,274.24654,-268.27592,-272.86883
5,100.0,0.01,6.0,5.0,0.0,0.00045,0.0,274.24654,274.36933,0.00045,82.0,464.0,2.98666,274.24654,-268.27592,-272.86883
