Omega,Tolerance,Step Size Rule,Iterations,Converged?,Gap LR,Gap Naive,Obj. Naive,Obj. LR,Gap,Time Naive,Time LR,Final Lambda,LB Heuristic
600.0,0.03,1.0,2.0,0.0,0.48872,0.73369,1974.9471,7120.80311,0.48872,4204.0,4202.0,461.0795,3640.69087
600.0,0.03,2.0,2.0,0.0,0.47395,0.73369,1974.9471,6920.80311,0.47395,4204.0,4203.0,134.64679,3640.69087
600.0,0.03,2.0,2.0,0.0,0.47395,0.73369,1974.9471,6920.80311,0.47395,4204.0,4203.0,134.64679,3640.69087
600.0,0.03,4.0,2.0,0.0,0.48872,0.73369,1974.9471,7120.80311,0.48872,4204.0,4204.0,703.23158,3640.69087
600.0,0.03,5.0,2.0,0.0,0.46624,0.73369,1974.9471,6820.80311,0.46624,4204.0,4202.0,134.7327,3640.69087
600.0,0.03,6.0,2.0,0.0,0.47769,0.73369,1974.9471,6970.32226,0.47769,4204.0,4232.0,0.0,3640.69087
