"Omega","Tolerance","Step Size Rule","Iterations","Converged?","Gap LR","Gap Naive","Obj. Naive","Obj. LR","Gap","Time Naive","Time LR","Final Lambda","LB Heuristic"
600.00000,0.03000,1.00000,2.00000,0.00000,0.36126,0.66633,3841.14196,7120.80311,0.36126,4249.00000,4332.00000,461.07950,4548.34606
600.00000,0.03000,2.00000,2.00000,0.00000,0.34280,0.66633,3841.14196,6920.80311,0.34280,4249.00000,4326.00000,134.64679,4548.34606
600.00000,0.03000,3.00000,2.00000,0.00000,0.36126,0.66633,3841.14196,7120.80311,0.36126,4249.00000,4326.00000,702.45950,4548.34606
600.00000,0.03000,4.00000,2.00000,0.00000,0.36126,0.66633,3841.14196,7120.80311,0.36126,4249.00000,4335.00000,703.23158,4548.34606
600.00000,0.03000,5.00000,2.00000,0.00000,0.33317,0.66633,3841.14196,6820.80311,0.33317,4249.00000,4307.00000,134.73270,4548.34606
600.00000,0.03000,6.00000,2.00000,0.00000,0.15340,0.66633,3841.14196,5372.47747,0.15340,4249.00000,4278.00000,51.22940,4548.34606
