Omega,Tolerance,Step Size Rule,Iterations,Converged?,Gap LR,Gap Naive,Obj. Naive,Obj. LR,Gap,Time Naive,Time LR,Final Lambda,LB Heuristic
900.0,0.03,1.0,1.0,1.0,0.0,0.14882,239.02627,246.5715,0.0,4247.0,2140.0,0.37226,246.5715
900.0,0.03,2.0,1.0,1.0,0.0,0.14882,239.02627,246.5715,0.0,4247.0,2137.0,0.37226,246.5715
900.0,0.03,3.0,1.0,1.0,0.0,0.14882,239.02627,246.5715,0.0,4247.0,2141.0,0.37226,246.5715
900.0,0.03,4.0,1.0,1.0,0.0,0.14882,239.02627,246.5715,0.0,4247.0,2137.0,0.37226,246.5715
900.0,0.03,5.0,1.0,1.0,0.0,0.14882,239.02627,246.5715,0.0,4247.0,2143.0,0.37226,246.5715
900.0,0.03,6.0,1.0,1.0,0.0,0.14882,239.02627,246.5715,0.0,4247.0,2144.0,0.37226,246.5715
