"Omega","Tolerance","Step Size Rule","Iterations","Converged?","Gap LR","Gap Naive","Obj. Naive","Obj. LR","Gap","Time Naive","Time LR","Final Lambda","LB Heuristic"
900.00000,0.03000,1.00000,1.00000,1.00000,0.00000,0.12180,246.57150,246.57150,0.00000,4285.00000,2170.00000,0.37226,246.57150
900.00000,0.03000,2.00000,1.00000,1.00000,0.00000,0.12180,246.57150,246.57150,0.00000,4285.00000,2155.00000,0.37226,246.57150
900.00000,0.03000,3.00000,1.00000,1.00000,0.00000,0.12180,246.57150,246.57150,0.00000,4285.00000,2153.00000,0.37226,246.57150
900.00000,0.03000,4.00000,1.00000,1.00000,0.00000,0.12180,246.57150,246.57150,0.00000,4285.00000,2156.00000,0.37226,246.57150
900.00000,0.03000,5.00000,1.00000,1.00000,0.00000,0.12180,246.57150,246.57150,0.00000,4285.00000,2156.00000,0.37226,246.57150
900.00000,0.03000,6.00000,1.00000,1.00000,0.00000,0.12180,246.57150,246.57150,0.00000,4285.00000,2153.00000,0.37226,246.57150
