"Omega","Tolerance","Step Size Rule","Iterations","Converged?","Gap LR","Gap Naive","Obj. Naive","Obj. LR","Gap","Time Naive","Time LR","Final Lambda","LB Heuristic"
600.00000,0.05000,1.00000,1.00000,1.00000,0.00000,0.14078,246.93740,246.93740,0.00000,4253.00000,2151.00000,0.45398,246.93740
600.00000,0.05000,2.00000,1.00000,1.00000,0.00000,0.14078,246.93740,246.93740,0.00000,4253.00000,2152.00000,0.45398,246.93740
600.00000,0.05000,3.00000,1.00000,1.00000,0.00000,0.14078,246.93740,246.93740,0.00000,4253.00000,2148.00000,0.45398,246.93740
600.00000,0.05000,4.00000,2.00000,0.00000,0.03043,0.14078,246.93740,254.68753,0.03043,4253.00000,2577.00000,403.05087,246.93740
600.00000,0.05000,5.00000,2.00000,0.00000,0.03043,0.14078,246.93740,254.68753,0.03043,4253.00000,2532.00000,0.26316,246.93740
600.00000,0.05000,6.00000,3.00000,0.00000,0.03043,0.14078,246.93740,254.68753,0.03043,4253.00000,4441.00000,0.01158,246.93740
