"Omega","Tolerance","Step Size Rule","Iterations","Converged?","Gap LR","Gap Naive","Obj. Naive","Obj. LR","Gap","Time Naive","Time LR","Final Lambda","LB Heuristic"
600.00000,0.07000,1.00000,2.00000,0.00000,0.61563,1.00000,320.00089,12946.61352,0.61563,4231.00000,4274.00000,431.09091,4976.27405
600.00000,0.07000,2.00000,2.00000,0.00000,0.60960,1.00000,320.00089,12746.61352,0.60960,4231.00000,4243.00000,132.52776,4976.27405
600.00000,0.07000,3.00000,2.00000,0.00000,0.61563,1.00000,320.00089,12946.61352,0.61563,4231.00000,4246.00000,658.31091,4976.27405
600.00000,0.07000,4.00000,2.00000,0.00000,0.61563,1.00000,320.00089,12946.61352,0.61563,4231.00000,4247.00000,660.11243,4976.27405
600.00000,0.07000,5.00000,2.00000,0.00000,0.60651,1.00000,320.00089,12646.61352,0.60651,4231.00000,4240.00000,132.61736,4976.27405
600.00000,0.07000,6.00000,2.00000,0.00000,0.49160,1.00000,320.00089,9788.10178,0.49160,4231.00000,4225.00000,0.00000,4976.27405
