"Omega","Tolerance","Step Size Rule","Iterations","Converged?","Gap LR","Gap Naive","Obj. Naive","Obj. LR","Gap","Time Naive","Time LR","Final Lambda","LB Heuristic"
600.00000,0.07000,1.00000,2.00000,0.00000,0.04399,0.97802,320.00089,4026.94494,0.04399,4206.00000,2488.00000,453.13091,3849.80855
600.00000,0.07000,2.00000,3.00000,0.00000,0.55705,0.97802,320.00089,8691.34230,0.55705,4206.00000,2599.00000,127.12235,3849.80855
600.00000,0.07000,3.00000,3.00000,0.00000,0.55705,0.97802,320.00089,8691.34230,0.55705,4206.00000,4437.00000,488.11091,3849.80855
600.00000,0.07000,4.00000,3.00000,0.00000,0.56255,0.97802,320.00089,8800.47473,0.56255,4206.00000,4414.00000,465.12779,3849.80855
600.00000,0.07000,5.00000,3.00000,0.00000,0.56267,0.97802,320.00089,8803.04659,0.56267,4206.00000,2471.00000,124.36420,3849.80855
600.00000,0.07000,6.00000,3.00000,0.00000,0.55705,0.97802,320.00089,8691.34230,0.55705,4206.00000,4374.00000,15.07187,3849.80855
