,Omega,Tolerance,Step Size Rule,Iterations,Converged?,Gap LR,Gap Naive,Obj. Naive,Obj. LR (UB),"Obj. LR (LB),",Gap,Time Naive,Time LR,Final Lambda,LB Heuristic,BBP,Best iter,Lambda best iter,Gamma best iter,Obj. LR,Time,QP,IR,AP
0,900.0,0.01,1.0,2.0,0.0,0.47768,0.51655,4621.53601,9749.49964,4994.24264,0.47768,4202.0,4203.0,86.44028,5092.31575,0.0,1.0,96.88028,9.0,,,-4681.072,-5092.31575,-4528.38293
1,900.0,0.01,2.0,3.0,0.0,0.47768,0.51655,4621.53601,9749.49964,4994.24264,0.47768,4202.0,4217.0,0.0,5092.31575,0.0,1.0,96.88028,9.0,,,-4681.072,-5092.31575,-4528.38293
2,900.0,0.01,3.0,2.0,0.0,0.47768,0.51655,4621.53601,9749.49964,4994.24264,0.47768,4202.0,4205.0,756.13028,5092.31575,0.0,1.0,96.88028,9.0,,,-4681.072,-5092.31575,-4528.38293
3,900.0,0.01,4.0,2.0,0.0,0.47768,0.51655,4621.53601,9749.49964,4994.24264,0.47768,4202.0,4204.0,717.91242,5092.31575,0.0,1.0,96.88028,9.0,,,-4681.072,-5092.31575,-4528.38293
4,900.0,0.01,5.0,3.0,0.0,0.47768,0.51655,4621.53601,9749.49964,4994.24264,0.47768,4202.0,4218.0,50.0,5092.31575,0.0,1.0,96.88028,9.0,,,-4681.072,-5092.31575,-4528.38293
5,900.0,0.01,6.0,3.0,0.0,0.47768,0.51655,4621.53601,9749.49964,4994.24264,0.47768,4202.0,4217.0,0.0,5092.31575,0.0,1.0,96.88028,9.0,,,-4681.072,-5092.31575,-4528.38293
