Omega,Tolerance,Step Size Rule,Iterations,Converged?,Gap LR,Gap Naive,Obj. Naive,Obj. LR,Gap,Time Naive,Time LR,Final Lambda,LB Heuristic
900.0,0.07,1.0,1.0,1.0,0.0,1.0,239.78293,249.11872,0.0,4249.0,2119.0,0.30696,249.11872
900.0,0.07,2.0,1.0,1.0,0.0,1.0,239.78293,249.11872,0.0,4249.0,2118.0,0.30696,249.11872
900.0,0.07,3.0,1.0,1.0,0.0,1.0,239.78293,249.11872,0.0,4249.0,2119.0,0.30696,249.11872
900.0,0.07,4.0,1.0,1.0,0.0,1.0,239.78293,249.11872,0.0,4249.0,2121.0,0.30696,249.11872
900.0,0.07,5.0,1.0,1.0,0.0,1.0,239.78293,249.11872,0.0,4249.0,2123.0,0.30696,249.11872
900.0,0.07,6.0,1.0,1.0,0.0,1.0,239.78293,249.11872,0.0,4249.0,2131.0,0.30696,249.11872
