"Omega","Tolerance","Step Size Rule","Iterations","Converged?","Gap LR","Gap Naive","Obj. Naive","Obj. LR","Gap","Time Naive","Time LR","Final Lambda","LB Heuristic"
600.00000,0.03000,1.00000,2.00000,0.00000,0.16252,0.69563,3416.77152,4449.05444,0.16252,4205.00000,2413.00000,462.28468,3726.01533
600.00000,0.03000,2.00000,3.00000,0.00000,0.34029,0.69563,3416.77152,5647.96322,0.34029,4205.00000,2621.00000,124.74085,3726.01533
600.00000,0.03000,3.00000,3.00000,0.00000,0.34029,0.69563,3416.77152,5647.96322,0.34029,4205.00000,4414.00000,542.86468,3726.01533
600.00000,0.03000,4.00000,3.00000,0.00000,0.36960,0.69563,3416.77152,5910.52567,0.36960,4205.00000,4394.00000,519.30852,3726.01533
600.00000,0.03000,5.00000,3.00000,0.00000,0.38498,0.69563,3416.77152,6058.36511,0.38498,4205.00000,2450.00000,117.94717,3726.01533
600.00000,0.03000,6.00000,3.00000,0.00000,0.34029,0.69563,3416.77152,5647.96322,0.34029,4205.00000,4379.00000,11.51781,3726.01533
