"Omega","Tolerance","Step Size Rule","Iterations","Converged?","Gap LR","Gap Naive","Obj. Naive","Obj. LR","Gap","Time Naive","Time LR","Final Lambda","LB Heuristic"
600.00000,0.03000,1.00000,2.00000,0.00000,0.40937,0.62521,4319.80668,6417.10721,0.32683,4370.00000,4365.00000,462.28600,3790.12251
600.00000,0.03000,2.00000,2.00000,0.00000,0.39037,0.62521,4319.80668,6217.10721,0.30517,4370.00000,4375.00000,135.85328,3790.12251
600.00000,0.03000,3.00000,2.00000,0.00000,0.40937,0.62521,4319.80668,6417.10721,0.32683,4370.00000,4379.00000,703.66600,3790.12251
600.00000,0.03000,4.00000,2.00000,0.00000,0.40937,0.62521,4319.80668,6417.10721,0.32683,4370.00000,4376.00000,704.43807,3790.12251
600.00000,0.03000,5.00000,2.00000,0.00000,0.38041,0.62521,4319.80668,6117.10721,0.29382,4370.00000,4385.00000,135.93919,3790.12251
600.00000,0.03000,6.00000,2.00000,0.00000,0.40937,0.62521,4319.80668,6417.10721,0.32683,4370.00000,4272.00000,0.00000,3790.12251
