"Omega","Tolerance","Step Size Rule","Iterations","Converged?","Gap LR","Gap Naive","Obj. Naive","Obj. LR","Gap","Time Naive","Time LR","Final Lambda","LB Heuristic"
600.00000,0.03000,1.00000,2.00000,0.00000,0.36140,0.83884,1858.24134,6417.10721,0.36140,4237.00000,4250.00000,462.28600,4097.98301
600.00000,0.03000,2.00000,2.00000,0.00000,0.34085,0.83884,1858.24134,6217.10721,0.34085,4237.00000,4246.00000,135.85328,4097.98301
600.00000,0.03000,3.00000,2.00000,0.00000,0.36140,0.83884,1858.24134,6417.10721,0.36140,4237.00000,4253.00000,703.66600,4097.98301
600.00000,0.03000,4.00000,2.00000,0.00000,0.36140,0.83884,1858.24134,6417.10721,0.36140,4237.00000,4249.00000,704.43807,4097.98301
600.00000,0.03000,5.00000,2.00000,0.00000,0.33008,0.83884,1858.24134,6117.10721,0.33008,4237.00000,4242.00000,135.93919,4097.98301
600.00000,0.03000,6.00000,2.00000,0.00000,0.36140,0.83884,1858.24134,6417.10721,0.36140,4237.00000,4226.00000,0.00000,4097.98301
