"Omega","Tolerance","Step Size Rule","Iterations","Converged?","Gap LR","Gap Naive","Obj. Naive","Obj. LR","Gap","Time Naive","Time LR","Final Lambda","LB Heuristic"
100.00000,0.05000,1.00000,10.00000,0.00000,0.06497,0.00000,280.98160,299.91693,0.06314,1210.00000,735.00000,31.77650,280.43067
100.00000,0.05000,2.00000,10.00000,0.00000,0.05251,0.00000,280.98160,295.97071,0.05064,1210.00000,1471.00000,4.21053,280.43067
100.00000,0.05000,3.00000,10.00000,0.00000,0.06497,0.00000,280.98160,299.91693,0.06314,1210.00000,666.00000,78.72834,280.43067
100.00000,0.05000,4.00000,10.00000,0.00000,0.06497,0.00000,280.98160,299.91693,0.06314,1210.00000,691.00000,77.67151,280.43067
100.00000,0.05000,5.00000,10.00000,0.00000,0.03479,0.00000,280.98160,290.53877,0.03289,1210.00000,1299.00000,1.06140,280.43067
100.00000,0.05000,6.00000,10.00000,0.00000,0.03455,0.00000,280.98160,290.46523,0.03265,1210.00000,1986.00000,2.51125,280.43067
