Omega,Tolerance,Step Size Rule,Iterations,Converged?,Gap LR,Gap Naive,Obj. Naive,Obj. LR,Gap,Time Naive,Time LR,Final Lambda,LB Heuristic
100.0,0.05,1.0,2.0,0.0,0.58611,0.4123,6745.25847,10133.72314,0.33438,4201.0,3400.0,846.34696,4194.23487
100.0,0.05,2.0,2.0,0.0,0.64803,0.4123,6745.25847,11916.53033,0.43396,4201.0,3381.0,798.35748,4194.23487
100.0,0.05,3.0,2.0,0.0,0.59396,0.4123,6745.25847,10329.58108,0.347,4201.0,3398.0,885.39696,4194.23487
100.0,0.05,4.0,2.0,0.0,0.59396,0.4123,6745.25847,10329.58108,0.347,4201.0,3395.0,885.61142,4194.23487
100.0,0.05,5.0,2.0,0.0,0.64505,0.4123,6745.25847,11816.53033,0.42917,4201.0,3137.0,798.8838,4194.23487
100.0,0.05,6.0,2.0,0.0,0.60759,0.4123,6745.25847,10688.50692,0.36892,4201.0,3406.0,0.0,4194.23487
