"Omega","Tolerance","Step Size Rule","Iterations","Converged?","Gap LR","Gap Naive","Obj. Naive","Obj. LR","Gap","Time Naive","Time LR","Final Lambda","LB Heuristic"
100.00000,0.05000,1.00000,2.00000,0.00000,0.29112,0.41991,7176.06842,10101.79807,0.28962,4208.00000,4226.00000,846.34696,7160.94725
100.00000,0.05000,2.00000,2.00000,0.00000,0.30917,0.41991,7176.06842,10365.65826,0.30771,4208.00000,4223.00000,798.35748,7160.94725
100.00000,0.05000,3.00000,2.00000,0.00000,0.30528,0.41991,7176.06842,10307.65601,0.30381,4208.00000,4233.00000,885.39696,7160.94725
100.00000,0.05000,4.00000,2.00000,0.00000,0.30528,0.41991,7176.06842,10307.65601,0.30381,4208.00000,4230.00000,885.61142,7160.94725
100.00000,0.05000,5.00000,2.00000,0.00000,0.30244,0.41991,7176.06842,10265.65826,0.30096,4208.00000,4217.00000,798.88380,7160.94725
100.00000,0.05000,6.00000,2.00000,0.00000,0.29673,0.41991,7176.06842,10182.29945,0.29524,4208.00000,4213.00000,0.00000,7160.94725
