"Omega","Tolerance","Step Size Rule","Iterations","Converged?","Gap LR","Gap Naive","Obj. Naive","Obj. LR","Gap","Time Naive","Time LR","Final Lambda","LB Heuristic"
100.00000,0.05000,1.00000,2.00000,0.00000,0.34238,0.47766,6497.16467,10101.79807,0.34238,4207.00000,4222.00000,846.34696,6643.12589
100.00000,0.05000,2.00000,2.00000,0.00000,0.35912,0.47766,6497.16467,10365.65826,0.35912,4207.00000,4219.00000,798.35748,6643.12589
100.00000,0.05000,3.00000,2.00000,0.00000,0.35552,0.47766,6497.16467,10307.65601,0.35552,4207.00000,4234.00000,885.39696,6643.12589
100.00000,0.05000,4.00000,2.00000,0.00000,0.35552,0.47766,6497.16467,10307.65601,0.35552,4207.00000,4227.00000,885.61142,6643.12589
100.00000,0.05000,5.00000,2.00000,0.00000,0.35288,0.47766,6497.16467,10265.65826,0.35288,4207.00000,4236.00000,798.88380,6643.12589
100.00000,0.05000,6.00000,2.00000,0.00000,0.35195,0.47766,6497.16467,10250.88337,0.35195,4207.00000,4214.00000,0.00000,6643.12589
