Omega,Tolerance,Step Size Rule,Iterations,Converged?,Gap LR,Gap Naive,Obj. Naive,Obj. LR,Gap,Time Naive,Time LR,Final Lambda,LB Heuristic
100.0,0.03,1.0,10.0,0.0,0.01869,0.00393,277.5789,282.66218,0.01798,186.0,361.0,43.45281,277.37863
100.0,0.03,2.0,10.0,0.0,0.01869,0.00393,277.5789,282.66218,0.01798,186.0,836.0,0.0,277.37863
100.0,0.03,3.0,10.0,0.0,0.01869,0.00393,277.5789,282.66218,0.01798,186.0,333.0,63.5711,277.37863
100.0,0.03,4.0,10.0,0.0,0.01869,0.00393,277.5789,282.66218,0.01798,186.0,353.0,58.64768,277.37863
100.0,0.03,5.0,10.0,0.0,0.01869,0.00393,277.5789,282.66218,0.01798,186.0,611.0,1.99681,277.37863
100.0,0.03,6.0,10.0,0.0,0.01851,0.00393,277.5789,282.6105,0.0178,186.0,1112.0,2.59034,277.37863
,,,,,,,,,,,,,0.0
,,,,,,,,,,,,,-231.81277
