Omega,Tolerance,Step Size Rule,Iterations,Converged?,Gap LR,Gap Naive,Obj. Naive,Obj. LR (UB),"Obj. LR (LB),",Gap,Time Naive,Time LR,Final Lambda,LB Heuristic,BBP,Best iter,Lambda best iter,Gamma best iter
1500.0,0.05,1.0,10.0,0.0,0.15086,0.2025,229.32402,287.12043,244.13767,0.15086,4211.0,5576.0,478.5,243.80415,0.0,1.0,0.18227,73.0
1500.0,0.05,2.0,10.0,0.0,0.15086,0.2025,229.32402,287.12043,244.13767,0.15086,4211.0,6846.0,200.0,243.80415,0.0,1.0,0.18227,73.0
1500.0,0.05,3.0,10.0,0.0,0.15086,0.2025,229.32402,287.12043,244.13767,0.15086,4211.0,5554.0,839.2776,243.80415,0.0,1.0,0.18227,73.0
1500.0,0.05,4.0,10.0,0.0,0.15086,0.2025,229.32402,287.12043,244.13767,0.15086,4211.0,5559.0,759.08533,243.80415,0.0,1.0,0.18227,73.0
1500.0,0.05,5.0,10.0,0.0,0.15086,0.2025,229.32402,287.12043,244.13767,0.15086,4211.0,6777.0,0.0,243.80415,0.0,1.0,0.18227,73.0
1500.0,0.05,6.0,7.0,0.0,0.14642,0.2025,229.32402,285.62642,262.89777,0.14642,4211.0,51135.0,0.0,243.80415,0.0,5.0,0.20198,29.0
