,Omega,Tolerance,Step Size Rule,Iterations,Converged?,Gap LR,Gap Naive,Obj. Naive,Obj. LR,Gap,Time Naive,Time LR,Final Lambda,LB Heuristic,Heuristic Time,IR,AP
0,1500.0,0.05,1.0,1.0,1.0,0.0,0.2025,229.32402,243.80415,0.0,4211.0,2108.0,0.18227,243.80415,,0.0,0.0
1,1500.0,0.05,2.0,1.0,1.0,0.0,0.2025,229.32402,243.80415,0.0,4211.0,2108.0,0.18227,243.80415,,0.0,0.0
2,1500.0,0.05,3.0,1.0,1.0,0.0,0.2025,229.32402,243.80415,0.0,4211.0,2107.0,0.18227,243.80415,,0.0,0.0
3,1500.0,0.05,4.0,1.0,1.0,0.0,0.2025,229.32402,243.80415,0.0,4211.0,2108.0,0.18227,243.80415,,0.0,0.0
4,1500.0,0.05,5.0,1.0,1.0,0.0,0.2025,229.32402,243.80415,0.0,4211.0,2108.0,0.18227,243.80415,,0.0,0.0
5,1500.0,0.05,6.0,1.0,1.0,0.0,0.2025,229.32402,243.80415,0.0,4211.0,2108.0,0.18227,243.80415,68.0,0.0,0.0
