Omega,Tolerance,Step Size Rule,Iterations,Converged?,Gap LR,Gap Naive,Obj. Naive,Obj. LR (UB),"Obj. LR (LB),",Gap,Time Naive,Time LR,Final Lambda,LB Heuristic,BBP,Best iter,Lambda best iter,Gamma best iter
1500.0,0.05,1.0,1.0,1.0,0.15148,0.2025,229.32402,287.32729,243.80415,0.15148,4211.0,2108.0,0.18227,243.80415,1.0,1.0,0.18227,0.0
1500.0,0.05,2.0,1.0,1.0,0.15148,0.2025,229.32402,287.32729,243.80415,0.15148,4211.0,2108.0,0.18227,243.80415,1.0,1.0,0.18227,0.0
1500.0,0.05,3.0,1.0,1.0,0.15148,0.2025,229.32402,287.32729,243.80415,0.15148,4211.0,2108.0,0.18227,243.80415,1.0,1.0,0.18227,0.0
1500.0,0.05,4.0,1.0,1.0,0.15148,0.2025,229.32402,287.32729,243.80415,0.15148,4211.0,2108.0,0.18227,243.80415,1.0,1.0,0.18227,0.0
1500.0,0.05,5.0,1.0,1.0,0.15148,0.2025,229.32402,287.32729,243.80415,0.15148,4211.0,2109.0,0.18227,243.80415,1.0,1.0,0.18227,0.0
1500.0,0.05,6.0,1.0,1.0,0.15148,0.2025,229.32402,287.32729,243.80415,0.15148,4211.0,2108.0,0.18227,243.80415,1.0,1.0,0.18227,0.0
