Omega,Tolerance,Step Size Rule,Iterations,Converged?,Gap LR,Gap Naive,Obj. Naive,Obj. LR,Gap,Time Naive,Time LR,Final Lambda,LB Heuristic
900.0,0.03,1.0,10.0,0.0,0.03152,1.0,227.05469,255.02936,0.03152,4253.0,2256.0,381.06,246.99027
900.0,0.03,2.0,3.0,0.0,0.03152,1.0,227.05469,255.02936,0.03152,4253.0,2942.0,0.45819,246.99027
900.0,0.03,3.0,10.0,0.0,0.03152,1.0,227.05469,255.02936,0.03152,4253.0,2248.0,572.13994,246.99027
900.0,0.03,4.0,10.0,0.0,0.03152,1.0,227.05469,255.02936,0.03152,4253.0,2256.0,527.82916,246.99027
900.0,0.03,5.0,3.0,0.0,0.03152,1.0,227.05469,255.02936,0.03152,4253.0,3222.0,0.28637,246.99027
900.0,0.03,6.0,3.0,0.0,0.03152,1.0,227.05469,255.02936,0.03152,4253.0,4274.0,0.07341,246.99027
,,,,,,,,,,,,,0.0
,,,,,,,,,,,,,0.0
