"Omega","Tolerance","Step Size Rule","Iterations","Converged?","Gap LR","Gap Naive","Obj. Naive","Obj. LR","Gap","Time Naive","Time LR","Final Lambda","LB Heuristic"
900.00000,0.03000,1.00000,1.00000,1.00000,0.00000,0.11827,246.99027,246.99027,0.00000,4291.00000,2174.00000,0.38246,246.99027
900.00000,0.03000,2.00000,1.00000,1.00000,0.00000,0.11827,246.99027,246.99027,0.00000,4291.00000,2167.00000,0.38246,246.99027
900.00000,0.03000,3.00000,1.00000,1.00000,0.00000,0.11827,246.99027,246.99027,0.00000,4291.00000,2171.00000,0.38246,246.99027
900.00000,0.03000,4.00000,1.00000,1.00000,0.00000,0.11827,246.99027,246.99027,0.00000,4291.00000,2166.00000,0.38246,246.99027
900.00000,0.03000,5.00000,1.00000,1.00000,0.00000,0.11827,246.99027,246.99027,0.00000,4291.00000,2159.00000,0.38246,246.99027
900.00000,0.03000,6.00000,1.00000,1.00000,0.00000,0.11827,246.99027,246.99027,0.00000,4291.00000,2148.00000,0.38246,246.99027
