"Omega","Tolerance","Step Size Rule","Iterations","Converged?","Gap LR","Gap Naive","Obj. Naive","Obj. LR","Gap","Time Naive","Time LR","Final Lambda","LB Heuristic"
900.00000,0.01000,1.00000,2.00000,0.00000,0.03037,0.09636,240.83862,248.38182,0.03037,4289.00000,4260.00000,516.78000,240.83862
900.00000,0.01000,2.00000,2.00000,0.00000,0.03037,0.09636,240.83862,248.38182,0.03037,4289.00000,3867.00000,0.22447,240.83862
900.00000,0.01000,3.00000,2.00000,0.00000,0.03037,0.09636,240.83862,248.38182,0.03037,4289.00000,3840.00000,668.25000,240.83862
900.00000,0.01000,4.00000,2.00000,0.00000,0.03037,0.09636,240.83862,248.38182,0.03037,4289.00000,2853.00000,630.03214,240.83862
900.00000,0.01000,5.00000,2.00000,0.00000,0.03171,0.09636,240.83862,248.72468,0.03171,4289.00000,2503.00000,0.16835,240.83862
900.00000,0.01000,6.00000,3.00000,0.00000,0.03161,0.09636,240.83862,248.70121,0.03161,4289.00000,4327.00000,0.00000,240.83862
