"Omega","Tolerance","Step Size Rule","Iterations","Converged?","Gap LR","Gap Naive","Obj. Naive","Obj. LR","Gap","Time Naive","Time LR","Final Lambda","LB Heuristic"
600.00000,0.03000,1.00000,2.00000,0.00000,0.03705,0.12129,245.75789,255.21324,0.03705,4249.00000,2990.00000,337.56000,245.75789
600.00000,0.03000,2.00000,2.00000,0.00000,0.03705,0.12129,245.75789,255.21324,0.03705,4249.00000,2927.00000,0.34364,245.75789
600.00000,0.03000,3.00000,2.00000,0.00000,0.03705,0.12129,245.75789,255.21324,0.03705,4249.00000,2972.00000,436.50000,245.75789
600.00000,0.03000,4.00000,2.00000,0.00000,0.03705,0.12129,245.75789,255.21324,0.03705,4249.00000,2878.00000,411.53615,245.75789
600.00000,0.03000,5.00000,2.00000,0.00000,0.03705,0.12129,245.75789,255.21324,0.03705,4249.00000,2501.00000,0.25773,245.75789
600.00000,0.03000,6.00000,2.00000,0.00000,0.03992,0.12129,245.75789,255.97780,0.03992,4249.00000,2411.00000,0.94248,245.75789
