Omega,Tolerance,Step Size Rule,Iterations,Converged?,Gap LR,Gap Naive,Obj. Naive,Obj. LR,Gap,Time Naive,Time LR,Final Lambda,LB Heuristic
900.0,0.03,1.0,2.0,0.0,0.42764,0.78338,1959.33647,6571.34929,0.42764,4204.0,4202.0,580.63694,3761.19004
900.0,0.03,2.0,2.0,0.0,0.40967,0.78338,1959.33647,6371.34929,0.40967,4204.0,4202.0,90.41513,3761.19004
900.0,0.03,3.0,2.0,0.0,0.42764,0.78338,1959.33647,6571.34929,0.42764,4204.0,4202.0,942.70694,3761.19004
900.0,0.03,4.0,2.0,0.0,0.42764,0.78338,1959.33647,6571.34929,0.42764,4204.0,4202.0,943.86506,3761.19004
900.0,0.03,5.0,2.0,0.0,0.40026,0.60057,4488.34966,6271.34929,0.28431,4203.0,4220.0,90.4724,3761.19004
900.0,0.03,6.0,2.0,0.0,0.42764,0.60057,4488.34966,6571.34929,0.31698,4203.0,4202.0,0.0,3761.19004
