"Omega","Tolerance","Step Size Rule","Iterations","Converged?","Gap LR","Gap Naive","Obj. Naive","Obj. LR","Gap","Time Naive","Time LR","Final Lambda","LB Heuristic"
900.00000,0.03000,1.00000,1.00000,1.00000,0.00000,0.12077,245.89224,245.89224,0.00000,4292.00000,2176.00000,0.39529,245.89224
900.00000,0.03000,2.00000,1.00000,1.00000,0.00000,0.12077,245.89224,245.89224,0.00000,4292.00000,2167.00000,0.39529,245.89224
900.00000,0.03000,3.00000,1.00000,1.00000,0.00000,0.12077,245.89224,245.89224,0.00000,4292.00000,2164.00000,0.39529,245.89224
900.00000,0.03000,4.00000,1.00000,1.00000,0.00000,0.12077,245.89224,245.89224,0.00000,4292.00000,2160.00000,0.39529,245.89224
900.00000,0.03000,5.00000,1.00000,1.00000,0.00000,0.12077,245.89224,245.89224,0.00000,4292.00000,2164.00000,0.39529,245.89224
900.00000,0.03000,6.00000,1.00000,1.00000,0.00000,0.12077,245.89224,245.89224,0.00000,4292.00000,2153.00000,0.39529,245.89224
