Omega,Tolerance,Step Size Rule,Iterations,Converged?,Gap LR,Gap Naive,Obj. Naive,Obj. LR (UB),"Obj. LR (LB),",Gap,Time Naive,Time LR,Final Lambda,LB Heuristic,BBP,Best iter,Lambda best iter,Gamma best iter
900.0,0.05,1.0,2.0,0.0,0.5708,0.66478,4327.06057,13090.48223,10658.68473,0.5708,4202.0,4212.0,557.86023,5618.44558,0.0,1.0,88.06023,-855.0
900.0,0.05,2.0,2.0,0.0,0.5708,0.66478,4327.06057,13090.48223,10658.68473,0.5708,4202.0,4205.0,88.06023,5618.44558,0.0,1.0,88.06023,-855.0
900.0,0.05,3.0,2.0,0.0,0.5708,0.66478,4327.06057,13090.48223,10658.68473,0.5708,4202.0,4204.0,909.31023,5618.44558,0.0,1.0,88.06023,-855.0
900.0,0.05,4.0,2.0,0.0,0.5708,0.66478,4327.06057,13090.48223,10658.68473,0.5708,4202.0,4205.0,911.24043,5618.44558,0.0,1.0,88.06023,-855.0
900.0,0.05,5.0,2.0,0.0,0.5708,0.66478,4327.06057,13090.48223,10658.68473,0.5708,4202.0,4205.0,238.06023,5618.44558,0.0,1.0,88.06023,-855.0
900.0,0.05,6.0,2.0,0.0,0.5708,0.66478,4327.06057,13090.48223,10658.68473,0.5708,4202.0,4203.0,0.0,5618.44558,0.0,1.0,88.06023,-855.0
