Omega,Tolerance,Step Size Rule,Iterations,Converged?,Gap LR,Gap Naive,Obj. Naive,Obj. LR,Gap,Time Naive,Time LR,Final Lambda,LB Heuristic
900.0,0.03,1.0,2.0,0.0,0.47806,0.79941,1839.18546,7061.68119,0.47806,4203.0,4203.0,580.15109,3685.78298
900.0,0.03,2.0,2.0,0.0,0.46285,0.79941,1839.18546,6861.68119,0.46285,4203.0,4203.0,89.92928,3685.78298
900.0,0.03,3.0,2.0,0.0,0.47806,0.79941,1839.18546,7061.68119,0.47806,4203.0,4202.0,942.22109,3685.78298
900.0,0.03,4.0,2.0,0.0,0.47806,0.79941,1839.18546,7061.68119,0.47806,4203.0,4203.0,943.37921,3685.78298
900.0,0.03,5.0,2.0,0.0,0.4549,0.62129,4273.50026,6761.68119,0.36798,4202.0,4202.0,89.98655,3685.78298
900.0,0.03,6.0,2.0,0.0,0.47526,0.62129,4273.50026,7023.98513,0.39158,4202.0,4234.0,0.0,3685.78298
