Omega,Tolerance,Step Size Rule,Iterations,Converged?,Gap LR,Gap Naive,Obj. Naive,Obj. LR,Gap,Time Naive,Time LR,Final Lambda,LB Heuristic
900.0,0.05,1.0,2.0,0.0,0.63124,0.66478,4327.06057,10658.68473,0.59403,4202.0,4209.0,557.86023,3930.49487
900.0,0.05,2.0,2.0,0.0,0.62419,0.66478,4327.06057,10458.68473,0.58627,4202.0,4202.0,88.52807,3930.49487
900.0,0.05,3.0,2.0,0.0,0.63124,0.66478,4327.06057,10658.68473,0.59403,4202.0,4204.0,909.31023,3930.49487
900.0,0.05,4.0,2.0,0.0,0.63124,0.66478,4327.06057,10658.68473,0.59403,4202.0,4204.0,911.24043,3930.49487
900.0,0.05,5.0,2.0,0.0,0.62056,0.66478,4327.06057,10358.68473,0.58228,4202.0,4204.0,88.58655,3930.49487
900.0,0.05,6.0,2.0,0.0,0.5645,0.66478,4327.06057,9025.23297,0.52056,4202.0,4202.0,0.0,3930.49487
,,,,,,,,,,,,,5618.44059
,,,,,,,,,,,,,5193.8416
