Omega,Tolerance,Step Size Rule,Iterations,Converged?,Gap LR,Gap Naive,Obj. Naive,Obj. LR,Gap,Time Naive,Time LR,Final Lambda,LB Heuristic
600.0,0.05,1.0,10.0,0.0,0.05171,0.20186,226.73808,259.62535,0.05171,4238.0,2204.0,191.4,246.19984
600.0,0.05,2.0,3.0,0.0,0.05171,0.20186,226.73808,259.62535,0.05171,4238.0,2530.0,0.70175,246.19984
600.0,0.05,3.0,10.0,0.0,0.05171,0.20186,226.73808,259.62535,0.05171,4238.0,2201.0,335.71104,246.19984
600.0,0.05,4.0,10.0,0.0,0.05171,0.20186,226.73808,259.62535,0.05171,4238.0,2205.0,303.63413,246.19984
600.0,0.05,5.0,3.0,0.0,0.05171,0.20186,226.73808,259.62535,0.05171,4238.0,2361.0,0.4386,246.19984
600.0,0.05,6.0,3.0,0.0,0.05171,0.20186,226.73808,259.62535,0.05171,4238.0,4246.0,0.12608,246.19984
,,,,,,,,,,,,,0.0
,,,,,,,,,,,,,0.0
