Omega,Tolerance,Step Size Rule,Iterations,Converged?,Gap LR,Gap Naive,Obj. Naive,Obj. LR,Gap,Time Naive,Time LR,Final Lambda,LB Heuristic
600.0,0.05,1.0,10.0,0.0,0.05171,0.20186,226.73808,259.62535,0.05171,4238.0,2182.0,191.4,246.19984
600.0,0.05,2.0,7.0,0.0,0.05171,0.20186,226.73808,259.62535,0.05171,4238.0,7733.0,0.0,246.19984
600.0,0.05,3.0,10.0,0.0,0.05171,0.20186,226.73808,259.62535,0.05171,4238.0,2189.0,335.71104,246.19984
600.0,0.05,4.0,10.0,0.0,0.05171,0.20186,226.73808,259.62535,0.05171,4238.0,2190.0,303.63413,246.19984
600.0,0.05,5.0,5.0,0.0,0.05171,0.20186,226.73808,259.62535,0.05171,4238.0,6533.0,0.0,246.19984
600.0,0.05,6.0,5.0,0.0,0.05171,0.20186,226.73808,259.62535,0.05171,4238.0,6414.0,0.0572,246.19984
