Omega,Tolerance,Step Size Rule,Iterations,Converged?,Gap LR,Gap Naive,Obj. Naive,Obj. LR (UB),"Obj. LR (LB),",Gap,Time Naive,Time LR,Final Lambda,LB Heuristic,BBP,Best iter,Lambda best iter,Gamma best iter
600.0,0.05,1.0,10.0,0.0,0.12888,0.20186,226.73808,282.62367,259.62535,0.12888,4238.0,2194.0,191.4,246.19984,0.0,1.0,0.4612,12.0
600.0,0.05,2.0,10.0,0.0,0.12888,0.20186,226.73808,282.62367,259.62535,0.12888,4238.0,2290.0,200.0,246.19984,0.0,1.0,0.4612,12.0
600.0,0.05,3.0,10.0,0.0,0.12888,0.20186,226.73808,282.62367,259.62535,0.12888,4238.0,2194.0,335.71104,246.19984,0.0,1.0,0.4612,12.0
600.0,0.05,4.0,10.0,0.0,0.12888,0.20186,226.73808,282.62367,259.62535,0.12888,4238.0,2193.0,303.63413,246.19984,0.0,1.0,0.4612,12.0
600.0,0.05,5.0,10.0,0.0,0.12888,0.20186,226.73808,282.62367,259.62535,0.12888,4238.0,2452.0,0.0,246.19984,0.0,1.0,0.4612,12.0
600.0,0.05,6.0,3.0,0.0,0.12546,0.20186,226.73808,281.52025,270.64974,0.12546,4238.0,4242.0,0.0,246.19984,0.0,3.0,0.99236,24.0
