Omega,Tolerance,Step Size Rule,Iterations,Converged?,Gap LR,Gap Naive,Obj. Naive,Obj. LR (UB),"Obj. LR (LB),",Gap,Time Naive,Time LR,Final Lambda,LB Heuristic,BBP,Best iter,Lambda best iter,Gamma best iter
600.0,0.05,1.0,10.0,0.0,0.12568,0.20186,226.73808,281.59052,259.62535,0.12568,4238.0,5068.0,191.4,246.19984,0.0,1.0,0.4612,12.0
600.0,0.05,2.0,10.0,0.0,0.12568,0.20186,226.73808,281.59052,259.62535,0.12568,4238.0,5254.0,200.0,246.19984,0.0,1.0,0.4612,12.0
600.0,0.05,3.0,10.0,0.0,0.12568,0.20186,226.73808,281.59052,259.62535,0.12568,4238.0,5073.0,335.71104,246.19984,0.0,1.0,0.4612,12.0
600.0,0.05,4.0,10.0,0.0,0.12568,0.20186,226.73808,281.59052,259.62535,0.12568,4238.0,5071.0,303.63413,246.19984,0.0,1.0,0.4612,12.0
600.0,0.05,5.0,10.0,0.0,0.12568,0.20186,226.73808,281.59052,259.62535,0.12568,4238.0,5323.0,0.0,246.19984,0.0,1.0,0.4612,12.0
600.0,0.05,6.0,10.0,0.0,0.09407,0.20186,226.73808,271.76381,271.76381,0.09407,4238.0,28237.0,0.35663,246.19984,0.0,3.0,0.99236,21.0
