Omega,Tolerance,Step Size Rule,Iterations,Converged?,Gap LR,Gap Naive,Obj. Naive,Obj. LR,Gap,Time Naive,Time LR,Final Lambda,LB Heuristic
600.0,0.05,1.0,1.0,1.0,0.0,0.20186,226.73808,246.19984,0.0,4238.0,2136.0,0.4612,246.19984
600.0,0.05,2.0,1.0,1.0,0.0,0.20186,226.73808,246.19984,0.0,4238.0,2139.0,0.4612,246.19984
600.0,0.05,3.0,1.0,1.0,0.0,0.20186,226.73808,246.19984,0.0,4238.0,2136.0,0.4612,246.19984
600.0,0.05,4.0,1.0,1.0,0.0,0.20186,226.73808,246.19984,0.0,4238.0,2135.0,0.4612,246.19984
600.0,0.05,5.0,1.0,1.0,0.0,0.20186,226.73808,246.19984,0.0,4238.0,2141.0,0.4612,246.19984
600.0,0.05,6.0,1.0,1.0,0.0,0.20186,226.73808,246.19984,0.0,4238.0,2134.0,0.4612,246.19984
