Omega,Tolerance,Step Size Rule,Iterations,Converged?,Gap LR,Gap Naive,Obj. Naive,Obj. LR,Gap,Time Naive,Time LR,Final Lambda,LB Heuristic,Heuristic Time
1500.0,0.03,1.0,2.0,0.0,0.02729,0.14225,239.84553,252.29914,0.02729,4210.0,2376.0,843.9,245.41372,
1500.0,0.03,2.0,2.0,0.0,0.02729,0.14225,239.84553,252.29914,0.02729,4210.0,2373.0,0.13746,245.41372,
1500.0,0.03,3.0,2.0,0.0,0.02729,0.14225,239.84553,252.29914,0.02729,4210.0,2375.0,1091.25,245.41372,
1500.0,0.03,4.0,2.0,0.0,0.02729,0.14225,239.84553,252.29914,0.02729,4210.0,2377.0,1028.84037,245.41372,
1500.0,0.03,5.0,2.0,0.0,0.02729,0.14225,239.84553,252.29914,0.02729,4210.0,2375.0,0.10309,245.41372,
1500.0,0.03,6.0,2.0,0.0,0.02729,0.14225,239.84553,252.29914,0.02729,4210.0,2370.0,0.37685,245.41372,57.0
,,,,,,,,,,,,,0.0,
,,,,,,,,,,,,,0.0,
