Omega,Tolerance,Step Size Rule,Iterations,Converged?,Gap LR,Gap Naive,Obj. Naive,Obj. LR (UB),"Obj. LR (LB),",Gap,Time Naive,Time LR,Final Lambda,LB Heuristic,BBP,Best iter,Lambda best iter,Gamma best iter
1500.0,0.05,1.0,2.0,0.0,0.1565,0.1568,242.23805,287.50828,250.03932,0.1565,4210.0,2557.0,826.5,242.51345,0.0,1.0,0.18167,75.0
1500.0,0.05,2.0,2.0,0.0,0.1565,0.1568,242.23805,287.50828,250.03932,0.1565,4210.0,2588.0,200.0,242.51345,0.0,1.0,0.18167,75.0
1500.0,0.05,3.0,2.0,0.0,0.1565,0.1568,242.23805,287.50828,250.03932,0.1565,4210.0,2550.0,1068.75,242.51345,0.0,1.0,0.18167,75.0
1500.0,0.05,4.0,2.0,0.0,0.1565,0.1568,242.23805,287.50828,250.03932,0.1565,4210.0,2553.0,1007.62716,242.51345,0.0,1.0,0.18167,75.0
1500.0,0.05,5.0,2.0,0.0,0.1565,0.1568,242.23805,287.50828,250.03932,0.1565,4210.0,2587.0,150.0,242.51345,0.0,1.0,0.18167,75.0
1500.0,0.05,6.0,2.0,0.0,0.1565,0.1568,242.23805,287.50828,250.03932,0.1565,4210.0,2597.0,0.40525,242.51345,0.0,1.0,0.18167,75.0
