Omega,Tolerance,Step Size Rule,Iterations,Converged?,Gap LR,Gap Naive,Obj. Naive,Obj. LR (UB),"Obj. LR (LB),",Gap,Time Naive,Time LR,Final Lambda,LB Heuristic,BBP,Best iter,Lambda best iter,Gamma best iter
1500.0,0.05,1.0,10.0,0.0,0.15541,0.1568,242.23805,287.13734,250.03932,0.15541,4210.0,5611.0,478.5,242.51345,0.0,1.0,0.18167,75.0
1500.0,0.05,2.0,10.0,0.0,0.15541,0.1568,242.23805,287.13734,250.03932,0.15541,4210.0,7093.0,200.0,242.51345,0.0,1.0,0.18167,75.0
1500.0,0.05,3.0,10.0,0.0,0.15541,0.1568,242.23805,287.13734,250.03932,0.15541,4210.0,5608.0,839.2776,242.51345,0.0,1.0,0.18167,75.0
1500.0,0.05,4.0,10.0,0.0,0.15541,0.1568,242.23805,287.13734,250.03932,0.15541,4210.0,5601.0,759.08533,242.51345,0.0,1.0,0.18167,75.0
1500.0,0.05,5.0,10.0,0.0,0.15541,0.1568,242.23805,287.13734,250.03932,0.15541,4210.0,6953.0,0.0,242.51345,0.0,1.0,0.18167,75.0
1500.0,0.05,6.0,7.0,0.0,0.15013,0.1568,242.23805,285.35265,262.56427,0.15013,4210.0,51671.0,0.0,242.51345,0.0,5.0,0.20263,48.0
