,Omega,Tolerance,Step Size Rule,Iterations,Converged?,Gap LR,Gap Naive,Obj. Naive,Obj. LR,Gap,Time Naive,Time LR,Final Lambda,LB Heuristic,Heuristic Time,IR,AP
0,1500.0,0.05,1.0,2.0,0.0,0.0301,0.1568,242.23805,250.03932,0.0301,4210.0,2538.0,826.5,242.51345,,-253.5734,0.0
1,1500.0,0.05,2.0,2.0,0.0,0.0301,0.1568,242.23805,250.03932,0.0301,4210.0,2540.0,200.0,242.51345,,-253.5734,0.0
2,1500.0,0.05,3.0,2.0,0.0,0.0301,0.1568,242.23805,250.03932,0.0301,4210.0,2539.0,1068.75,242.51345,,-253.5734,0.0
3,1500.0,0.05,4.0,2.0,0.0,0.0301,0.1568,242.23805,250.03932,0.0301,4210.0,2538.0,1007.62716,242.51345,,-253.5734,0.0
4,1500.0,0.05,5.0,2.0,0.0,0.0301,0.1568,242.23805,250.03932,0.0301,4210.0,2537.0,150.0,242.51345,,-253.5734,0.0
5,1500.0,0.05,6.0,2.0,0.0,0.0301,0.1568,242.23805,250.03932,0.0301,4210.0,2561.0,0.40525,242.51345,64.0,-253.5734,0.0
