"Omega","Tolerance","Step Size Rule","Iterations","Converged?","Gap LR","Gap Naive","Obj. Naive","Obj. LR","Gap","Time Naive","Time LR","Final Lambda","LB Heuristic"
600.00000,0.03000,1.00000,2.00000,0.00000,0.36115,0.83991,1830.57514,7126.84605,0.36115,4284.00000,4300.00000,461.06522,4553.01665
600.00000,0.03000,2.00000,2.00000,0.00000,0.34270,0.83991,1830.57514,6926.84605,0.34270,4284.00000,4295.00000,134.63251,4553.01665
600.00000,0.03000,3.00000,2.00000,0.00000,0.36115,0.83991,1830.57514,7126.84605,0.36115,4284.00000,4312.00000,702.44522,4553.01665
600.00000,0.03000,4.00000,2.00000,0.00000,0.36115,0.83991,1830.57514,7126.84605,0.36115,4284.00000,4329.00000,703.21730,4553.01665
600.00000,0.03000,5.00000,2.00000,0.00000,0.33307,0.83991,1830.57514,6826.84605,0.33307,4284.00000,4295.00000,134.71842,4553.01665
600.00000,0.03000,6.00000,2.00000,0.00000,0.21314,0.83991,1830.57514,5786.29260,0.21314,4284.00000,4249.00000,5.75933,4553.01665
