"Omega","Tolerance","Step Size Rule","Iterations","Converged?","Gap LR","Gap Naive","Obj. Naive","Obj. LR","Gap","Time Naive","Time LR","Final Lambda","LB Heuristic"
600.00000,0.03000,1.00000,2.00000,0.00000,0.41761,0.97019,341.70141,7126.84605,0.41761,4234.00000,4247.00000,461.06522,4150.63415
600.00000,0.03000,2.00000,2.00000,0.00000,0.40079,0.97019,341.70141,6926.84605,0.40079,4234.00000,4246.00000,134.63251,4150.63415
600.00000,0.03000,3.00000,2.00000,0.00000,0.41761,0.97019,341.70141,7126.84605,0.41761,4234.00000,4250.00000,702.44522,4150.63415
600.00000,0.03000,4.00000,2.00000,0.00000,0.41761,0.97019,341.70141,7126.84605,0.41761,4234.00000,4259.00000,703.21730,4150.63415
600.00000,0.03000,5.00000,2.00000,0.00000,0.39201,0.97019,341.70141,6826.84605,0.39201,4234.00000,4245.00000,134.71842,4150.63415
600.00000,0.03000,6.00000,2.00000,0.00000,0.33092,0.97019,341.70141,6203.50637,0.33092,4234.00000,4226.00000,0.00000,4150.63415
