"Omega","Tolerance","Step Size Rule","Iterations","Converged?","Gap LR","Gap Naive","Obj. Naive","Obj. LR","Gap","Time Naive","Time LR","Final Lambda","LB Heuristic"
600.00000,0.03000,1.00000,2.00000,0.00000,0.14502,0.95214,533.44338,4684.60533,0.14502,4205.00000,4214.00000,125.24522,4005.25669
600.00000,0.03000,2.00000,3.00000,0.00000,0.29723,0.95214,533.44338,5699.28051,0.29723,4205.00000,2556.00000,123.52140,4005.25669
600.00000,0.03000,3.00000,3.00000,0.00000,0.31078,0.95214,533.44338,5811.27611,0.31078,4205.00000,4398.00000,544.64522,4005.25669
600.00000,0.03000,4.00000,3.00000,0.00000,0.32064,0.95214,533.44338,5895.59264,0.32064,4205.00000,4379.00000,520.08906,4005.25669
600.00000,0.03000,5.00000,3.00000,0.00000,0.33439,0.95214,533.44338,6017.38926,0.33439,4205.00000,2410.00000,115.62478,4005.25669
600.00000,0.03000,6.00000,3.00000,0.00000,0.33489,0.95214,533.44338,6021.91549,0.33489,4205.00000,4360.00000,14.25295,4005.25669
