"Omega","Tolerance","Step Size Rule","Iterations","Converged?","Gap LR","Gap Naive","Obj. Naive","Obj. LR","Gap","Time Naive","Time LR","Final Lambda","LB Heuristic"
100.00000,0.03000,1.00000,10.00000,0.00000,0.01273,0.00000,277.70031,281.27975,0.01273,403.00000,587.00000,43.99623,277.70031
100.00000,0.03000,2.00000,10.00000,0.00000,0.01273,0.00000,277.70031,281.27975,0.01273,403.00000,1719.00000,0.00000,277.70031
100.00000,0.03000,3.00000,10.00000,0.00000,0.01273,0.00000,277.70031,281.27975,0.01273,403.00000,900.00000,64.38733,277.70031
100.00000,0.03000,4.00000,10.00000,0.00000,0.01273,0.00000,277.70031,281.27975,0.01273,403.00000,876.00000,59.46391,277.70031
100.00000,0.03000,5.00000,10.00000,0.00000,0.01273,0.00000,277.70031,281.27975,0.01273,403.00000,1252.00000,1.99681,277.70031
100.00000,0.03000,6.00000,10.00000,0.00000,0.01273,0.00000,277.70031,281.27975,0.01273,403.00000,1702.00000,2.65065,277.70031
