"Omega","Tolerance","Step Size Rule","Iterations","Converged?","Gap LR","Gap Naive","Obj. Naive","Obj. LR","Gap","Time Naive","Time LR","Final Lambda","LB Heuristic"
600.00000,0.05000,1.00000,3.00000,0.00000,0.31998,0.98058,251.06710,5171.58119,0.31998,4207.00000,4414.00000,428.39634,3516.79413
600.00000,0.05000,2.00000,3.00000,0.00000,0.48576,0.98058,251.06710,6838.75335,0.48576,4207.00000,2517.00000,124.71809,3516.79413
600.00000,0.05000,3.00000,3.00000,0.00000,0.49434,0.98058,251.06710,6954.87499,0.49434,4207.00000,4370.00000,518.51634,3516.79413
600.00000,0.05000,4.00000,3.00000,0.00000,0.52779,0.98058,251.06710,7447.59266,0.52779,4207.00000,4370.00000,491.74669,3516.79413
600.00000,0.05000,5.00000,3.00000,0.00000,0.52189,0.98058,251.06710,7355.63036,0.52189,4207.00000,2436.00000,120.91647,3516.79413
600.00000,0.05000,6.00000,3.00000,0.00000,0.52835,0.98058,251.06710,7456.42196,0.52835,4207.00000,4358.00000,7.35950,3516.79413
