"Omega","Tolerance","Step Size Rule","Iterations","Converged?","Gap LR","Gap Naive","Obj. Naive","Obj. LR","Gap","Time Naive","Time LR","Final Lambda","LB Heuristic"
600.00000,0.05000,1.00000,2.00000,0.00000,0.56517,1.00000,251.06710,10637.73166,0.56517,4231.00000,4266.00000,445.21634,4625.61694
600.00000,0.05000,2.00000,2.00000,0.00000,0.55684,1.00000,251.06710,10437.73166,0.55684,4231.00000,4244.00000,132.71809,4625.61694
600.00000,0.05000,3.00000,2.00000,0.00000,0.56517,1.00000,251.06710,10637.73166,0.56517,4231.00000,4251.00000,679.51634,4625.61694
600.00000,0.05000,4.00000,2.00000,0.00000,0.56517,1.00000,251.06710,10637.73166,0.56517,4231.00000,4246.00000,680.80313,4625.61694
600.00000,0.05000,5.00000,2.00000,0.00000,0.55255,1.00000,251.06710,10337.73166,0.55255,4231.00000,4244.00000,132.80581,4625.61694
600.00000,0.05000,6.00000,2.00000,0.00000,0.37388,1.00000,251.06710,7387.70721,0.37388,4231.00000,4224.00000,0.00000,4625.61694
