"Omega","Tolerance","Step Size Rule","Iterations","Converged?","Gap LR","Gap Naive","Obj. Naive","Obj. LR","Gap","Time Naive","Time LR","Final Lambda","LB Heuristic"
600.00000,0.03000,1.00000,2.00000,0.00000,0.29885,0.97690,259.95375,5648.01826,0.29885,4206.00000,2499.00000,466.03074,3960.12134
600.00000,0.03000,2.00000,3.00000,0.00000,0.35711,0.97690,259.95375,6159.88897,0.35711,4206.00000,2571.00000,123.77332,3960.12134
600.00000,0.03000,3.00000,3.00000,0.00000,0.35711,0.97690,259.95375,6159.88897,0.35711,4206.00000,4404.00000,543.55074,3960.12134
600.00000,0.03000,4.00000,3.00000,0.00000,0.33491,0.97690,259.95375,5954.23436,0.33491,4206.00000,4392.00000,521.14928,3960.12134
600.00000,0.03000,5.00000,3.00000,0.00000,0.36138,0.97690,259.95375,6201.03203,0.36138,4206.00000,2474.00000,117.63324,3960.12134
600.00000,0.03000,6.00000,3.00000,0.00000,0.35711,0.97690,259.95375,6159.88897,0.35711,4206.00000,4369.00000,7.26494,3960.12134
