"Omega","Tolerance","Step Size Rule","Iterations","Converged?","Gap LR","Gap Naive","Obj. Naive","Obj. LR","Gap","Time Naive","Time LR","Final Lambda","LB Heuristic"
600.00000,0.03000,1.00000,2.00000,0.00000,0.32031,0.87803,1414.72091,6594.44100,0.32031,4232.00000,4254.00000,461.97074,4482.15164
600.00000,0.03000,2.00000,2.00000,0.00000,0.29905,0.87803,1414.72091,6394.44100,0.29905,4232.00000,4245.00000,135.53803,4482.15164
600.00000,0.03000,3.00000,2.00000,0.00000,0.32031,0.87803,1414.72091,6594.44100,0.32031,4232.00000,4248.00000,703.35074,4482.15164
600.00000,0.03000,4.00000,2.00000,0.00000,0.32031,0.87803,1414.72091,6594.44100,0.32031,4232.00000,4249.00000,704.12282,4482.15164
600.00000,0.03000,5.00000,2.00000,0.00000,0.28792,0.87803,1414.72091,6294.44100,0.28792,4232.00000,4241.00000,135.62394,4482.15164
600.00000,0.03000,6.00000,2.00000,0.00000,0.19128,0.87803,1414.72091,5542.26199,0.19128,4232.00000,4225.00000,24.31943,4482.15164
