"Omega","Tolerance","Step Size Rule","Iterations","Converged?","Gap LR","Gap Naive","Obj. Naive","Obj. LR","Gap","Time Naive","Time LR","Final Lambda","LB Heuristic"
100.00000,0.07000,1.00000,2.00000,0.00000,0.37498,0.50230,6871.70834,11377.66132,0.37498,4211.00000,2627.00000,844.19435,7111.21211
100.00000,0.07000,2.00000,3.00000,0.00000,0.49801,0.50230,6871.70834,14166.02988,0.49801,4211.00000,3198.00000,800.76597,7111.21211
100.00000,0.07000,3.00000,2.00000,0.00000,0.38870,0.50230,6871.70834,11632.88717,0.38870,4211.00000,2586.00000,882.06435,7111.21211
100.00000,0.07000,4.00000,2.00000,0.00000,0.38870,0.50230,6871.70834,11632.88717,0.38870,4211.00000,2587.00000,882.36461,7111.21211
100.00000,0.07000,5.00000,3.00000,0.00000,0.49623,0.50230,6871.70834,14116.02987,0.49623,4211.00000,3773.00000,800.22833,7111.21211
100.00000,0.07000,6.00000,2.00000,0.00000,0.41151,0.50230,6871.70834,12083.79058,0.41151,4211.00000,2583.00000,0.00000,7111.21211
