"Omega","Tolerance","Step Size Rule","Iterations","Converged?","Gap LR","Gap Naive","Obj. Naive","Obj. LR","Gap","Time Naive","Time LR","Final Lambda","LB Heuristic"
100.00000,0.07000,1.00000,3.00000,0.00000,0.39140,0.47903,6766.41616,11313.22248,0.39140,4203.00000,4403.00000,840.13435,6885.20248
100.00000,0.07000,2.00000,5.00000,0.00000,0.49984,0.47903,6766.41616,13766.02988,0.49984,4203.00000,3159.00000,805.06704,6885.20248
100.00000,0.07000,3.00000,3.00000,0.00000,0.40985,0.47903,6766.41616,11666.86562,0.40985,4203.00000,4448.00000,877.86435,6885.20248
100.00000,0.07000,4.00000,3.00000,0.00000,0.40846,0.47903,6766.41616,11639.47453,0.40846,4203.00000,4409.00000,878.32315,6885.20248
100.00000,0.07000,5.00000,6.00000,0.00000,0.50398,0.47903,6766.41616,13881.02987,0.50398,4203.00000,3047.00000,802.21758,6885.20248
100.00000,0.07000,6.00000,4.00000,0.00000,0.43564,0.47903,6766.41616,12199.93757,0.43564,4203.00000,4356.00000,189.97569,6885.20248
