"Omega","Tolerance","Step Size Rule","Iterations","Converged?","Gap LR","Gap Naive","Obj. Naive","Obj. LR","Gap","Time Naive","Time LR","Final Lambda","LB Heuristic"
100.00000,0.07000,1.00000,3.00000,0.00000,0.37042,0.47822,6967.06093,11362.24055,0.37042,4205.00000,4426.00000,840.13435,7153.47865
100.00000,0.07000,2.00000,5.00000,0.00000,0.48035,0.47822,6967.06093,13766.02988,0.48035,4205.00000,4315.00000,805.06704,7153.47865
100.00000,0.07000,3.00000,3.00000,0.00000,0.38407,0.47822,6967.06093,11614.20389,0.38407,4205.00000,4449.00000,877.86435,7153.47865
100.00000,0.07000,4.00000,3.00000,0.00000,0.38619,0.47822,6967.06093,11654.29536,0.38619,4205.00000,4452.00000,878.32315,7153.47865
100.00000,0.07000,5.00000,5.00000,0.00000,0.48688,0.47822,6967.06093,13941.02988,0.48688,4205.00000,2912.00000,801.67995,7153.47865
100.00000,0.07000,6.00000,4.00000,0.00000,0.41093,0.47822,6967.06093,12143.70213,0.41093,4205.00000,4395.00000,242.94749,7153.47865
