Omega,Tolerance,Step Size Rule,Iterations,Converged?,Gap LR,Gap Naive,Obj. Naive,Obj. LR,Gap,Time Naive,Time LR,Final Lambda,LB Heuristic
900.0,0.07,1.0,10.0,0.0,0.07065,1.0,230.97971,264.87357,0.07065,4252.0,2230.0,193.14,246.15956
900.0,0.07,2.0,3.0,0.0,0.07065,1.0,230.97971,264.87357,0.07065,4252.0,2616.0,0.4779,246.15956
900.0,0.07,3.0,10.0,0.0,0.07065,1.0,230.97971,264.87357,0.07065,4252.0,2252.0,434.99318,246.15956
900.0,0.07,4.0,3.0,0.0,0.01636,1.0,230.97971,250.25282,0.01636,4252.0,2253.0,555.47531,246.15956
900.0,0.07,5.0,3.0,0.0,0.01636,1.0,230.97971,250.25282,0.01636,4252.0,3431.0,0.29869,246.15956
900.0,0.07,6.0,2.0,0.0,0.01636,1.0,230.97971,250.25282,0.01636,4252.0,3606.0,0.52394,246.15956
,,,,,,,,,,,,,0.0
,,,,,,,,,,,,,0.0
