,Omega,Tolerance,Step Size Rule,Iterations,Converged?,Gap LR,Gap Naive,Obj. Naive,Obj. LR,Gap,Time Naive,Time LR,Final Lambda,LB Heuristic,IR,AP
0,600.0,0.05,1.0,2.0,0.0,0.63221,0.63274,4623.87414,10720.73337,0.5687,4201.0,4202.0,445.01974,3943.01971,5571.52645,5281.00646
1,600.0,0.05,2.0,2.0,0.0,0.50725,0.63274,4623.87414,10720.73337,0.50725,4201.0,4202.0,131.81974,5282.65315,5571.52645,5281.00646
2,600.0,0.05,3.0,2.0,0.0,0.63221,0.63274,4623.87414,10720.73337,0.5687,4201.0,4203.0,679.31974,3943.01971,5571.52645,5281.00646
3,600.0,0.05,4.0,2.0,0.0,0.63221,0.63274,4623.87414,10720.73337,0.5687,4201.0,4202.0,680.60654,3943.01971,5571.52645,5281.00646
4,600.0,0.05,5.0,2.0,0.0,0.50725,0.63274,4623.87414,10720.73337,0.50725,4201.0,4203.0,281.81974,5282.65315,5571.52645,5281.00646
5,600.0,0.05,6.0,2.0,0.0,0.56291,0.63274,4623.87414,9021.14064,0.48744,4201.0,4202.0,0.0,3943.01971,5571.52645,5281.00646
