Omega,Tolerance,Step Size Rule,Iterations,Converged?,Gap LR,Gap Naive,Obj. Naive,Obj. LR (UB),"Obj. LR (LB),",Gap,Time Naive,Time LR,Final Lambda,LB Heuristic,BBP,Best iter,Lambda best iter,Gamma best iter
600.0,0.05,1.0,5.0,0.0,0.56406,0.63274,4623.87414,12780.3507,10720.73337,0.56406,4201.0,55008.0,392.81974,5571.50272,0.0,1.0,131.81974,-570.0
600.0,0.05,2.0,2.0,0.0,0.55949,0.61216,4858.97298,12840.73195,10320.36166,0.55949,4201.0,4202.0,132.46915,5656.52488,0.0,1.0,132.46915,-570.0
600.0,0.05,3.0,5.0,0.0,0.56406,0.63274,4623.87414,12780.3507,10720.73337,0.56406,4201.0,55010.0,633.4626,5571.50272,0.0,1.0,131.81974,-570.0
600.0,0.05,4.0,5.0,0.0,0.56406,0.63274,4623.87414,12780.3507,10720.73337,0.56406,4201.0,55014.0,634.86962,5571.50272,0.0,1.0,131.81974,-570.0
600.0,0.05,5.0,6.0,0.0,0.56406,0.63274,4623.87414,12780.3507,10720.73337,0.56406,4201.0,55030.0,116.81974,5571.50272,0.0,1.0,131.81974,-570.0
600.0,0.05,6.0,10.0,0.0,0.56313,0.63274,4623.87414,12753.36528,8800.62302,0.56313,4201.0,40088.0,114.11745,5571.50272,0.0,4.0,143.57431,30.0
