Omega,Tolerance,Step Size Rule,Iterations,Converged?,Gap LR,Gap Naive,Obj. Naive,Obj. LR,Gap,Time Naive,Time LR,Final Lambda,LB Heuristic
600.0,0.05,1.0,2.0,0.0,0.63221,0.63274,4623.87414,10720.73337,0.5687,4201.0,4202.0,445.01974,3943.01971
600.0,0.05,2.0,2.0,0.0,0.62521,0.63274,4623.87414,10520.73337,0.5605,4201.0,4202.0,132.5215,3943.01971
600.0,0.05,3.0,2.0,0.0,0.63221,0.63274,4623.87414,10720.73337,0.5687,4201.0,4203.0,679.31974,3943.01971
600.0,0.05,4.0,2.0,0.0,0.63221,0.63274,4623.87414,10720.73337,0.5687,4201.0,4202.0,680.60654,3943.01971
600.0,0.05,5.0,2.0,0.0,0.62162,0.63274,4623.87414,10420.73337,0.55628,4201.0,4202.0,132.60922,3943.01971
600.0,0.05,6.0,2.0,0.0,0.56291,0.63274,4623.87414,9021.14064,0.48744,4201.0,4202.0,0.0,3943.01971
