Omega,Tolerance,Step Size Rule,Iterations,Converged?,Gap LR,Gap Naive,Obj. Naive,Obj. LR (UB),"Obj. LR (LB),",Gap,Time Naive,Time LR,Final Lambda,LB Heuristic,BBP,Best iter,Lambda best iter,Gamma best iter
600.0,0.05,1.0,3.0,0.0,0.56191,0.63274,4623.87414,12717.8169,10720.73337,0.56191,4201.0,20003.0,427.61974,5571.50272,0.0,1.0,131.81974,-570.0
600.0,0.05,2.0,3.0,0.0,0.55766,0.63274,4623.87414,12595.65191,10720.73337,0.55766,4201.0,20003.0,331.81974,5571.50272,0.0,3.0,131.81974,-570.0
600.0,0.05,3.0,3.0,0.0,0.56191,0.63274,4623.87414,12717.8169,10720.73337,0.56191,4201.0,20003.0,661.31974,5571.50272,0.0,1.0,131.81974,-570.0
600.0,0.05,4.0,3.0,0.0,0.56191,0.63274,4623.87414,12717.8169,10720.73337,0.56191,4201.0,20005.0,663.28603,5571.50272,0.0,1.0,131.81974,-570.0
600.0,0.05,5.0,3.0,0.0,0.56191,0.63274,4623.87414,12717.8169,10720.73337,0.56191,4201.0,20005.0,181.81974,5571.50272,0.0,1.0,131.81974,-570.0
600.0,0.05,6.0,4.0,0.0,0.56191,0.63274,4623.87414,12717.8169,10720.73337,0.56191,4201.0,20009.0,0.0,5571.50272,0.0,1.0,131.81974,-570.0
