Omega,Tolerance,Step Size Rule,Iterations,Converged?,Gap LR,Gap Naive,Obj. Naive,Obj. LR,Gap,Time Naive,Time LR,Final Lambda,LB Heuristic
600.0,0.05,1.0,2.0,0.0,0.63221,0.63274,4623.87414,10720.73337,0.5687,4201.0,4202.0,445.01974,3943.01971
600.0,0.05,2.0,2.0,0.0,0.62521,0.63274,4623.87414,10520.73337,0.5605,4201.0,4202.0,132.5215,3943.01971
600.0,0.05,3.0,2.0,0.0,0.63221,0.63274,4623.87414,10720.73337,0.5687,4201.0,4203.0,679.31974,3943.01971
600.0,0.05,4.0,2.0,0.0,0.63221,0.63274,4623.87414,10720.73337,0.5687,4201.0,4202.0,680.60654,3943.01971
600.0,0.03,5.0,2.0,0.0,0.42424,0.58101,4598.1278,6428.06527,0.28468,4201.0,4202.0,135.54811,3701.00696
600.0,0.03,6.0,2.0,0.0,0.44992,0.73072,1993.3461,6728.06527,0.44992,4204.0,4202.0,0.0,3701.00696
