"Omega","Tolerance","Step Size Rule","Iterations","Converged?","Gap LR","Gap Naive","Obj. Naive","Obj. LR","Gap","Time Naive","Time LR","Final Lambda","LB Heuristic"
600.00000,0.05000,1.00000,2.00000,0.00000,0.64343,0.65776,4520.42834,10720.73337,0.57835,4334.00000,4309.00000,445.01974,3822.72624
600.00000,0.05000,2.00000,2.00000,0.00000,0.63665,0.65776,4520.42834,10520.73337,0.57033,4334.00000,4321.00000,132.52150,3822.72624
600.00000,0.05000,3.00000,2.00000,0.00000,0.64343,0.65776,4520.42834,10720.73337,0.57835,4334.00000,4326.00000,679.31974,3822.72624
600.00000,0.05000,4.00000,2.00000,0.00000,0.64343,0.65776,4520.42834,10720.73337,0.57835,4334.00000,4337.00000,680.60654,3822.72624
600.00000,0.05000,5.00000,2.00000,0.00000,0.63316,0.65776,4520.42834,10420.73337,0.56621,4334.00000,4309.00000,132.60922,3822.72624
600.00000,0.05000,6.00000,2.00000,0.00000,0.47591,0.65776,4520.42834,7294.08795,0.38026,4334.00000,4326.00000,0.00000,3822.72624
