"Omega","Tolerance","Step Size Rule","Iterations","Converged?","Gap LR","Gap Naive","Obj. Naive","Obj. LR","Gap","Time Naive","Time LR","Final Lambda","LB Heuristic"
100.00000,0.07000,1.00000,10.00000,0.00000,0.08467,0.00000,280.90575,303.69909,0.07505,1228.00000,755.00000,20.20865,277.98573
100.00000,0.07000,2.00000,10.00000,0.00000,0.06100,0.00000,280.90575,296.04392,0.05113,1228.00000,1564.00000,4.30108,277.98573
100.00000,0.07000,3.00000,10.00000,0.00000,0.08467,0.00000,280.90575,303.69909,0.07505,1228.00000,594.00000,69.14123,277.98573
100.00000,0.07000,4.00000,10.00000,0.00000,0.08467,0.00000,280.90575,303.69909,0.07505,1228.00000,582.00000,67.66167,277.98573
100.00000,0.07000,5.00000,10.00000,0.00000,0.04041,0.00000,280.90575,289.69106,0.03033,1228.00000,1386.00000,1.08423,277.98573
100.00000,0.07000,6.00000,10.00000,0.00000,0.04068,0.00000,280.90575,289.77356,0.03060,1228.00000,2288.00000,0.13818,277.98573
