Omega,Tolerance,Step Size Rule,Iterations,Converged?,Gap LR,Gap Naive,Obj. Naive,Obj. LR,Gap,Time Naive,Time LR,Final Lambda,LB Heuristic,Heuristic Time
1500.0,0.03,1.0,2.0,0.0,0.01066,0.16465,233.82299,243.82294,0.01066,4212.0,2430.0,843.9,241.22457,
1500.0,0.03,2.0,2.0,0.0,0.01066,0.16465,233.82299,243.82294,0.01066,4212.0,2417.0,0.13746,241.22457,
1500.0,0.03,3.0,2.0,0.0,0.01236,0.16465,233.82299,244.2425,0.01236,4212.0,2426.0,1091.25,241.22457,
1500.0,0.03,4.0,2.0,0.0,0.01066,0.16465,233.82299,243.82294,0.01066,4212.0,2418.0,1028.84037,241.22457,
1500.0,0.03,5.0,2.0,0.0,0.01066,0.16465,233.82299,243.82294,0.01066,4212.0,2426.0,0.10309,241.22457,
1500.0,0.03,6.0,2.0,1.0,0.0,0.16465,233.82299,241.22457,0.0,4212.0,4215.0,0.0791,241.22457,68.0
