"Omega","Tolerance","Step Size Rule","Iterations","Converged?","Gap LR","Gap Naive","Obj. Naive","Obj. LR","Gap","Time Naive","Time LR","Final Lambda","LB Heuristic"
600.00000,0.05000,1.00000,2.00000,0.00000,0.52153,1.00000,259.95375,10368.59453,0.52153,4232.00000,4246.00000,445.58322,4961.09548
600.00000,0.05000,2.00000,2.00000,0.00000,0.51212,1.00000,259.95375,10168.59453,0.51212,4232.00000,4245.00000,133.08498,4961.09548
600.00000,0.05000,3.00000,2.00000,0.00000,0.52153,1.00000,259.95375,10368.59453,0.52153,4232.00000,4263.00000,679.88322,4961.09548
600.00000,0.05000,4.00000,2.00000,0.00000,0.52153,1.00000,259.95375,10368.59453,0.52153,4232.00000,4270.00000,681.17002,4961.09548
600.00000,0.05000,5.00000,2.00000,0.00000,0.50727,1.00000,259.95375,10068.59453,0.50727,4232.00000,4240.00000,133.17270,4961.09548
600.00000,0.05000,6.00000,2.00000,0.00000,0.36480,1.00000,259.95375,7810.34889,0.36480,4232.00000,4226.00000,0.00000,4961.09548
