"Omega","Tolerance","Step Size Rule","Iterations","Converged?","Gap LR","Gap Naive","Obj. Naive","Obj. LR","Gap","Time Naive","Time LR","Final Lambda","LB Heuristic"
600.00000,0.05000,1.00000,2.00000,0.00000,0.28575,0.97983,259.95375,4707.47689,0.28575,4206.00000,2454.00000,459.50322,3362.33172
600.00000,0.05000,2.00000,3.00000,0.00000,0.52556,0.97983,259.95375,7086.87683,0.52556,4206.00000,2547.00000,125.08498,3362.33172
600.00000,0.05000,3.00000,3.00000,0.00000,0.52556,0.97983,259.95375,7086.87683,0.52556,4206.00000,4432.00000,516.88322,3362.33172
600.00000,0.05000,4.00000,3.00000,0.00000,0.48076,0.97983,259.95375,6475.48276,0.48076,4206.00000,4411.00000,489.26828,3362.33172
600.00000,0.05000,5.00000,3.00000,0.00000,0.50805,0.97983,259.95375,6834.64703,0.50805,4206.00000,2475.00000,119.18546,3362.33172
600.00000,0.05000,6.00000,3.00000,0.00000,0.52556,0.97983,259.95375,7086.87683,0.52556,4206.00000,4388.00000,19.79304,3362.33172
