"Omega","Tolerance","Step Size Rule","Iterations","Converged?","Gap LR","Gap Naive","Obj. Naive","Obj. LR","Gap","Time Naive","Time LR","Final Lambda","LB Heuristic"
100.00000,0.05000,1.00000,2.00000,0.00000,0.28603,0.41557,6835.81256,9794.04611,0.28603,4203.00000,3466.00000,841.34897,6992.63427
100.00000,0.05000,2.00000,2.00000,0.00000,0.42871,0.41557,6835.81256,12240.16634,0.42871,4203.00000,2958.00000,793.35949,6992.63427
100.00000,0.05000,3.00000,2.00000,0.00000,0.30489,0.41557,6835.81256,10059.70629,0.30489,4203.00000,3189.00000,880.39897,6992.63427
100.00000,0.05000,4.00000,2.00000,0.00000,0.30943,0.41557,6835.81256,10125.84554,0.30943,4203.00000,3194.00000,880.61343,6992.63427
100.00000,0.05000,5.00000,2.00000,0.00000,0.26783,0.41557,6835.81256,9550.54293,0.26783,4203.00000,3211.00000,762.30686,6992.63427
100.00000,0.05000,6.00000,2.00000,0.00000,0.31387,0.41557,6835.81256,10191.37323,0.31387,4203.00000,3171.00000,0.00000,6992.63427
