"Omega","Tolerance","Step Size Rule","Iterations","Converged?","Gap LR","Gap Naive","Obj. Naive","Obj. LR","Gap","Time Naive","Time LR","Final Lambda","LB Heuristic"
100.00000,0.05000,1.00000,2.00000,0.00000,0.33556,0.47324,6422.48386,9910.28425,0.33556,4203.00000,4205.00000,841.34897,6584.83361
100.00000,0.05000,2.00000,2.00000,0.00000,0.39529,0.47324,6422.48386,10889.29426,0.39529,4203.00000,4206.00000,793.35949,6584.83361
100.00000,0.05000,3.00000,2.00000,0.00000,0.34985,0.47324,6422.48386,10128.14132,0.34985,4203.00000,4213.00000,880.39897,6584.83361
100.00000,0.05000,4.00000,2.00000,0.00000,0.34985,0.47324,6422.48386,10128.14132,0.34985,4203.00000,4211.00000,880.61343,6584.83361
100.00000,0.05000,5.00000,2.00000,0.00000,0.37816,0.47324,6422.48386,10589.29426,0.37816,4203.00000,3924.00000,793.88581,6584.83361
100.00000,0.05000,6.00000,2.00000,0.00000,0.35975,0.47324,6422.48386,10284.84347,0.35975,4203.00000,3486.00000,0.00000,6584.83361
