,Omega,Tolerance,Step Size Rule,Iterations,Converged?,Gap LR,Gap Naive,Obj. Naive,Obj. LR,Gap,Time Naive,Time LR,Final Lambda,LB Heuristic,IR,AP
0,100.0,0.05,1.0,10.0,0.0,0.05405,0.0,281.53743,297.62511,0.05405,433.0,346.0,31.75836,281.53743,-275.01858,-277.2851
1,100.0,0.05,2.0,10.0,0.0,0.03744,0.0,281.53743,292.4894,0.03744,433.0,610.0,4.21053,281.53743,-275.01858,-277.2851
2,100.0,0.05,3.0,10.0,0.0,0.05405,0.0,281.53743,297.62511,0.05405,433.0,302.0,78.7102,281.53743,-275.01858,-277.2851
3,100.0,0.05,4.0,10.0,0.0,0.05405,0.0,281.53743,297.62511,0.05405,433.0,292.0,77.65337,281.53743,-275.01858,-277.2851
4,100.0,0.05,5.0,10.0,0.0,0.02124,0.0,281.53743,287.6473,0.02124,433.0,654.0,1.0614,281.53743,-275.01858,-277.2851
5,100.0,0.05,6.0,10.0,0.0,0.02026,0.0,281.53743,287.3581,0.02026,433.0,1406.0,2.65486,281.53743,-275.01858,-277.2851
