Omega,Tolerance,Step Size Rule,Iterations,Converged?,Gap LR,Gap Naive,Obj. Naive,Obj. LR (UB),"Obj. LR (LB),",Gap,Time Naive,Time LR,Final Lambda,LB Heuristic,BBP,Best iter,Lambda best iter,Gamma best iter
100.0,0.05,1.0,10.0,0.0,0.05405,0.0,281.53743,297.62511,297.62511,0.05405,397.0,33.0,31.75836,281.53743,0.0,1.0,2.75836,-95.0
100.0,0.05,2.0,10.0,0.0,0.05405,0.0,281.53743,297.62511,297.62511,0.05405,397.0,109.0,2.75836,281.53743,0.0,1.0,2.75836,-95.0
100.0,0.05,3.0,10.0,0.0,0.05405,0.0,281.53743,297.62511,297.62511,0.05405,397.0,28.0,78.7102,281.53743,0.0,1.0,2.75836,-95.0
100.0,0.05,4.0,10.0,0.0,0.05405,0.0,281.53743,297.62511,297.62511,0.05405,397.0,28.0,77.65337,281.53743,0.0,1.0,2.75836,-95.0
100.0,0.05,5.0,10.0,0.0,0.03687,0.0,281.53743,292.31397,292.31397,0.03687,397.0,51.0,0.0,281.53743,0.0,10.0,4.16667,4.0
100.0,0.05,6.0,10.0,0.0,0.02026,0.0,281.53743,287.3581,287.3581,0.02026,397.0,135.0,2.65486,281.53743,0.0,6.0,2.9277,4.0
