"Omega","Tolerance","Step Size Rule","Iterations","Converged?","Gap LR","Gap Naive","Obj. Naive","Obj. LR","Gap","Time Naive","Time LR","Final Lambda","LB Heuristic"
100.00000,0.03000,1.00000,2.00000,0.00000,0.22952,0.41983,6125.53478,8089.35878,0.22952,4203.00000,4207.00000,858.95985,6232.70618
100.00000,0.03000,2.00000,8.00000,0.00000,0.22952,0.41983,6125.53478,8089.35878,0.22952,4203.00000,2448.00000,752.20617,6232.70618
100.00000,0.03000,3.00000,2.00000,0.00000,0.15462,0.41983,6125.53478,7372.68467,0.15462,4203.00000,4211.00000,874.18985,6232.70618
100.00000,0.03000,4.00000,2.00000,0.00000,0.15462,0.41983,6125.53478,7372.68467,0.15462,4203.00000,4211.00000,870.02921,6232.70618
100.00000,0.03000,5.00000,10.00000,0.00000,0.22952,0.41983,6125.53478,8089.35878,0.22952,4203.00000,2398.00000,710.40573,6232.70618
100.00000,0.03000,6.00000,3.00000,0.00000,0.22952,0.41983,6125.53478,8089.35878,0.22952,4203.00000,4212.00000,185.55565,6232.70618
