"Omega","Tolerance","Step Size Rule","Iterations","Converged?","Gap LR","Gap Naive","Obj. Naive","Obj. LR","Gap","Time Naive","Time LR","Final Lambda","LB Heuristic"
100.00000,0.05000,1.00000,3.00000,0.00000,0.30124,0.38836,6937.35061,10007.22096,0.30124,4201.00000,4377.00000,838.44897,6992.63427
100.00000,0.05000,2.00000,5.00000,0.00000,0.39927,0.38836,6937.35061,11640.16634,0.39927,4201.00000,2510.00000,799.67528,6992.63427
100.00000,0.05000,3.00000,3.00000,0.00000,0.30444,0.38836,6937.35061,10053.23048,0.30444,4201.00000,4359.00000,877.39897,6992.63427
100.00000,0.05000,4.00000,3.00000,0.00000,0.31088,0.38836,6937.35061,10147.26500,0.31088,4201.00000,4352.00000,877.72668,6992.63427
100.00000,0.05000,5.00000,5.00000,0.00000,0.40816,0.38836,6937.35061,11815.16632,0.40816,4201.00000,2570.00000,796.35949,6992.63427
100.00000,0.05000,6.00000,4.00000,0.00000,0.31897,0.38836,6937.35061,10267.77334,0.31897,4201.00000,4333.00000,238.43163,6992.63427
