"Omega","Tolerance","Step Size Rule","Iterations","Converged?","Gap LR","Gap Naive","Obj. Naive","Obj. LR","Gap","Time Naive","Time LR","Final Lambda","LB Heuristic"
100.00000,0.03000,1.00000,2.00000,0.00000,0.23964,0.39124,6173.68382,8209.33832,0.23964,4203.00000,4205.00000,800.95985,6242.01326
100.00000,0.03000,2.00000,10.00000,0.00000,0.23387,0.39124,6173.68382,8147.46628,0.23387,4203.00000,2292.00000,756.32988,6242.01326
100.00000,0.03000,3.00000,2.00000,0.00000,0.22361,0.39124,6173.68382,8039.78793,0.22361,4203.00000,4208.00000,799.18985,6242.01326
100.00000,0.03000,4.00000,2.00000,0.00000,0.22955,0.39124,6173.68382,8101.77374,0.22955,4203.00000,4209.00000,799.31853,6242.01326
100.00000,0.03000,5.00000,10.00000,0.00000,0.23593,0.39124,6173.68382,8169.43108,0.23593,4203.00000,2269.00000,710.40573,6242.01326
100.00000,0.03000,6.00000,3.00000,0.00000,0.22462,0.39124,6173.68382,8050.29811,0.22462,4203.00000,4216.00000,165.26319,6242.01326
