Omega,Tolerance,Step Size Rule,Iterations,Converged?,Gap LR,Gap Naive,Obj. Naive,Obj. LR,Gap,Time Naive,Time LR,Final Lambda,LB Heuristic
600.0,0.05,1.0,2.0,0.0,0.63369,0.62967,4637.31095,10427.06407,0.55526,4201.0,4201.0,445.3983,3819.53296
600.0,0.05,2.0,2.0,0.0,0.62653,0.62967,4637.31095,10227.06407,0.54656,4201.0,4201.0,132.90006,3819.53296
600.0,0.05,3.0,2.0,0.0,0.63369,0.62967,4637.31095,10427.06407,0.55526,4201.0,4202.0,679.6983,3819.53296
600.0,0.05,4.0,2.0,0.0,0.63369,0.62967,4637.31095,10427.06407,0.55526,4201.0,4203.0,680.9851,3819.53296
600.0,0.05,5.0,2.0,0.0,0.62284,0.62967,4637.31095,10127.06407,0.54209,4201.0,4205.0,132.98778,3819.53296
600.0,0.05,6.0,2.0,0.0,0.56867,0.62967,4637.31095,8855.27756,0.47632,4201.0,4202.0,0.0,3819.53296
