,Omega,Tolerance,Step Size Rule,Iterations,Converged?,Gap LR,Gap Naive,Obj. Naive,Obj. LR,Gap,Time Naive,Time LR,Final Lambda,LB Heuristic,IR,AP
0,600.0,0.05,1.0,2.0,0.0,0.63369,0.62967,4637.31095,10427.06407,0.55526,4201.0,4201.0,445.3983,3819.53296,5461.66286,5033.63097
1,600.0,0.05,2.0,2.0,0.0,0.51725,0.62967,4637.31095,10427.06407,0.51725,4201.0,4200.0,132.1983,5033.64923,5461.66286,5033.63097
2,600.0,0.05,3.0,2.0,0.0,0.63369,0.62967,4637.31095,10427.06407,0.55526,4201.0,4202.0,679.6983,3819.53296,5461.66286,5033.63097
3,600.0,0.05,4.0,2.0,0.0,0.63369,0.62967,4637.31095,10427.06407,0.55526,4201.0,4203.0,680.9851,3819.53296,5461.66286,5033.63097
4,600.0,0.05,5.0,2.0,0.0,0.51725,0.62967,4637.31095,10427.06407,0.51725,4201.0,4202.0,282.1983,5033.64923,5461.66286,5033.63097
5,600.0,0.05,6.0,2.0,0.0,0.56867,0.62967,4637.31095,8855.27756,0.47632,4201.0,4202.0,0.0,3819.53296,5461.66286,5033.63097
