Omega,Tolerance,Step Size Rule,Iterations,Converged?,Gap LR,Gap Naive,Obj. Naive,Obj. LR (UB),"Obj. LR (LB),",Gap,Time Naive,Time LR,Final Lambda,LB Heuristic,BBP,Best iter,Lambda best iter,Gamma best iter
600.0,0.05,1.0,5.0,0.0,0.56914,0.62967,4637.31095,12695.50636,10427.06407,0.56914,4201.0,55005.0,393.1983,5470.01338,0.0,1.0,132.1983,-570.0
600.0,0.05,2.0,2.0,0.0,0.57348,0.62967,4637.31095,12824.67559,10427.06407,0.57348,4201.0,4202.0,132.1983,5470.01338,0.0,1.0,132.1983,-570.0
600.0,0.05,3.0,5.0,0.0,0.56914,0.62967,4637.31095,12695.50636,10427.06407,0.56914,4201.0,55005.0,633.84116,5470.01338,0.0,1.0,132.1983,-570.0
600.0,0.05,4.0,5.0,0.0,0.56914,0.62967,4637.31095,12695.50636,10427.06407,0.56914,4201.0,55006.0,635.24819,5470.01338,0.0,1.0,132.1983,-570.0
600.0,0.05,5.0,6.0,0.0,0.56914,0.62967,4637.31095,12695.50636,10427.06407,0.56914,4201.0,55023.0,117.1983,5470.01338,0.0,1.0,132.1983,-570.0
600.0,0.05,6.0,10.0,0.0,0.56811,0.62967,4637.31095,12665.29251,8805.85143,0.56811,4201.0,40082.0,114.10383,5470.01338,0.0,4.0,143.61571,30.0
