Omega,Tolerance,Step Size Rule,Iterations,Converged?,Gap LR,Gap Naive,Obj. Naive,Obj. LR,Gap,Time Naive,Time LR,Final Lambda,LB Heuristic
600.0,0.03,1.0,2.0,0.0,0.44805,0.73292,1993.00976,6475.64063,0.44805,4205.0,4202.0,462.03277,3574.22379
600.0,0.03,2.0,2.0,0.0,0.43046,0.73292,1993.00976,6275.64063,0.43046,4205.0,4202.0,135.60006,3574.22379
600.0,0.03,3.0,2.0,0.0,0.44805,0.73292,1993.00976,6475.64063,0.44805,4205.0,4202.0,703.41277,3574.22379
600.0,0.03,4.0,2.0,0.0,0.44805,0.73292,1993.00976,6475.64063,0.44805,4205.0,4202.0,704.18485,3574.22379
600.0,0.03,5.0,2.0,0.0,0.42124,0.58195,4556.62158,6175.64063,0.26216,4201.0,4203.0,135.68597,3574.22379
600.0,0.03,6.0,2.0,0.0,0.43989,0.73292,1993.00976,6381.31874,0.43989,4205.0,4203.0,0.0,3574.22379
