"Omega","Tolerance","Step Size Rule","Iterations","Converged?","Gap LR","Gap Naive","Obj. Naive","Obj. LR","Gap","Time Naive","Time LR","Final Lambda","LB Heuristic"
600.00000,0.05000,1.00000,2.00000,0.00000,0.59995,0.64443,4670.02316,10427.06407,0.55212,4279.00000,4292.00000,445.39830,4171.38154
600.00000,0.05000,2.00000,2.00000,0.00000,0.59212,0.64443,4670.02316,10227.06407,0.54337,4279.00000,4291.00000,132.90006,4171.38154
600.00000,0.05000,3.00000,2.00000,0.00000,0.59995,0.64443,4670.02316,10427.06407,0.55212,4279.00000,4317.00000,679.69830,4171.38154
600.00000,0.05000,4.00000,2.00000,0.00000,0.59995,0.64443,4670.02316,10427.06407,0.55212,4279.00000,4325.00000,680.98510,4171.38154
600.00000,0.05000,5.00000,2.00000,0.00000,0.58810,0.64443,4670.02316,10127.06407,0.53886,4279.00000,4298.00000,132.98778,4171.38154
600.00000,0.05000,6.00000,2.00000,0.00000,0.40993,0.64443,4670.02316,7069.27394,0.33939,4279.00000,4246.00000,0.00000,4171.38154
