"Omega","Tolerance","Step Size Rule","Iterations","Converged?","Gap LR","Gap Naive","Obj. Naive","Obj. LR","Gap","Time Naive","Time LR","Final Lambda","LB Heuristic"
100.00000,0.07000,1.00000,3.00000,0.00000,0.35583,0.48623,6721.61614,11159.35877,0.35583,4203.00000,4497.00000,839.31283,7188.49403
100.00000,0.07000,2.00000,4.00000,0.00000,0.48244,0.48623,6721.61614,13889.25388,0.48244,4203.00000,2648.00000,802.09499,7188.49403
100.00000,0.07000,3.00000,2.00000,0.00000,0.37217,0.48623,6721.61614,11449.68475,0.37217,4203.00000,2490.00000,881.24283,7188.49403
100.00000,0.07000,4.00000,2.00000,0.00000,0.37217,0.48623,6721.61614,11449.68475,0.37217,4203.00000,2432.00000,881.54309,7188.49403
100.00000,0.07000,5.00000,4.00000,0.00000,0.48430,0.48623,6721.61614,13939.25388,0.48430,4203.00000,3036.00000,800.21326,7188.49403
100.00000,0.07000,6.00000,2.00000,0.00000,0.41595,0.48623,6721.61614,12307.91619,0.41595,4203.00000,2453.00000,0.00000,7188.49403
