"Omega","Tolerance","Step Size Rule","Iterations","Converged?","Gap LR","Gap Naive","Obj. Naive","Obj. LR","Gap","Time Naive","Time LR","Final Lambda","LB Heuristic"
100.00000,0.07000,1.00000,2.00000,0.00000,0.37571,0.47213,7116.95157,11561.53374,0.37571,4202.00000,2458.00000,843.37283,7217.73588
100.00000,0.07000,2.00000,4.00000,0.00000,0.48034,0.47213,7116.95157,13889.25387,0.48034,4202.00000,3934.00000,802.09498,7217.73588
100.00000,0.07000,3.00000,2.00000,0.00000,0.38719,0.47213,7116.95157,11778.08549,0.38719,4202.00000,2410.00000,881.24283,7217.73588
100.00000,0.07000,4.00000,2.00000,0.00000,0.38719,0.47213,7116.95157,11778.08549,0.38719,4202.00000,2465.00000,881.54309,7217.73588
100.00000,0.07000,5.00000,4.00000,0.00000,0.48220,0.47213,7116.95157,13939.25387,0.48220,4202.00000,3974.00000,800.21326,7217.73588
100.00000,0.07000,6.00000,2.00000,0.00000,0.40857,0.47213,7116.95157,12203.96119,0.40857,4202.00000,2473.00000,0.00000,7217.73588
