Omega,Tolerance,Step Size Rule,Iterations,Converged?,Gap LR,Gap Naive,Obj. Naive,Obj. LR,Gap,Time Naive,Time LR,Final Lambda,LB Heuristic
100.0,0.01,1.0,10.0,0.0,0.00589,0.00593,268.357,270.33339,0.00589,40.0,1311.0,4.95007,268.74007
100.0,0.01,2.0,10.0,0.0,0.00679,0.00593,268.357,270.57601,0.00679,40.0,785.0,0.0,268.74007
100.0,0.01,3.0,10.0,0.0,0.00599,0.00593,268.357,270.35877,0.00599,40.0,1309.0,4.30044,268.74007
100.0,0.01,4.0,10.0,0.0,0.006,0.00593,268.357,270.36122,0.006,40.0,1578.0,4.21126,268.74007
100.0,0.01,5.0,10.0,0.0,0.01146,0.00593,268.357,271.85511,0.01146,40.0,492.0,1.45142,268.74007
100.0,0.01,6.0,10.0,0.0,0.00641,0.00593,268.357,270.4738,0.00641,40.0,1434.0,3.69625,268.74007
,,,,,,,,,,,,,0.0
,,,,,,,,,,,,,-232.79318
