Omega,Tolerance,Step Size Rule,Iterations,Converged?,Gap LR,Gap Naive,Obj. Naive,Obj. LR,Gap,Time Naive,Time LR,Final Lambda,LB Heuristic
600.0,0.07,1.0,1.0,1.0,0.0,0.17218,243.74502,243.67202,-0.0003,4242.0,2134.0,0.46222,243.67202
600.0,0.07,2.0,1.0,1.0,0.0,0.17218,243.74502,243.67202,-0.0003,4242.0,2133.0,0.46222,243.67202
600.0,0.07,3.0,1.0,1.0,0.0,0.17218,243.74502,243.67202,-0.0003,4242.0,2130.0,0.46222,243.67202
600.0,0.07,4.0,1.0,1.0,0.0,0.17218,243.74502,243.67202,-0.0003,4242.0,2134.0,0.46222,243.67202
600.0,0.07,5.0,1.0,1.0,0.0,0.17218,243.74502,243.67202,-0.0003,4242.0,2134.0,0.46222,243.67202
600.0,0.07,6.0,1.0,1.0,0.0,0.17218,243.74502,243.67202,-0.0003,4242.0,2131.0,0.46222,243.67202
