"Omega","Tolerance","Step Size Rule","Iterations","Converged?","Gap LR","Gap Naive","Obj. Naive","Obj. LR","Gap","Time Naive","Time LR","Final Lambda","LB Heuristic"
600.00000,0.07000,1.00000,1.00000,1.00000,0.00000,0.14699,251.17857,251.17857,0.00000,4252.00000,2147.00000,0.45836,251.17857
600.00000,0.07000,2.00000,1.00000,1.00000,0.00000,0.14699,251.17857,251.17857,0.00000,4252.00000,2148.00000,0.45836,251.17857
600.00000,0.07000,3.00000,2.00000,0.00000,0.03962,0.14699,251.17857,261.54019,0.03962,4252.00000,2628.00000,418.50000,251.17857
600.00000,0.07000,4.00000,2.00000,0.00000,0.03962,0.14699,251.17857,261.54019,0.03962,4252.00000,2580.00000,394.56558,251.17857
600.00000,0.07000,5.00000,2.00000,0.00000,0.03962,0.14699,251.17857,261.54019,0.03962,4252.00000,2594.00000,0.26882,251.17857
600.00000,0.07000,6.00000,3.00000,0.00000,0.03962,0.14699,251.17857,261.54019,0.03962,4252.00000,4465.00000,0.21166,251.17857
