,Omega,Tolerance,Step Size Rule,Iterations,Converged?,Gap LR,Gap Naive,Obj. Naive,Obj. LR,Gap,Time Naive,Time LR,Final Lambda,LB Heuristic,Heuristic Time,IR,AP
0,1500.0,0.01,1.0,2.0,0.0,0.02998,0.13659,229.86961,244.10968,0.02998,4212.0,2352.0,861.3,236.79056,,0.0,0.0
1,1500.0,0.01,2.0,2.0,0.0,0.02998,0.13659,229.86961,244.10968,0.02998,4212.0,2374.0,0.13468,236.79056,,0.0,0.0
2,1500.0,0.01,3.0,2.0,0.0,0.02998,0.13659,229.86961,244.10968,0.02998,4212.0,2376.0,1113.75,236.79056,,0.0,0.0
3,1500.0,0.01,4.0,2.0,0.0,0.02998,0.13659,229.86961,244.10968,0.02998,4212.0,2371.0,1050.05357,236.79056,,0.0,0.0
4,1500.0,0.01,5.0,2.0,0.0,0.02998,0.13659,229.86961,244.10968,0.02998,4212.0,2377.0,0.10101,236.79056,,0.0,0.0
5,1500.0,0.01,6.0,2.0,0.0,0.02998,0.13659,229.86961,244.10968,0.02998,4212.0,2373.0,0.35027,236.79056,85.0,0.0,0.0
