Omega,Tolerance,Step Size Rule,Iterations,Converged?,Gap LR,Gap Naive,Obj. Naive,Obj. LR (UB),"Obj. LR (LB),",Gap,Time Naive,Time LR,Final Lambda,LB Heuristic,BBP,Best iter,Lambda best iter,Gamma best iter
1500.0,0.01,1.0,5.0,0.0,0.11627,0.13659,229.86961,267.94305,244.10968,0.11627,4212.0,2402.0,835.2,236.79056,0.0,1.0,0.50977,12.0
1500.0,0.01,2.0,4.0,0.0,0.11588,0.13659,229.86961,267.82586,244.10968,0.11588,4212.0,2446.0,200.0,236.79056,0.0,1.0,0.50977,12.0
1500.0,0.01,3.0,4.0,0.0,0.11619,0.13659,229.86961,267.92038,244.10968,0.11619,4212.0,2407.0,1097.25,236.79056,0.0,1.0,0.50977,12.0
1500.0,0.01,4.0,5.0,0.0,0.11627,0.13659,229.86961,267.94305,244.10968,0.11627,4212.0,2404.0,1027.18511,236.79056,0.0,1.0,0.50977,12.0
1500.0,0.01,5.0,5.0,0.0,0.11585,0.13659,229.86961,267.81601,244.10968,0.11585,4212.0,2454.0,60.0,236.79056,0.0,1.0,0.50977,12.0
1500.0,0.01,6.0,2.0,0.0,0.11588,0.13659,229.86961,267.82586,244.10968,0.11588,4212.0,2409.0,0.35027,236.79056,0.0,1.0,0.50977,12.0
