Omega,Tolerance,Step Size Rule,Iterations,Converged?,Gap LR,Gap Naive,Obj. Naive,Obj. LR (UB),"Obj. LR (LB),",Gap,Time Naive,Time LR,Final Lambda,LB Heuristic,BBP,Best iter,Lambda best iter,Gamma best iter
1500.0,0.01,1.0,10.0,0.0,0.1105,0.13659,229.86961,266.20785,249.3484,0.1105,4212.0,5448.0,791.7,236.79056,0.0,1.0,0.50977,7.0
1500.0,0.01,2.0,10.0,0.0,0.1105,0.13659,229.86961,266.20785,249.3484,0.1105,4212.0,6653.0,200.0,236.79056,0.0,1.0,0.50977,7.0
1500.0,0.01,3.0,10.0,0.0,0.1105,0.13659,229.86961,266.20785,249.3484,0.1105,4212.0,5480.0,1067.85552,236.79056,0.0,1.0,0.50977,7.0
1500.0,0.01,4.0,10.0,0.0,0.1105,0.13659,229.86961,266.20785,249.3484,0.1105,4212.0,5472.0,1000.3452,236.79056,0.0,1.0,0.50977,7.0
1500.0,0.01,5.0,10.0,0.0,0.1105,0.13659,229.86961,266.20785,249.3484,0.1105,4212.0,6393.0,0.0,236.79056,0.0,1.0,0.50977,7.0
1500.0,0.01,6.0,7.0,0.0,0.1105,0.13659,229.86961,266.20785,249.3484,0.1105,4212.0,52527.0,0.15394,236.79056,0.0,1.0,0.50977,7.0
