Omega,Tolerance,Step Size Rule,Iterations,Converged?,Gap LR,Gap Naive,Obj. Naive,Obj. LR,Gap,Time Naive,Time LR,Final Lambda,LB Heuristic
600.0,0.03,1.0,2.0,0.0,0.46734,0.7337,1994.3051,7138.68363,0.46734,4205.0,4203.0,461.08289,3802.52537
600.0,0.03,2.0,2.0,0.0,0.45198,0.7337,1994.3051,6938.68363,0.45198,4205.0,4202.0,134.65017,3802.52537
600.0,0.03,2.0,2.0,0.0,0.45198,0.7337,1994.3051,6938.68363,0.45198,4205.0,4202.0,134.65017,3802.52537
600.0,0.03,4.0,2.0,0.0,0.46734,0.7337,1994.3051,7138.68363,0.46734,4205.0,4203.0,703.23496,3802.52537
600.0,0.03,5.0,2.0,0.0,0.44397,0.7337,1994.3051,6838.68363,0.44397,4205.0,4203.0,134.73608,3802.52537
600.0,0.03,6.0,2.0,0.0,0.43965,0.7337,1994.3051,6786.01543,0.43965,4205.0,4203.0,0.0,3802.52537
