,Omega,Tolerance,Step Size Rule,Iterations,Converged?,Gap LR,Gap Naive,Obj. Naive,Obj. LR,Gap,Time Naive,Time LR,Final Lambda,LB Heuristic,IR,AP
0,1500.0,0.05,1.0,2.0,0.0,0.47237,0.75115,3264.6306,10512.62373,0.47237,4204.0,4211.0,835.92476,5546.7853,5546.97617,5115.91369
1,1500.0,0.05,2.0,2.0,0.0,0.47237,0.75115,3264.6306,10512.62373,0.47237,4204.0,4207.0,52.92476,5546.7853,5546.97617,5115.91369
2,1500.0,0.05,3.0,2.0,0.0,0.47237,0.75115,3264.6306,10512.62373,0.47237,4204.0,4206.0,1421.67476,5546.7853,5546.97617,5115.91369
3,1500.0,0.05,4.0,2.0,0.0,0.47237,0.75115,3264.6306,10512.62373,0.47237,4204.0,4216.0,1424.89176,5546.7853,5546.97617,5115.91369
4,1500.0,0.05,5.0,2.0,0.0,0.47237,0.75115,3264.6306,10512.62373,0.47237,4204.0,4208.0,202.92476,5546.7853,5546.97617,5115.91369
5,1500.0,0.05,6.0,2.0,0.0,0.30193,0.75115,3264.6306,7945.93736,0.30193,4204.0,4207.0,0.0,5546.7853,5546.97617,5115.91369
