Omega,Tolerance,Step Size Rule,Iterations,Converged?,Gap LR,Gap Naive,Obj. Naive,Obj. LR (UB),"Obj. LR (LB),",Gap,Time Naive,Time LR,Final Lambda,LB Heuristic,BBP,Best iter,Lambda best iter,Gamma best iter
1500.0,0.05,1.0,2.0,0.0,0.57797,0.75115,3264.6306,13143.16569,10512.62373,0.57797,4204.0,4207.0,835.92476,5546.7853,0.0,1.0,52.92476,-1425.0
1500.0,0.05,2.0,2.0,0.0,0.57797,0.75115,3264.6306,13143.16569,10512.62373,0.57797,4204.0,4210.0,52.92476,5546.7853,0.0,1.0,52.92476,-1425.0
1500.0,0.05,3.0,2.0,0.0,0.57797,0.75115,3264.6306,13143.16569,10512.62373,0.57797,4204.0,4217.0,1421.67476,5546.7853,0.0,1.0,52.92476,-1425.0
1500.0,0.05,4.0,2.0,0.0,0.57797,0.75115,3264.6306,13143.16569,10512.62373,0.57797,4204.0,4211.0,1424.89176,5546.7853,0.0,1.0,52.92476,-1425.0
1500.0,0.05,5.0,2.0,0.0,0.57797,0.75115,3264.6306,13143.16569,10512.62373,0.57797,4204.0,4213.0,202.92476,5546.7853,0.0,1.0,52.92476,-1425.0
1500.0,0.05,6.0,2.0,0.0,0.57797,0.75115,3264.6306,13143.16569,10512.62373,0.57797,4204.0,4208.0,0.0,5546.7853,0.0,1.0,52.92476,-1425.0
