Omega,Tolerance,Step Size Rule,Iterations,Converged?,Gap LR,Gap Naive,Obj. Naive,Obj. LR (UB),"Obj. LR (LB),",Gap,Time Naive,Time LR,Final Lambda,LB Heuristic,BBP,Best iter,Lambda best iter,Gamma best iter
1500.0,0.05,1.0,5.0,0.0,0.57522,0.75115,3264.6306,13058.10254,10512.62373,0.57522,4204.0,55022.0,705.42476,5546.7853,0.0,1.0,52.92476,-1425.0
1500.0,0.05,2.0,2.0,0.0,0.57797,0.75115,3264.6306,13143.16569,10512.62373,0.57797,4204.0,4210.0,52.92476,5546.7853,0.0,1.0,52.92476,-1425.0
1500.0,0.05,3.0,5.0,0.0,0.57522,0.75115,3264.6306,13058.10254,10512.62373,0.57522,4204.0,55026.0,1307.03191,5546.7853,0.0,1.0,52.92476,-1425.0
1500.0,0.05,4.0,5.0,0.0,0.57522,0.75115,3264.6306,13058.10254,10512.62373,0.57522,4204.0,55043.0,1310.54947,5546.7853,0.0,1.0,52.92476,-1425.0
1500.0,0.05,5.0,6.0,0.0,0.57522,0.75115,3264.6306,13058.10254,10512.62373,0.57522,4204.0,55069.0,37.92476,5546.7853,0.0,1.0,52.92476,-1425.0
1500.0,0.05,6.0,10.0,0.0,0.57522,0.75115,3264.6306,13058.10254,10512.62373,0.57522,4204.0,25469.0,51.30733,5546.7853,0.0,1.0,52.92476,-1425.0
