"Omega","Tolerance","Step Size Rule","Iterations","Converged?","Gap LR","Gap Naive","Obj. Naive","Obj. LR","Gap","Time Naive","Time LR","Final Lambda","LB Heuristic"
600.00000,0.05000,1.00000,2.00000,0.00000,0.01911,0.12933,250.94732,255.83538,0.01911,4254.00000,2765.00000,330.60000,250.94732
600.00000,0.05000,2.00000,2.00000,0.00000,0.01911,0.12933,250.94732,255.83538,0.01911,4254.00000,2691.00000,0.35088,250.94732
600.00000,0.05000,3.00000,2.00000,0.00000,0.01911,0.12933,250.94732,255.83538,0.01911,4254.00000,2656.00000,427.50000,250.94732
600.00000,0.05000,4.00000,2.00000,0.00000,0.01911,0.12933,250.94732,255.83538,0.01911,4254.00000,2589.00000,403.05087,250.94732
600.00000,0.05000,5.00000,2.00000,0.00000,0.01911,0.12933,250.94732,255.83538,0.01911,4254.00000,2545.00000,0.26316,250.94732
600.00000,0.05000,6.00000,2.00000,0.00000,0.01911,0.12933,250.94732,255.83538,0.01911,4254.00000,2884.00000,0.86252,250.94732
