Omega,Tolerance,Step Size Rule,Iterations,Converged?,Gap LR,Gap Naive,Obj. Naive,Obj. LR (UB),"Obj. LR (LB),",Gap,Time Naive,Time LR,Final Lambda,LB Heuristic,BBP,Best iter,Lambda best iter,Gamma best iter
600.0,0.05,1.0,10.0,0.0,0.12304,0.14706,243.69188,283.03755,269.78992,0.12304,4238.0,5067.0,174.45967,248.2129,0.0,1.0,0.45967,-570.0
600.0,0.05,2.0,7.0,0.0,0.11276,0.14706,243.69188,279.75698,269.78992,0.11276,4238.0,50028.0,200.45967,248.2129,0.0,7.0,0.45967,-570.0
600.0,0.05,3.0,10.0,0.0,0.12304,0.14706,243.69188,283.03755,269.78992,0.12304,4238.0,5067.0,456.17071,248.2129,0.0,1.0,0.45967,-570.0
600.0,0.05,4.0,10.0,0.0,0.12304,0.14706,243.69188,283.03755,269.78992,0.12304,4238.0,5070.0,449.82973,248.2129,0.0,1.0,0.45967,-570.0
600.0,0.05,5.0,10.0,0.0,0.12304,0.14706,243.69188,283.03755,269.78992,0.12304,4238.0,5271.0,0.0,248.2129,0.0,1.0,0.45967,-570.0
600.0,0.05,6.0,8.0,0.0,0.09336,0.14706,243.69188,273.77356,273.77356,0.09336,4238.0,43802.0,0.0,248.2129,0.0,4.0,0.99505,26.0
