Omega,Tolerance,Step Size Rule,Iterations,Converged?,Gap LR,Gap Naive,Obj. Naive,Obj. LR (UB),"Obj. LR (LB),",Gap,Time Naive,Time LR,Final Lambda,LB Heuristic,BBP,Best iter,Lambda best iter,Gamma best iter
600.0,0.05,1.0,10.0,0.0,0.12663,0.14706,243.69188,284.2003,261.28217,0.12663,4238.0,2192.0,191.4,248.2129,0.0,1.0,0.45967,15.0
600.0,0.05,2.0,10.0,0.0,0.12663,0.14706,243.69188,284.2003,261.28217,0.12663,4238.0,2386.0,200.0,248.2129,0.0,1.0,0.45967,15.0
600.0,0.05,3.0,10.0,0.0,0.12663,0.14706,243.69188,284.2003,261.28217,0.12663,4238.0,2193.0,335.71104,248.2129,0.0,1.0,0.45967,15.0
600.0,0.05,4.0,10.0,0.0,0.12663,0.14706,243.69188,284.2003,261.28217,0.12663,4238.0,2196.0,303.63413,248.2129,0.0,1.0,0.45967,15.0
600.0,0.05,5.0,10.0,0.0,0.12667,0.14706,243.69188,284.21353,260.14371,0.12667,4238.0,2392.0,0.0,248.2129,0.0,1.0,0.45967,5.0
600.0,0.05,6.0,3.0,0.0,0.12663,0.14706,243.69188,284.2003,261.28217,0.12663,4238.0,4256.0,0.0,248.2129,0.0,1.0,0.45967,15.0
