Omega,Tolerance,Step Size Rule,Iterations,Converged?,Gap LR,Gap Naive,Obj. Naive,Obj. LR,Gap,Time Naive,Time LR,Final Lambda,LB Heuristic
600.0,0.05,1.0,10.0,0.0,0.05002,0.14706,243.69188,261.28217,0.05002,4238.0,2187.0,191.4,248.2129
600.0,0.05,2.0,7.0,0.0,0.05002,0.14706,243.69188,261.28217,0.05002,4238.0,7037.0,0.0,248.2129
600.0,0.05,3.0,10.0,0.0,0.05002,0.14706,243.69188,261.28217,0.05002,4238.0,2186.0,335.71104,248.2129
600.0,0.05,4.0,10.0,0.0,0.05002,0.14706,243.69188,261.28217,0.05002,4238.0,2187.0,303.63413,248.2129
600.0,0.05,5.0,5.0,0.0,0.05002,0.14706,243.69188,261.28217,0.05002,4238.0,6594.0,0.0,248.2129
600.0,0.05,6.0,5.0,0.0,0.04953,0.14706,243.69188,261.14857,0.04953,4238.0,6431.0,0.0,248.2129
