,Omega,Tolerance,Step Size Rule,Iterations,Converged?,Gap LR,Gap Naive,Obj. Naive,Obj. LR,Gap,Time Naive,Time LR,Final Lambda,LB Heuristic,IR,AP
0,600.0,0.05,1.0,10.0,0.0,0.05002,0.14706,243.69188,261.28217,0.05002,4238.0,2187.0,191.4,248.2129,-253.62425,0.0
1,600.0,0.05,2.0,10.0,0.0,0.04586,0.14706,243.69188,260.14371,0.04586,4238.0,2382.0,200.0,248.2129,-253.62425,0.0
2,600.0,0.05,3.0,10.0,0.0,0.05002,0.14706,243.69188,261.28217,0.05002,4238.0,2186.0,335.71104,248.2129,-253.62425,0.0
3,600.0,0.05,4.0,10.0,0.0,0.05002,0.14706,243.69188,261.28217,0.05002,4238.0,2187.0,303.63413,248.2129,-253.62425,0.0
4,600.0,0.05,5.0,10.0,0.0,0.05002,0.14706,243.69188,261.28217,0.05002,4238.0,2400.0,0.0,248.2129,-253.62425,0.0
5,600.0,0.05,6.0,5.0,0.0,0.04953,0.14706,243.69188,261.14857,0.04953,4238.0,6431.0,0.0,248.2129,-253.62425,0.0
