,Omega,Tolerance,Step Size Rule,Iterations,Converged?,Gap LR,Gap Naive,Obj. Naive,Obj. LR,Gap,Time Naive,Time LR,Final Lambda,LB Heuristic,IR,AP
0,600.0,0.05,1.0,2.0,0.0,0.028,0.14706,243.69188,255.36203,0.028,4238.0,2543.0,330.6,248.2129,-253.62425,0.0
1,600.0,0.05,2.0,2.0,0.0,0.028,0.14706,243.69188,255.36203,0.028,4238.0,2566.0,0.35088,248.2129,-253.62425,0.0
2,600.0,0.05,3.0,2.0,0.0,0.028,0.14706,243.69188,255.36203,0.028,4238.0,2516.0,427.5,248.2129,-253.62425,0.0
3,600.0,0.05,4.0,2.0,0.0,0.028,0.14706,243.69188,255.36203,0.028,4238.0,2538.0,403.05087,248.2129,-253.62425,0.0
4,600.0,0.05,5.0,2.0,0.0,0.028,0.14706,243.69188,255.36203,0.028,4238.0,2535.0,0.26316,248.2129,-253.62425,0.0
5,600.0,0.05,6.0,2.0,0.0,0.028,0.14706,243.69188,255.36203,0.028,4238.0,2591.0,0.99505,248.2129,-253.62425,0.0
