Omega,Tolerance,Step Size Rule,Iterations,Converged?,Gap LR,Gap Naive,Obj. Naive,Obj. LR (UB),"Obj. LR (LB),",Gap,Time Naive,Time LR,Final Lambda,LB Heuristic,BBP,Best iter,Lambda best iter,Gamma best iter
1500.0,0.01,1.0,4.0,0.0,0.12213,0.10033,240.29346,268.05939,247.45783,0.10358,4210.0,2411.0,843.9,235.32234,0.0,1.0,0.53429,12.0
1500.0,0.01,2.0,4.0,0.0,0.12213,0.10033,240.29346,268.05939,246.83265,0.10358,4210.0,2531.0,200.0,235.32234,0.0,1.0,0.53429,2.0
1500.0,0.01,3.0,4.0,0.0,0.12213,0.10033,240.29346,268.05939,246.83265,0.10358,4210.0,2407.0,1097.25,235.32234,0.0,1.0,0.53429,2.0
1500.0,0.01,4.0,4.0,0.0,0.12213,0.10033,240.29346,268.05939,246.83265,0.10358,4210.0,2402.0,1033.89332,235.32234,0.0,1.0,0.53429,2.0
1500.0,0.01,5.0,4.0,0.0,0.12213,0.10033,240.29346,268.05939,246.83265,0.10358,4210.0,2420.0,0.0,235.32234,0.0,1.0,0.53429,2.0
1500.0,0.01,6.0,3.0,0.0,0.12213,0.10033,240.29346,268.05939,246.83265,0.10358,4210.0,4477.0,33.93009,235.32234,0.0,1.0,0.53429,2.0
