,Omega,Tolerance,Step Size Rule,Iterations,Converged?,Gap LR,Gap Naive,Obj. Naive,Obj. LR,Gap,Time Naive,Time LR,Final Lambda,LB Heuristic,Heuristic Time,IR,AP
0,1500.0,0.01,1.0,2.0,0.0,0.04663,0.10033,240.29346,246.83265,0.02649,4210.0,2363.0,861.3,235.32234,,0.0,0.0
1,1500.0,0.01,2.0,2.0,0.0,0.04663,0.10033,240.29346,246.83265,0.02649,4210.0,2368.0,0.13468,235.32234,,0.0,0.0
2,1500.0,0.01,3.0,2.0,0.0,0.04663,0.10033,240.29346,246.83265,0.02649,4210.0,2369.0,1113.75,235.32234,,0.0,0.0
3,1500.0,0.01,4.0,2.0,0.0,0.04904,0.10033,240.29346,247.45783,0.02895,4210.0,2364.0,1050.05357,235.32234,,0.0,0.0
4,1500.0,0.01,5.0,2.0,0.0,0.04663,0.10033,240.29346,246.83265,0.02649,4210.0,2363.0,0.10101,235.32234,,0.0,0.0
5,1500.0,0.01,6.0,2.0,0.0,0.04663,0.10033,240.29346,246.83265,0.02649,4210.0,2368.0,0.35572,235.32234,54.0,0.0,0.0
