Omega,Tolerance,Step Size Rule,Iterations,Converged?,Gap LR,Gap Naive,Obj. Naive,Obj. LR (UB),"Obj. LR (LB),",Gap,Time Naive,Time LR,Final Lambda,LB Heuristic,BBP,Best iter,Lambda best iter,Gamma best iter
1500.0,0.01,1.0,10.0,0.0,0.11768,0.10033,240.29346,266.70891,249.13869,0.09904,4210.0,5428.0,791.7,235.32234,0.0,1.0,0.53429,10.0
1500.0,0.01,2.0,10.0,0.0,0.11768,0.10033,240.29346,266.70891,249.13869,0.09904,4210.0,6312.0,200.0,235.32234,0.0,1.0,0.53429,10.0
1500.0,0.01,3.0,10.0,0.0,0.11768,0.10033,240.29346,266.70891,249.13869,0.09904,4210.0,5426.0,1067.85552,235.32234,0.0,1.0,0.53429,10.0
1500.0,0.01,4.0,10.0,0.0,0.11768,0.10033,240.29346,266.70891,249.13869,0.09904,4210.0,5423.0,1000.3452,235.32234,0.0,1.0,0.53429,10.0
1500.0,0.01,5.0,10.0,0.0,0.11767,0.10033,240.29346,266.70484,249.13869,0.09903,4210.0,6350.0,0.0,235.32234,0.0,1.0,0.53429,10.0
1500.0,0.01,6.0,3.0,0.0,0.11767,0.10033,240.29346,266.70484,249.13869,0.09903,4210.0,20269.0,2.50192,235.32234,0.0,1.0,0.53429,10.0
