Omega,Tolerance,Step Size Rule,Iterations,Converged?,Gap LR,Gap Naive,Obj. Naive,Obj. LR,Gap,Time Naive,Time LR,Final Lambda,LB Heuristic
600.0,0.07,1.0,2.0,0.0,0.02824,0.1713,242.97719,258.24146,0.02824,4246.0,2454.0,323.64,250.94913
600.0,0.07,2.0,1.0,1.0,0.0,0.1713,242.97719,250.94913,0.0,4246.0,2136.0,0.45863,250.94913
600.0,0.07,3.0,2.0,0.0,0.02824,0.1713,242.97719,258.24146,0.02824,4246.0,2459.0,418.5,250.94913
600.0,0.07,4.0,2.0,0.0,0.02824,0.1713,242.97719,258.24146,0.02824,4246.0,2439.0,394.56558,250.94913
600.0,0.07,5.0,2.0,0.0,0.02824,0.1713,242.97719,258.24146,0.02824,4246.0,2469.0,0.26882,250.94913
600.0,0.07,6.0,1.0,1.0,0.0,0.1713,242.97719,250.94913,0.0,4246.0,2136.0,0.45863,250.94913
