"Omega","Tolerance","Step Size Rule","Iterations","Converged?","Gap LR","Gap Naive","Obj. Naive","Obj. LR","Gap","Time Naive","Time LR","Final Lambda","LB Heuristic"
600.00000,0.07000,1.00000,1.00000,1.00000,0.00000,0.14538,250.94913,250.94913,0.00000,4255.00000,2146.00000,0.45863,250.94913
600.00000,0.07000,2.00000,1.00000,1.00000,0.00000,0.14538,250.94913,250.94913,0.00000,4255.00000,2139.00000,0.45863,250.94913
600.00000,0.07000,3.00000,1.00000,1.00000,0.00000,0.14538,250.94913,250.94913,0.00000,4255.00000,2147.00000,0.45863,250.94913
600.00000,0.07000,4.00000,2.00000,0.00000,0.02824,0.14538,250.94913,258.24146,0.02824,4255.00000,2743.00000,394.56558,250.94913
600.00000,0.07000,5.00000,2.00000,0.00000,0.02824,0.14538,250.94913,258.24146,0.02824,4255.00000,2731.00000,0.26882,250.94913
600.00000,0.07000,6.00000,2.00000,0.00000,0.02824,0.14538,250.94913,258.24146,0.02824,4255.00000,2542.00000,0.92216,250.94913
