"Omega","Tolerance","Step Size Rule","Iterations","Converged?","Gap LR","Gap Naive","Obj. Naive","Obj. LR","Gap","Time Naive","Time LR","Final Lambda","LB Heuristic"
100.00000,0.07000,1.00000,10.00000,0.00000,0.06679,0.00462,284.90623,305.29795,0.06679,4210.00000,747.00000,20.22063,284.90623
100.00000,0.07000,2.00000,10.00000,0.00000,0.04814,0.00462,284.90623,299.31622,0.04814,4210.00000,1510.00000,4.30108,284.90623
100.00000,0.07000,3.00000,10.00000,0.00000,0.06679,0.00462,284.90623,305.29795,0.06679,4210.00000,610.00000,69.15320,284.90623
100.00000,0.07000,4.00000,10.00000,0.00000,0.06679,0.00462,284.90623,305.29795,0.06679,4210.00000,536.00000,67.67364,284.90623
100.00000,0.07000,5.00000,10.00000,0.00000,0.03126,0.00462,284.90623,294.09900,0.03126,4210.00000,1216.00000,1.08423,284.90623
100.00000,0.07000,6.00000,10.00000,0.00000,0.03093,0.00462,284.90623,294.00051,0.03093,4210.00000,1771.00000,2.61360,284.90623
