"Omega","Tolerance","Step Size Rule","Iterations","Converged?","Gap LR","Gap Naive","Obj. Naive","Obj. LR","Gap","Time Naive","Time LR","Final Lambda","LB Heuristic"
100.00000,0.05000,1.00000,10.00000,0.00000,0.04993,0.00000,283.78977,298.70407,0.04993,744.00000,799.00000,31.80419,283.78977
100.00000,0.05000,2.00000,10.00000,0.00000,0.02909,0.00000,283.78977,292.29194,0.02909,744.00000,1494.00000,4.21053,283.78977
100.00000,0.05000,3.00000,10.00000,0.00000,0.04993,0.00000,283.78977,298.70407,0.04993,744.00000,774.00000,78.75603,283.78977
100.00000,0.05000,4.00000,10.00000,0.00000,0.04993,0.00000,283.78977,298.70407,0.04993,744.00000,741.00000,77.69921,283.78977
100.00000,0.05000,5.00000,10.00000,0.00000,0.01687,0.00000,283.78977,288.66036,0.01687,744.00000,1350.00000,1.06140,283.78977
100.00000,0.05000,6.00000,10.00000,0.00000,0.01648,0.00000,283.78977,288.54392,0.01648,744.00000,2299.00000,2.16883,283.78977
