Omega,Tolerance,Step Size Rule,Iterations,Converged?,Gap LR,Gap Naive,Obj. Naive,Obj. LR (UB),"Obj. LR (LB),",Gap,Time Naive,Time LR,Final Lambda,LB Heuristic,BBP,Best iter,Lambda best iter,Gamma best iter
1500.0,0.01,1.0,10.0,0.0,0.08908,0.09936,241.17192,267.65321,251.07959,0.08908,4212.0,5478.0,791.7,243.81112,0.0,1.0,0.47054,3.0
1500.0,0.01,2.0,10.0,0.0,0.08908,0.09936,241.17192,267.65321,251.07959,0.08908,4212.0,6554.0,200.0,243.81112,0.0,1.0,0.47054,3.0
1500.0,0.01,3.0,10.0,0.0,0.08908,0.09936,241.17192,267.65321,251.07959,0.08908,4212.0,5463.0,1067.85552,243.81112,0.0,1.0,0.47054,3.0
1500.0,0.01,4.0,10.0,0.0,0.08908,0.09936,241.17192,267.65321,251.07959,0.08908,4212.0,5474.0,1000.3452,243.81112,0.0,1.0,0.47054,3.0
1500.0,0.01,5.0,10.0,0.0,0.08908,0.09936,241.17192,267.65321,251.07959,0.08908,4212.0,6335.0,0.0,243.81112,0.0,1.0,0.47054,3.0
1500.0,0.01,6.0,3.0,0.0,0.08908,0.09936,241.17192,267.65321,251.07959,0.08908,4212.0,20297.0,2.22183,243.81112,0.0,1.0,0.47054,3.0
