Omega,Tolerance,Step Size Rule,Iterations,Converged?,Gap LR,Gap Naive,Obj. Naive,Obj. LR (UB),"Obj. LR (LB),",Gap,Time Naive,Time LR,Final Lambda,LB Heuristic,BBP,Best iter,Lambda best iter,Gamma best iter
1500.0,0.01,1.0,3.0,0.0,0.0926,0.09936,241.17192,268.69245,247.73526,0.0926,4212.0,2414.0,852.6,243.81112,0.0,1.0,0.47054,14.0
1500.0,0.01,2.0,3.0,0.0,0.0926,0.09936,241.17192,268.69245,247.73526,0.0926,4212.0,2409.0,0.0,243.81112,0.0,1.0,0.47054,14.0
1500.0,0.01,3.0,3.0,0.0,0.0926,0.09936,241.17192,268.69245,247.73526,0.0926,4212.0,2407.0,1104.75,243.81112,0.0,1.0,0.47054,14.0
1500.0,0.01,4.0,3.0,0.0,0.0926,0.09936,241.17192,268.69245,247.73526,0.0926,4212.0,2407.0,1041.39332,243.81112,0.0,1.0,0.47054,14.0
1500.0,0.01,5.0,3.0,0.0,0.0926,0.09936,241.17192,268.69245,247.73526,0.0926,4212.0,2409.0,50.0,243.81112,0.0,1.0,0.47054,14.0
1500.0,0.01,6.0,3.0,0.0,0.0926,0.09936,241.17192,268.69245,247.73526,0.0926,4212.0,4498.0,0.0,243.81112,0.0,1.0,0.47054,14.0
