Omega,Tolerance,Step Size Rule,Iterations,Converged?,Gap LR,Gap Naive,Obj. Naive,Obj. LR (UB),"Obj. LR (LB),",Gap,Time Naive,Time LR,Final Lambda,LB Heuristic,BBP,Best iter,Lambda best iter,Gamma best iter
1500.0,0.01,1.0,10.0,0.0,0.08908,0.09936,241.17192,267.65321,251.07959,0.08908,4212.0,5478.0,791.7,243.81112,0.0,1.0,0.47054,3.0
1500.0,0.01,2.0,10.0,0.0,0.08908,0.09936,241.17192,267.65321,251.07959,0.08908,4212.0,6548.0,200.0,243.81112,0.0,1.0,0.47054,3.0
1500.0,0.01,3.0,10.0,0.0,0.08908,0.09936,241.17192,267.65321,251.07959,0.08908,4212.0,5464.0,1067.85552,243.81112,0.0,1.0,0.47054,3.0
1500.0,0.01,4.0,10.0,0.0,0.08908,0.09936,241.17192,267.65321,251.07959,0.08908,4212.0,5477.0,1000.3452,243.81112,0.0,1.0,0.47054,3.0
1500.0,0.01,5.0,10.0,0.0,0.08908,0.09936,241.17192,267.65321,251.07959,0.08908,4212.0,6339.0,0.0,243.81112,0.0,1.0,0.47054,3.0
1500.0,0.01,6.0,8.0,0.0,0.04879,0.09936,241.17192,256.31762,256.31762,0.04879,4212.0,52944.0,0.32017,243.81112,0.0,8.0,0.88865,11.0
