Omega,Tolerance,Step Size Rule,Iterations,Converged?,Gap LR,Gap Naive,Obj. Naive,Obj. LR,Gap,Time Naive,Time LR,Final Lambda,LB Heuristic,Heuristic Time
1500.0,0.01,1.0,2.0,0.0,0.01584,0.09936,241.17192,247.73526,0.01584,4212.0,2391.0,861.3,243.81112,
1500.0,0.01,2.0,2.0,0.0,0.01584,0.09936,241.17192,247.73526,0.01584,4212.0,2389.0,0.13468,243.81112,
1500.0,0.01,3.0,2.0,0.0,0.01584,0.09936,241.17192,247.73526,0.01584,4212.0,2389.0,1113.75,243.81112,
1500.0,0.01,4.0,2.0,0.0,0.01584,0.09936,241.17192,247.73526,0.01584,4212.0,2380.0,1050.05357,243.81112,
1500.0,0.01,5.0,2.0,0.0,0.01584,0.09936,241.17192,247.73526,0.01584,4212.0,2391.0,0.10101,243.81112,
1500.0,0.01,6.0,2.0,0.0,0.01584,0.09936,241.17192,247.73526,0.01584,4212.0,2385.0,0.34501,243.81112,53.0
,,,,,,,,,,,,,0.0,
,,,,,,,,,,,,,0.0,
