"Omega","Tolerance","Step Size Rule","Iterations","Converged?","Gap LR","Gap Naive","Obj. Naive","Obj. LR","Gap","Time Naive","Time LR","Final Lambda","LB Heuristic"
600.00000,0.05000,1.00000,1.00000,1.00000,0.00000,0.15270,243.57159,243.57159,0.00000,4248.00000,2147.00000,0.45600,243.57159
600.00000,0.05000,2.00000,1.00000,1.00000,0.00000,0.15270,243.57159,243.57159,0.00000,4248.00000,2142.00000,0.45600,243.57159
600.00000,0.05000,3.00000,2.00000,0.00000,0.05212,0.15270,243.57159,256.96522,0.05212,4248.00000,2620.00000,427.50000,243.57159
600.00000,0.05000,4.00000,2.00000,0.00000,0.05212,0.15270,243.57159,256.96522,0.05212,4248.00000,2598.00000,403.05087,243.57159
600.00000,0.05000,5.00000,1.00000,1.00000,0.00000,0.15270,243.57159,243.57159,0.00000,4248.00000,2139.00000,0.45600,243.57159
600.00000,0.05000,6.00000,2.00000,0.00000,0.05212,0.15270,243.57159,256.96522,0.05212,4248.00000,2414.00000,1.01527,243.57159
