"Omega","Tolerance","Step Size Rule","Iterations","Converged?","Gap LR","Gap Naive","Obj. Naive","Obj. LR","Gap","Time Naive","Time LR","Final Lambda","LB Heuristic"
600.00000,0.07000,1.00000,1.00000,1.00000,0.00000,0.84746,2211.68852,4147.06549,0.00000,4207.00000,2105.00000,131.96425,4147.06549
600.00000,0.07000,2.00000,1.00000,1.00000,0.00000,0.84746,2211.68852,4147.06549,0.00000,4207.00000,2107.00000,131.96425,4147.06549
600.00000,0.07000,3.00000,1.00000,1.00000,0.00000,0.84746,2211.68852,4147.06549,0.00000,4207.00000,2108.00000,131.96425,4147.06549
600.00000,0.07000,4.00000,1.00000,1.00000,0.00000,0.84746,2211.68852,4147.06549,0.00000,4207.00000,2110.00000,131.96425,4147.06549
600.00000,0.07000,5.00000,1.00000,1.00000,0.00000,0.84746,2211.68852,4147.06549,0.00000,4207.00000,2109.00000,131.96425,4147.06549
600.00000,0.07000,6.00000,1.00000,1.00000,0.00000,0.84746,2211.68852,4147.06549,0.00000,4207.00000,2110.00000,131.96425,4147.06549
