"Omega","Tolerance","Step Size Rule","Iterations","Converged?","Gap LR","Gap Naive","Obj. Naive","Obj. LR","Gap","Time Naive","Time LR","Final Lambda","LB Heuristic"
600.00000,0.07000,1.00000,2.00000,0.00000,0.65664,0.70048,4428.13167,12896.61726,0.65664,4271.00000,4320.00000,431.24425,4428.13167
600.00000,0.07000,2.00000,2.00000,0.00000,0.65124,0.70048,4428.13167,12696.61726,0.65124,4271.00000,4319.00000,132.68109,4428.13167
600.00000,0.07000,3.00000,2.00000,0.00000,0.65664,0.70048,4428.13167,12896.61726,0.65664,4271.00000,4336.00000,658.46425,4428.13167
600.00000,0.07000,4.00000,2.00000,0.00000,0.65664,0.70048,4428.13167,12896.61726,0.65664,4271.00000,4340.00000,660.26576,4428.13167
600.00000,0.07000,5.00000,2.00000,0.00000,0.64847,0.70048,4428.13167,12596.61726,0.64847,4271.00000,4296.00000,132.77070,4428.13167
600.00000,0.07000,6.00000,2.00000,0.00000,0.56717,0.70048,4428.13167,10230.70855,0.56717,4271.00000,4261.00000,0.00000,4428.13167
