"Omega","Tolerance","Step Size Rule","Iterations","Converged?","Gap LR","Gap Naive","Obj. Naive","Obj. LR","Gap","Time Naive","Time LR","Final Lambda","LB Heuristic"
600.00000,0.07000,1.00000,2.00000,0.00000,0.67506,0.75013,3695.32120,12896.61726,0.67506,4249.00000,4311.00000,431.24425,4190.59627
600.00000,0.07000,2.00000,2.00000,0.00000,0.66994,0.75013,3695.32120,12696.61726,0.66994,4249.00000,4318.00000,132.68109,4190.59627
600.00000,0.07000,3.00000,2.00000,0.00000,0.67506,0.75013,3695.32120,12896.61726,0.67506,4249.00000,4331.00000,658.46425,4190.59627
600.00000,0.07000,4.00000,2.00000,0.00000,0.67506,0.75013,3695.32120,12896.61726,0.67506,4249.00000,4337.00000,660.26576,4190.59627
600.00000,0.07000,5.00000,2.00000,0.00000,0.66732,0.75013,3695.32120,12596.61726,0.66732,4249.00000,4300.00000,132.77070,4190.59627
600.00000,0.07000,6.00000,2.00000,0.00000,0.60354,0.75013,3695.32120,10569.93416,0.60354,4249.00000,4277.00000,0.00000,4190.59627
