"Omega","Tolerance","Step Size Rule","Iterations","Converged?","Gap LR","Gap Naive","Obj. Naive","Obj. LR","Gap","Time Naive","Time LR","Final Lambda","LB Heuristic"
600.00000,0.07000,1.00000,2.00000,0.00000,0.63629,1.00000,265.52995,12896.61726,0.63629,4232.00000,4245.00000,431.24425,4690.56680
600.00000,0.07000,2.00000,2.00000,0.00000,0.63057,1.00000,265.52995,12696.61726,0.63057,4232.00000,4246.00000,132.68109,4690.56680
600.00000,0.07000,3.00000,2.00000,0.00000,0.63629,1.00000,265.52995,12896.61726,0.63629,4232.00000,4252.00000,658.46425,4690.56680
600.00000,0.07000,4.00000,2.00000,0.00000,0.63629,1.00000,265.52995,12896.61726,0.63629,4232.00000,4251.00000,660.26576,4690.56680
600.00000,0.07000,5.00000,2.00000,0.00000,0.62763,1.00000,265.52995,12596.61726,0.62763,4232.00000,4245.00000,132.77070,4690.56680
600.00000,0.07000,6.00000,2.00000,0.00000,0.55561,1.00000,265.52995,10554.98520,0.55561,4232.00000,4234.00000,0.00000,4690.56680
