,Omega,Tolerance,Step Size Rule,Iterations,Converged?,Gap LR,Gap Naive,Obj. Naive,Obj. LR (UB),"Obj. LR (LB),",Gap,Time Naive,Time LR,Final Lambda,LB Heuristic,BBP,Best iter,Lambda best iter,Gamma best iter,Obj. LR,Time,QP,IR,AP
0,900.0,0.01,1.0,2.0,0.0,0.487,0.53007,4485.23901,9739.3258,5126.84185,0.487,4202.0,4204.0,85.91987,4996.31586,0.0,1.0,96.35987,9.0,,,-4588.343,-4996.31586,-4572.77211
1,900.0,0.01,2.0,3.0,0.0,0.487,0.53007,4485.23901,9739.3258,5126.84185,0.487,4202.0,4217.0,0.0,4996.31586,0.0,1.0,96.35987,9.0,,,-4588.343,-4996.31586,-4572.77211
2,900.0,0.01,3.0,2.0,0.0,0.487,0.53007,4485.23901,9739.3258,5126.84185,0.487,4202.0,4203.0,755.60987,4996.31586,0.0,1.0,96.35987,9.0,,,-4588.343,-4996.31586,-4572.77211
3,900.0,0.01,4.0,2.0,0.0,0.487,0.53007,4485.23901,9739.3258,5126.84185,0.487,4202.0,4203.0,717.39201,4996.31586,0.0,1.0,96.35987,9.0,,,-4588.343,-4996.31586,-4572.77211
4,900.0,0.01,5.0,3.0,0.0,0.487,0.53007,4485.23901,9739.3258,5126.84185,0.487,4202.0,4217.0,50.0,4996.31586,0.0,1.0,96.35987,9.0,,,-4588.343,-4996.31586,-4572.77211
5,900.0,0.01,6.0,3.0,0.0,0.487,0.53007,4485.23901,9739.3258,5126.84185,0.487,4202.0,4215.0,0.0,4996.31586,0.0,1.0,96.35987,9.0,,,-4588.343,-4996.31586,-4572.77211
