"Omega","Tolerance","Step Size Rule","Iterations","Converged?","Gap LR","Gap Naive","Obj. Naive","Obj. LR","Gap","Time Naive","Time LR","Final Lambda","LB Heuristic"
600.00000,0.03000,1.00000,2.00000,0.00000,0.34961,0.73573,3023.10535,6813.20102,0.34961,4250.00000,4319.00000,461.58156,4431.25356
600.00000,0.03000,2.00000,2.00000,0.00000,0.32994,0.73573,3023.10535,6613.20102,0.32994,4250.00000,4321.00000,135.14885,4431.25356
600.00000,0.03000,3.00000,2.00000,0.00000,0.34961,0.73573,3023.10535,6813.20102,0.34961,4250.00000,4322.00000,702.96156,4431.25356
600.00000,0.03000,4.00000,2.00000,0.00000,0.34961,0.73573,3023.10535,6813.20102,0.34961,4250.00000,4332.00000,703.73364,4431.25356
600.00000,0.03000,5.00000,2.00000,0.00000,0.31965,0.73573,3023.10535,6513.20102,0.31965,4250.00000,4304.00000,135.23476,4431.25356
600.00000,0.03000,6.00000,2.00000,0.00000,0.25213,0.73573,3023.10535,5925.15719,0.25213,4250.00000,4279.00000,0.00000,4431.25356
