Omega,Tolerance,Step Size Rule,Iterations,Converged?,Gap LR,Gap Naive,Obj. Naive,Obj. LR,Gap,Time Naive,Time LR,Final Lambda,LB Heuristic,Heuristic Time
1500.0,0.03,1.0,2.0,0.0,0.02678,0.12367,244.67527,253.78501,0.02678,4210.0,2351.0,843.9,246.98829,
1500.0,0.03,2.0,2.0,0.0,0.02678,0.12367,244.67527,253.78501,0.02678,4210.0,2355.0,0.13746,246.98829,
1500.0,0.03,3.0,2.0,0.0,0.02678,0.12367,244.67527,253.78501,0.02678,4210.0,2355.0,1091.25,246.98829,
1500.0,0.03,4.0,2.0,0.0,0.02678,0.12367,244.67527,253.78501,0.02678,4210.0,2360.0,1028.84037,246.98829,
1500.0,0.03,5.0,2.0,0.0,0.02678,0.12367,244.67527,253.78501,0.02678,4210.0,2352.0,0.10309,246.98829,
1500.0,0.03,6.0,2.0,0.0,0.02678,0.12367,244.67527,253.78501,0.02678,4210.0,2350.0,0.37655,246.98829,54.0
