,Omega,Tolerance,Step Size Rule,Iterations,Converged?,Gap LR,Gap Naive,Obj. Naive,Obj. LR (UB),"Obj. LR (LB),",Gap,Time Naive,Time LR,Final Lambda,LB Heuristic,BBP,Best iter,Lambda best iter,Gamma best iter,Obj. LR,Time,QP,IR,AP
0,900.0,0.01,1.0,2.0,0.0,0.48632,0.52994,4551.25547,9870.16734,4997.92317,0.48632,4202.0,4202.0,85.87275,5070.14048,0.0,1.0,96.31275,9.0,,,-4721.817,-5070.14048,-4559.58199
1,900.0,0.01,2.0,3.0,0.0,0.48632,0.52994,4551.25547,9870.16734,4997.92317,0.48632,4202.0,4215.0,0.0,5070.14048,0.0,1.0,96.31275,9.0,,,-4721.817,-5070.14048,-4559.58199
2,900.0,0.01,3.0,2.0,0.0,0.48632,0.52994,4551.25547,9870.16734,4997.92317,0.48632,4202.0,4203.0,755.56275,5070.14048,0.0,1.0,96.31275,9.0,,,-4721.817,-5070.14048,-4559.58199
3,900.0,0.01,4.0,2.0,0.0,0.48632,0.52994,4551.25547,9870.16734,4997.92317,0.48632,4202.0,4205.0,717.34489,5070.14048,0.0,1.0,96.31275,9.0,,,-4721.817,-5070.14048,-4559.58199
4,900.0,0.01,5.0,3.0,0.0,0.48632,0.52994,4551.25547,9870.16734,4997.92317,0.48632,4202.0,4218.0,50.0,5070.14048,0.0,1.0,96.31275,9.0,,,-4721.817,-5070.14048,-4559.58199
5,900.0,0.01,6.0,3.0,0.0,0.48632,0.52994,4551.25547,9870.16734,4997.92317,0.48632,4202.0,4217.0,0.0,5070.14048,0.0,1.0,96.31275,9.0,,,-4721.817,-5070.14048,-4559.58199
