"Omega","Tolerance","Step Size Rule","Iterations","Converged?","Gap LR","Gap Naive","Obj. Naive","Obj. LR","Gap","Time Naive","Time LR","Final Lambda","LB Heuristic"
600.00000,0.01000,1.00000,2.00000,0.00000,5.59230,0.65580,3342.38874,-873.24683,5.59230,4234.00000,4275.00000,487.38052,4010.21456
600.00000,0.01000,2.00000,2.00000,0.00000,-0.16100,0.65580,3342.38874,3454.11733,-0.16100,4234.00000,3166.00000,113.34388,4010.21456
600.00000,0.01000,3.00000,2.00000,0.00000,2.36385,0.65580,3342.38874,-2940.36683,2.36385,4234.00000,4253.00000,735.84052,4010.21456
600.00000,0.01000,4.00000,2.00000,0.00000,2.36385,0.65580,3342.38874,-2940.36683,2.36385,4234.00000,4248.00000,736.09788,4010.21456
600.00000,0.01000,5.00000,2.00000,0.00000,2.36385,0.65580,3342.38874,-2940.36683,2.36385,4234.00000,4247.00000,121.84557,4010.21456
600.00000,0.01000,6.00000,2.00000,0.00000,-0.06817,0.65580,3342.38874,3754.28409,-0.06817,4234.00000,4240.00000,0.00000,4010.21456
