"Omega","Tolerance","Step Size Rule","Iterations","Converged?","Gap LR","Gap Naive","Obj. Naive","Obj. LR","Gap","Time Naive","Time LR","Final Lambda","LB Heuristic"
600.00000,0.01000,1.00000,2.00000,0.00000,0.15236,0.65982,3220.08703,4335.95031,0.15236,4206.00000,4212.00000,144.02052,3675.31843
600.00000,0.01000,2.00000,3.00000,0.00000,0.21737,0.65982,3220.08703,4696.13695,0.21737,4206.00000,2488.00000,97.01392,3675.31843
600.00000,0.01000,3.00000,2.00000,0.00000,0.23490,0.65982,3220.08703,4803.72489,0.23490,4206.00000,4222.00000,135.84052,3675.31843
600.00000,0.01000,4.00000,2.00000,0.00000,0.22799,0.65982,3220.08703,4760.71844,0.22799,4206.00000,4218.00000,137.09788,3675.31843
600.00000,0.01000,5.00000,3.00000,0.00000,0.25284,0.65982,3220.08703,4919.07562,0.25284,4206.00000,2473.00000,96.76139,3675.31843
600.00000,0.01000,6.00000,3.00000,0.00000,0.16285,0.65982,3220.08703,4390.25262,0.16285,4206.00000,4383.00000,0.00000,3675.31843
