"Omega","Tolerance","Step Size Rule","Iterations","Converged?","Gap LR","Gap Naive","Obj. Naive","Obj. LR","Gap","Time Naive","Time LR","Final Lambda","LB Heuristic"
600.00000,0.01000,1.00000,2.00000,0.00000,0.19527,0.58102,4089.48713,4955.48940,0.17476,4274.00000,4323.00000,139.38052,3987.82550
600.00000,0.01000,2.00000,2.00000,0.00000,0.19608,0.58102,4089.48713,4960.48940,0.17559,4274.00000,2633.00000,113.34388,3987.82550
600.00000,0.01000,3.00000,2.00000,0.00000,0.19167,0.58102,4089.48713,4933.42825,0.17107,4274.00000,4357.00000,135.84052,3987.82550
600.00000,0.01000,4.00000,2.00000,0.00000,0.21529,0.58102,4089.48713,5081.90450,0.19528,4274.00000,4372.00000,136.09788,3987.82550
600.00000,0.01000,5.00000,2.00000,0.00000,0.22106,0.58102,4089.48713,5119.57117,0.20121,4274.00000,2622.00000,96.59304,3987.82550
600.00000,0.01000,6.00000,2.00000,0.00000,0.20202,0.58102,4089.48713,4997.41103,0.18168,4274.00000,2545.00000,274.57558,3987.82550
