"Omega","Tolerance","Step Size Rule","Iterations","Converged?","Gap LR","Gap Naive","Obj. Naive","Obj. LR","Gap","Time Naive","Time LR","Final Lambda","LB Heuristic"
600.00000,0.01000,1.00000,2.00000,0.00000,0.15373,0.66275,3291.69476,5104.69938,0.15373,4248.00000,4310.00000,139.38052,4319.94583
600.00000,0.01000,2.00000,2.00000,0.00000,0.16442,0.66275,3291.69476,5169.96616,0.16442,4248.00000,2648.00000,113.34388,4319.94583
600.00000,0.01000,3.00000,2.00000,0.00000,0.13556,0.66275,3291.69476,4997.41103,0.13556,4248.00000,4360.00000,135.84052,4319.94583
600.00000,0.01000,4.00000,2.00000,0.00000,0.16051,0.66275,3291.69476,5145.88728,0.16051,4248.00000,4349.00000,136.09788,4319.94583
600.00000,0.01000,5.00000,2.00000,0.00000,0.16661,0.66275,3291.69476,5183.55395,0.16661,4248.00000,2613.00000,96.59304,4319.94583
600.00000,0.01000,6.00000,2.00000,0.00000,0.13556,0.66275,3291.69476,4997.41103,0.13556,4248.00000,2541.00000,273.45733,4319.94583
