"Omega","Tolerance","Step Size Rule","Iterations","Converged?","Gap LR","Gap Naive","Obj. Naive","Obj. LR","Gap","Time Naive","Time LR","Final Lambda","LB Heuristic"
100.00000,0.03000,1.00000,2.00000,0.00000,0.20447,0.36665,6371.00269,8260.86898,0.20447,4203.00000,4205.00000,803.87273,6571.79965
100.00000,0.03000,2.00000,10.00000,0.00000,0.20061,0.36665,6371.00269,8221.05050,0.20061,4203.00000,2287.00000,759.24276,6571.79965
100.00000,0.03000,3.00000,2.00000,0.00000,0.20827,0.36665,6371.00269,8300.54654,0.20827,4203.00000,4206.00000,802.10273,6571.79965
100.00000,0.03000,4.00000,2.00000,0.00000,0.20838,0.36665,6371.00269,8301.76185,0.20838,4203.00000,4206.00000,802.23141,6571.79965
100.00000,0.03000,5.00000,10.00000,0.00000,0.20924,0.36665,6371.00269,8310.76185,0.20924,4203.00000,2266.00000,713.31861,6571.79965
100.00000,0.03000,6.00000,3.00000,0.00000,0.20913,0.36665,6371.00269,8309.54654,0.20913,4203.00000,4214.00000,223.42653,6571.79965
