"Omega","Tolerance","Step Size Rule","Iterations","Converged?","Gap LR","Gap Naive","Obj. Naive","Obj. LR","Gap","Time Naive","Time LR","Final Lambda","LB Heuristic"
100.00000,0.03000,1.00000,2.00000,0.00000,0.23024,0.39518,6324.48069,8225.70838,0.23024,4203.00000,4206.00000,803.87273,6331.82780
100.00000,0.03000,2.00000,8.00000,0.00000,0.23024,0.39518,6324.48069,8225.70838,0.23024,4203.00000,2447.00000,755.11905,6331.82780
100.00000,0.03000,3.00000,2.00000,0.00000,0.13983,0.39518,6324.48069,7361.15416,0.13983,4203.00000,4209.00000,877.10273,6331.82780
100.00000,0.03000,4.00000,2.00000,0.00000,0.13983,0.39518,6324.48069,7361.15416,0.13983,4203.00000,4216.00000,872.94209,6331.82780
100.00000,0.03000,5.00000,10.00000,0.00000,0.23024,0.39518,6324.48069,8225.70838,0.23024,4203.00000,2425.00000,713.31861,6331.82780
100.00000,0.03000,6.00000,3.00000,0.00000,0.23455,0.39518,6324.48069,8272.03531,0.23455,4203.00000,4214.00000,150.88409,6331.82780
