"Omega","Tolerance","Step Size Rule","Iterations","Converged?","Gap LR","Gap Naive","Obj. Naive","Obj. LR","Gap","Time Naive","Time LR","Final Lambda","LB Heuristic"
900.00000,0.07000,1.00000,1.00000,1.00000,0.00000,0.15664,247.88805,247.88805,0.00000,4285.00000,2169.00000,0.30726,247.88805
900.00000,0.07000,2.00000,1.00000,1.00000,0.00000,0.15664,247.88805,247.88805,0.00000,4285.00000,2165.00000,0.30726,247.88805
900.00000,0.07000,3.00000,1.00000,1.00000,0.00000,0.15664,247.88805,247.88805,0.00000,4285.00000,2160.00000,0.30726,247.88805
900.00000,0.07000,4.00000,1.00000,1.00000,0.00000,0.15664,247.88805,247.88805,0.00000,4285.00000,2171.00000,0.30726,247.88805
900.00000,0.07000,5.00000,1.00000,1.00000,0.00000,0.15664,247.88805,247.88805,0.00000,4285.00000,2164.00000,0.30726,247.88805
900.00000,0.07000,6.00000,1.00000,1.00000,0.00000,0.15664,247.88805,247.88805,0.00000,4285.00000,2152.00000,0.30726,247.88805
