,Omega,Tolerance,Step Size Rule,Iterations,Converged?,Gap LR,Gap Naive,Obj. Naive,Obj. LR,Gap,Time Naive,Time LR,Final Lambda,LB Heuristic,Heuristic Time,IR,AP
0,1500.0,0.05,1.0,2.0,0.0,0.02475,1.0,233.40556,246.91691,0.02475,4212.0,2320.0,826.5,240.80565,,-253.67697,0.0
1,1500.0,0.05,2.0,2.0,0.0,0.02475,1.0,233.40556,246.91691,0.02475,4212.0,2320.0,0.14035,240.80565,,-253.67697,0.0
2,1500.0,0.05,3.0,2.0,0.0,0.02475,1.0,233.40556,246.91691,0.02475,4212.0,2321.0,1068.75,240.80565,,-253.67697,0.0
3,1500.0,0.05,4.0,2.0,0.0,0.02475,1.0,233.40556,246.91691,0.02475,4212.0,2319.0,1007.62716,240.80565,,-253.67697,0.0
4,1500.0,0.05,5.0,2.0,0.0,0.02475,1.0,233.40556,246.91691,0.02475,4212.0,2315.0,0.10526,240.80565,,-253.67697,0.0
5,1500.0,0.05,6.0,2.0,0.0,0.02475,1.0,233.40556,246.91691,0.02475,4212.0,2428.0,0.39064,240.80565,80.0,-253.67697,0.0
