Omega,Tolerance,Step Size Rule,Iterations,Converged?,Gap LR,Gap Naive,Obj. Naive,Obj. LR (UB),"Obj. LR (LB),",Gap,Time Naive,Time LR,Final Lambda,LB Heuristic,BBP,Best iter,Lambda best iter,Gamma best iter
1500.0,0.05,1.0,10.0,0.0,0.16227,1.0,233.40556,287.44862,250.56666,0.16227,4212.0,5438.0,478.5,240.80565,0.0,1.0,0.18015,64.0
1500.0,0.05,2.0,10.0,0.0,0.16227,1.0,233.40556,287.44862,250.56666,0.16227,4212.0,6113.0,200.0,240.80565,0.0,1.0,0.18015,64.0
1500.0,0.05,3.0,10.0,0.0,0.16227,1.0,233.40556,287.44862,250.56666,0.16227,4212.0,5435.0,839.2776,240.80565,0.0,1.0,0.18015,64.0
1500.0,0.05,4.0,10.0,0.0,0.16227,1.0,233.40556,287.44862,250.56666,0.16227,4212.0,5425.0,759.08533,240.80565,0.0,1.0,0.18015,64.0
1500.0,0.05,5.0,10.0,0.0,0.16227,1.0,233.40556,287.44862,250.56666,0.16227,4212.0,6138.0,0.0,240.80565,0.0,1.0,0.18015,64.0
1500.0,0.05,6.0,7.0,0.0,0.15858,1.0,233.40556,286.19103,259.64559,0.15858,4212.0,50762.0,0.0,240.80565,0.0,5.0,0.20391,37.0
