Omega,Tolerance,Step Size Rule,Iterations,Converged?,Gap LR,Gap Naive,Obj. Naive,Obj. LR (UB),"Obj. LR (LB),",Gap,Time Naive,Time LR,Final Lambda,LB Heuristic,BBP,Best iter,Lambda best iter,Gamma best iter
1500.0,0.05,1.0,10.0,0.0,0.16139,1.0,233.40556,287.14912,260.66629,0.16139,4212.0,2180.0,478.5,240.80565,0.0,1.0,0.18015,42.0
1500.0,0.05,2.0,10.0,0.0,0.16139,1.0,233.40556,287.14912,260.66629,0.16139,4212.0,2305.0,200.0,240.80565,0.0,1.0,0.18015,42.0
1500.0,0.05,3.0,10.0,0.0,0.16139,1.0,233.40556,287.14912,260.66629,0.16139,4212.0,2178.0,839.2776,240.80565,0.0,1.0,0.18015,42.0
1500.0,0.05,4.0,10.0,0.0,0.16139,1.0,233.40556,287.14912,260.66629,0.16139,4212.0,2176.0,759.08533,240.80565,0.0,1.0,0.18015,42.0
1500.0,0.05,5.0,10.0,0.0,0.16139,1.0,233.40556,287.14912,260.66629,0.16139,4212.0,2311.0,0.0,240.80565,0.0,1.0,0.18015,42.0
1500.0,0.05,6.0,3.0,0.0,0.16139,1.0,233.40556,287.14912,260.66629,0.16139,4212.0,4238.0,0.0,240.80565,0.0,1.0,0.18015,42.0
