Omega,Tolerance,Step Size Rule,Iterations,Converged?,Gap LR,Gap Naive,Obj. Naive,Obj. LR (UB),"Obj. LR (LB),",Gap,Time Naive,Time LR,Final Lambda,LB Heuristic,BBP,Best iter,Lambda best iter,Gamma best iter
1500.0,0.05,1.0,6.0,0.0,0.16349,1.0,233.40556,287.87013,246.91691,0.16349,4212.0,2426.0,652.5,240.80565,0.0,1.0,0.18015,75.0
1500.0,0.05,2.0,4.0,0.0,0.16349,1.0,233.40556,287.87013,246.91691,0.16349,4212.0,2518.0,200.0,240.80565,0.0,1.0,0.18015,75.0
1500.0,0.05,3.0,5.0,0.0,0.16349,1.0,233.40556,287.87013,246.91691,0.16349,4212.0,2401.0,954.10714,240.80565,0.0,1.0,0.18015,75.0
1500.0,0.05,4.0,6.0,0.0,0.16349,1.0,233.40556,287.87013,246.91691,0.16349,4212.0,2422.0,862.66625,240.80565,0.0,1.0,0.18015,75.0
1500.0,0.05,5.0,5.0,0.0,0.16349,1.0,233.40556,287.87013,246.91691,0.16349,4212.0,2532.0,60.0,240.80565,0.0,1.0,0.18015,75.0
1500.0,0.05,6.0,3.0,0.0,0.16349,1.0,233.40556,287.87013,246.91691,0.16349,4212.0,4418.0,0.0,240.80565,0.0,1.0,0.18015,75.0
