"Omega","Tolerance","Step Size Rule","Iterations","Converged?","Gap LR","Gap Naive","Obj. Naive","Obj. LR","Gap","Time Naive","Time LR","Final Lambda","LB Heuristic"
600.00000,0.03000,1.00000,2.00000,0.00000,0.35110,0.97243,320.00089,6728.06527,0.35110,4242.00000,4253.00000,461.89492,4365.82238
600.00000,0.03000,2.00000,2.00000,0.00000,0.33122,0.97243,320.00089,6528.06527,0.33122,4242.00000,4246.00000,135.46220,4365.82238
600.00000,0.03000,3.00000,2.00000,0.00000,0.35110,0.97243,320.00089,6728.06527,0.35110,4242.00000,4284.00000,703.27492,4365.82238
600.00000,0.03000,4.00000,2.00000,0.00000,0.35110,0.97243,320.00089,6728.06527,0.35110,4242.00000,4249.00000,704.04699,4365.82238
600.00000,0.03000,5.00000,2.00000,0.00000,0.32082,0.97243,320.00089,6428.06527,0.32082,4242.00000,4240.00000,135.54811,4365.82238
600.00000,0.03000,6.00000,2.00000,0.00000,0.28078,0.97243,320.00089,6070.25928,0.28078,4242.00000,4223.00000,0.00000,4365.82238
