"Omega","Tolerance","Step Size Rule","Iterations","Converged?","Gap LR","Gap Naive","Obj. Naive","Obj. LR","Gap","Time Naive","Time LR","Final Lambda","LB Heuristic"
600.00000,0.03000,1.00000,2.00000,0.00000,0.16271,0.94674,598.70205,4707.69523,0.16271,4205.00000,4215.00000,122.59492,3941.72229
600.00000,0.03000,2.00000,3.00000,0.00000,0.35243,0.94674,598.70205,6086.97442,0.35243,4205.00000,2564.00000,123.69750,3941.72229
600.00000,0.03000,3.00000,3.00000,0.00000,0.34565,0.94674,598.70205,6023.89433,0.34565,4205.00000,4399.00000,543.47492,3941.72229
600.00000,0.03000,4.00000,3.00000,0.00000,0.36283,0.94674,598.70205,6186.26728,0.36283,4205.00000,4376.00000,517.91876,3941.72229
600.00000,0.03000,5.00000,3.00000,0.00000,0.30469,0.94674,598.70205,5669.00691,0.30469,4205.00000,2414.00000,112.12755,3941.72229
600.00000,0.03000,6.00000,3.00000,0.00000,0.34565,0.94674,598.70205,6023.89433,0.34565,4205.00000,4355.00000,13.47307,3941.72229
