"Omega","Tolerance","Step Size Rule","Iterations","Converged?","Gap LR","Gap Naive","Obj. Naive","Obj. LR","Gap","Time Naive","Time LR","Final Lambda","LB Heuristic"
600.00000,0.03000,1.00000,2.00000,0.00000,0.39040,0.62390,4354.77359,6728.06527,0.35275,4273.00000,4329.00000,461.89492,4101.41396
600.00000,0.03000,2.00000,2.00000,0.00000,0.37173,0.62390,4354.77359,6528.06527,0.33292,4273.00000,4327.00000,135.46220,4101.41396
600.00000,0.03000,3.00000,2.00000,0.00000,0.39040,0.62390,4354.77359,6728.06527,0.35275,4273.00000,4325.00000,703.27492,4101.41396
600.00000,0.03000,4.00000,2.00000,0.00000,0.39040,0.62390,4354.77359,6728.06527,0.35275,4273.00000,4332.00000,704.04699,4101.41396
600.00000,0.03000,5.00000,2.00000,0.00000,0.36195,0.62390,4354.77359,6428.06527,0.32254,4273.00000,4304.00000,135.54811,4101.41396
600.00000,0.03000,6.00000,2.00000,0.00000,0.28749,0.62390,4354.77359,5756.26502,0.24347,4273.00000,4290.00000,0.00000,4101.41396
