Omega,Tolerance,Step Size Rule,Iterations,Converged?,Gap LR,Gap Naive,Obj. Naive,Obj. LR (UB),"Obj. LR (LB),",Gap,Time Naive,Time LR,Final Lambda,LB Heuristic,BBP,Best iter,Lambda best iter,Gamma best iter
100.0,0.05,1.0,10.0,0.0,0.05218,0.00026,282.03235,297.55781,297.55781,0.05218,382.0,39.0,31.76712,282.03235,0.0,1.0,2.76712,-95.0
100.0,0.05,2.0,10.0,0.0,0.05218,0.00026,282.03235,297.55781,297.55781,0.05218,382.0,124.0,2.76712,282.03235,0.0,1.0,2.76712,-95.0
100.0,0.05,3.0,10.0,0.0,0.05218,0.00026,282.03235,297.55781,297.55781,0.05218,382.0,31.0,78.71896,282.03235,0.0,1.0,2.76712,-95.0
100.0,0.05,4.0,10.0,0.0,0.05218,0.00026,282.03235,297.55781,297.55781,0.05218,382.0,29.0,77.66213,282.03235,0.0,1.0,2.76712,-95.0
100.0,0.05,5.0,10.0,0.0,0.03404,0.00026,282.03235,291.97044,291.97044,0.03404,382.0,57.0,0.0,282.03235,0.0,10.0,4.16667,5.0
100.0,0.05,6.0,10.0,0.0,0.01547,0.00026,282.03235,286.46535,286.46535,0.01547,382.0,172.0,2.51496,282.03235,0.0,6.0,2.93055,2.0
