,Omega,Tolerance,Step Size Rule,Iterations,Converged?,Gap LR,Gap Naive,Obj. Naive,Obj. LR,Gap,Time Naive,Time LR,Final Lambda,LB Heuristic,IR,AP
0,100.0,0.05,1.0,10.0,0.0,0.05218,0.00911,281.80975,297.55781,0.05218,425.0,370.0,31.76712,282.03235,-274.87817,-277.38617
1,100.0,0.05,2.0,10.0,0.0,0.03476,0.00911,281.80975,292.18973,0.03476,425.0,793.0,4.21053,282.03235,-274.87817,-277.38617
2,100.0,0.05,3.0,10.0,0.0,0.05218,0.00911,281.80975,297.55781,0.05218,425.0,317.0,78.71896,282.03235,-274.87817,-277.38617
3,100.0,0.05,4.0,10.0,0.0,0.05218,0.00911,281.80975,297.55781,0.05218,425.0,324.0,77.66213,282.03235,-274.87817,-277.38617
4,100.0,0.05,5.0,10.0,0.0,0.01595,0.00911,281.80975,286.60425,0.01595,425.0,723.0,1.0614,282.03235,-274.87817,-277.38617
5,100.0,0.05,6.0,10.0,0.0,0.01547,0.00911,281.80975,286.46535,0.01547,425.0,1286.0,2.51496,282.03235,-274.87817,-277.38617
