"Omega","Tolerance","Step Size Rule","Iterations","Converged?","Gap LR","Gap Naive","Obj. Naive","Obj. LR","Gap","Time Naive","Time LR","Final Lambda","LB Heuristic"
100.00000,0.05000,1.00000,10.00000,0.00000,0.05218,0.00000,282.03235,297.55781,0.05218,933.00000,777.00000,31.76712,282.03235
100.00000,0.05000,2.00000,10.00000,0.00000,0.03476,0.00000,282.03235,292.18973,0.03476,933.00000,1519.00000,4.21053,282.03235
100.00000,0.05000,3.00000,10.00000,0.00000,0.05218,0.00000,282.03235,297.55781,0.05218,933.00000,644.00000,78.71896,282.03235
100.00000,0.05000,4.00000,10.00000,0.00000,0.05218,0.00000,282.03235,297.55781,0.05218,933.00000,666.00000,77.66213,282.03235
100.00000,0.05000,5.00000,10.00000,0.00000,0.01595,0.00000,282.03235,286.60425,0.01595,933.00000,1408.00000,1.06140,282.03235
100.00000,0.05000,6.00000,10.00000,0.00000,0.01547,0.00000,282.03235,286.46535,0.01547,933.00000,1912.00000,2.51496,282.03235
