,Omega,Tolerance,Step Size Rule,Iterations,Converged?,Gap LR,Gap Naive,Obj. Naive,Obj. LR,Gap,Time Naive,Time LR,Final Lambda,LB Heuristic,IR,AP
0,100.0,0.01,1.0,10.0,0.0,0.01125,0.0,268.45136,271.50588,0.01125,63.0,1263.0,4.62459,268.45136,-263.99578,-265.91941
1,100.0,0.01,2.0,10.0,0.0,0.01127,0.0,268.45136,271.51007,0.01127,63.0,834.0,204.0404,268.45136,-263.99578,-265.91941
2,100.0,0.01,3.0,10.0,0.0,0.01061,0.0,268.45136,271.32897,0.01061,63.0,1063.0,4.24423,268.45136,-263.99578,-265.91941
3,100.0,0.01,4.0,10.0,0.0,0.01062,0.0,268.45136,271.33226,0.01062,63.0,1104.0,4.23532,268.45136,-263.99578,-265.91941
4,100.0,0.01,5.0,10.0,0.0,0.01612,0.0,268.45136,272.85068,0.01612,63.0,484.0,1.45142,268.45136,-263.99578,-265.91941
5,100.0,0.01,6.0,10.0,0.0,0.01091,0.0,268.45136,271.41129,0.01091,63.0,1156.0,4.00149,268.45136,-263.99578,-265.91941
