"Omega","Tolerance","Step Size Rule","Iterations","Converged?","Gap LR","Gap Naive","Obj. Naive","Obj. LR","Gap","Time Naive","Time LR","Final Lambda","LB Heuristic"
600.00000,0.05000,1.00000,2.00000,0.00000,0.53236,1.00000,320.16603,10746.68114,0.53236,4231.00000,4257.00000,445.00455,5025.62843
600.00000,0.05000,2.00000,2.00000,0.00000,0.52349,1.00000,320.16603,10546.68114,0.52349,4231.00000,4249.00000,132.50630,5025.62843
600.00000,0.05000,3.00000,2.00000,0.00000,0.53236,1.00000,320.16603,10746.68114,0.53236,4231.00000,4259.00000,679.30455,5025.62843
600.00000,0.05000,4.00000,2.00000,0.00000,0.53236,1.00000,320.16603,10746.68114,0.53236,4231.00000,4267.00000,680.59134,5025.62843
600.00000,0.05000,5.00000,2.00000,0.00000,0.51893,1.00000,320.16603,10446.68114,0.51893,4231.00000,4243.00000,132.59402,5025.62843
600.00000,0.05000,6.00000,2.00000,0.00000,0.40883,1.00000,320.16603,8501.09017,0.40883,4231.00000,4226.00000,0.00000,5025.62843
