"Omega","Tolerance","Step Size Rule","Iterations","Converged?","Gap LR","Gap Naive","Obj. Naive","Obj. LR","Gap","Time Naive","Time LR","Final Lambda","LB Heuristic"
600.00000,0.05000,1.00000,3.00000,0.00000,0.33560,0.80434,2528.03554,5892.27799,0.33560,4205.00000,4444.00000,436.30455,3914.81075
600.00000,0.05000,2.00000,3.00000,0.00000,0.46621,0.80434,2528.03554,7333.96540,0.46621,4205.00000,2573.00000,125.09889,3914.81075
600.00000,0.05000,3.00000,3.00000,0.00000,0.45899,0.80434,2528.03554,7236.16859,0.45899,4205.00000,4390.00000,518.10455,3914.81075
600.00000,0.05000,4.00000,3.00000,0.00000,0.44882,0.80434,2528.03554,7102.63011,0.44882,4205.00000,4383.00000,487.53490,3914.81075
600.00000,0.05000,5.00000,3.00000,0.00000,0.47739,0.80434,2528.03554,7490.87867,0.47739,4205.00000,2436.00000,120.70468,3914.81075
600.00000,0.05000,6.00000,3.00000,0.00000,0.48587,0.80434,2528.03554,7614.39270,0.48587,4205.00000,4356.00000,13.65966,3914.81075
