"Omega","Tolerance","Step Size Rule","Iterations","Converged?","Gap LR","Gap Naive","Obj. Naive","Obj. LR","Gap","Time Naive","Time LR","Final Lambda","LB Heuristic"
100.00000,0.01000,1.00000,2.00000,0.00000,0.08676,0.28983,5846.99035,6461.38736,0.08676,4203.00000,4205.00000,874.45221,5900.76830
100.00000,0.01000,2.00000,10.00000,0.00000,0.10824,0.28983,5846.99035,6617.02490,0.10824,4203.00000,2320.00000,693.79403,5900.76830
100.00000,0.01000,3.00000,2.00000,0.00000,0.07657,0.28983,5846.99035,6390.02535,0.07657,4203.00000,4213.00000,873.86221,5900.76830
100.00000,0.01000,4.00000,2.00000,0.00000,0.09843,0.28983,5846.99035,6544.97828,0.09843,4203.00000,4211.00000,873.90510,5900.76830
100.00000,0.01000,5.00000,10.00000,0.00000,0.10034,0.28983,5846.99035,6558.85790,0.10034,4203.00000,2290.00000,581.45757,5900.76830
100.00000,0.01000,6.00000,3.00000,0.00000,0.10205,0.28983,5846.99035,6571.34639,0.10205,4203.00000,4213.00000,0.00000,5900.76830
