Omega,Tolerance,Step Size Rule,Iterations,Converged?,Gap LR,Gap Naive,Obj. Naive,Obj. LR,Gap,Time Naive,Time LR,Final Lambda,LB Heuristic
900.0,0.03,1.0,1.0,1.0,0.0,1.0,240.67548,246.16611,0.0,4252.0,2141.0,0.38898,246.16611
900.0,0.03,2.0,1.0,1.0,0.0,1.0,240.67548,246.16611,0.0,4252.0,2141.0,0.38898,246.16611
900.0,0.03,3.0,1.0,1.0,0.0,1.0,240.67548,246.16611,0.0,4252.0,2137.0,0.38898,246.16611
900.0,0.03,4.0,1.0,1.0,0.0,1.0,240.67548,246.16611,0.0,4252.0,2143.0,0.38898,246.16611
900.0,0.03,5.0,1.0,1.0,0.0,1.0,240.67548,246.16611,0.0,4252.0,2139.0,0.38898,246.16611
900.0,0.03,6.0,1.0,1.0,0.0,1.0,240.67548,246.16611,0.0,4252.0,2146.0,0.38898,246.16611
