"Omega","Tolerance","Step Size Rule","Iterations","Converged?","Gap LR","Gap Naive","Obj. Naive","Obj. LR","Gap","Time Naive","Time LR","Final Lambda","LB Heuristic"
600.00000,0.07000,1.00000,2.00000,0.00000,0.01915,0.83180,2453.38108,4419.11225,0.01915,4205.00000,2435.00000,452.34143,4334.47939
600.00000,0.07000,2.00000,2.00000,0.00000,0.52243,0.83180,2453.38108,9076.04808,0.52243,4205.00000,2419.00000,127.08181,4334.47939
600.00000,0.07000,3.00000,3.00000,0.00000,0.52243,0.83180,2453.38108,9076.04808,0.52243,4205.00000,4413.00000,483.90143,4334.47939
600.00000,0.07000,4.00000,3.00000,0.00000,0.49874,0.83180,2453.38108,8647.24600,0.49874,4205.00000,4406.00000,462.91831,4334.47939
600.00000,0.07000,5.00000,3.00000,0.00000,0.47440,0.83180,2453.38108,8246.70669,0.47440,4205.00000,2497.00000,123.22593,4334.47939
600.00000,0.07000,6.00000,3.00000,0.00000,0.52243,0.83180,2453.38108,9076.04808,0.52243,4205.00000,4383.00000,19.84809,4334.47939
