"Omega","Tolerance","Step Size Rule","Iterations","Converged?","Gap LR","Gap Naive","Obj. Naive","Obj. LR","Gap","Time Naive","Time LR","Final Lambda","LB Heuristic"
600.00000,0.07000,1.00000,2.00000,0.00000,0.61641,1.00000,231.72937,13063.87630,0.61641,4231.00000,4255.00000,430.88143,5011.23571
600.00000,0.07000,2.00000,2.00000,0.00000,0.61044,1.00000,231.72937,12863.87630,0.61044,4231.00000,4243.00000,132.31828,5011.23571
600.00000,0.07000,3.00000,2.00000,0.00000,0.61641,1.00000,231.72937,13063.87630,0.61641,4231.00000,4247.00000,658.10143,5011.23571
600.00000,0.07000,4.00000,2.00000,0.00000,0.61641,1.00000,231.72937,13063.87630,0.61641,4231.00000,4246.00000,659.90295,5011.23571
600.00000,0.07000,5.00000,2.00000,0.00000,0.60739,1.00000,231.72937,12763.87630,0.60739,4231.00000,4242.00000,132.40788,5011.23571
600.00000,0.07000,6.00000,2.00000,0.00000,0.53571,1.00000,231.72937,10793.36842,0.53571,4231.00000,4224.00000,0.00000,5011.23571
