"Omega","Tolerance","Step Size Rule","Iterations","Converged?","Gap LR","Gap Naive","Obj. Naive","Obj. LR","Gap","Time Naive","Time LR","Final Lambda","LB Heuristic"
600.00000,0.07000,1.00000,2.00000,0.00000,0.63469,0.65663,5089.15742,13063.87630,0.61044,4271.00000,4307.00000,430.88143,4772.34597
600.00000,0.07000,2.00000,2.00000,0.00000,0.62901,0.65663,5089.15742,12863.87630,0.60438,4271.00000,4321.00000,132.31828,4772.34597
600.00000,0.07000,3.00000,2.00000,0.00000,0.63469,0.65663,5089.15742,13063.87630,0.61044,4271.00000,4326.00000,658.10143,4772.34597
600.00000,0.07000,4.00000,2.00000,0.00000,0.63469,0.65663,5089.15742,13063.87630,0.61044,4271.00000,4342.00000,659.90295,4772.34597
600.00000,0.07000,5.00000,2.00000,0.00000,0.62611,0.65663,5089.15742,12763.87630,0.60128,4271.00000,4304.00000,132.40788,4772.34597
600.00000,0.07000,6.00000,2.00000,0.00000,0.52715,0.65663,5089.15742,10092.68016,0.49576,4271.00000,4273.00000,0.00000,4772.34597
