"Omega","Tolerance","Step Size Rule","Iterations","Converged?","Gap LR","Gap Naive","Obj. Naive","Obj. LR","Gap","Time Naive","Time LR","Final Lambda","LB Heuristic"
100.00000,0.01000,1.00000,2.00000,0.00000,0.09880,0.34877,5899.48118,6564.04420,0.09880,4209.00000,4241.00000,874.45221,5915.54137
100.00000,0.01000,2.00000,6.00000,0.00000,0.09892,0.34877,5899.48118,6564.95558,0.09892,4209.00000,2402.00000,685.71322,5915.54137
100.00000,0.01000,3.00000,2.00000,0.00000,0.09878,0.34877,5899.48118,6563.95558,0.09878,4209.00000,4234.00000,873.86221,5915.54137
100.00000,0.01000,4.00000,2.00000,0.00000,0.09878,0.34877,5899.48118,6563.95558,0.09878,4209.00000,4231.00000,873.90510,5915.54137
100.00000,0.01000,5.00000,7.00000,0.00000,0.10029,0.34877,5899.48118,6574.95558,0.10029,4209.00000,2435.00000,580.43905,5915.54137
100.00000,0.01000,6.00000,3.00000,0.00000,0.09892,0.34877,5899.48118,6564.95558,0.09892,4209.00000,4278.00000,261.98315,5915.54137
