"Omega","Tolerance","Step Size Rule","Iterations","Converged?","Gap LR","Gap Naive","Obj. Naive","Obj. LR","Gap","Time Naive","Time LR","Final Lambda","LB Heuristic"
100.00000,0.01000,1.00000,2.00000,0.00000,0.10771,0.34361,5946.22890,6584.37558,0.09692,4222.00000,4230.00000,874.45221,5875.19597
100.00000,0.01000,2.00000,7.00000,0.00000,0.10522,0.34361,5946.22890,6566.09519,0.09440,4222.00000,2447.00000,687.73342,5875.19597
100.00000,0.01000,3.00000,2.00000,0.00000,0.10370,0.34361,5946.22890,6554.95558,0.09287,4222.00000,4254.00000,873.86221,5875.19597
100.00000,0.01000,4.00000,2.00000,0.00000,0.10493,0.34361,5946.22890,6563.95558,0.09411,4222.00000,4236.00000,873.90510,5875.19597
100.00000,0.01000,5.00000,7.00000,0.00000,0.10507,0.34361,5946.22890,6564.95558,0.09425,4222.00000,2438.00000,580.43905,5875.19597
100.00000,0.01000,6.00000,3.00000,0.00000,0.10370,0.34361,5946.22890,6554.95558,0.09287,4222.00000,4273.00000,185.85261,5875.19597
