Omega,Tolerance,Step Size Rule,Iterations,Converged?,Gap LR,Gap Naive,Obj. Naive,Obj. LR,Gap,Time Naive,Time LR,Final Lambda,LB Heuristic
900.0,0.03,1.0,1.0,1.0,0.0,0.13492,242.73486,244.03036,0.0,4252.0,2140.0,0.35788,244.03036
900.0,0.03,2.0,1.0,1.0,0.0,0.13492,242.73486,244.03036,0.0,4252.0,2150.0,0.35788,244.03036
900.0,0.03,3.0,1.0,1.0,0.0,0.13492,242.73486,244.03036,0.0,4252.0,2141.0,0.35788,244.03036
900.0,0.03,4.0,1.0,1.0,0.0,0.13492,242.73486,244.03036,0.0,4252.0,2148.0,0.35788,244.03036
900.0,0.03,5.0,1.0,1.0,0.0,0.13492,242.73486,244.03036,0.0,4252.0,2149.0,0.35788,244.03036
900.0,0.03,6.0,1.0,1.0,0.0,0.13492,242.73486,244.03036,0.0,4252.0,2139.0,0.35788,244.03036
