"Omega","Tolerance","Step Size Rule","Iterations","Converged?","Gap LR","Gap Naive","Obj. Naive","Obj. LR","Gap","Time Naive","Time LR","Final Lambda","LB Heuristic"
900.00000,0.03000,1.00000,1.00000,1.00000,0.00000,0.13030,244.03036,244.03036,0.00000,4284.00000,2169.00000,0.35788,244.03036
900.00000,0.03000,2.00000,1.00000,1.00000,0.00000,0.13030,244.03036,244.03036,0.00000,4284.00000,2165.00000,0.35788,244.03036
900.00000,0.03000,3.00000,1.00000,1.00000,0.00000,0.13030,244.03036,244.03036,0.00000,4284.00000,2160.00000,0.35788,244.03036
900.00000,0.03000,4.00000,1.00000,1.00000,0.00000,0.13030,244.03036,244.03036,0.00000,4284.00000,2158.00000,0.35788,244.03036
900.00000,0.03000,5.00000,1.00000,1.00000,0.00000,0.13030,244.03036,244.03036,0.00000,4284.00000,2158.00000,0.35788,244.03036
900.00000,0.03000,6.00000,1.00000,1.00000,0.00000,0.13030,244.03036,244.03036,0.00000,4284.00000,2156.00000,0.35788,244.03036
