"Omega","Tolerance","Step Size Rule","Iterations","Converged?","Gap LR","Gap Naive","Obj. Naive","Obj. LR","Gap","Time Naive","Time LR","Final Lambda","LB Heuristic"
600.00000,0.03000,1.00000,2.00000,0.00000,0.03460,0.12847,243.01430,251.72435,0.03460,4250.00000,2736.00000,337.56000,243.01430
600.00000,0.03000,2.00000,2.00000,0.00000,0.03460,0.12847,243.01430,251.72435,0.03460,4250.00000,2645.00000,0.34364,243.01430
600.00000,0.03000,3.00000,2.00000,0.00000,0.03460,0.12847,243.01430,251.72435,0.03460,4250.00000,2645.00000,436.50000,243.01430
600.00000,0.03000,4.00000,2.00000,0.00000,0.03460,0.12847,243.01430,251.72435,0.03460,4250.00000,2652.00000,411.53615,243.01430
600.00000,0.03000,5.00000,2.00000,0.00000,0.03460,0.12847,243.01430,251.72435,0.03460,4250.00000,2580.00000,0.25773,243.01430
600.00000,0.03000,6.00000,3.00000,0.00000,0.03460,0.12847,243.01430,251.72435,0.03460,4250.00000,4427.00000,0.00000,243.01430
