"Omega","Tolerance","Step Size Rule","Iterations","Converged?","Gap LR","Gap Naive","Obj. Naive","Obj. LR","Gap","Time Naive","Time LR","Final Lambda","LB Heuristic"
600.00000,0.07000,1.00000,3.00000,0.00000,0.49242,0.95590,640.99753,8236.74329,0.49242,4206.00000,4442.00000,406.86865,4180.82472
600.00000,0.07000,2.00000,3.00000,0.00000,0.50460,0.95590,640.99753,8439.37543,0.50460,4206.00000,2690.00000,127.90359,4180.82472
600.00000,0.07000,3.00000,3.00000,0.00000,0.54091,0.95590,640.99753,9106.78696,0.54091,4206.00000,4427.00000,485.24865,4180.82472
600.00000,0.07000,4.00000,3.00000,0.00000,0.53751,0.95590,640.99753,9039.88231,0.53751,4206.00000,4403.00000,464.57492,4180.82472
600.00000,0.07000,5.00000,3.00000,0.00000,0.52264,0.95590,640.99753,8758.21276,0.52264,4206.00000,2443.00000,124.06334,4180.82472
600.00000,0.07000,6.00000,3.00000,0.00000,0.54091,0.95590,640.99753,9106.78696,0.54091,4206.00000,4341.00000,0.00000,4180.82472
