"Omega","Tolerance","Step Size Rule","Iterations","Converged?","Gap LR","Gap Naive","Obj. Naive","Obj. LR","Gap","Time Naive","Time LR","Final Lambda","LB Heuristic"
600.00000,0.07000,1.00000,2.00000,0.00000,0.59457,0.64785,5220.59614,12876.61143,0.59457,4272.00000,4313.00000,431.22865,5220.59614
600.00000,0.07000,2.00000,2.00000,0.00000,0.58817,0.64785,5220.59614,12676.61143,0.58817,4272.00000,4308.00000,132.66550,5220.59614
600.00000,0.07000,3.00000,2.00000,0.00000,0.59457,0.64785,5220.59614,12876.61143,0.59457,4272.00000,4319.00000,658.44865,5220.59614
600.00000,0.07000,4.00000,2.00000,0.00000,0.59457,0.64785,5220.59614,12876.61143,0.59457,4272.00000,4320.00000,660.25016,5220.59614
600.00000,0.07000,5.00000,2.00000,0.00000,0.58490,0.64785,5220.59614,12576.61143,0.58490,4272.00000,4325.00000,132.75510,5220.59614
600.00000,0.07000,6.00000,2.00000,0.00000,0.48125,0.64785,5220.59614,10063.87992,0.48125,4272.00000,4263.00000,0.00000,5220.59614
