"Omega","Tolerance","Step Size Rule","Iterations","Converged?","Gap LR","Gap Naive","Obj. Naive","Obj. LR","Gap","Time Naive","Time LR","Final Lambda","LB Heuristic"
600.00000,0.07000,1.00000,2.00000,0.00000,0.59060,1.00000,259.95375,12876.61143,0.59060,4234.00000,4271.00000,431.22865,5271.64763
600.00000,0.07000,2.00000,2.00000,0.00000,0.58414,1.00000,259.95375,12676.61143,0.58414,4234.00000,4243.00000,132.66550,5271.64763
600.00000,0.07000,3.00000,2.00000,0.00000,0.59060,1.00000,259.95375,12876.61143,0.59060,4234.00000,4260.00000,658.44865,5271.64763
600.00000,0.07000,4.00000,2.00000,0.00000,0.59060,1.00000,259.95375,12876.61143,0.59060,4234.00000,4277.00000,660.25016,5271.64763
600.00000,0.07000,5.00000,2.00000,0.00000,0.58084,1.00000,259.95375,12576.61143,0.58084,4234.00000,4241.00000,132.75510,5271.64763
600.00000,0.07000,6.00000,2.00000,0.00000,0.47756,1.00000,259.95375,10090.37310,0.47756,4234.00000,4224.00000,0.00000,5271.64763
