"Omega","Tolerance","Step Size Rule","Iterations","Converged?","Gap LR","Gap Naive","Obj. Naive","Obj. LR","Gap","Time Naive","Time LR","Final Lambda","LB Heuristic"
900.00000,0.03000,1.00000,1.00000,1.00000,0.00000,0.12764,244.62578,244.62578,0.00000,4282.00000,2181.00000,0.37499,244.62578
900.00000,0.03000,2.00000,1.00000,1.00000,0.00000,0.12764,244.62578,244.62578,0.00000,4282.00000,2174.00000,0.37499,244.62578
900.00000,0.03000,3.00000,1.00000,1.00000,0.00000,0.12764,244.62578,244.62578,0.00000,4282.00000,2168.00000,0.37499,244.62578
900.00000,0.03000,4.00000,1.00000,1.00000,0.00000,0.12764,244.62578,244.62578,0.00000,4282.00000,2178.00000,0.37499,244.62578
900.00000,0.03000,5.00000,1.00000,1.00000,0.00000,0.12764,244.62578,244.62578,0.00000,4282.00000,2161.00000,0.37499,244.62578
900.00000,0.03000,6.00000,1.00000,1.00000,0.00000,0.12764,244.62578,244.62578,0.00000,4282.00000,2156.00000,0.37499,244.62578
