Omega,Tolerance,Step Size Rule,Iterations,Converged?,Gap LR,Gap Naive,Obj. Naive,Obj. LR (UB),"Obj. LR (LB),",Gap,Time Naive,Time LR,Final Lambda,LB Heuristic,BBP,Best iter,Lambda best iter,Gamma best iter
900.0,0.05,1.0,10.0,0.0,0.15313,0.19421,230.97971,284.2535,260.66335,0.15313,4250.0,5166.0,287.1,240.72645,0.0,1.0,0.30166,23.0
900.0,0.05,2.0,10.0,0.0,0.15313,0.19421,230.97971,284.2535,260.66335,0.15313,4250.0,5383.0,200.0,240.72645,0.0,1.0,0.30166,23.0
900.0,0.05,3.0,10.0,0.0,0.15313,0.19421,230.97971,284.2535,260.66335,0.15313,4250.0,5155.0,503.56656,240.72645,0.0,1.0,0.30166,23.0
900.0,0.05,4.0,10.0,0.0,0.15313,0.19421,230.97971,284.2535,260.66335,0.15313,4250.0,5163.0,455.4512,240.72645,0.0,1.0,0.30166,23.0
900.0,0.05,5.0,10.0,0.0,0.15313,0.19421,230.97971,284.2535,260.66335,0.15313,4250.0,5736.0,0.0,240.72645,0.0,1.0,0.30166,23.0
900.0,0.05,6.0,7.0,0.0,0.14836,0.19421,230.97971,282.66063,263.14075,0.14836,4250.0,50219.0,0.0,240.72645,0.0,7.0,0.33884,22.0
