,Omega,Tolerance,Step Size Rule,Iterations,Converged?,Gap LR,Gap Naive,Obj. Naive,Obj. LR,Gap,Time Naive,Time LR,Final Lambda,LB Heuristic,IR,AP
0,900.0,0.05,1.0,4.0,0.0,0.01565,0.19421,230.97971,244.5543,0.01565,4250.0,2263.0,443.7,240.72645,0.0,0.0
1,900.0,0.05,2.0,3.0,0.0,0.01565,0.19421,230.97971,244.5543,0.01565,4250.0,2743.0,0.46784,240.72645,0.0,0.0
2,900.0,0.05,3.0,4.0,0.0,0.01565,0.19421,230.97971,244.5543,0.01565,4250.0,2261.0,591.75,240.72645,0.0,0.0
3,900.0,0.05,4.0,4.0,0.0,0.01565,0.19421,230.97971,244.5543,0.01565,4250.0,2266.0,556.09554,240.72645,0.0,0.0
4,900.0,0.05,5.0,3.0,0.0,0.01565,0.19421,230.97971,244.5543,0.01565,4250.0,3194.0,0.2924,240.72645,0.0,0.0
5,900.0,0.05,6.0,2.0,0.0,0.01565,0.19421,230.97971,244.5543,0.01565,4250.0,2449.0,0.54616,240.72645,0.0,0.0
