Omega,Tolerance,Step Size Rule,Iterations,Converged?,Gap LR,Gap Naive,Obj. Naive,Obj. LR,Gap,Time Naive,Time LR,Final Lambda,LB Heuristic
900.0,0.05,1.0,1.0,1.0,0.0,0.19421,230.97971,240.72645,0.0,4250.0,2118.0,0.30166,240.72645
900.0,0.05,2.0,1.0,1.0,0.0,0.19421,230.97971,240.72645,0.0,4250.0,2115.0,0.30166,240.72645
900.0,0.05,3.0,1.0,1.0,0.0,0.19421,230.97971,240.72645,0.0,4250.0,2115.0,0.30166,240.72645
900.0,0.05,4.0,1.0,1.0,0.0,0.19421,230.97971,240.72645,0.0,4250.0,2117.0,0.30166,240.72645
900.0,0.05,5.0,1.0,1.0,0.0,0.19421,230.97971,240.72645,0.0,4250.0,2117.0,0.30166,240.72645
900.0,0.05,6.0,1.0,1.0,0.0,0.19421,230.97971,240.72645,0.0,4250.0,2124.0,0.30166,240.72645
