Omega,Tolerance,Step Size Rule,Iterations,Converged?,Gap LR,Gap Naive,Obj. Naive,Obj. LR (UB),"Obj. LR (LB),",Gap,Time Naive,Time LR,Final Lambda,LB Heuristic,BBP,Best iter,Lambda best iter,Gamma best iter
900.0,0.05,1.0,10.0,0.0,0.15595,0.19421,230.97971,285.20519,245.60513,0.15595,4250.0,2283.0,287.1,240.72645,0.0,1.0,0.30166,39.0
900.0,0.05,2.0,9.0,0.0,0.15594,0.19421,230.97971,285.19911,245.60513,0.15594,4250.0,2405.0,0.0,240.72645,0.0,1.0,0.30166,39.0
900.0,0.05,3.0,10.0,0.0,0.15594,0.19421,230.97971,285.19911,245.60513,0.15594,4250.0,2274.0,503.56656,240.72645,0.0,1.0,0.30166,39.0
900.0,0.05,4.0,10.0,0.0,0.15615,0.19421,230.97971,285.27131,245.60513,0.15615,4250.0,2282.0,455.4512,240.72645,0.0,1.0,0.30166,39.0
900.0,0.05,5.0,7.0,0.0,0.15594,0.19421,230.97971,285.19911,245.60513,0.15594,4250.0,2414.0,0.0,240.72645,0.0,1.0,0.30166,39.0
900.0,0.05,6.0,3.0,0.0,0.15595,0.19421,230.97971,285.20519,245.60513,0.15595,4250.0,4271.0,0.0,240.72645,0.0,1.0,0.30166,39.0
