"Omega","Tolerance","Step Size Rule","Iterations","Converged?","Gap LR","Gap Naive","Obj. Naive","Obj. LR","Gap","Time Naive","Time LR","Final Lambda","LB Heuristic"
900.00000,0.05000,1.00000,1.00000,1.00000,0.00000,0.16021,240.72645,240.72645,0.00000,4306.00000,2174.00000,0.30166,240.72645
900.00000,0.05000,2.00000,1.00000,1.00000,0.00000,0.16021,240.72645,240.72645,0.00000,4306.00000,2165.00000,0.30166,240.72645
900.00000,0.05000,3.00000,1.00000,1.00000,0.00000,0.16021,240.72645,240.72645,0.00000,4306.00000,2161.00000,0.30166,240.72645
900.00000,0.05000,4.00000,1.00000,1.00000,0.00000,0.16021,240.72645,240.72645,0.00000,4306.00000,2156.00000,0.30166,240.72645
900.00000,0.05000,5.00000,1.00000,1.00000,0.00000,0.16021,240.72645,240.72645,0.00000,4306.00000,2158.00000,0.30166,240.72645
900.00000,0.05000,6.00000,1.00000,1.00000,0.00000,0.16021,240.72645,240.72645,0.00000,4306.00000,2147.00000,0.30166,240.72645
