"Omega","Tolerance","Step Size Rule","Iterations","Converged?","Gap LR","Gap Naive","Obj. Naive","Obj. LR","Gap","Time Naive","Time LR","Final Lambda","LB Heuristic"
900.00000,0.05000,1.00000,10.00000,0.00000,0.11667,0.10792,252.77434,272.52111,0.07246,4201.00000,2137.00000,261.30166,240.72645
900.00000,0.05000,2.00000,2.00000,0.00000,0.09815,0.10792,252.77434,266.92655,0.05302,4201.00000,4203.00000,0.00000,240.72645
900.00000,0.05000,3.00000,10.00000,0.00000,0.11667,0.10792,252.77434,272.52111,0.07246,4201.00000,2129.00000,683.86822,240.72645
900.00000,0.05000,4.00000,10.00000,0.00000,0.11667,0.10792,252.77434,272.52111,0.07246,4201.00000,2128.00000,674.35675,240.72645
900.00000,0.05000,5.00000,2.00000,0.00000,0.11667,0.10792,252.77434,272.52111,0.07246,4201.00000,4203.00000,0.00000,240.72645
900.00000,0.05000,6.00000,2.00000,0.00000,0.08303,0.10792,252.77434,262.52381,0.03714,4201.00000,4203.00000,0.00000,240.72645
