"Omega","Tolerance","Step Size Rule","Iterations","Converged?","Gap LR","Gap Naive","Obj. Naive","Obj. LR","Gap","Time Naive","Time LR","Final Lambda","LB Heuristic"
100.00000,0.07000,1.00000,3.00000,0.00000,0.34824,0.45167,7475.50055,11707.57116,0.34824,4205.00000,4451.00000,836.60238,7630.50083
100.00000,0.07000,2.00000,5.00000,0.00000,0.38484,0.45167,7475.50055,12404.02234,0.38484,4205.00000,4461.00000,801.53507,7630.50083
100.00000,0.07000,3.00000,3.00000,0.00000,0.36580,0.45167,7475.50055,12031.64789,0.36580,4205.00000,4477.00000,874.33238,7630.50083
100.00000,0.07000,4.00000,3.00000,0.00000,0.36591,0.45167,7475.50055,12033.74966,0.36591,4205.00000,4476.00000,874.79118,7630.50083
100.00000,0.07000,5.00000,5.00000,0.00000,0.45997,0.45167,7475.50055,14129.89441,0.45997,4205.00000,3151.00000,798.14797,7630.50083
100.00000,0.07000,6.00000,4.00000,0.00000,0.38893,0.45167,7475.50055,12487.14154,0.38893,4205.00000,4410.00000,249.52208,7630.50083
