"Omega","Tolerance","Step Size Rule","Iterations","Converged?","Gap LR","Gap Naive","Obj. Naive","Obj. LR","Gap","Time Naive","Time LR","Final Lambda","LB Heuristic"
100.00000,0.07000,1.00000,3.00000,0.00000,0.34795,0.44686,7279.69261,11672.43047,0.34795,4203.00000,4406.00000,836.60238,7611.05034
100.00000,0.07000,2.00000,5.00000,0.00000,0.45460,0.44686,7279.69261,13954.89442,0.45460,4203.00000,3011.00000,801.53507,7611.05034
100.00000,0.07000,3.00000,3.00000,0.00000,0.36812,0.44686,7279.69261,12045.04340,0.36812,4203.00000,4455.00000,874.33238,7611.05034
100.00000,0.07000,4.00000,3.00000,0.00000,0.36727,0.44686,7279.69261,12028.93299,0.36727,4203.00000,4394.00000,874.79118,7611.05034
100.00000,0.07000,5.00000,6.00000,0.00000,0.45905,0.44686,7279.69261,14069.89441,0.45905,4203.00000,3136.00000,798.68561,7611.05034
100.00000,0.07000,6.00000,4.00000,0.00000,0.39228,0.44686,7279.69261,12523.90303,0.39228,4203.00000,4353.00000,246.04952,7611.05034
