,Omega,Tolerance,Step Size Rule,Iterations,Converged?,Gap LR,Gap Naive,Obj. Naive,Obj. LR,Gap,Time Naive,Time LR,Final Lambda,LB Heuristic,IR,AP
0,100.0,0.05,1.0,3.0,0.0,0.5895,0.44188,6332.34096,9846.23327,0.35688,4201.0,4284.0,839.43866,4041.90221,6038.86082,5344.06391
1,100.0,0.05,2.0,4.0,0.0,0.49278,0.44188,6332.34096,10535.84916,0.39897,4201.0,4370.0,790.13866,5344.0354,6038.86082,5344.06391
2,100.0,0.05,3.0,3.0,0.0,0.59748,0.44188,6332.34096,10041.48327,0.36938,4201.0,4285.0,878.38866,4041.90221,6038.86082,5344.06391
3,100.0,0.05,4.0,3.0,0.0,0.5973,0.44188,6332.34096,10037.05769,0.3691,4201.0,4285.0,878.71638,4041.90221,6038.86082,5344.06391
4,100.0,0.05,5.0,3.0,0.0,0.48293,0.44188,6332.34096,10335.23327,0.38731,4201.0,4285.0,840.13866,5344.0354,6038.86082,5344.06391
5,100.0,0.05,6.0,4.0,0.0,0.61483,0.44188,6332.34096,10493.84755,0.39657,4201.0,4286.0,0.0,4041.90221,6038.86082,5344.06391
