Omega,Tolerance,Step Size Rule,Iterations,Converged?,Gap LR,Gap Naive,Obj. Naive,Obj. LR (UB),"Obj. LR (LB),",Gap,Time Naive,Time LR,Final Lambda,LB Heuristic,BBP,Best iter,Lambda best iter,Gamma best iter
100.0,0.05,1.0,3.0,0.0,0.48262,0.44188,6332.34096,11671.98216,9846.23327,0.45748,4201.0,4284.0,839.43866,6038.83463,0.0,3.0,842.33866,5.0
100.0,0.05,2.0,4.0,0.0,0.49863,0.44188,6332.34096,12044.55368,10551.238,0.47426,4201.0,4370.0,790.13866,6038.83463,0.0,4.0,990.13866,5.0
100.0,0.05,3.0,3.0,0.0,0.4847,0.44188,6332.34096,11719.05152,10041.48327,0.45965,4201.0,4284.0,878.38866,6038.83463,0.0,3.0,881.38866,5.0
100.0,0.05,4.0,3.0,0.0,0.48438,0.44188,6332.34096,11711.89108,10037.05769,0.45932,4201.0,4285.0,878.71638,6038.83463,0.0,3.0,881.60313,5.0
100.0,0.05,5.0,3.0,0.0,0.48733,0.44188,6332.34096,11779.09154,10335.23327,0.46241,4201.0,4286.0,840.13866,6038.83463,0.0,3.0,940.13866,5.0
100.0,0.05,6.0,4.0,0.0,0.49731,0.44188,6332.34096,12013.04686,10290.04429,0.47288,4201.0,4283.0,0.0,6038.83463,0.0,2.0,932.8986,5.0
