"Omega","Tolerance","Step Size Rule","Iterations","Converged?","Gap LR","Gap Naive","Obj. Naive","Obj. LR","Gap","Time Naive","Time LR","Final Lambda","LB Heuristic"
900.00000,0.05000,1.00000,1.00000,1.00000,0.00000,0.12836,251.40796,251.40796,0.00000,4286.00000,2165.00000,0.29903,251.40796
900.00000,0.05000,2.00000,1.00000,1.00000,0.00000,0.12836,251.40796,251.40796,0.00000,4286.00000,2168.00000,0.29903,251.40796
900.00000,0.05000,3.00000,1.00000,1.00000,0.00000,0.12836,251.40796,251.40796,0.00000,4286.00000,2162.00000,0.29903,251.40796
900.00000,0.05000,4.00000,1.00000,1.00000,0.00000,0.12836,251.40796,251.40796,0.00000,4286.00000,2154.00000,0.29903,251.40796
900.00000,0.05000,5.00000,1.00000,1.00000,0.00000,0.12836,251.40796,251.40796,0.00000,4286.00000,2155.00000,0.29903,251.40796
900.00000,0.05000,6.00000,1.00000,1.00000,0.00000,0.12836,251.40796,251.40796,0.00000,4286.00000,2144.00000,0.29903,251.40796
