"Omega","Tolerance","Step Size Rule","Iterations","Converged?","Gap LR","Gap Naive","Obj. Naive","Obj. LR","Gap","Time Naive","Time LR","Final Lambda","LB Heuristic"
600.00000,0.01000,1.00000,1.00000,1.00000,0.02597,0.55199,4395.62284,4395.62284,0.00000,4267.00000,2169.00000,145.57083,4281.46909
600.00000,0.01000,2.00000,1.00000,1.00000,0.02597,0.55199,4395.62284,4395.62284,0.00000,4267.00000,2161.00000,145.57083,4281.46909
600.00000,0.01000,3.00000,2.00000,0.00000,0.16576,0.55199,4395.62284,5132.15871,0.14351,4267.00000,4327.00000,135.07083,4281.46909
600.00000,0.01000,4.00000,2.00000,0.00000,0.16549,0.55199,4395.62284,5130.49205,0.14324,4267.00000,4330.00000,135.32819,4281.46909
600.00000,0.01000,5.00000,1.00000,1.00000,0.01588,0.55199,4395.62284,4350.55182,-0.01036,4267.00000,2170.00000,145.57083,4281.46909
600.00000,0.01000,6.00000,2.00000,0.00000,0.17050,0.55199,4395.62284,5161.49205,0.14838,4267.00000,2497.00000,273.49873,4281.46909
