"Omega","Tolerance","Step Size Rule","Iterations","Converged?","Gap LR","Gap Naive","Obj. Naive","Obj. LR","Gap","Time Naive","Time LR","Final Lambda","LB Heuristic"
100.00000,0.03000,1.00000,2.00000,0.00000,0.14279,0.40470,6319.18247,7344.02049,0.13955,4203.00000,4208.00000,861.15800,6295.36420
100.00000,0.03000,2.00000,2.00000,0.00000,0.14279,0.40470,6319.18247,7344.02049,0.13955,4203.00000,4211.00000,810.76171,6295.36420
100.00000,0.03000,3.00000,2.00000,0.00000,0.14279,0.40470,6319.18247,7344.02049,0.13955,4203.00000,4209.00000,901.38800,6295.36420
100.00000,0.03000,4.00000,2.00000,0.00000,0.14279,0.40470,6319.18247,7344.02049,0.13955,4203.00000,4210.00000,901.51668,6295.36420
100.00000,0.03000,5.00000,2.00000,0.00000,0.14279,0.40470,6319.18247,7344.02049,0.13955,4203.00000,4209.00000,811.27718,6295.36420
100.00000,0.03000,6.00000,2.00000,0.00000,0.14279,0.40470,6319.18247,7344.02049,0.13955,4203.00000,4203.00000,0.00000,6295.36420
