"Omega","Tolerance","Step Size Rule","Iterations","Converged?","Gap LR","Gap Naive","Obj. Naive","Obj. LR","Gap","Time Naive","Time LR","Final Lambda","LB Heuristic"
100.00000,0.03000,1.00000,2.00000,0.00000,0.16848,0.36003,6538.04313,7857.93247,0.16797,4203.00000,4203.00000,803.15800,6534.01647
100.00000,0.03000,2.00000,10.00000,0.00000,0.19494,0.36003,6538.04313,8116.22475,0.19445,4203.00000,2282.00000,758.52803,6534.01647
100.00000,0.03000,3.00000,2.00000,0.00000,0.19576,0.36003,6538.04313,8124.46207,0.19526,4203.00000,4209.00000,801.38800,6534.01647
100.00000,0.03000,4.00000,2.00000,0.00000,0.21317,0.36003,6538.04313,8304.26129,0.21269,4203.00000,4207.00000,801.51668,6534.01647
100.00000,0.03000,5.00000,10.00000,0.00000,0.21226,0.36003,6538.04313,8294.61616,0.21177,4203.00000,2265.00000,712.60388,6534.01647
100.00000,0.03000,6.00000,3.00000,0.00000,0.20723,0.36003,6538.04313,8242.01532,0.20674,4203.00000,4213.00000,208.12679,6534.01647
