,Omega,Tolerance,Step Size Rule,Iterations,Converged?,Gap LR,Gap Naive,Obj. Naive,Obj. LR,Gap,Time Naive,Time LR,Final Lambda,LB Heuristic,IR,AP
0,900.0,0.05,1.0,2.0,0.0,0.02739,0.17584,236.81118,250.5541,0.02739,4252.0,2285.0,495.9,243.69178,-253.58625,0.0
1,900.0,0.05,2.0,4.0,0.0,0.06674,0.17584,236.81118,261.11912,0.06674,4252.0,2294.0,200.0,243.69178,-253.58625,0.0
2,900.0,0.05,3.0,2.0,0.0,0.02739,0.17584,236.81118,250.5541,0.02739,4252.0,2285.0,641.25,243.69178,-253.58625,0.0
3,900.0,0.05,4.0,2.0,0.0,0.02739,0.17584,236.81118,250.5541,0.02739,4252.0,2286.0,604.5763,243.69178,-253.58625,0.0
4,900.0,0.05,5.0,4.0,0.0,0.06674,0.17584,236.81118,261.11912,0.06674,4252.0,2260.0,0.0,243.69178,-253.58625,0.0
5,900.0,0.05,6.0,2.0,0.0,0.02739,0.17584,236.81118,250.5541,0.02739,4252.0,2265.0,0.67296,243.69178,-253.58625,0.0
