Omega,Tolerance,Step Size Rule,Iterations,Converged?,Gap LR,Gap Naive,Obj. Naive,Obj. LR (UB),"Obj. LR (LB),",Gap,Time Naive,Time LR,Final Lambda,LB Heuristic,BBP,Best iter,Lambda best iter,Gamma best iter
900.0,0.05,1.0,10.0,0.0,0.14521,0.17584,236.81118,285.08973,261.20914,0.14521,4252.0,5222.0,287.1,243.69178,0.0,1.0,0.3054,21.0
900.0,0.05,2.0,10.0,0.0,0.14521,0.17584,236.81118,285.08973,261.20914,0.14521,4252.0,5555.0,200.0,243.69178,0.0,1.0,0.3054,21.0
900.0,0.05,3.0,10.0,0.0,0.14521,0.17584,236.81118,285.08973,261.20914,0.14521,4252.0,5208.0,503.56656,243.69178,0.0,1.0,0.3054,21.0
900.0,0.05,4.0,10.0,0.0,0.14521,0.17584,236.81118,285.08973,261.20914,0.14521,4252.0,5220.0,455.4512,243.69178,0.0,1.0,0.3054,21.0
900.0,0.05,5.0,10.0,0.0,0.14521,0.17584,236.81118,285.08973,261.20914,0.14521,4252.0,5665.0,0.0,243.69178,0.0,1.0,0.3054,21.0
900.0,0.05,6.0,7.0,0.0,0.14372,0.17584,236.81118,284.59231,263.51566,0.14372,4252.0,50384.0,0.0,243.69178,0.0,5.0,0.33668,16.0
