Omega,Tolerance,Step Size Rule,Iterations,Converged?,Gap LR,Gap Naive,Obj. Naive,Obj. LR,Gap,Time Naive,Time LR,Final Lambda,LB Heuristic
900.0,0.05,1.0,1.0,1.0,0.0,0.17584,236.81118,243.69178,0.0,4252.0,2136.0,0.3054,243.69178
900.0,0.05,2.0,1.0,1.0,0.0,0.17584,236.81118,243.69178,0.0,4252.0,2126.0,0.3054,243.69178
900.0,0.05,3.0,1.0,1.0,0.0,0.17584,236.81118,243.69178,0.0,4252.0,2137.0,0.3054,243.69178
900.0,0.05,4.0,1.0,1.0,0.0,0.17584,236.81118,243.69178,0.0,4252.0,2136.0,0.3054,243.69178
900.0,0.05,5.0,1.0,1.0,0.0,0.17584,236.81118,243.69178,0.0,4252.0,2131.0,0.3054,243.69178
900.0,0.05,6.0,1.0,1.0,0.0,0.17584,236.81118,243.69178,0.0,4252.0,2131.0,0.3054,243.69178
