Omega,Tolerance,Step Size Rule,Iterations,Converged?,Gap LR,Gap Naive,Obj. Naive,Obj. LR (UB),"Obj. LR (LB),",Gap,Time Naive,Time LR,Final Lambda,LB Heuristic,BBP,Best iter,Lambda best iter,Gamma best iter
900.0,0.05,1.0,10.0,0.0,0.14761,0.17584,236.81118,285.89361,261.11912,0.14761,4252.0,2316.0,287.1,243.69178,0.0,1.0,0.3054,14.0
900.0,0.05,2.0,6.0,0.0,0.14761,0.17584,236.81118,285.89361,261.11912,0.14761,4252.0,2454.0,200.0,243.69178,0.0,1.0,0.3054,14.0
900.0,0.05,3.0,10.0,0.0,0.14761,0.17584,236.81118,285.89361,261.11912,0.14761,4252.0,2307.0,503.56656,243.69178,0.0,1.0,0.3054,14.0
900.0,0.05,4.0,10.0,0.0,0.14761,0.17584,236.81118,285.89361,261.11912,0.14761,4252.0,2315.0,455.4512,243.69178,0.0,1.0,0.3054,14.0
900.0,0.05,5.0,7.0,0.0,0.14761,0.17584,236.81118,285.89361,261.11912,0.14761,4252.0,2424.0,0.0,243.69178,0.0,1.0,0.3054,14.0
900.0,0.05,6.0,3.0,0.0,0.14761,0.17584,236.81118,285.89361,261.11912,0.14761,4252.0,4329.0,0.0,243.69178,0.0,1.0,0.3054,14.0
