"Omega","Tolerance","Step Size Rule","Iterations","Converged?","Gap LR","Gap Naive","Obj. Naive","Obj. LR","Gap","Time Naive","Time LR","Final Lambda","LB Heuristic"
900.00000,0.05000,1.00000,1.00000,1.00000,0.00000,0.15189,243.69178,243.69178,0.00000,4290.00000,2178.00000,0.30540,243.69178
900.00000,0.05000,2.00000,1.00000,1.00000,0.00000,0.15189,243.69178,243.69178,0.00000,4290.00000,2176.00000,0.30540,243.69178
900.00000,0.05000,3.00000,1.00000,1.00000,0.00000,0.15189,243.69178,243.69178,0.00000,4290.00000,2166.00000,0.30540,243.69178
900.00000,0.05000,4.00000,1.00000,1.00000,0.00000,0.15189,243.69178,243.69178,0.00000,4290.00000,2168.00000,0.30540,243.69178
900.00000,0.05000,5.00000,1.00000,1.00000,0.00000,0.15189,243.69178,243.69178,0.00000,4290.00000,2157.00000,0.30540,243.69178
900.00000,0.05000,6.00000,1.00000,1.00000,0.00000,0.15189,243.69178,243.69178,0.00000,4290.00000,2139.00000,0.30540,243.69178
