Omega,Tolerance,Step Size Rule,Iterations,Converged?,Gap LR,Gap Naive,Obj. Naive,Obj. LR (UB),"Obj. LR (LB),",Gap,Time Naive,Time LR,Final Lambda,LB Heuristic,BBP,Best iter,Lambda best iter,Gamma best iter
900.0,0.05,1.0,10.0,0.0,0.13814,0.21149,225.11847,285.39097,261.61167,0.13814,4208.0,5177.0,287.1,245.96826,0.0,1.0,0.3086,16.0
900.0,0.05,2.0,10.0,0.0,0.13814,0.21149,225.11847,285.39097,261.61167,0.13814,4208.0,5423.0,200.0,245.96826,0.0,1.0,0.3086,16.0
900.0,0.05,3.0,10.0,0.0,0.13814,0.21149,225.11847,285.39097,261.61167,0.13814,4208.0,5166.0,503.56656,245.96826,0.0,1.0,0.3086,16.0
900.0,0.05,4.0,10.0,0.0,0.13814,0.21149,225.11847,285.39097,261.61167,0.13814,4208.0,5172.0,455.4512,245.96826,0.0,1.0,0.3086,16.0
900.0,0.05,5.0,10.0,0.0,0.13814,0.21149,225.11847,285.39097,261.61167,0.13814,4208.0,5796.0,0.0,245.96826,0.0,1.0,0.3086,16.0
900.0,0.05,6.0,7.0,0.0,0.13407,0.21149,225.11847,284.05206,262.09092,0.13407,4208.0,50239.0,0.0,245.96826,0.0,5.0,0.33459,28.0
