Omega,Tolerance,Step Size Rule,Iterations,Converged?,Gap LR,Gap Naive,Obj. Naive,Obj. LR (UB),"Obj. LR (LB),",Gap,Time Naive,Time LR,Final Lambda,LB Heuristic,BBP,Best iter,Lambda best iter,Gamma best iter
900.0,0.05,1.0,10.0,0.0,0.14076,0.21149,225.11847,286.261,259.0098,0.14076,4208.0,2292.0,287.1,245.96826,0.0,1.0,0.3086,36.0
900.0,0.05,2.0,8.0,0.0,0.14076,0.21149,225.11847,286.261,259.0098,0.14076,4208.0,2427.0,200.0,245.96826,0.0,1.0,0.3086,36.0
900.0,0.05,3.0,10.0,0.0,0.14076,0.21149,225.11847,286.261,259.0098,0.14076,4208.0,2284.0,503.56656,245.96826,0.0,1.0,0.3086,36.0
900.0,0.05,4.0,10.0,0.0,0.14089,0.21149,225.11847,286.30487,259.0098,0.14089,4208.0,2289.0,455.4512,245.96826,0.0,1.0,0.3086,36.0
900.0,0.05,5.0,7.0,0.0,0.14076,0.21149,225.11847,286.261,259.0098,0.14076,4208.0,2453.0,0.0,245.96826,0.0,1.0,0.3086,36.0
900.0,0.05,6.0,3.0,0.0,0.14076,0.21149,225.11847,286.261,259.0098,0.14076,4208.0,4282.0,0.0,245.96826,0.0,1.0,0.3086,36.0
