,Omega,Tolerance,Step Size Rule,Iterations,Converged?,Gap LR,Gap Naive,Obj. Naive,Obj. LR,Gap,Time Naive,Time LR,Final Lambda,LB Heuristic,IR,AP
0,900.0,0.05,1.0,10.0,0.0,0.05035,0.21149,225.11847,259.0098,0.05035,4208.0,2197.0,287.1,245.96826,0.0,0.0
1,900.0,0.05,2.0,3.0,0.0,0.05035,0.21149,225.11847,259.0098,0.05035,4208.0,2676.0,0.46784,245.96826,0.0,0.0
2,900.0,0.05,3.0,10.0,0.0,0.05035,0.21149,225.11847,259.0098,0.05035,4208.0,2195.0,503.56656,245.96826,0.0,0.0
3,900.0,0.05,4.0,10.0,0.0,0.05035,0.21149,225.11847,259.0098,0.05035,4208.0,2195.0,455.4512,245.96826,0.0,0.0
4,900.0,0.05,5.0,3.0,0.0,0.05035,0.21149,225.11847,259.0098,0.05035,4208.0,2387.0,0.2924,245.96826,0.0,0.0
5,900.0,0.05,6.0,3.0,0.0,0.05035,0.21149,225.11847,259.0098,0.05035,4208.0,4244.0,0.09135,245.96826,0.0,0.0
