"Omega","Tolerance","Step Size Rule","Iterations","Converged?","Gap LR","Gap Naive","Obj. Naive","Obj. LR","Gap","Time Naive","Time LR","Final Lambda","LB Heuristic"
900.00000,0.05000,1.00000,1.00000,1.00000,0.00000,0.14513,245.96826,245.96826,0.00000,4289.00000,2168.00000,0.30860,245.96826
900.00000,0.05000,2.00000,1.00000,1.00000,0.00000,0.14513,245.96826,245.96826,0.00000,4289.00000,2168.00000,0.30860,245.96826
900.00000,0.05000,3.00000,1.00000,1.00000,0.00000,0.14513,245.96826,245.96826,0.00000,4289.00000,2158.00000,0.30860,245.96826
900.00000,0.05000,4.00000,1.00000,1.00000,0.00000,0.14513,245.96826,245.96826,0.00000,4289.00000,2160.00000,0.30860,245.96826
900.00000,0.05000,5.00000,1.00000,1.00000,0.00000,0.14513,245.96826,245.96826,0.00000,4289.00000,2158.00000,0.30860,245.96826
900.00000,0.05000,6.00000,1.00000,1.00000,0.00000,0.14513,245.96826,245.96826,0.00000,4289.00000,2144.00000,0.30860,245.96826
