"Omega","Tolerance","Step Size Rule","Iterations","Converged?","Gap LR","Gap Naive","Obj. Naive","Obj. LR","Gap","Time Naive","Time LR","Final Lambda","LB Heuristic"
600.00000,0.03000,1.00000,2.00000,0.00000,0.25264,0.92542,833.43973,5883.03283,0.25264,4206.00000,2478.00000,465.13950,4396.72369
600.00000,0.03000,2.00000,3.00000,0.00000,0.28603,0.92542,833.43973,6158.11732,0.28603,4206.00000,2545.00000,122.88208,4396.72369
600.00000,0.03000,3.00000,3.00000,0.00000,0.28603,0.92542,833.43973,6158.11732,0.28603,4206.00000,4394.00000,542.65950,4396.72369
600.00000,0.03000,4.00000,3.00000,0.00000,0.27589,0.92542,833.43973,6071.88000,0.27589,4206.00000,4394.00000,518.10334,4396.72369
600.00000,0.03000,5.00000,3.00000,0.00000,0.30463,0.92542,833.43973,6322.83038,0.30463,4206.00000,2436.00000,116.74199,4396.72369
600.00000,0.03000,6.00000,3.00000,0.00000,0.28603,0.92542,833.43973,6158.11732,0.28603,4206.00000,4387.00000,82.41841,4396.72369
