"Omega","Tolerance","Step Size Rule","Iterations","Converged?","Gap LR","Gap Naive","Obj. Naive","Obj. LR","Gap","Time Naive","Time LR","Final Lambda","LB Heuristic"
600.00000,0.03000,1.00000,2.00000,0.00000,0.37717,0.72741,3144.98917,7120.80311,0.37717,4233.00000,4247.00000,461.07950,4435.05624
600.00000,0.03000,2.00000,2.00000,0.00000,0.35917,0.72741,3144.98917,6920.80311,0.35917,4233.00000,4246.00000,134.64679,4435.05624
600.00000,0.03000,3.00000,2.00000,0.00000,0.37717,0.72741,3144.98917,7120.80311,0.37717,4233.00000,4251.00000,702.45950,4435.05624
600.00000,0.03000,4.00000,2.00000,0.00000,0.37717,0.72741,3144.98917,7120.80311,0.37717,4233.00000,4249.00000,703.23158,4435.05624
600.00000,0.03000,5.00000,2.00000,0.00000,0.34978,0.72741,3144.98917,6820.80311,0.34978,4233.00000,4242.00000,134.73270,4435.05624
600.00000,0.03000,6.00000,2.00000,0.00000,0.00349,0.72741,3144.98917,4450.56753,0.00349,4233.00000,4226.00000,141.46539,4435.05624
