Omega,Tolerance,Step Size Rule,Iterations,Converged?,Gap LR,Gap Naive,Obj. Naive,Obj. LR (UB),"Obj. LR (LB),",Gap,Time Naive,Time LR,Final Lambda,LB Heuristic,BBP,Best iter,Lambda best iter,Gamma best iter
900.0,0.01,1.0,10.0,0.0,0.07323,0.09135,243.92143,263.71784,251.44927,0.07323,4253.0,2310.0,475.02,244.40563,0.0,1.0,0.86581,6.0
900.0,0.01,2.0,6.0,0.0,0.07323,0.09135,243.92143,263.71784,251.44927,0.07323,4253.0,2407.0,200.0,244.40563,0.0,1.0,0.86581,6.0
900.0,0.01,3.0,10.0,0.0,0.07323,0.09135,243.92143,263.71784,251.44927,0.07323,4253.0,2303.0,640.71331,244.40563,0.0,1.0,0.86581,6.0
900.0,0.01,4.0,10.0,0.0,0.07323,0.09135,243.92143,263.71784,251.44927,0.07323,4253.0,2292.0,600.20712,244.40563,0.0,1.0,0.86581,6.0
900.0,0.01,5.0,8.0,0.0,0.07323,0.09135,243.92143,263.71784,251.44927,0.07323,4253.0,2473.0,37.5,244.40563,0.0,1.0,0.86581,6.0
900.0,0.01,6.0,3.0,0.0,0.07323,0.09135,243.92143,263.71784,251.44927,0.07323,4253.0,4298.0,0.0,244.40563,0.0,1.0,0.86581,6.0
