Omega,Tolerance,Step Size Rule,Iterations,Converged?,Gap LR,Gap Naive,Obj. Naive,Obj. LR,Gap,Time Naive,Time LR,Final Lambda,LB Heuristic
900.0,0.01,1.0,2.0,0.0,0.02073,0.09135,243.92143,249.57988,0.02073,4253.0,2472.0,516.78,244.40563
900.0,0.01,2.0,2.0,0.0,0.02073,0.09135,243.92143,249.57988,0.02073,4253.0,2482.0,0.22447,244.40563
900.0,0.01,3.0,2.0,0.0,0.02073,0.09135,243.92143,249.57988,0.02073,4253.0,2411.0,668.25,244.40563
900.0,0.01,4.0,2.0,0.0,0.02073,0.09135,243.92143,249.57988,0.02073,4253.0,2469.0,630.03214,244.40563
900.0,0.01,5.0,2.0,0.0,0.02073,0.09135,243.92143,249.57988,0.02073,4253.0,2460.0,0.16835,244.40563
900.0,0.01,6.0,2.0,0.0,0.02073,0.09135,243.92143,249.57988,0.02073,4253.0,2547.0,0.57076,244.40563
