"Omega","Tolerance","Step Size Rule","Iterations","Converged?","Gap LR","Gap Naive","Obj. Naive","Obj. LR","Gap","Time Naive","Time LR","Final Lambda","LB Heuristic"
100.00000,0.05000,1.00000,10.00000,0.00000,0.05359,0.00000,281.53132,296.70973,0.05116,1202.00000,682.00000,31.76031,280.80870
100.00000,0.05000,2.00000,10.00000,0.00000,0.05359,0.00000,281.53132,296.70973,0.05116,1202.00000,1282.00000,4.21053,280.80870
100.00000,0.05000,3.00000,10.00000,0.00000,0.05359,0.00000,281.53132,296.70973,0.05116,1202.00000,614.00000,78.71215,280.80870
100.00000,0.05000,4.00000,10.00000,0.00000,0.05359,0.00000,281.53132,296.70973,0.05116,1202.00000,600.00000,77.65532,280.80870
100.00000,0.05000,5.00000,10.00000,0.00000,0.03650,0.00000,281.53132,291.44800,0.03403,1202.00000,1069.00000,1.06140,280.80870
100.00000,0.05000,6.00000,10.00000,0.00000,0.03531,0.00000,281.53132,291.08643,0.03283,1202.00000,1707.00000,2.54227,280.80870
