,Omega,Tolerance,Step Size Rule,Iterations,Converged?,Gap LR,Gap Naive,Obj. Naive,Obj. LR,Gap,Time Naive,Time LR,Final Lambda,LB Heuristic,IR,AP
0,100.0,0.05,1.0,10.0,0.0,0.06176,0.00913,280.64117,298.55811,0.06001,364.0,327.0,31.74582,280.11975,-260.90918,-232.89529
1,100.0,0.05,2.0,10.0,0.0,0.05094,0.00913,280.64117,295.15639,0.04918,364.0,648.0,4.21053,280.11975,-260.90918,-232.89529
2,100.0,0.05,3.0,10.0,0.0,0.06176,0.00913,280.64117,298.55811,0.06001,364.0,296.0,78.69766,280.11975,-260.90918,-232.89529
3,100.0,0.05,4.0,10.0,0.0,0.06176,0.00913,280.64117,298.55811,0.06001,364.0,292.0,77.64083,280.11975,-260.90918,-232.89529
4,100.0,0.05,5.0,10.0,0.0,0.03108,0.00913,280.64117,289.10376,0.02927,364.0,622.0,1.0614,280.11975,-260.90918,-232.89529
5,100.0,0.05,6.0,10.0,0.0,0.03007,0.00913,280.64117,288.80328,0.02826,364.0,1181.0,2.61427,280.11975,-260.90918,-232.89529
