Omega,Tolerance,Step Size Rule,Iterations,Converged?,Gap LR,Gap Naive,Obj. Naive,Obj. LR (UB),"Obj. LR (LB),",Gap,Time Naive,Time LR,Final Lambda,LB Heuristic,BBP,Best iter,Lambda best iter,Gamma best iter
900.0,0.01,1.0,10.0,0.0,0.08198,0.07543,242.40321,262.345,251.46452,0.07601,4210.0,5246.0,475.02,240.83862,0.0,1.0,0.85626,5.0
900.0,0.01,2.0,10.0,0.0,0.08198,0.07543,242.40321,262.345,251.46452,0.07601,4210.0,5659.0,200.0,240.83862,0.0,1.0,0.85626,5.0
900.0,0.01,3.0,10.0,0.0,0.08198,0.07543,242.40321,262.345,251.46452,0.07601,4210.0,5218.0,640.71331,240.83862,0.0,1.0,0.85626,5.0
900.0,0.01,4.0,10.0,0.0,0.08198,0.07543,242.40321,262.345,251.46452,0.07601,4210.0,5229.0,600.20712,240.83862,0.0,1.0,0.85626,5.0
900.0,0.01,5.0,10.0,0.0,0.08198,0.07543,242.40321,262.345,251.46452,0.07601,4210.0,5647.0,0.0,240.83862,0.0,1.0,0.85626,5.0
900.0,0.01,6.0,3.0,0.0,0.08198,0.07543,242.40321,262.345,251.46452,0.07601,4210.0,20133.0,0.0,240.83862,0.0,1.0,0.85626,5.0
