Omega,Tolerance,Step Size Rule,Iterations,Converged?,Gap LR,Gap Naive,Obj. Naive,Obj. LR,Gap,Time Naive,Time LR,Final Lambda,LB Heuristic
900.0,0.01,1.0,2.0,0.0,0.03037,1.0,240.67548,248.38182,0.03037,4253.0,2465.0,516.78,240.83862
900.0,0.01,2.0,2.0,0.0,0.03037,1.0,240.67548,248.38182,0.03037,4253.0,2498.0,0.22447,240.83862
900.0,0.01,3.0,2.0,0.0,0.03037,1.0,240.67548,248.38182,0.03037,4253.0,2438.0,668.25,240.83862
900.0,0.01,4.0,2.0,0.0,0.03037,1.0,240.67548,248.38182,0.03037,4253.0,2452.0,630.03214,240.83862
900.0,0.01,5.0,2.0,0.0,0.03037,1.0,240.67548,248.38182,0.03037,4253.0,2415.0,0.16835,240.83862
900.0,0.01,6.0,2.0,0.0,0.03037,1.0,240.67548,248.38182,0.03037,4253.0,2582.0,0.57563,240.83862
