Omega,Tolerance,Step Size Rule,Iterations,Converged?,Gap LR,Gap Naive,Obj. Naive,Obj. LR (UB),"Obj. LR (LB),",Gap,Time Naive,Time LR,Final Lambda,LB Heuristic,BBP,Best iter,Lambda best iter,Gamma best iter
900.0,0.01,1.0,10.0,0.0,0.08198,0.07543,242.40321,262.345,251.46452,0.07601,4210.0,5250.0,475.02,240.83862,0.0,1.0,0.85626,5.0
900.0,0.01,2.0,10.0,0.0,0.08198,0.07543,242.40321,262.345,251.46452,0.07601,4210.0,5671.0,200.0,240.83862,0.0,1.0,0.85626,5.0
900.0,0.01,3.0,10.0,0.0,0.08198,0.07543,242.40321,262.345,251.46452,0.07601,4210.0,5218.0,640.71331,240.83862,0.0,1.0,0.85626,5.0
900.0,0.01,4.0,10.0,0.0,0.08198,0.07543,242.40321,262.345,251.46452,0.07601,4210.0,5224.0,600.20712,240.83862,0.0,1.0,0.85626,5.0
900.0,0.01,5.0,10.0,0.0,0.08198,0.07543,242.40321,262.345,251.46452,0.07601,4210.0,5637.0,0.0,240.83862,0.0,1.0,0.85626,5.0
900.0,0.01,6.0,7.0,0.0,0.05586,0.07543,242.40321,255.0878,255.0878,0.04973,4210.0,52197.0,1.44772,240.83862,0.0,6.0,1.54758,6.0
