Omega,Tolerance,Step Size Rule,Iterations,Converged?,Gap LR,Gap Naive,Obj. Naive,Obj. LR (UB),"Obj. LR (LB),",Gap,Time Naive,Time LR,Final Lambda,LB Heuristic,BBP,Best iter,Lambda best iter,Gamma best iter
900.0,0.01,1.0,10.0,0.0,0.08846,0.07543,242.40321,264.21117,251.46452,0.08254,4210.0,2361.0,475.02,240.83862,0.0,1.0,0.85626,5.0
900.0,0.01,2.0,6.0,0.0,0.08846,0.07543,242.40321,264.21117,251.46452,0.08254,4210.0,2482.0,200.0,240.83862,0.0,1.0,0.85626,5.0
900.0,0.01,3.0,10.0,0.0,0.08846,0.07543,242.40321,264.21117,251.46452,0.08254,4210.0,2308.0,640.71331,240.83862,0.0,1.0,0.85626,5.0
900.0,0.01,4.0,10.0,0.0,0.08846,0.07543,242.40321,264.21117,251.46452,0.08254,4210.0,2311.0,600.20712,240.83862,0.0,1.0,0.85626,5.0
900.0,0.01,5.0,7.0,0.0,0.08846,0.07543,242.40321,264.21117,251.46452,0.08254,4210.0,2448.0,0.0,240.83862,0.0,1.0,0.85626,5.0
900.0,0.01,6.0,3.0,0.0,0.08846,0.07543,242.40321,264.21117,251.46452,0.08254,4210.0,4331.0,0.0,240.83862,0.0,1.0,0.85626,5.0
