Omega,Tolerance,Step Size Rule,Iterations,Converged?,Gap LR,Gap Naive,Obj. Naive,Obj. LR,Gap,Time Naive,Time LR,Final Lambda,LB Heuristic
600.0,0.05,1.0,2.0,0.0,0.63766,0.60757,4896.95611,10605.64082,0.53827,4201.0,4202.0,445.25624,3842.85629
600.0,0.05,2.0,2.0,0.0,0.63069,0.60757,4896.95611,10405.64082,0.52939,4201.0,4202.0,132.75799,3842.85629
600.0,0.05,3.0,2.0,0.0,0.63766,0.60757,4896.95611,10605.64082,0.53827,4201.0,4202.0,679.55624,3842.85629
600.0,0.05,4.0,2.0,0.0,0.63766,0.60757,4896.95611,10605.64082,0.53827,4201.0,4202.0,680.84303,3842.85629
600.0,0.05,5.0,2.0,0.0,0.62711,0.60757,4896.95611,10305.64082,0.52483,4201.0,4202.0,132.84571,3842.85629
600.0,0.05,6.0,2.0,0.0,0.58379,0.60757,4896.95611,9232.92832,0.46962,4201.0,4203.0,0.0,3842.85629
,,,,,,,,,,,,,5485.18627
,,,,,,,,,,,,,4931.48691
