,Omega,Tolerance,Step Size Rule,Iterations,Converged?,Gap LR,Gap Naive,Obj. Naive,Obj. LR,Gap,Time Naive,Time LR,Final Lambda,LB Heuristic,IR,AP
0,600.0,0.05,1.0,2.0,0.0,0.63766,0.60757,4896.95611,10605.64082,0.53827,4201.0,4202.0,445.25624,3842.85629,5485.18627,4931.48691
1,600.0,0.05,2.0,2.0,0.0,0.53454,0.60757,4896.95611,10605.64082,0.53454,4201.0,4203.0,132.05624,4936.47581,5485.18627,4931.48691
2,600.0,0.05,3.0,2.0,0.0,0.63766,0.60757,4896.95611,10605.64082,0.53827,4201.0,4202.0,679.55624,3842.85629,5485.18627,4931.48691
3,600.0,0.05,4.0,2.0,0.0,0.63766,0.60757,4896.95611,10605.64082,0.53827,4201.0,4202.0,680.84303,3842.85629,5485.18627,4931.48691
4,600.0,0.05,5.0,2.0,0.0,0.53454,0.60757,4896.95611,10605.64082,0.53454,4201.0,4203.0,282.05624,4936.47581,5485.18627,4931.48691
5,600.0,0.05,6.0,2.0,0.0,0.58379,0.60757,4896.95611,9232.92832,0.46962,4201.0,4203.0,0.0,3842.85629,5485.18627,4931.48691
