Omega,Tolerance,Step Size Rule,Iterations,Converged?,Gap LR,Gap Naive,Obj. Naive,Obj. LR (UB),"Obj. LR (LB),",Gap,Time Naive,Time LR,Final Lambda,LB Heuristic,BBP,Best iter,Lambda best iter,Gamma best iter
600.0,0.05,1.0,5.0,0.0,0.56788,0.60757,4896.95611,12693.49448,10605.64082,0.56788,4201.0,55006.0,393.05624,5485.1748,0.0,1.0,132.05624,-570.0
600.0,0.05,2.0,5.0,0.0,0.56084,0.60757,4896.95611,12490.19648,10613.50775,0.56084,4201.0,55006.0,332.05624,5485.1748,0.0,3.0,132.05624,-570.0
600.0,0.05,3.0,5.0,0.0,0.5674,0.60757,4896.95611,12679.65439,10605.64082,0.5674,4201.0,55010.0,633.6991,5485.1748,0.0,1.0,132.05624,-570.0
600.0,0.05,4.0,5.0,0.0,0.5674,0.60757,4896.95611,12679.65439,10605.64082,0.5674,4201.0,55012.0,635.10612,5485.1748,0.0,1.0,132.05624,-570.0
600.0,0.05,5.0,6.0,0.0,0.5674,0.60757,4896.95611,12679.65439,10605.64082,0.5674,4201.0,55027.0,117.05624,5485.1748,0.0,1.0,132.05624,-570.0
600.0,0.05,6.0,8.0,0.0,0.56533,0.60757,4896.95611,12619.15894,8957.97023,0.56533,4201.0,55039.0,24.8606,5485.1748,0.0,6.0,143.76034,30.0
