"Omega","Tolerance","Step Size Rule","Iterations","Converged?","Gap LR","Gap Naive","Obj. Naive","Obj. LR","Gap","Time Naive","Time LR","Final Lambda","LB Heuristic"
600.00000,0.03000,1.00000,2.00000,0.00000,0.39270,0.59751,4610.06344,7189.35994,0.35877,4275.00000,4323.00000,460.92217,4366.10508
600.00000,0.03000,2.00000,2.00000,0.00000,0.37532,0.59751,4610.06344,6989.35994,0.34042,4275.00000,4322.00000,134.48946,4366.10508
600.00000,0.03000,3.00000,2.00000,0.00000,0.39270,0.59751,4610.06344,7189.35994,0.35877,4275.00000,4338.00000,702.30217,4366.10508
600.00000,0.03000,4.00000,2.00000,0.00000,0.39270,0.59751,4610.06344,7189.35994,0.35877,4275.00000,4340.00000,703.07425,4366.10508
600.00000,0.03000,5.00000,2.00000,0.00000,0.36625,0.59751,4610.06344,6889.35994,0.33084,4275.00000,4320.00000,134.57537,4366.10508
600.00000,0.03000,6.00000,2.00000,0.00000,0.32924,0.59751,4610.06344,6509.20110,0.29176,4275.00000,4293.00000,0.00000,4366.10508
