"Omega","Tolerance","Step Size Rule","Iterations","Converged?","Gap LR","Gap Naive","Obj. Naive","Obj. LR","Gap","Time Naive","Time LR","Final Lambda","LB Heuristic"
600.00000,0.03000,1.00000,2.00000,0.00000,0.25622,0.94617,608.91217,5259.40798,0.25622,4206.00000,2991.00000,466.38264,3911.85560
600.00000,0.03000,2.00000,3.00000,0.00000,0.32984,0.94617,608.91217,5837.16631,0.32984,4206.00000,2583.00000,121.97659,3911.85560
600.00000,0.03000,3.00000,3.00000,0.00000,0.32984,0.94617,608.91217,5837.16631,0.32984,4206.00000,4397.00000,545.32264,3911.85560
600.00000,0.03000,4.00000,3.00000,0.00000,0.38304,0.94617,608.91217,6340.55495,0.38304,4206.00000,4375.00000,517.76648,3911.85560
600.00000,0.03000,5.00000,3.00000,0.00000,0.37845,0.94617,608.91217,6293.75797,0.37845,4206.00000,2415.00000,116.30219,3911.85560
600.00000,0.03000,6.00000,3.00000,0.00000,0.33883,0.94617,608.91217,5916.55653,0.33883,4206.00000,4367.00000,14.47664,3911.85560
