"Omega","Tolerance","Step Size Rule","Iterations","Converged?","Gap LR","Gap Naive","Obj. Naive","Obj. LR","Gap","Time Naive","Time LR","Final Lambda","LB Heuristic"
600.00000,0.03000,1.00000,2.00000,0.00000,0.22248,0.98008,232.19129,6787.54644,0.22248,4233.00000,4260.00000,461.74264,5277.44609
600.00000,0.03000,2.00000,2.00000,0.00000,0.19888,0.98008,232.19129,6587.54644,0.19888,4233.00000,4245.00000,135.30992,5277.44609
600.00000,0.03000,3.00000,2.00000,0.00000,0.22248,0.98008,232.19129,6787.54644,0.22248,4233.00000,4261.00000,703.12264,5277.44609
600.00000,0.03000,4.00000,2.00000,0.00000,0.22248,0.98008,232.19129,6787.54644,0.22248,4233.00000,4266.00000,703.89471,5277.44609
600.00000,0.03000,5.00000,2.00000,0.00000,0.18653,0.98008,232.19129,6487.54644,0.18653,4233.00000,4239.00000,135.39583,5277.44609
600.00000,0.03000,6.00000,2.00000,0.00000,0.08566,0.98008,232.19129,5771.83860,0.08566,4233.00000,4224.00000,84.87948,5277.44609
