,Omega,Tolerance,Step Size Rule,Iterations,Converged?,Gap LR,Gap Naive,Obj. Naive,Obj. LR (UB),"Obj. LR (LB),",Gap,Time Naive,Time LR,Final Lambda,LB Heuristic,BBP,Best iter,Lambda best iter,Gamma best iter,Obj. LR,Time,QP,IR,AP
0,900.0,0.01,1.0,2.0,0.0,0.48903,0.53476,4418.2955,9686.51711,5119.76325,0.48903,4202.0,4204.0,86.36641,4949.48692,0.0,1.0,96.80641,9.0,,,-4623.972,-4949.48692,-4334.32387
1,900.0,0.01,2.0,3.0,0.0,0.48903,0.53476,4418.2955,9686.51711,5119.76325,0.48903,4202.0,4215.0,0.0,4949.48692,0.0,1.0,96.80641,9.0,,,-4623.972,-4949.48692,-4334.32387
2,900.0,0.01,3.0,2.0,0.0,0.48903,0.53476,4418.2955,9686.51711,5119.76325,0.48903,4202.0,4202.0,756.05641,4949.48692,0.0,1.0,96.80641,9.0,,,-4623.972,-4949.48692,-4334.32387
3,900.0,0.01,4.0,2.0,0.0,0.48903,0.53476,4418.2955,9686.51711,5119.76325,0.48903,4202.0,4208.0,717.83855,4949.48692,0.0,1.0,96.80641,9.0,,,-4623.972,-4949.48692,-4334.32387
4,900.0,0.01,5.0,3.0,0.0,0.48903,0.53476,4418.2955,9686.51711,5119.76325,0.48903,4202.0,4217.0,50.0,4949.48692,0.0,1.0,96.80641,9.0,,,-4623.972,-4949.48692,-4334.32387
5,900.0,0.01,6.0,3.0,0.0,0.48903,0.53476,4418.2955,9686.51711,5119.76325,0.48903,4202.0,4215.0,0.0,4949.48692,0.0,1.0,96.80641,9.0,,,-4623.972,-4949.48692,-4334.32387
