Omega,Tolerance,Step Size Rule,Iterations,Converged?,Gap LR,Gap Naive,Obj. Naive,Obj. LR,Gap,Time Naive,Time LR,Final Lambda,LB Heuristic
100.0,0.05,1.0,2.0,0.0,0.61675,0.43722,6204.32836,9546.93968,0.35012,4206.0,3082.0,848.26183,3658.84171
100.0,0.05,2.0,2.0,0.0,0.6847,0.43722,6204.32836,11604.19597,0.46534,4206.0,2765.0,800.27236,3658.84171
100.0,0.05,3.0,2.0,0.0,0.62397,0.43722,6204.32836,9730.25533,0.36237,4206.0,3087.0,887.31183,3658.84171
100.0,0.05,4.0,2.0,0.0,0.62397,0.43722,6204.32836,9730.25533,0.36237,4206.0,3076.0,887.5263,3658.84171
100.0,0.05,5.0,2.0,0.0,0.68196,0.43722,6204.32836,11504.19597,0.46069,4206.0,2919.0,800.79867,3658.84171
100.0,0.05,6.0,2.0,0.0,0.63937,0.43722,6204.32836,10145.68927,0.38848,4206.0,3093.0,0.0,3658.84171
,,,,,,,,,,,,,5415.27274
,,,,,,,,,,,,,5029.8848
