Omega,Tolerance,Step Size Rule,Iterations,Converged?,Gap LR,Gap Naive,Obj. Naive,Obj. LR (UB),"Obj. LR (LB),",Gap,Time Naive,Time LR,Final Lambda,LB Heuristic,BBP,Best iter,Lambda best iter,Gamma best iter
100.0,0.05,1.0,5.0,0.0,0.49922,0.43722,6204.32836,10813.63398,9616.5335,0.42625,4206.0,50977.0,839.56183,5415.26913,0.0,5.0,842.46183,5.0
100.0,0.05,2.0,8.0,0.0,0.51423,0.43722,6204.32836,11147.83783,10449.17767,0.44345,4206.0,53944.0,796.06183,5415.26913,0.0,8.0,996.06183,5.0
100.0,0.05,3.0,5.0,0.0,0.49483,0.43722,6204.32836,10719.65521,9813.2835,0.42122,4206.0,50988.0,879.66897,5415.26913,0.0,5.0,881.81183,5.0
100.0,0.05,4.0,5.0,0.0,0.49596,0.43722,6204.32836,10743.78295,9814.92207,0.42252,4206.0,50979.0,879.90348,5415.26913,0.0,5.0,882.13954,5.0
100.0,0.05,5.0,6.0,0.0,0.49944,0.43722,6204.32836,10818.36173,9700.54518,0.4265,4206.0,50994.0,781.06183,5415.26913,0.0,4.0,846.06183,5.0
100.0,0.05,6.0,8.0,0.0,0.49356,0.43722,6204.32836,10692.78399,9720.79281,0.41976,4206.0,50996.0,0.0,5415.26913,0.0,8.0,863.31369,5.0
