"Omega","Tolerance","Step Size Rule","Iterations","Converged?","Gap LR","Gap Naive","Obj. Naive","Obj. LR","Gap","Time Naive","Time LR","Final Lambda","LB Heuristic"
900.00000,0.07000,1.00000,1.00000,1.00000,0.00000,0.15101,249.14350,249.14350,0.00000,4293.00000,2169.00000,0.30626,249.14350
900.00000,0.07000,2.00000,1.00000,1.00000,0.00000,0.15101,249.14350,249.14350,0.00000,4293.00000,2169.00000,0.30626,249.14350
900.00000,0.07000,3.00000,1.00000,1.00000,0.00000,0.15101,249.14350,249.14350,0.00000,4293.00000,2164.00000,0.30626,249.14350
900.00000,0.07000,4.00000,1.00000,1.00000,0.00000,0.15101,249.14350,249.14350,0.00000,4293.00000,2162.00000,0.30626,249.14350
900.00000,0.07000,5.00000,1.00000,1.00000,0.00000,0.15101,249.14350,249.14350,0.00000,4293.00000,2163.00000,0.30626,249.14350
900.00000,0.07000,6.00000,1.00000,1.00000,0.00000,0.15101,249.14350,249.14350,0.00000,4293.00000,2140.00000,0.30626,249.14350
