"Omega","Tolerance","Step Size Rule","Iterations","Converged?","Gap LR","Gap Naive","Obj. Naive","Obj. LR","Gap","Time Naive","Time LR","Final Lambda","LB Heuristic"
600.00000,0.01000,1.00000,2.00000,0.00000,0.01388,0.07800,246.07828,249.54281,0.01388,4258.00000,2989.00000,344.52000,246.07828
600.00000,0.01000,2.00000,2.00000,0.00000,0.01388,0.07800,246.07828,249.54281,0.01388,4258.00000,2938.00000,0.33670,246.07828
600.00000,0.01000,3.00000,2.00000,0.00000,0.01388,0.07800,246.07828,249.54281,0.01388,4258.00000,2874.00000,445.50000,246.07828
600.00000,0.01000,4.00000,2.00000,0.00000,0.01388,0.07800,246.07828,249.54281,0.01388,4258.00000,2840.00000,420.02143,246.07828
600.00000,0.01000,5.00000,2.00000,0.00000,0.01388,0.07800,246.07828,249.54281,0.01388,4258.00000,2451.00000,0.25253,246.07828
600.00000,0.01000,6.00000,2.00000,0.00000,0.01388,0.07800,246.07828,249.54281,0.01388,4258.00000,2728.00000,0.73423,246.07828
