Omega,Tolerance,Step Size Rule,Iterations,Converged?,Gap LR,Gap Naive,Obj. Naive,Obj. LR (UB),"Obj. LR (LB),",Gap,Time Naive,Time LR,Final Lambda,LB Heuristic,BBP,Best iter,Lambda best iter,Gamma best iter
1500.0,0.01,1.0,10.0,0.0,0.09903,0.1136,234.60347,264.25183,248.34222,0.09903,4212.0,5436.0,791.7,238.08192,0.0,1.0,0.54759,7.0
1500.0,0.01,2.0,10.0,0.0,0.09903,0.1136,234.60347,264.25183,248.34222,0.09903,4212.0,6553.0,200.0,238.08192,0.0,1.0,0.54759,7.0
1500.0,0.01,3.0,10.0,0.0,0.09903,0.1136,234.60347,264.25183,248.34222,0.09903,4212.0,5444.0,1067.85552,238.08192,0.0,1.0,0.54759,7.0
1500.0,0.01,4.0,10.0,0.0,0.09903,0.1136,234.60347,264.25183,248.34222,0.09903,4212.0,5442.0,1000.3452,238.08192,0.0,1.0,0.54759,7.0
1500.0,0.01,5.0,10.0,0.0,0.09903,0.1136,234.60347,264.25183,248.34222,0.09903,4212.0,6347.0,0.0,238.08192,0.0,1.0,0.54759,7.0
1500.0,0.01,6.0,3.0,0.0,0.09903,0.1136,234.60347,264.25183,248.34222,0.09903,4212.0,20422.0,5.78897,238.08192,0.0,1.0,0.54759,7.0
