Omega,Tolerance,Step Size Rule,Iterations,Converged?,Gap LR,Gap Naive,Obj. Naive,Obj. LR,Gap,Time Naive,Time LR,Final Lambda,LB Heuristic,Heuristic Time
1500.0,0.01,1.0,2.0,0.0,0.02969,0.1136,234.60347,245.36669,0.02969,4212.0,2459.0,861.3,238.08192,
1500.0,0.01,2.0,2.0,0.0,0.02969,0.1136,234.60347,245.36669,0.02969,4212.0,2461.0,0.13468,238.08192,
1500.0,0.01,3.0,2.0,0.0,0.02969,0.1136,234.60347,245.36669,0.02969,4212.0,2456.0,1113.75,238.08192,
1500.0,0.01,4.0,2.0,0.0,0.04006,0.1136,234.60347,248.01643,0.04006,4212.0,2454.0,1050.05357,238.08192,
1500.0,0.01,5.0,2.0,0.0,0.02969,0.1136,234.60347,245.36669,0.02969,4212.0,2458.0,0.10101,238.08192,
1500.0,0.01,6.0,2.0,0.0,0.02969,0.1136,234.60347,245.36669,0.02969,4212.0,2461.0,0.34977,238.08192,69.0
