Omega,Tolerance,Step Size Rule,Iterations,Converged?,Gap LR,Gap Naive,Obj. Naive,Obj. LR (UB),"Obj. LR (LB),",Gap,Time Naive,Time LR,Final Lambda,LB Heuristic,BBP,Best iter,Lambda best iter,Gamma best iter
1500.0,0.01,1.0,2.0,0.0,0.10352,0.1136,234.60347,265.57438,245.36669,0.10352,4212.0,2471.0,861.3,238.08192,0.0,1.0,0.54759,12.0
1500.0,0.01,2.0,2.0,0.0,0.10352,0.1136,234.60347,265.57438,245.36669,0.10352,4212.0,2499.0,200.0,238.08192,0.0,1.0,0.54759,12.0
1500.0,0.01,3.0,2.0,0.0,0.10352,0.1136,234.60347,265.57438,245.36669,0.10352,4212.0,2494.0,1113.75,238.08192,0.0,1.0,0.54759,12.0
1500.0,0.01,4.0,2.0,0.0,0.10352,0.1136,234.60347,265.57438,245.36669,0.10352,4212.0,2484.0,1050.05357,238.08192,0.0,1.0,0.54759,12.0
1500.0,0.01,5.0,2.0,0.0,0.10352,0.1136,234.60347,265.57438,245.36669,0.10352,4212.0,2502.0,150.0,238.08192,0.0,1.0,0.54759,12.0
1500.0,0.01,6.0,2.0,0.0,0.10352,0.1136,234.60347,265.57438,245.36669,0.10352,4212.0,2534.0,0.34977,238.08192,0.0,1.0,0.54759,12.0
