"Omega","Tolerance","Step Size Rule","Iterations","Converged?","Gap LR","Gap Naive","Obj. Naive","Obj. LR","Gap","Time Naive","Time LR","Final Lambda","LB Heuristic"
100.00000,0.03000,1.00000,2.00000,0.00000,0.20703,0.39188,6007.45253,7893.30172,0.20703,4203.00000,4203.00000,800.37054,6259.18496
100.00000,0.03000,2.00000,10.00000,0.00000,0.21217,0.39188,6007.45253,7944.82701,0.21217,4203.00000,2331.00000,755.74058,6259.18496
100.00000,0.03000,3.00000,2.00000,0.00000,0.21362,0.39188,6007.45253,7959.46672,0.21362,4203.00000,4209.00000,798.60054,6259.18496
100.00000,0.03000,4.00000,2.00000,0.00000,0.21484,0.39188,6007.45253,7971.88053,0.21484,4203.00000,4209.00000,798.72922,6259.18496
100.00000,0.03000,5.00000,10.00000,0.00000,0.20482,0.39188,6007.45253,7871.37798,0.20482,4203.00000,2285.00000,709.81643,6259.18496
100.00000,0.03000,6.00000,3.00000,0.00000,0.21411,0.39188,6007.45253,7964.49399,0.21411,4203.00000,4215.00000,221.11835,6259.18496
