Omega,Tolerance,Step Size Rule,Iterations,Converged?,Gap LR,Gap Naive,Obj. Naive,Obj. LR,Gap,Time Naive,Time LR,Final Lambda,LB Heuristic
600.0,0.03,1.0,2.0,0.0,0.41851,0.73237,2025.21143,6593.83152,0.41851,4203.0,4203.0,462.04712,3834.27787
600.0,0.03,2.0,2.0,0.0,0.40032,0.73237,2025.21143,6393.83152,0.40032,4203.0,4202.0,135.61441,3834.27787
600.0,0.03,2.0,2.0,0.0,0.40032,0.73237,2025.21143,6393.83152,0.40032,4203.0,4203.0,135.61441,3834.27787
600.0,0.03,4.0,2.0,0.0,0.41851,0.73237,2025.21143,6593.83152,0.41851,4203.0,4202.0,704.1992,3834.27787
600.0,0.03,5.0,2.0,0.0,0.39079,0.73237,2025.21143,6293.83152,0.39079,4203.0,4202.0,135.70032,3834.27787
600.0,0.03,6.0,2.0,0.0,0.41851,0.73237,2025.21143,6593.83152,0.41851,4203.0,4203.0,0.0,3834.27787
