,Omega,Tolerance,Step Size Rule,Iterations,Converged?,Gap LR,Gap Naive,Obj. Naive,Obj. LR,Gap,Time Naive,Time LR,Final Lambda,LB Heuristic,IR,AP
0,100.0,0.05,1.0,10.0,0.0,0.04993,0.0,283.78977,298.70407,0.04993,465.0,357.0,31.80419,283.78977,-276.93695,-277.79876
1,100.0,0.05,2.0,10.0,0.0,0.02909,0.0,283.78977,292.29194,0.02909,465.0,830.0,4.21053,283.78977,-276.93695,-277.79876
2,100.0,0.05,3.0,10.0,0.0,0.04993,0.0,283.78977,298.70407,0.04993,465.0,326.0,78.75603,283.78977,-276.93695,-277.79876
3,100.0,0.05,4.0,10.0,0.0,0.04993,0.0,283.78977,298.70407,0.04993,465.0,330.0,77.69921,283.78977,-276.93695,-277.79876
4,100.0,0.05,5.0,10.0,0.0,0.01687,0.0,283.78977,288.66036,0.01687,465.0,670.0,1.0614,283.78977,-276.93695,-277.79876
5,100.0,0.05,6.0,10.0,0.0,0.01648,0.0,283.78977,288.54392,0.01648,465.0,1704.0,2.16883,283.78977,-276.93695,-277.79876
