Omega,Tolerance,Step Size Rule,Iterations,Converged?,Gap LR,Gap Naive,Obj. Naive,Obj. LR (UB),"Obj. LR (LB),",Gap,Time Naive,Time LR,Final Lambda,LB Heuristic,BBP,Best iter,Lambda best iter,Gamma best iter
100.0,0.05,1.0,10.0,0.0,0.04993,0.0,283.78977,298.70407,298.70407,0.04993,373.0,39.0,31.80419,283.78977,0.0,1.0,2.80419,-95.0
100.0,0.05,2.0,10.0,0.0,0.04993,0.0,283.78977,298.70407,298.70407,0.04993,373.0,141.0,2.80419,283.78977,0.0,3.0,2.80419,-95.0
100.0,0.05,3.0,10.0,0.0,0.04993,0.0,283.78977,298.70407,298.70407,0.04993,373.0,34.0,78.75603,283.78977,0.0,1.0,2.80419,-95.0
100.0,0.05,4.0,10.0,0.0,0.04993,0.0,283.78977,298.70407,298.70407,0.04993,373.0,33.0,77.69921,283.78977,0.0,1.0,2.80419,-95.0
100.0,0.05,5.0,10.0,0.0,0.02865,0.0,283.78977,292.16036,292.16036,0.02865,373.0,58.0,0.0,283.78977,0.0,10.0,4.16667,3.0
100.0,0.05,6.0,10.0,0.0,0.01648,0.0,283.78977,288.54392,288.54392,0.01648,373.0,158.0,2.66405,283.78977,0.0,6.0,2.96119,3.0
