"Omega","Tolerance","Step Size Rule","Iterations","Converged?","Gap LR","Gap Naive","Obj. Naive","Obj. LR","Gap","Time Naive","Time LR","Final Lambda","LB Heuristic"
600.00000,0.01000,1.00000,2.00000,0.00000,0.01832,0.07577,249.15229,253.80115,0.01832,4255.00000,2898.00000,344.52000,249.15229
600.00000,0.01000,2.00000,2.00000,0.00000,0.01832,0.07577,249.15229,253.80115,0.01832,4255.00000,2840.00000,0.33670,249.15229
600.00000,0.01000,3.00000,2.00000,0.00000,0.01832,0.07577,249.15229,253.80115,0.01832,4255.00000,2840.00000,445.50000,249.15229
600.00000,0.01000,4.00000,2.00000,0.00000,0.01832,0.07577,249.15229,253.80115,0.01832,4255.00000,2743.00000,420.02143,249.15229
600.00000,0.01000,5.00000,2.00000,0.00000,0.01832,0.07577,249.15229,253.80115,0.01832,4255.00000,2484.00000,0.25253,249.15229
600.00000,0.01000,6.00000,3.00000,0.00000,0.01597,0.07577,249.15229,253.19682,0.01597,4255.00000,4460.00000,0.00000,249.15229
