,Omega,Tolerance,Step Size Rule,Iterations,Converged?,Gap LR,Gap Naive,Obj. Naive,Obj. LR,Gap,Time Naive,Time LR,Final Lambda,LB Heuristic,IR,AP
0,100.0,0.01,1.0,10.0,0.0,0.01099,0.0,278.13221,279.67056,0.0055,89.0,463.0,56.58256,276.5979,-269.25045,-274.1022
1,100.0,0.01,2.0,10.0,0.0,0.01387,0.0,278.13221,280.4884,0.0084,89.0,545.0,0.0,276.5979,-269.25045,-274.1022
2,100.0,0.01,3.0,10.0,0.0,0.01155,0.0,278.13221,279.83056,0.00607,89.0,383.0,59.57293,276.5979,-269.25045,-274.1022
3,100.0,0.01,4.0,10.0,0.0,0.0113,0.0,278.13221,279.75908,0.00582,89.0,405.0,57.09659,276.5979,-269.25045,-274.1022
4,100.0,0.01,5.0,10.0,0.0,0.0112,0.0,278.13221,279.73083,0.00571,89.0,411.0,1.95647,276.5979,-269.25045,-274.1022
5,100.0,0.01,6.0,10.0,0.0,0.00916,0.0,278.13221,279.15539,0.00367,89.0,863.0,2.06802,276.5979,-269.25045,-274.1022
