Omega,Tolerance,Step Size Rule,Iterations,Converged?,Gap LR,Gap Naive,Obj. Naive,Obj. LR,Gap,Time Naive,Time LR,Final Lambda,LB Heuristic
600.0,0.05,1.0,2.0,0.0,0.60601,0.60857,4958.88826,10351.1179,0.52093,4201.0,4202.0,445.65389,4078.18803
600.0,0.05,2.0,2.0,0.0,0.59825,0.60857,4958.88826,10151.1179,0.51149,4201.0,4201.0,133.15565,4078.18803
600.0,0.05,3.0,2.0,0.0,0.60601,0.60857,4958.88826,10351.1179,0.52093,4201.0,4202.0,679.95389,4078.18803
600.0,0.05,4.0,2.0,0.0,0.60601,0.60857,4958.88826,10351.1179,0.52093,4201.0,4202.0,681.24069,4078.18803
600.0,0.05,5.0,2.0,0.0,0.59426,0.60857,4958.88826,10051.1179,0.50663,4201.0,4201.0,133.24337,4078.18803
600.0,0.05,6.0,2.0,0.0,0.55639,0.60857,4958.88826,9193.24892,0.46059,4201.0,4202.0,0.0,4078.18803
,,,,,,,,,,,,,5766.02434
,,,,,,,,,,,,,5227.99031
