,Omega,Tolerance,Step Size Rule,Iterations,Converged?,Gap LR,Gap Naive,Obj. Naive,Obj. LR,Gap,Time Naive,Time LR,Final Lambda,LB Heuristic,IR,AP
0,600.0,0.05,1.0,2.0,0.0,0.60601,0.60857,4958.88826,10351.1179,0.52093,4201.0,4202.0,445.65389,4078.18803,5766.02434,5227.99031
1,600.0,0.05,2.0,2.0,0.0,0.4951,0.60857,4958.88826,10351.1179,0.4951,4201.0,4202.0,132.45389,5226.32398,5766.02434,5227.99031
2,600.0,0.05,3.0,2.0,0.0,0.60601,0.60857,4958.88826,10351.1179,0.52093,4201.0,4202.0,679.95389,4078.18803,5766.02434,5227.99031
3,600.0,0.05,4.0,2.0,0.0,0.60601,0.60857,4958.88826,10351.1179,0.52093,4201.0,4202.0,681.24069,4078.18803,5766.02434,5227.99031
4,600.0,0.05,5.0,2.0,0.0,0.4951,0.60857,4958.88826,10351.1179,0.4951,4201.0,4202.0,282.45389,5226.32398,5766.02434,5227.99031
5,600.0,0.05,6.0,2.0,0.0,0.55639,0.60857,4958.88826,9193.24892,0.46059,4201.0,4202.0,0.0,4078.18803,5766.02434,5227.99031
