Omega,Tolerance,Step Size Rule,Iterations,Converged?,Gap LR,Gap Naive,Obj. Naive,Obj. LR (UB),"Obj. LR (LB),",Gap,Time Naive,Time LR,Final Lambda,LB Heuristic,BBP,Best iter,Lambda best iter,Gamma best iter
600.0,0.05,1.0,5.0,0.0,0.55126,0.60857,4958.88826,12849.30102,10351.1179,0.55126,4201.0,55009.0,393.45389,5766.03422,0.0,1.0,132.45389,-570.0
600.0,0.05,2.0,5.0,0.0,0.54396,0.60857,4958.88826,12643.78401,10351.1179,0.54396,4201.0,55011.0,332.45389,5766.03422,0.0,3.0,132.45389,-570.0
600.0,0.05,3.0,5.0,0.0,0.55085,0.60857,4958.88826,12837.77013,10351.1179,0.55085,4201.0,55005.0,634.09675,5766.03422,0.0,1.0,132.45389,-570.0
600.0,0.05,4.0,5.0,0.0,0.55126,0.60857,4958.88826,12849.30102,10351.1179,0.55126,4201.0,55008.0,635.50377,5766.03422,0.0,1.0,132.45389,-570.0
600.0,0.05,5.0,6.0,0.0,0.55126,0.60857,4958.88826,12849.30102,10351.1179,0.55126,4201.0,55024.0,117.45389,5766.03422,0.0,1.0,132.45389,-570.0
600.0,0.05,6.0,10.0,0.0,0.5509,0.60857,4958.88826,12839.01704,9071.09757,0.5509,4201.0,40086.0,114.20845,5766.03422,0.0,4.0,143.21873,30.0
