"Omega","Tolerance","Step Size Rule","Iterations","Converged?","Gap LR","Gap Naive","Obj. Naive","Obj. LR","Gap","Time Naive","Time LR","Final Lambda","LB Heuristic"
600.00000,0.03000,1.00000,2.00000,0.00000,0.34208,0.62841,4338.21570,6593.83152,0.34208,4317.00000,4310.00000,462.04712,4338.21570
600.00000,0.03000,2.00000,2.00000,0.00000,0.32150,0.62841,4338.21570,6393.83152,0.32150,4317.00000,4314.00000,135.61441,4338.21570
600.00000,0.03000,3.00000,2.00000,0.00000,0.34208,0.62841,4338.21570,6593.83152,0.34208,4317.00000,4326.00000,703.42712,4338.21570
600.00000,0.03000,4.00000,2.00000,0.00000,0.34208,0.62841,4338.21570,6593.83152,0.34208,4317.00000,4327.00000,704.19920,4338.21570
600.00000,0.03000,5.00000,2.00000,0.00000,0.31072,0.62841,4338.21570,6293.83152,0.31072,4317.00000,4305.00000,135.70032,4338.21570
600.00000,0.03000,6.00000,2.00000,0.00000,0.28043,0.62841,4338.21570,6028.92774,0.28043,4317.00000,4268.00000,0.00000,4338.21570
