Omega,Tolerance,Step Size Rule,Iterations,Converged?,Gap LR,Gap Naive,Obj. Naive,Obj. LR (UB),"Obj. LR (LB),",Gap,Time Naive,Time LR,Final Lambda,LB Heuristic,BBP,Best iter,Lambda best iter,Gamma best iter
900.0,0.05,1.0,10.0,0.0,0.15678,0.16086,240.41495,285.24651,261.16746,0.15678,4208.0,5166.0,287.1,240.52632,0.0,1.0,0.30177,10.0
900.0,0.05,2.0,10.0,0.0,0.15678,0.16086,240.41495,285.24651,261.16746,0.15678,4208.0,5420.0,200.0,240.52632,0.0,1.0,0.30177,10.0
900.0,0.05,3.0,10.0,0.0,0.15678,0.16086,240.41495,285.24651,261.16746,0.15678,4208.0,5159.0,503.56656,240.52632,0.0,1.0,0.30177,10.0
900.0,0.05,4.0,10.0,0.0,0.15678,0.16086,240.41495,285.24651,261.16746,0.15678,4208.0,5163.0,455.4512,240.52632,0.0,1.0,0.30177,10.0
900.0,0.05,5.0,10.0,0.0,0.15678,0.16086,240.41495,285.24651,261.16746,0.15678,4208.0,5685.0,0.0,240.52632,0.0,1.0,0.30177,10.0
900.0,0.05,6.0,7.0,0.0,0.15361,0.16086,240.41495,284.18065,262.94218,0.15361,4208.0,50238.0,0.0,240.52632,0.0,7.0,0.33979,21.0
