,Omega,Tolerance,Step Size Rule,Iterations,Converged?,Gap LR,Gap Naive,Obj. Naive,Obj. LR,Gap,Time Naive,Time LR,Final Lambda,LB Heuristic,IR,AP
0,900.0,0.05,1.0,3.0,0.0,0.04851,1.0,239.21036,252.79015,0.04851,4252.0,2259.0,469.8,240.52632,0.0,0.0
1,900.0,0.05,2.0,3.0,0.0,0.05311,1.0,239.21036,254.01776,0.05311,4252.0,2763.0,0.46784,240.52632,0.0,0.0
2,900.0,0.05,3.0,3.0,0.0,0.05311,1.0,239.21036,254.01776,0.05311,4252.0,2259.0,614.25,240.52632,0.0,0.0
3,900.0,0.05,4.0,3.0,0.0,0.04851,1.0,239.21036,252.79015,0.04851,4252.0,2261.0,578.59554,240.52632,0.0,0.0
4,900.0,0.05,5.0,3.0,0.0,0.04851,1.0,239.21036,252.79015,0.04851,4252.0,2676.0,0.2924,240.52632,0.0,0.0
5,900.0,0.05,6.0,3.0,0.0,0.04851,1.0,239.21036,252.79015,0.04851,4252.0,4350.0,0.0,240.52632,0.0,0.0
