Omega,Tolerance,Step Size Rule,Iterations,Converged?,Gap LR,Gap Naive,Obj. Naive,Obj. LR,Gap,Time Naive,Time LR,Final Lambda,LB Heuristic
900.0,0.05,1.0,2.0,0.0,0.04851,1.0,239.21036,252.79015,0.04851,4252.0,2285.0,495.9,240.52632
900.0,0.05,2.0,2.0,0.0,0.04851,1.0,239.21036,252.79015,0.04851,4252.0,2303.0,0.23392,240.52632
900.0,0.05,3.0,3.0,0.0,0.04851,1.0,239.21036,252.79015,0.04851,4252.0,2252.0,614.25,240.52632
900.0,0.05,4.0,1.0,1.0,0.0,1.0,239.21036,240.52632,0.0,4252.0,2126.0,0.30177,240.52632
900.0,0.05,5.0,1.0,1.0,0.0,1.0,239.21036,240.52632,0.0,4252.0,2126.0,0.30177,240.52632
900.0,0.05,6.0,1.0,1.0,0.0,1.0,239.21036,240.52632,0.0,4252.0,2131.0,0.30177,240.52632
