Omega,Tolerance,Step Size Rule,Iterations,Converged?,Gap LR,Gap Naive,Obj. Naive,Obj. LR (UB),"Obj. LR (LB),",Gap,Time Naive,Time LR,Final Lambda,LB Heuristic,BBP,Best iter,Lambda best iter,Gamma best iter
900.0,0.05,1.0,10.0,0.0,0.16104,0.16086,240.41495,286.6956,254.74448,0.16104,4208.0,2280.0,287.1,240.52632,0.0,1.0,0.30177,44.0
900.0,0.05,2.0,8.0,0.0,0.16104,0.16086,240.41495,286.6956,254.74448,0.16104,4208.0,2419.0,200.0,240.52632,0.0,1.0,0.30177,44.0
900.0,0.05,3.0,10.0,0.0,0.16104,0.16086,240.41495,286.6956,254.74448,0.16104,4208.0,2274.0,503.56656,240.52632,0.0,1.0,0.30177,44.0
900.0,0.05,4.0,10.0,0.0,0.16104,0.16086,240.41495,286.6956,254.74448,0.16104,4208.0,2278.0,455.4512,240.52632,0.0,1.0,0.30177,44.0
900.0,0.05,5.0,8.0,0.0,0.16104,0.16086,240.41495,286.6956,254.74448,0.16104,4208.0,2428.0,37.5,240.52632,0.0,1.0,0.30177,44.0
900.0,0.05,6.0,3.0,0.0,0.16104,0.16086,240.41495,286.6956,254.74448,0.16104,4208.0,4282.0,0.0,240.52632,0.0,1.0,0.30177,44.0
