"Omega","Tolerance","Step Size Rule","Iterations","Converged?","Gap LR","Gap Naive","Obj. Naive","Obj. LR","Gap","Time Naive","Time LR","Final Lambda","LB Heuristic"
100.00000,0.01000,1.00000,2.00000,0.00000,0.10323,0.29759,5783.46628,6410.88567,0.09787,4203.00000,4203.00000,855.02729,5749.10164
100.00000,0.01000,2.00000,10.00000,0.00000,0.10641,0.29759,5783.46628,6433.68613,0.10106,4203.00000,2281.00000,674.36910,5749.10164
100.00000,0.01000,3.00000,2.00000,0.00000,0.10513,0.29759,5783.46628,6424.51848,0.09978,4203.00000,4206.00000,854.43729,5749.10164
100.00000,0.01000,4.00000,2.00000,0.00000,0.10607,0.29759,5783.46628,6431.30178,0.10073,4203.00000,4209.00000,854.48018,5749.10164
100.00000,0.01000,5.00000,10.00000,0.00000,0.10792,0.29759,5783.46628,6444.57288,0.10258,4203.00000,2271.00000,562.03264,5749.10164
100.00000,0.01000,6.00000,3.00000,0.00000,0.10513,0.29759,5783.46628,6424.51848,0.09978,4203.00000,4214.00000,120.05959,5749.10164
