"Omega","Tolerance","Step Size Rule","Iterations","Converged?","Gap LR","Gap Naive","Obj. Naive","Obj. LR","Gap","Time Naive","Time LR","Final Lambda","LB Heuristic"
100.00000,0.01000,1.00000,2.00000,0.00000,0.09368,0.34218,5758.75185,6365.79693,0.09368,4209.00000,4207.00000,855.02729,5769.46987
100.00000,0.01000,2.00000,10.00000,0.00000,0.10585,0.34218,5758.75185,6452.45590,0.10585,4209.00000,2345.00000,674.36910,5769.46987
100.00000,0.01000,3.00000,2.00000,0.00000,0.09657,0.34218,5758.75185,6386.20972,0.09657,4209.00000,4215.00000,854.43729,5769.46987
100.00000,0.01000,4.00000,2.00000,0.00000,0.09657,0.34218,5758.75185,6386.20972,0.09657,4209.00000,4216.00000,854.48018,5769.46987
100.00000,0.01000,5.00000,10.00000,0.00000,0.10585,0.34218,5758.75185,6452.45590,0.10585,4209.00000,2273.00000,562.03264,5769.46987
100.00000,0.01000,6.00000,3.00000,0.00000,0.10585,0.34218,5758.75185,6452.45590,0.10585,4209.00000,4214.00000,223.19691,5769.46987
