"Omega","Tolerance","Step Size Rule","Iterations","Converged?","Gap LR","Gap Naive","Obj. Naive","Obj. LR","Gap","Time Naive","Time LR","Final Lambda","LB Heuristic"
100.00000,0.01000,1.00000,2.00000,0.00000,0.09755,0.37004,5756.12095,6398.46184,0.09755,4212.00000,4235.00000,879.52500,5774.27650
100.00000,0.01000,2.00000,7.00000,0.00000,0.09828,0.37004,5756.12095,6403.65499,0.09828,4212.00000,2402.00000,692.80621,5774.27650
100.00000,0.01000,3.00000,2.00000,0.00000,0.09926,0.37004,5756.12095,6410.61143,0.09926,4212.00000,4223.00000,878.93500,5774.27650
100.00000,0.01000,4.00000,2.00000,0.00000,0.10158,0.37004,5756.12095,6427.12539,0.10158,4212.00000,4247.00000,878.97789,5774.27650
100.00000,0.01000,5.00000,7.00000,0.00000,0.10436,0.37004,5756.12095,6447.12539,0.10436,4212.00000,2416.00000,585.51184,5774.27650
100.00000,0.01000,6.00000,3.00000,0.00000,0.09926,0.37004,5756.12095,6410.61143,0.09926,4212.00000,4270.00000,252.38544,5774.27650
