Omega,Tolerance,Step Size Rule,Iterations,Converged?,Gap LR,Gap Naive,Obj. Naive,Obj. LR,Gap,Time Naive,Time LR,Final Lambda,LB Heuristic
900.0,0.03,1.0,2.0,0.0,0.01497,1.0,236.81118,247.15644,0.01497,4252.0,2270.0,506.34,243.45658
900.0,0.03,2.0,2.0,0.0,0.01497,1.0,236.81118,247.15644,0.01497,4252.0,2284.0,0.2291,243.45658
900.0,0.03,3.0,2.0,0.0,0.01497,1.0,236.81118,247.15644,0.01497,4252.0,2260.0,654.75,243.45658
900.0,0.03,4.0,2.0,0.0,0.01497,1.0,236.81118,247.15644,0.01497,4252.0,2270.0,617.30422,243.45658
900.0,0.03,5.0,2.0,0.0,0.01497,1.0,236.81118,247.15644,0.01497,4252.0,2286.0,0.17182,243.45658
900.0,0.03,6.0,2.0,0.0,0.01497,1.0,236.81118,247.15644,0.01497,4252.0,2431.0,0.52149,243.45658
,,,,,,,,,,,,,0.0
,,,,,,,,,,,,,0.0
