Omega,Tolerance,Step Size Rule,Iterations,Converged?,Gap LR,Gap Naive,Obj. Naive,Obj. LR,Gap,Time Naive,Time LR,Final Lambda,LB Heuristic
900.0,0.03,1.0,1.0,1.0,0.0,1.0,236.81118,243.45658,0.0,4252.0,2127.0,0.38316,243.45658
900.0,0.03,2.0,1.0,1.0,0.0,1.0,236.81118,243.45658,0.0,4252.0,2127.0,0.38316,243.45658
900.0,0.03,3.0,1.0,1.0,0.0,1.0,236.81118,243.45658,0.0,4252.0,2131.0,0.38316,243.45658
900.0,0.03,4.0,1.0,1.0,0.0,1.0,236.81118,243.45658,0.0,4252.0,2135.0,0.38316,243.45658
900.0,0.03,5.0,1.0,1.0,0.0,1.0,236.81118,243.45658,0.0,4252.0,2122.0,0.38316,243.45658
900.0,0.03,6.0,1.0,1.0,0.0,1.0,236.81118,243.45658,0.0,4252.0,2132.0,0.38316,243.45658
