Omega,Tolerance,Step Size Rule,Iterations,Converged?,Gap LR,Gap Naive,Obj. Naive,Obj. LR (UB),"Obj. LR (LB),",Gap,Time Naive,Time LR,Final Lambda,LB Heuristic,BBP,Best iter,Lambda best iter,Gamma best iter
900.0,0.05,1.0,10.0,0.0,0.13653,0.15346,243.18181,287.12616,261.85979,0.13653,4209.0,2292.0,287.1,247.92412,0.0,1.0,0.29711,33.0
900.0,0.05,2.0,6.0,0.0,0.13653,0.15346,243.18181,287.12616,261.85979,0.13653,4209.0,2422.0,200.0,247.92412,0.0,1.0,0.29711,33.0
900.0,0.05,3.0,10.0,0.0,0.13653,0.15346,243.18181,287.12616,261.85979,0.13653,4209.0,2280.0,503.56656,247.92412,0.0,1.0,0.29711,33.0
900.0,0.05,4.0,10.0,0.0,0.13653,0.15346,243.18181,287.12616,261.85979,0.13653,4209.0,2288.0,455.4512,247.92412,0.0,1.0,0.29711,33.0
900.0,0.05,5.0,7.0,0.0,0.13653,0.15346,243.18181,287.12616,261.85979,0.13653,4209.0,2429.0,0.0,247.92412,0.0,1.0,0.29711,33.0
900.0,0.05,6.0,3.0,0.0,0.13653,0.15346,243.18181,287.12616,261.85979,0.13653,4209.0,4316.0,0.0,247.92412,0.0,1.0,0.29711,33.0
