,Omega,Tolerance,Step Size Rule,Iterations,Converged?,Gap LR,Gap Naive,Obj. Naive,Obj. LR,Gap,Time Naive,Time LR,Final Lambda,LB Heuristic,IR,AP
0,900.0,0.05,1.0,2.0,0.0,0.03617,1.0,242.83616,257.2272,0.03617,4251.0,2279.0,495.9,247.92412,-254.83946,0.0
1,900.0,0.05,2.0,4.0,0.0,0.05322,0.15346,243.18181,261.85979,0.05322,4209.0,2269.0,200.0,247.92412,-254.83946,0.0
2,900.0,0.05,3.0,2.0,0.0,0.03617,1.0,242.83616,257.2272,0.03617,4251.0,2278.0,641.25,247.92412,-254.83946,0.0
3,900.0,0.05,4.0,2.0,0.0,0.03617,1.0,242.83616,257.2272,0.03617,4251.0,2278.0,604.5763,247.92412,-254.83946,0.0
4,900.0,0.05,5.0,5.0,0.0,0.05322,0.15346,243.18181,261.85979,0.05322,4209.0,2305.0,60.0,247.92412,-254.83946,0.0
5,900.0,0.05,6.0,2.0,0.0,0.03617,1.0,242.83616,257.2272,0.03617,4251.0,2300.0,0.66474,247.92412,-254.83946,0.0
