Omega,Tolerance,Step Size Rule,Iterations,Converged?,Gap LR,Gap Naive,Obj. Naive,Obj. LR,Gap,Time Naive,Time LR,Final Lambda,LB Heuristic
900.0,0.05,1.0,1.0,1.0,0.0,1.0,242.83616,247.92412,0.0,4251.0,2137.0,0.29711,247.92412
900.0,0.05,2.0,1.0,1.0,0.0,1.0,242.83616,247.92412,0.0,4251.0,2130.0,0.29711,247.92412
900.0,0.05,3.0,1.0,1.0,0.0,1.0,242.83616,247.92412,0.0,4251.0,2132.0,0.29711,247.92412
900.0,0.05,4.0,1.0,1.0,0.0,1.0,242.83616,247.92412,0.0,4251.0,2135.0,0.29711,247.92412
900.0,0.05,5.0,1.0,1.0,0.0,1.0,242.83616,247.92412,0.0,4251.0,2133.0,0.29711,247.92412
900.0,0.05,6.0,1.0,1.0,0.0,1.0,242.83616,247.92412,0.0,4251.0,2133.0,0.29711,247.92412
