Omega,Tolerance,Step Size Rule,Iterations,Converged?,Gap LR,Gap Naive,Obj. Naive,Obj. LR (UB),"Obj. LR (LB),",Gap,Time Naive,Time LR,Final Lambda,LB Heuristic,BBP,Best iter,Lambda best iter,Gamma best iter
900.0,0.05,1.0,10.0,0.0,0.13495,0.15346,243.18181,286.60137,278.06844,0.13495,4209.0,5129.0,261.29711,247.92412,0.0,1.0,0.29711,-855.0
900.0,0.05,2.0,7.0,0.0,0.10841,0.15346,243.18181,278.06844,278.06844,0.10841,4209.0,41677.0,200.29711,247.92412,0.0,3.0,0.29711,-855.0
900.0,0.05,3.0,10.0,0.0,0.13495,0.15346,243.18181,286.60137,278.06844,0.13495,4209.0,5117.0,683.86367,247.92412,0.0,1.0,0.29711,-855.0
900.0,0.05,4.0,10.0,0.0,0.13495,0.15346,243.18181,286.60137,278.06844,0.13495,4209.0,5121.0,674.35221,247.92412,0.0,1.0,0.29711,-855.0
900.0,0.05,5.0,10.0,0.0,0.13495,0.15346,243.18181,286.60137,278.06844,0.13495,4209.0,5645.0,0.0,247.92412,0.0,1.0,0.29711,-855.0
900.0,0.05,6.0,8.0,0.0,0.13093,0.15346,243.18181,285.27422,266.17606,0.13093,4209.0,42608.0,0.20773,247.92412,0.0,4.0,0.33237,26.0
