,Omega,Tolerance,Step Size Rule,Iterations,Converged?,Gap LR,Gap Naive,Obj. Naive,Obj. LR,Gap,Time Naive,Time LR,Final Lambda,LB Heuristic,IR,AP
0,100.0,0.01,1.0,4.0,1.0,0.0,0.0,273.26863,273.26863,0.0,71.0,50.0,6.39918,273.26863,-269.38425,-268.18403
1,100.0,0.01,2.0,10.0,0.0,0.0063,0.0,273.26863,275.00119,0.0063,71.0,55.0,4.65918,273.26863,-269.38425,-268.18403
2,100.0,0.01,3.0,3.0,1.0,0.0,0.0,273.26863,273.26863,0.0,71.0,47.0,6.40918,273.26863,-269.38425,-268.18403
3,100.0,0.01,4.0,3.0,0.0,9e-05,0.0,273.26863,273.29408,9e-05,71.0,48.0,6.94363,273.26863,-269.38425,-268.18403
4,100.0,0.01,5.0,10.0,0.0,0.0063,0.0,273.26863,275.00119,0.0063,71.0,46.0,2.56253,273.26863,-269.38425,-268.18403
5,100.0,0.01,6.0,3.0,1.0,0.0,0.0,273.26863,273.26863,0.0,71.0,45.0,7.18513,273.26863,-269.38425,-268.18403
