Omega,Tolerance,Step Size Rule,Iterations,Converged?,Gap LR,Gap Naive,Obj. Naive,Obj. LR,Gap,Time Naive,Time LR,Final Lambda,LB Heuristic
100.0,0.01,1.0,4.0,1.0,0.0,0.0,273.26863,273.26863,0.0,71.0,389.0,6.39918,273.26863
100.0,0.01,2.0,10.0,0.0,0.0063,0.0,273.26863,275.00119,0.0063,71.0,663.0,4.65918,273.26863
100.0,0.01,3.0,3.0,1.0,0.0,0.0,273.26863,273.26863,0.0,71.0,340.0,6.40918,273.26863
100.0,0.01,4.0,3.0,0.0,9e-05,0.0,273.26863,273.29408,9e-05,71.0,360.0,6.94363,273.26863
100.0,0.01,5.0,10.0,0.0,0.0063,0.0,273.26863,275.00119,0.0063,71.0,410.0,2.56253,273.26863
100.0,0.01,6.0,3.0,1.0,0.0,0.0,273.26863,273.26863,0.0,71.0,330.0,7.18513,273.26863
