,Omega,Tolerance,Step Size Rule,Iterations,Converged?,Gap LR,Gap Naive,Obj. Naive,Obj. LR,Gap,Time Naive,Time LR,Final Lambda,LB Heuristic,IR,AP
0,900.0,0.01,1.0,6.0,0.0,0.02941,0.14057,230.97971,247.49253,0.02941,4252.0,2254.0,495.9,240.21258,-238.24374,0.0
1,900.0,0.01,2.0,3.0,0.0,0.02941,0.14057,230.97971,247.49253,0.02941,4252.0,2741.0,0.44893,240.21258,-238.24374,0.0
2,900.0,0.01,3.0,8.0,0.0,0.02941,0.14057,230.97971,247.49253,0.02941,4252.0,2253.0,645.41786,240.21258,-238.24374,0.0
3,900.0,0.01,4.0,5.0,0.0,0.02941,0.14057,230.97971,247.49253,0.02941,4252.0,2251.0,616.31107,240.21258,-238.24374,0.0
4,900.0,0.01,5.0,3.0,0.0,0.02941,0.14057,230.97971,247.49253,0.02941,4252.0,2537.0,0.28058,240.21258,-238.24374,0.0
5,900.0,0.01,6.0,3.0,0.0,0.0271,0.14057,230.97971,246.90468,0.0271,4252.0,4307.0,0.0,240.21258,-238.24374,0.0
