Omega,Tolerance,Step Size Rule,Iterations,Converged?,Gap LR,Gap Naive,Obj. Naive,Obj. LR,Gap,Time Naive,Time LR,Final Lambda,LB Heuristic
900.0,0.01,1.0,1.0,1.0,0.0,0.14057,230.97971,240.21258,0.0,4252.0,2158.0,0.85682,240.21258
900.0,0.01,2.0,1.0,1.0,0.0,0.14057,230.97971,240.21258,0.0,4252.0,2148.0,0.85682,240.21258
900.0,0.01,3.0,1.0,1.0,0.0,0.14057,230.97971,240.21258,0.0,4252.0,2155.0,0.85682,240.21258
900.0,0.01,4.0,1.0,1.0,0.0,0.14057,230.97971,240.21258,0.0,4252.0,2159.0,0.85682,240.21258
900.0,0.01,5.0,1.0,1.0,0.0,0.14057,230.97971,240.21258,0.0,4252.0,2168.0,0.85682,240.21258
900.0,0.01,6.0,1.0,1.0,0.0,0.14057,230.97971,240.21258,0.0,4252.0,2149.0,0.85682,240.21258
