Omega,Tolerance,Step Size Rule,Iterations,Converged?,Gap LR,Gap Naive,Obj. Naive,Obj. LR (UB),"Obj. LR (LB),",Gap,Time Naive,Time LR,Final Lambda,LB Heuristic,BBP,Best iter,Lambda best iter,Gamma best iter
900.0,0.01,1.0,10.0,0.0,0.08786,0.14057,230.97971,263.35106,247.49253,0.08786,4252.0,2289.0,475.02,240.21258,0.0,1.0,0.85682,3.0
900.0,0.01,2.0,6.0,0.0,0.08786,0.14057,230.97971,263.35106,247.49253,0.08786,4252.0,2413.0,200.0,240.21258,0.0,1.0,0.85682,3.0
900.0,0.01,3.0,10.0,0.0,0.08786,0.14057,230.97971,263.35106,247.49253,0.08786,4252.0,2261.0,640.71331,240.21258,0.0,1.0,0.85682,3.0
900.0,0.01,4.0,10.0,0.0,0.08786,0.14057,230.97971,263.35106,247.49253,0.08786,4252.0,2278.0,600.20712,240.21258,0.0,1.0,0.85682,3.0
900.0,0.01,5.0,8.0,0.0,0.08786,0.14057,230.97971,263.35106,247.49253,0.08786,4252.0,2494.0,37.5,240.21258,0.0,1.0,0.85682,3.0
900.0,0.01,6.0,3.0,0.0,0.08786,0.14057,230.97971,263.35106,247.49253,0.08786,4252.0,4301.0,0.0,240.21258,0.0,1.0,0.85682,3.0
