Omega,Tolerance,Step Size Rule,Iterations,Converged?,Gap LR,Gap Naive,Obj. Naive,Obj. LR (UB),"Obj. LR (LB),",Gap,Time Naive,Time LR,Final Lambda,LB Heuristic,BBP,Best iter,Lambda best iter,Gamma best iter
900.0,0.01,1.0,10.0,0.0,0.08106,0.14057,230.97971,261.40084,248.11898,0.08106,4252.0,10036.0,475.29682,240.21258,0.0,1.0,0.85682,1.0
900.0,0.01,2.0,10.0,0.0,0.08106,0.14057,230.97971,261.40084,248.11898,0.08106,4252.0,5648.0,200.0,240.21258,0.0,1.0,0.85682,1.0
900.0,0.01,3.0,10.0,0.0,0.08106,0.14057,230.97971,261.40084,248.11898,0.08106,4252.0,5237.0,640.71331,240.21258,0.0,1.0,0.85682,1.0
900.0,0.01,4.0,10.0,0.0,0.08106,0.14057,230.97971,261.40084,248.11898,0.08106,4252.0,5247.0,600.20712,240.21258,0.0,1.0,0.85682,1.0
900.0,0.01,5.0,10.0,0.0,0.08106,0.14057,230.97971,261.40084,248.11898,0.08106,4252.0,5700.0,0.0,240.21258,0.0,1.0,0.85682,1.0
900.0,0.01,6.0,3.0,0.0,0.08106,0.14057,230.97971,261.40084,248.11898,0.08106,4252.0,20130.0,0.0,240.21258,0.0,1.0,0.85682,1.0
