"Omega","Tolerance","Step Size Rule","Iterations","Converged?","Gap LR","Gap Naive","Obj. Naive","Obj. LR","Gap","Time Naive","Time LR","Final Lambda","LB Heuristic"
900.00000,0.01000,1.00000,1.00000,1.00000,0.00000,0.09998,240.21258,240.21258,0.00000,4295.00000,2189.00000,0.85682,240.21258
900.00000,0.01000,2.00000,1.00000,1.00000,0.00000,0.09998,240.21258,240.21258,0.00000,4295.00000,2185.00000,0.85682,240.21258
900.00000,0.01000,3.00000,1.00000,1.00000,0.00000,0.09998,240.21258,240.21258,0.00000,4295.00000,2175.00000,0.85682,240.21258
900.00000,0.01000,4.00000,1.00000,1.00000,0.00000,0.09998,240.21258,240.21258,0.00000,4295.00000,2164.00000,0.85682,240.21258
900.00000,0.01000,5.00000,1.00000,1.00000,0.00000,0.09998,240.21258,240.21258,0.00000,4295.00000,2157.00000,0.85682,240.21258
900.00000,0.01000,6.00000,1.00000,1.00000,0.00000,0.09998,240.21258,240.21258,0.00000,4295.00000,2155.00000,0.85682,240.21258
