Omega,Tolerance,Step Size Rule,Iterations,Converged?,Gap LR,Gap Naive,Obj. Naive,Obj. LR,Gap,Time Naive,Time LR,Final Lambda,LB Heuristic
600.0,0.05,1.0,2.0,0.0,0.0451,0.15323,243.53669,254.76732,0.04408,4240.0,2563.0,330.6,243.27609
600.0,0.05,2.0,2.0,0.0,0.0451,0.15323,243.53669,254.76732,0.04408,4240.0,2572.0,0.35088,243.27609
600.0,0.05,3.0,2.0,0.0,0.0451,0.15323,243.53669,254.76732,0.04408,4240.0,2536.0,427.5,243.27609
600.0,0.05,4.0,2.0,0.0,0.0451,0.15323,243.53669,254.76732,0.04408,4240.0,2599.0,403.05087,243.27609
600.0,0.05,5.0,2.0,0.0,0.0451,0.15323,243.53669,254.76732,0.04408,4240.0,2578.0,0.26316,243.27609
600.0,0.05,6.0,1.0,1.0,0.0,0.15323,243.53669,243.27609,-0.00107,4240.0,2135.0,0.45326,243.27609
