Omega,Tolerance,Step Size Rule,Iterations,Converged?,Gap LR,Gap Naive,Obj. Naive,Obj. LR (UB),"Obj. LR (LB),",Gap,Time Naive,Time LR,Final Lambda,LB Heuristic,BBP,Best iter,Lambda best iter,Gamma best iter
600.0,0.05,1.0,10.0,0.0,0.14398,0.15323,243.53669,284.19438,261.34411,0.14306,4240.0,2200.0,191.4,243.27609,0.0,1.0,0.45326,18.0
600.0,0.05,2.0,10.0,0.0,0.14398,0.15323,243.53669,284.19438,261.34411,0.14306,4240.0,2305.0,200.0,243.27609,0.0,1.0,0.45326,18.0
600.0,0.05,3.0,10.0,0.0,0.14398,0.15323,243.53669,284.19438,261.34411,0.14306,4240.0,2201.0,335.71104,243.27609,0.0,1.0,0.45326,18.0
600.0,0.05,4.0,10.0,0.0,0.14398,0.15323,243.53669,284.19438,261.34411,0.14306,4240.0,2201.0,303.63413,243.27609,0.0,1.0,0.45326,18.0
600.0,0.05,5.0,10.0,0.0,0.14398,0.15323,243.53669,284.19438,261.34411,0.14306,4240.0,2425.0,0.0,243.27609,0.0,1.0,0.45326,18.0
600.0,0.05,6.0,3.0,0.0,0.14398,0.15323,243.53669,284.19438,261.34411,0.14306,4240.0,4248.0,0.0,243.27609,0.0,1.0,0.45326,18.0
