Omega,Tolerance,Step Size Rule,Iterations,Converged?,Gap LR,Gap Naive,Obj. Naive,Obj. LR (UB),"Obj. LR (LB),",Gap,Time Naive,Time LR,Final Lambda,LB Heuristic,BBP,Best iter,Lambda best iter,Gamma best iter
600.0,0.05,1.0,10.0,0.0,0.14302,0.15323,243.53669,283.87509,274.24221,0.1421,4240.0,5072.0,174.45326,243.27609,0.0,1.0,0.45326,-570.0
600.0,0.05,2.0,7.0,0.0,0.132,0.15323,243.53669,280.27226,274.24221,0.13107,4240.0,50021.0,200.45326,243.27609,0.0,3.0,0.45326,-570.0
600.0,0.05,3.0,10.0,0.0,0.14302,0.15323,243.53669,283.87509,274.24221,0.1421,4240.0,5073.0,456.1643,243.27609,0.0,1.0,0.45326,-570.0
600.0,0.05,4.0,10.0,0.0,0.14302,0.15323,243.53669,283.87509,274.24221,0.1421,4240.0,5076.0,449.82332,243.27609,0.0,1.0,0.45326,-570.0
600.0,0.05,5.0,10.0,0.0,0.14302,0.15323,243.53669,283.87509,274.24221,0.1421,4240.0,5284.0,0.0,243.27609,0.0,1.0,0.45326,-570.0
600.0,0.05,6.0,8.0,0.0,0.11873,0.15323,243.53669,276.05317,276.05317,0.11779,4240.0,44231.0,0.0,243.27609,0.0,6.0,1.01517,20.0
