Omega,Tolerance,Step Size Rule,Iterations,Converged?,Gap LR,Gap Naive,Obj. Naive,Obj. LR,Gap,Time Naive,Time LR,Final Lambda,LB Heuristic
600.0,0.05,1.0,10.0,0.0,0.06913,0.15323,243.53669,261.34411,0.06814,4240.0,2196.0,191.4,243.27609
600.0,0.05,2.0,7.0,0.0,0.06913,0.15323,243.53669,261.34411,0.06814,4240.0,6856.0,0.0,243.27609
600.0,0.05,3.0,10.0,0.0,0.06913,0.15323,243.53669,261.34411,0.06814,4240.0,2194.0,335.71104,243.27609
600.0,0.05,4.0,10.0,0.0,0.06913,0.15323,243.53669,261.34411,0.06814,4240.0,2198.0,303.63413,243.27609
600.0,0.05,5.0,5.0,0.0,0.06913,0.15323,243.53669,261.34411,0.06814,4240.0,6513.0,0.0,243.27609
600.0,0.05,6.0,5.0,0.0,0.06913,0.15323,243.53669,261.34411,0.06814,4240.0,6391.0,0.0,243.27609
