"Omega","Tolerance","Step Size Rule","Iterations","Converged?","Gap LR","Gap Naive","Obj. Naive","Obj. LR","Gap","Time Naive","Time LR","Final Lambda","LB Heuristic"
900.00000,0.05000,1.00000,1.00000,1.00000,0.00000,0.17004,238.98927,238.98927,0.00000,4290.00000,2173.00000,0.30526,238.98927
900.00000,0.05000,2.00000,1.00000,1.00000,0.00000,0.17004,238.98927,238.98927,0.00000,4290.00000,2176.00000,0.30526,238.98927
900.00000,0.05000,3.00000,1.00000,1.00000,0.00000,0.17004,238.98927,238.98927,0.00000,4290.00000,2161.00000,0.30526,238.98927
900.00000,0.05000,4.00000,1.00000,1.00000,0.00000,0.17004,238.98927,238.98927,0.00000,4290.00000,2159.00000,0.30526,238.98927
900.00000,0.05000,5.00000,1.00000,1.00000,0.00000,0.17004,238.98927,238.98927,0.00000,4290.00000,2165.00000,0.30526,238.98927
900.00000,0.05000,6.00000,1.00000,1.00000,0.00000,0.17004,238.98927,238.98927,0.00000,4290.00000,2148.00000,0.30526,238.98927
