,Omega,Tolerance,Step Size Rule,Iterations,Converged?,Gap LR,Gap Naive,Obj. Naive,Obj. LR,Gap,Time Naive,Time LR,Final Lambda,LB Heuristic,IR,AP
0,100.0,0.01,1.0,3.0,1.0,0.0,0.0,274.54436,274.54436,0.0,63.0,360.0,3.47049,274.54436,-253.76855,-232.29619
1,100.0,0.01,2.0,4.0,0.0,0.00089,0.0,274.54436,274.7881,0.00089,63.0,332.0,0.0,274.54436,-253.76855,-232.29619
2,100.0,0.01,3.0,2.0,1.0,0.0,0.0,274.54436,274.54436,0.0,63.0,292.0,3.63049,274.54436,-253.76855,-232.29619
3,100.0,0.01,4.0,2.0,1.0,0.0,0.0,274.54436,274.54436,0.0,63.0,317.0,3.63049,274.54436,-253.76855,-232.29619
4,100.0,0.01,5.0,5.0,1.0,0.0,0.0,274.54436,274.54436,0.0,63.0,388.0,3.28283,274.54436,-253.76855,-232.29619
5,100.0,0.01,6.0,3.0,1.0,0.0,0.0,274.54436,274.54436,0.0,63.0,472.0,3.14972,274.54436,-253.76855,-232.29619
