"Omega","Tolerance","Step Size Rule","Iterations","Converged?","Gap LR","Gap Naive","Obj. Naive","Obj. LR","Gap","Time Naive","Time LR","Final Lambda","LB Heuristic"
900.00000,0.01000,1.00000,2.00000,0.00000,0.02994,0.10870,239.74640,247.14616,0.02994,4299.00000,3511.00000,516.78000,239.74640
900.00000,0.01000,2.00000,2.00000,0.00000,0.02994,0.10870,239.74640,247.14616,0.02994,4299.00000,3360.00000,0.22447,239.74640
900.00000,0.01000,3.00000,2.00000,0.00000,0.02994,0.10870,239.74640,247.14616,0.02994,4299.00000,3268.00000,668.25000,239.74640
900.00000,0.01000,4.00000,2.00000,0.00000,0.02994,0.10870,239.74640,247.14616,0.02994,4299.00000,3149.00000,630.03214,239.74640
900.00000,0.01000,5.00000,2.00000,0.00000,0.02994,0.10870,239.74640,247.14616,0.02994,4299.00000,2605.00000,0.16835,239.74640
900.00000,0.01000,6.00000,3.00000,0.00000,0.03239,0.10870,239.74640,247.77253,0.03239,4299.00000,4316.00000,5.92779,239.74640
