"Omega","Tolerance","Step Size Rule","Iterations","Converged?","Gap LR","Gap Naive","Obj. Naive","Obj. LR","Gap","Time Naive","Time LR","Final Lambda","LB Heuristic"
100.00000,0.01000,1.00000,2.00000,0.00000,0.12767,0.37901,5461.23952,6127.11285,0.10868,4207.00000,4221.00000,877.85054,5344.85111
100.00000,0.01000,2.00000,7.00000,0.00000,0.13148,0.37901,5461.23952,6153.95673,0.11256,4207.00000,2407.00000,691.13175,5344.85111
100.00000,0.01000,3.00000,2.00000,0.00000,0.12767,0.37901,5461.23952,6127.11285,0.10868,4207.00000,4231.00000,877.26054,5344.85111
100.00000,0.01000,4.00000,2.00000,0.00000,0.13148,0.37901,5461.23952,6153.95673,0.11256,4207.00000,4243.00000,877.30343,5344.85111
100.00000,0.01000,5.00000,7.00000,0.00000,0.13148,0.37901,5461.23952,6153.95673,0.11256,4207.00000,2415.00000,583.83738,5344.85111
100.00000,0.01000,6.00000,3.00000,0.00000,0.12767,0.37901,5461.23952,6127.11285,0.10868,4207.00000,4267.00000,123.96655,5344.85111
