"Omega","Tolerance","Step Size Rule","Iterations","Converged?","Gap LR","Gap Naive","Obj. Naive","Obj. LR","Gap","Time Naive","Time LR","Final Lambda","LB Heuristic"
100.00000,0.01000,1.00000,2.00000,0.00000,0.09113,0.34346,5761.29338,6402.24586,0.09113,4206.00000,4211.00000,861.43139,5818.83283
100.00000,0.01000,2.00000,10.00000,0.00000,0.09760,0.34346,5761.29338,6448.13900,0.09760,4206.00000,2369.00000,680.77320,5818.83283
100.00000,0.01000,3.00000,2.00000,0.00000,0.09760,0.34346,5761.29338,6448.13900,0.09760,4206.00000,4209.00000,860.84139,5818.83283
100.00000,0.01000,4.00000,2.00000,0.00000,0.09760,0.34346,5761.29338,6448.13900,0.09760,4206.00000,4208.00000,860.88428,5818.83283
100.00000,0.01000,5.00000,10.00000,0.00000,0.09760,0.34346,5761.29338,6448.13900,0.09760,4206.00000,2351.00000,568.43675,5818.83283
100.00000,0.01000,6.00000,3.00000,0.00000,0.09760,0.34346,5761.29338,6448.13900,0.09760,4206.00000,4218.00000,257.52355,5818.83283
