"Omega","Tolerance","Step Size Rule","Iterations","Converged?","Gap LR","Gap Naive","Obj. Naive","Obj. LR","Gap","Time Naive","Time LR","Final Lambda","LB Heuristic"
100.00000,0.01000,1.00000,2.00000,0.00000,0.09809,0.29974,5815.11209,6370.33367,0.08716,4203.00000,4206.00000,861.43139,5745.44026
100.00000,0.01000,2.00000,10.00000,0.00000,0.10431,0.29974,5815.11209,6414.56982,0.09345,4203.00000,2324.00000,680.77320,5745.44026
100.00000,0.01000,3.00000,2.00000,0.00000,0.09699,0.29974,5815.11209,6362.53705,0.08604,4203.00000,4211.00000,860.84139,5745.44026
100.00000,0.01000,4.00000,2.00000,0.00000,0.10208,0.29974,5815.11209,6398.63645,0.09120,4203.00000,4211.00000,860.88428,5745.44026
100.00000,0.01000,5.00000,10.00000,0.00000,0.11259,0.29974,5815.11209,6474.40074,0.10183,4203.00000,2293.00000,568.43675,5745.44026
100.00000,0.01000,6.00000,3.00000,0.00000,0.09982,0.29974,5815.11209,6382.53705,0.08890,4203.00000,4214.00000,94.57610,5745.44026
