Omega,Tolerance,Step Size Rule,Iterations,Converged?,Gap LR,Gap Naive,Obj. Naive,Obj. LR,Gap,Time Naive,Time LR,Final Lambda,LB Heuristic,Heuristic Time
1500.0,0.07,1.0,2.0,0.0,0.03237,0.22557,227.69521,246.85355,0.03237,4212.0,2435.0,809.1,238.86221,
1500.0,0.07,2.0,2.0,0.0,0.03237,0.22557,227.69521,246.85355,0.03237,4212.0,2433.0,0.14337,238.86221,
1500.0,0.07,3.0,2.0,0.0,0.03237,0.22557,227.69521,246.85355,0.03237,4212.0,2436.0,1046.25,238.86221,
1500.0,0.07,4.0,2.0,0.0,0.03237,0.22557,227.69521,246.85355,0.03237,4212.0,2438.0,986.41396,238.86221,
1500.0,0.07,5.0,2.0,0.0,0.03237,0.22557,227.69521,246.85355,0.03237,4212.0,2439.0,0.10753,238.86221,
1500.0,0.07,6.0,2.0,0.0,0.03237,0.22557,227.69521,246.85355,0.03237,4212.0,2430.0,0.39893,238.86221,62.0
,,,,,,,,,,,,,0.0,
,,,,,,,,,,,,,0.0,
