Omega,Tolerance,Step Size Rule,Iterations,Converged?,Gap LR,Gap Naive,Obj. Naive,Obj. LR (UB),"Obj. LR (LB),",Gap,Time Naive,Time LR,Final Lambda,LB Heuristic,BBP,Best iter,Lambda best iter,Gamma best iter
1500.0,0.05,1.0,2.0,0.0,0.57918,0.78964,2757.72757,13157.86058,10412.12077,0.57918,4203.0,4209.0,835.99087,5537.1232,0.0,1.0,52.99087,-1425.0
1500.0,0.05,2.0,2.0,0.0,0.57918,0.78964,2757.72757,13157.86058,10412.12077,0.57918,4203.0,4210.0,52.99087,5537.1232,0.0,1.0,52.99087,-1425.0
1500.0,0.05,3.0,2.0,0.0,0.57918,0.78964,2757.72757,13157.86058,10412.12077,0.57918,4203.0,4211.0,1421.74087,5537.1232,0.0,1.0,52.99087,-1425.0
1500.0,0.05,4.0,2.0,0.0,0.57918,0.78964,2757.72757,13157.86058,10412.12077,0.57918,4203.0,4209.0,1424.95786,5537.1232,0.0,1.0,52.99087,-1425.0
1500.0,0.05,5.0,2.0,0.0,0.57918,0.78964,2757.72757,13157.86058,10412.12077,0.57918,4203.0,4208.0,202.99087,5537.1232,0.0,1.0,52.99087,-1425.0
1500.0,0.05,6.0,2.0,0.0,0.57918,0.78964,2757.72757,13157.86058,10412.12077,0.57918,4203.0,4217.0,0.0,5537.1232,0.0,1.0,52.99087,-1425.0
