,Omega,Tolerance,Step Size Rule,Iterations,Converged?,Gap LR,Gap Naive,Obj. Naive,Obj. LR,Gap,Time Naive,Time LR,Final Lambda,LB Heuristic,IR,AP
0,1500.0,0.05,1.0,2.0,0.0,0.4682,0.78964,2757.72757,10412.12077,0.4682,4203.0,4208.0,835.99087,5537.1232,5536.45822,5136.17437
1,1500.0,0.05,2.0,2.0,0.0,0.45779,0.78964,2757.72757,10212.12077,0.45779,4203.0,4207.0,53.27157,5537.1232,5536.45822,5136.17437
2,1500.0,0.05,3.0,2.0,0.0,0.4682,0.78964,2757.72757,10412.12077,0.4682,4203.0,4206.0,1421.74087,5537.1232,5536.45822,5136.17437
3,1500.0,0.05,4.0,2.0,0.0,0.4682,0.78964,2757.72757,10412.12077,0.4682,4203.0,4208.0,1424.95786,5537.1232,5536.45822,5136.17437
4,1500.0,0.05,5.0,2.0,0.0,0.45243,0.78964,2757.72757,10112.12077,0.45243,4203.0,4208.0,53.30666,5537.1232,5536.45822,5136.17437
5,1500.0,0.05,6.0,2.0,0.0,0.23688,0.78964,2757.72757,7255.91714,0.23688,4203.0,4209.0,13.99846,5537.1232,5536.45822,5136.17437
