Omega,Tolerance,Step Size Rule,Iterations,Converged?,Gap LR,Gap Naive,Obj. Naive,Obj. LR,Gap,Time Naive,Time LR,Final Lambda,LB Heuristic
600.0,0.07,1.0,2.0,0.0,0.04297,0.17778,241.16964,260.46395,0.04297,4239.0,2471.0,323.64,249.27205
600.0,0.07,2.0,2.0,0.0,0.04297,0.17778,241.16964,260.46395,0.04297,4239.0,2484.0,0.35842,249.27205
600.0,0.07,3.0,2.0,0.0,0.04297,0.17778,241.16964,260.46395,0.04297,4239.0,2462.0,418.5,249.27205
600.0,0.07,4.0,2.0,0.0,0.04297,0.17778,241.16964,260.46395,0.04297,4239.0,2486.0,394.56558,249.27205
600.0,0.07,5.0,2.0,0.0,0.04297,0.17778,241.16964,260.46395,0.04297,4239.0,2472.0,0.26882,249.27205
600.0,0.07,6.0,2.0,0.0,0.04297,0.17778,241.16964,260.46395,0.04297,4239.0,2497.0,1.04158,249.27205
