"Omega","Tolerance","Step Size Rule","Iterations","Converged?","Gap LR","Gap Naive","Obj. Naive","Obj. LR","Gap","Time Naive","Time LR","Final Lambda","LB Heuristic"
600.00000,0.03000,1.00000,2.00000,0.00000,0.43209,0.60622,4539.08311,7297.47793,0.37799,4267.00000,4318.00000,460.76083,4144.29947
600.00000,0.03000,2.00000,2.00000,0.00000,0.41609,0.60622,4539.08311,7097.47793,0.36047,4267.00000,4329.00000,134.32812,4144.29947
600.00000,0.03000,3.00000,2.00000,0.00000,0.43209,0.60622,4539.08311,7297.47793,0.37799,4267.00000,4369.00000,702.14083,4144.29947
600.00000,0.03000,4.00000,2.00000,0.00000,0.43209,0.60622,4539.08311,7297.47793,0.37799,4267.00000,4363.00000,702.91291,4144.29947
600.00000,0.03000,5.00000,2.00000,0.00000,0.40774,0.60622,4539.08311,6997.47793,0.35133,4267.00000,4321.00000,134.41403,4144.29947
600.00000,0.03000,6.00000,2.00000,0.00000,0.33677,0.60622,4539.08311,6248.69823,0.27360,4267.00000,4282.00000,0.00000,4144.29947
