"Omega","Tolerance","Step Size Rule","Iterations","Converged?","Gap LR","Gap Naive","Obj. Naive","Obj. LR","Gap","Time Naive","Time LR","Final Lambda","LB Heuristic"
600.00000,0.03000,1.00000,2.00000,0.00000,0.24253,0.70077,3345.72695,5667.93299,0.24253,4206.00000,2467.00000,464.24083,4293.31461
600.00000,0.03000,2.00000,3.00000,0.00000,0.29275,0.70077,3345.72695,6070.43489,0.29275,4206.00000,2503.00000,121.82812,4293.31461
600.00000,0.03000,3.00000,3.00000,0.00000,0.29275,0.70077,3345.72695,6070.43489,0.29275,4206.00000,4373.00000,543.94083,4293.31461
600.00000,0.03000,4.00000,3.00000,0.00000,0.28208,0.70077,3345.72695,5980.20806,0.28208,4206.00000,4375.00000,518.78468,4293.31461
600.00000,0.03000,5.00000,3.00000,0.00000,0.28067,0.70077,3345.72695,5968.47613,0.28067,4206.00000,2456.00000,116.42333,4293.31461
600.00000,0.03000,6.00000,3.00000,0.00000,0.29275,0.70077,3345.72695,6070.43489,0.29275,4206.00000,4391.00000,24.69079,4293.31461
