"Omega","Tolerance","Step Size Rule","Iterations","Converged?","Gap LR","Gap Naive","Obj. Naive","Obj. LR","Gap","Time Naive","Time LR","Final Lambda","LB Heuristic"
600.00000,0.03000,1.00000,2.00000,0.00000,0.38648,0.71667,3274.63745,7297.47793,0.38648,4234.00000,4266.00000,460.76083,4477.14851
600.00000,0.03000,2.00000,2.00000,0.00000,0.36919,0.71667,3274.63745,7097.47793,0.36919,4234.00000,4244.00000,134.32812,4477.14851
600.00000,0.03000,3.00000,2.00000,0.00000,0.38648,0.71667,3274.63745,7297.47793,0.38648,4234.00000,4276.00000,702.14083,4477.14851
600.00000,0.03000,4.00000,2.00000,0.00000,0.38648,0.71667,3274.63745,7297.47793,0.38648,4234.00000,4253.00000,702.91291,4477.14851
600.00000,0.03000,5.00000,2.00000,0.00000,0.36018,0.71667,3274.63745,6997.47793,0.36018,4234.00000,4244.00000,134.41403,4477.14851
600.00000,0.03000,6.00000,2.00000,0.00000,0.23421,0.71667,3274.63745,5846.44980,0.23421,4234.00000,4224.00000,0.00000,4477.14851
