"Omega","Tolerance","Step Size Rule","Iterations","Converged?","Gap LR","Gap Naive","Obj. Naive","Obj. LR","Gap","Time Naive","Time LR","Final Lambda","LB Heuristic"
100.00000,0.05000,1.00000,2.00000,0.00000,0.31529,0.47724,6137.28766,9697.22258,0.31529,4203.00000,2717.00000,844.48583,6639.76713
100.00000,0.05000,2.00000,3.00000,0.00000,0.45428,0.47724,6137.28766,12167.07878,0.45428,4203.00000,3471.00000,798.60162,6639.76713
100.00000,0.05000,3.00000,2.00000,0.00000,0.32781,0.47724,6137.28766,9877.86519,0.32781,4203.00000,2643.00000,883.53583,6639.76713
100.00000,0.05000,4.00000,2.00000,0.00000,0.32781,0.47724,6137.28766,9877.86519,0.32781,4203.00000,2725.00000,883.75030,6639.76713
100.00000,0.05000,5.00000,3.00000,0.00000,0.45203,0.47724,6137.28766,12117.07878,0.45203,4203.00000,3987.00000,798.07531,6639.76713
100.00000,0.05000,6.00000,2.00000,0.00000,0.33936,0.47724,6137.28766,10050.51725,0.33936,4203.00000,2712.00000,0.00000,6639.76713
