"Omega","Tolerance","Step Size Rule","Iterations","Converged?","Gap LR","Gap Naive","Obj. Naive","Obj. LR","Gap","Time Naive","Time LR","Final Lambda","LB Heuristic"
100.00000,0.05000,1.00000,2.00000,0.00000,0.28603,0.41464,6836.98477,9794.04611,0.28603,4203.00000,3480.00000,841.34897,6992.63427
100.00000,0.05000,2.00000,2.00000,0.00000,0.42871,0.41464,6836.98477,12240.16634,0.42871,4203.00000,2951.00000,793.35949,6992.63427
100.00000,0.05000,3.00000,2.00000,0.00000,0.30489,0.41464,6836.98477,10059.70629,0.30489,4203.00000,3226.00000,880.39897,6992.63427
100.00000,0.05000,4.00000,2.00000,0.00000,0.30943,0.41464,6836.98477,10125.84554,0.30943,4203.00000,3198.00000,880.61343,6992.63427
100.00000,0.05000,5.00000,2.00000,0.00000,0.26783,0.41464,6836.98477,9550.54293,0.26783,4203.00000,3259.00000,762.30686,6992.63427
100.00000,0.05000,6.00000,2.00000,0.00000,0.31942,0.41464,6836.98477,10274.52941,0.31942,4203.00000,3136.00000,0.00000,6992.63427
