Omega,Tolerance,Step Size Rule,Iterations,Converged?,Gap LR,Gap Naive,Obj. Naive,Obj. LR,Gap,Time Naive,Time LR,Final Lambda,LB Heuristic
900.0,0.07,1.0,10.0,0.0,0.05251,1.0,226.37694,262.95012,0.05251,4251.0,2244.0,193.14,249.1435
900.0,0.07,2.0,3.0,0.0,0.05251,1.0,226.37694,262.95012,0.05251,4251.0,3172.0,0.4779,249.1435
900.0,0.07,3.0,9.0,0.0,0.05251,1.0,226.37694,262.95012,0.05251,4251.0,2253.0,450.74318,249.1435
900.0,0.07,4.0,1.0,1.0,0.0,1.0,226.37694,249.1435,0.0,4251.0,2121.0,0.30626,249.1435
900.0,0.07,5.0,1.0,1.0,0.0,1.0,226.37694,249.1435,0.0,4251.0,2118.0,0.30626,249.1435
900.0,0.07,6.0,1.0,1.0,0.0,1.0,226.37694,249.1435,0.0,4251.0,2127.0,0.30626,249.1435
