Omega,Tolerance,Step Size Rule,Iterations,Converged?,Gap LR,Gap Naive,Obj. Naive,Obj. LR (UB),"Obj. LR (LB),",Gap,Time Naive,Time LR,Final Lambda,LB Heuristic,BBP,Best iter,Lambda best iter,Gamma best iter
1500.0,0.01,1.0,5.0,0.0,0.09387,0.09204,242.01017,267.05506,244.14042,0.09378,4210.0,2405.0,835.2,241.98581,0.0,1.0,0.5151,15.0
1500.0,0.01,2.0,4.0,0.0,0.09387,0.09204,242.01017,267.05506,244.14042,0.09378,4210.0,2466.0,200.0,241.98581,0.0,1.0,0.5151,15.0
1500.0,0.01,3.0,6.0,0.0,0.09387,0.09204,242.01017,267.05506,244.14042,0.09378,4210.0,2414.0,1085.19643,241.98581,0.0,1.0,0.5151,15.0
1500.0,0.01,4.0,5.0,0.0,0.09387,0.09204,242.01017,267.05506,244.14042,0.09378,4210.0,2404.0,1027.18511,241.98581,0.0,1.0,0.5151,15.0
1500.0,0.01,5.0,4.0,0.0,0.09387,0.09204,242.01017,267.05506,244.14042,0.09378,4210.0,2429.0,0.0,241.98581,0.0,1.0,0.5151,15.0
1500.0,0.01,6.0,3.0,0.0,0.09387,0.09204,242.01017,267.05506,244.14042,0.09378,4210.0,4468.0,3.28107,241.98581,0.0,1.0,0.5151,15.0
