Omega,Tolerance,Step Size Rule,Iterations,Converged?,Gap LR,Gap Naive,Obj. Naive,Obj. LR (UB),"Obj. LR (LB),",Gap,Time Naive,Time LR,Final Lambda,LB Heuristic,BBP,Best iter,Lambda best iter,Gamma best iter
1500.0,0.01,1.0,10.0,0.0,0.09218,0.09204,242.01017,266.55767,249.22137,0.09209,4210.0,5394.0,791.7,241.98581,0.0,1.0,0.5151,3.0
1500.0,0.01,2.0,10.0,0.0,0.09218,0.09204,242.01017,266.55767,249.22137,0.09209,4210.0,6111.0,200.0,241.98581,0.0,1.0,0.5151,3.0
1500.0,0.01,3.0,10.0,0.0,0.09218,0.09204,242.01017,266.55767,249.22137,0.09209,4210.0,5389.0,1067.85552,241.98581,0.0,1.0,0.5151,3.0
1500.0,0.01,4.0,10.0,0.0,0.09218,0.09204,242.01017,266.55767,249.22137,0.09209,4210.0,5389.0,1000.3452,241.98581,0.0,1.0,0.5151,3.0
1500.0,0.01,5.0,10.0,0.0,0.09218,0.09204,242.01017,266.55767,249.22137,0.09209,4210.0,6470.0,0.0,241.98581,0.0,1.0,0.5151,3.0
1500.0,0.01,6.0,8.0,0.0,0.09218,0.09204,242.01017,266.55767,249.22137,0.09209,4210.0,47231.0,0.14839,241.98581,0.0,1.0,0.5151,3.0
