Omega,Tolerance,Step Size Rule,Iterations,Converged?,Gap LR,Gap Naive,Obj. Naive,Obj. LR,Gap,Time Naive,Time LR,Final Lambda,LB Heuristic,Heuristic Time
1500.0,0.01,1.0,2.0,0.0,0.00883,0.09204,242.01017,244.14042,0.00873,4210.0,2330.0,861.3,241.98581,
1500.0,0.01,2.0,2.0,0.0,0.00883,0.09204,242.01017,244.14042,0.00873,4210.0,2327.0,0.13468,241.98581,
1500.0,0.01,3.0,2.0,0.0,0.00883,0.09204,242.01017,244.14042,0.00873,4210.0,2322.0,1113.75,241.98581,
1500.0,0.01,4.0,2.0,0.0,0.00883,0.09204,242.01017,244.14042,0.00873,4210.0,2319.0,1050.05357,241.98581,
1500.0,0.01,5.0,2.0,0.0,0.00883,0.09204,242.01017,244.14042,0.00873,4210.0,2323.0,0.10101,241.98581,
1500.0,0.01,6.0,2.0,0.0,0.00883,0.09204,242.01017,244.14042,0.00873,4210.0,4209.0,1.1033,241.98581,54.0
