,Omega,Tolerance,Step Size Rule,Iterations,Converged?,Gap LR,Gap Naive,Obj. Naive,Obj. LR,Gap,Time Naive,Time LR,Final Lambda,LB Heuristic,IR,AP
0,100.0,0.01,1.0,1.0,1.0,0.0,0.0,272.33364,272.33364,0.0,6.0,25.0,5.51565,272.33364,-266.85638,-265.98743
1,100.0,0.01,2.0,1.0,1.0,0.0,0.0,272.33364,272.33364,0.0,6.0,25.0,5.51565,272.33364,-266.85638,-265.98743
2,100.0,0.01,3.0,1.0,1.0,0.0,0.0,272.33364,272.33364,0.0,6.0,24.0,5.51565,272.33364,-266.85638,-265.98743
3,100.0,0.01,4.0,1.0,1.0,0.0,0.0,272.33364,272.33364,0.0,6.0,24.0,5.51565,272.33364,-266.85638,-265.98743
4,100.0,0.01,5.0,1.0,1.0,0.0,0.0,272.33364,272.33364,0.0,6.0,25.0,5.51565,272.33364,-266.85638,-265.98743
5,100.0,0.01,6.0,1.0,1.0,0.0,0.0,272.33364,272.33364,0.0,6.0,25.0,5.51565,272.33364,-266.85638,-265.98743
