"Omega","Tolerance","Step Size Rule","Iterations","Converged?","Gap LR","Gap Naive","Obj. Naive","Obj. LR","Gap","Time Naive","Time LR","Final Lambda","LB Heuristic"
600.00000,0.07000,1.00000,2.00000,0.00000,0.64627,0.74967,3693.38460,12865.05758,0.64627,4247.00000,4313.00000,431.41508,4550.72672
600.00000,0.07000,2.00000,2.00000,0.00000,0.64069,0.74967,3693.38460,12665.05758,0.64069,4247.00000,4322.00000,132.85193,4550.72672
600.00000,0.07000,3.00000,2.00000,0.00000,0.64627,0.74967,3693.38460,12865.05758,0.64627,4247.00000,4330.00000,658.63508,4550.72672
600.00000,0.07000,4.00000,2.00000,0.00000,0.64627,0.74967,3693.38460,12865.05758,0.64627,4247.00000,4342.00000,660.43660,4550.72672
600.00000,0.07000,5.00000,2.00000,0.00000,0.63783,0.74967,3693.38460,12565.05758,0.63783,4247.00000,4326.00000,132.94153,4550.72672
600.00000,0.07000,6.00000,2.00000,0.00000,0.52138,0.74967,3693.38460,9508.02675,0.52138,4247.00000,4255.00000,0.00000,4550.72672
