"Omega","Tolerance","Step Size Rule","Iterations","Converged?","Gap LR","Gap Naive","Obj. Naive","Obj. LR","Gap","Time Naive","Time LR","Final Lambda","LB Heuristic"
600.00000,0.07000,1.00000,2.00000,0.00000,0.63222,0.67931,4731.53364,12865.05758,0.63222,4370.00000,4333.00000,431.41508,4731.53364
600.00000,0.07000,2.00000,2.00000,0.00000,0.62641,0.67931,4731.53364,12665.05758,0.62641,4370.00000,4335.00000,132.85193,4731.53364
600.00000,0.07000,3.00000,2.00000,0.00000,0.63222,0.67931,4731.53364,12865.05758,0.63222,4370.00000,4352.00000,658.63508,4731.53364
600.00000,0.07000,4.00000,2.00000,0.00000,0.63222,0.67931,4731.53364,12865.05758,0.63222,4370.00000,4344.00000,660.43660,4731.53364
600.00000,0.07000,5.00000,2.00000,0.00000,0.62344,0.67931,4731.53364,12565.05758,0.62344,4370.00000,4307.00000,132.94153,4731.53364
600.00000,0.07000,6.00000,2.00000,0.00000,0.51802,0.67931,4731.53364,9816.95720,0.51802,4370.00000,4265.00000,0.00000,4731.53364
