Omega,Tolerance,Step Size Rule,Iterations,Converged?,Gap LR,Gap Naive,Obj. Naive,Obj. LR (UB),"Obj. LR (LB),",Gap,Time Naive,Time LR,Final Lambda,LB Heuristic,BBP,Best iter,Lambda best iter,Gamma best iter
900.0,0.05,1.0,10.0,0.0,0.13454,0.18734,233.10605,285.15603,256.32295,0.13454,4251.0,2305.0,287.1,246.79216,0.0,1.0,0.30903,33.0
900.0,0.05,2.0,8.0,0.0,0.13454,0.18734,233.10605,285.15603,256.32295,0.13454,4251.0,2439.0,200.0,246.79216,0.0,1.0,0.30903,33.0
900.0,0.05,3.0,10.0,0.0,0.13454,0.18734,233.10605,285.15603,256.32295,0.13454,4251.0,2293.0,503.56656,246.79216,0.0,1.0,0.30903,33.0
900.0,0.05,4.0,10.0,0.0,0.13454,0.18734,233.10605,285.15603,256.32295,0.13454,4251.0,2301.0,455.4512,246.79216,0.0,1.0,0.30903,33.0
900.0,0.05,5.0,7.0,0.0,0.13454,0.18734,233.10605,285.15603,256.32295,0.13454,4251.0,2431.0,0.0,246.79216,0.0,1.0,0.30903,33.0
900.0,0.05,6.0,3.0,0.0,0.13454,0.18734,233.10605,285.15603,256.32295,0.13454,4251.0,4290.0,0.0,246.79216,0.0,1.0,0.30903,33.0
