,Omega,Tolerance,Step Size Rule,Iterations,Converged?,Gap LR,Gap Naive,Obj. Naive,Obj. LR,Gap,Time Naive,Time LR,Final Lambda,LB Heuristic,IR,AP
0,900.0,0.05,1.0,2.0,0.0,0.00089,0.18734,233.10605,247.01232,0.00089,4251.0,2257.0,495.9,246.79216,-253.36206,0.0
1,900.0,0.05,2.0,2.0,0.0,0.00089,0.18734,233.10605,247.01232,0.00089,4251.0,2257.0,0.23392,246.79216,-253.36206,0.0
2,900.0,0.05,3.0,2.0,0.0,0.00089,0.18734,233.10605,247.01232,0.00089,4251.0,2258.0,641.25,246.79216,-253.36206,0.0
3,900.0,0.05,4.0,2.0,0.0,0.00089,0.18734,233.10605,247.01232,0.00089,4251.0,2258.0,604.5763,246.79216,-253.36206,0.0
4,900.0,0.05,5.0,2.0,0.0,0.00089,0.18734,233.10605,247.01232,0.00089,4251.0,2259.0,0.17544,246.79216,-253.36206,0.0
5,900.0,0.05,6.0,2.0,0.0,0.00089,0.18734,233.10605,247.01232,0.00089,4251.0,4217.0,0.0,246.79216,-253.36206,0.0
