Omega,Tolerance,Step Size Rule,Iterations,Converged?,Gap LR,Gap Naive,Obj. Naive,Obj. LR (UB),"Obj. LR (LB),",Gap,Time Naive,Time LR,Final Lambda,LB Heuristic,BBP,Best iter,Lambda best iter,Gamma best iter
900.0,0.05,1.0,10.0,0.0,0.13171,0.18734,233.10605,284.228,256.32295,0.13171,4251.0,5188.0,287.1,246.79216,0.0,1.0,0.30903,33.0
900.0,0.05,2.0,10.0,0.0,0.13171,0.18734,233.10605,284.228,256.32295,0.13171,4251.0,5441.0,200.0,246.79216,0.0,1.0,0.30903,33.0
900.0,0.05,3.0,10.0,0.0,0.13171,0.18734,233.10605,284.228,256.32295,0.13171,4251.0,5177.0,503.56656,246.79216,0.0,1.0,0.30903,33.0
900.0,0.05,4.0,10.0,0.0,0.13171,0.18734,233.10605,284.228,256.32295,0.13171,4251.0,5186.0,455.4512,246.79216,0.0,1.0,0.30903,33.0
900.0,0.05,5.0,10.0,0.0,0.13171,0.18734,233.10605,284.228,256.32295,0.13171,4251.0,5728.0,0.0,246.79216,0.0,1.0,0.30903,33.0
900.0,0.05,6.0,7.0,0.0,0.1178,0.18734,233.10605,279.74731,272.71345,0.1178,4251.0,50256.0,0.0,246.79216,0.0,3.0,0.66185,39.0
