Omega,Tolerance,Step Size Rule,Iterations,Converged?,Gap LR,Gap Naive,Obj. Naive,Obj. LR,Gap,Time Naive,Time LR,Final Lambda,LB Heuristic
900.0,0.03,1.0,1.0,1.0,0.0,0.1483,239.21036,240.28987,0.0,4251.0,2151.0,0.37636,240.28987
900.0,0.03,2.0,2.0,0.0,0.03642,0.1483,239.21036,249.37205,0.03642,4251.0,2410.0,0.2291,240.28987
900.0,0.03,3.0,1.0,1.0,0.0,0.1483,239.21036,240.28987,0.0,4251.0,2145.0,0.37636,240.28987
900.0,0.03,4.0,1.0,1.0,0.0,0.1483,239.21036,240.28987,0.0,4251.0,2143.0,0.37636,240.28987
900.0,0.03,5.0,1.0,1.0,0.0,0.1483,239.21036,240.28987,0.0,4251.0,2142.0,0.37636,240.28987
900.0,0.03,6.0,1.0,1.0,0.0,0.1483,239.21036,240.28987,0.0,4251.0,2154.0,0.37636,240.28987
