"Omega","Tolerance","Step Size Rule","Iterations","Converged?","Gap LR","Gap Naive","Obj. Naive","Obj. LR","Gap","Time Naive","Time LR","Final Lambda","LB Heuristic"
100.00000,0.01000,1.00000,2.00000,0.00000,0.10406,0.36721,5767.57442,6444.83587,0.10406,4211.00000,4226.00000,861.43139,5774.20378
100.00000,0.01000,2.00000,8.00000,0.00000,0.10632,0.36721,5767.57442,6461.13840,0.10632,4211.00000,2424.00000,676.73280,5774.20378
100.00000,0.01000,3.00000,2.00000,0.00000,0.09889,0.36721,5767.57442,6407.85802,0.09889,4211.00000,4223.00000,860.84139,5774.20378
100.00000,0.01000,4.00000,2.00000,0.00000,0.10439,0.36721,5767.57442,6447.26270,0.10439,4211.00000,4227.00000,860.88428,5774.20378
100.00000,0.01000,5.00000,8.00000,0.00000,0.10616,0.36721,5767.57442,6459.99038,0.10616,4211.00000,2420.00000,567.79701,5774.20378
100.00000,0.01000,6.00000,3.00000,0.00000,0.09889,0.36721,5767.57442,6407.85802,0.09889,4211.00000,4270.00000,256.56334,5774.20378
