"Omega","Tolerance","Step Size Rule","Iterations","Converged?","Gap LR","Gap Naive","Obj. Naive","Obj. LR","Gap","Time Naive","Time LR","Final Lambda","LB Heuristic"
100.00000,0.01000,1.00000,2.00000,0.00000,0.09826,0.36013,5821.82891,6452.92529,0.09780,4210.00000,4232.00000,861.43139,5818.83283
100.00000,0.01000,2.00000,8.00000,0.00000,0.09754,0.36013,5821.82891,6447.71611,0.09707,4210.00000,2435.00000,676.73280,5818.83283
100.00000,0.01000,3.00000,2.00000,0.00000,0.09728,0.36013,5821.82891,6445.90906,0.09682,4210.00000,4247.00000,860.84139,5818.83283
100.00000,0.01000,4.00000,2.00000,0.00000,0.09887,0.36013,5821.82891,6457.27994,0.09841,4210.00000,4240.00000,860.88428,5818.83283
100.00000,0.01000,5.00000,7.00000,0.00000,0.10212,0.36013,5821.82891,6480.62652,0.10166,4210.00000,2405.00000,567.41823,5818.83283
100.00000,0.01000,6.00000,3.00000,0.00000,0.09728,0.36013,5821.82891,6445.90906,0.09682,4210.00000,4282.00000,246.32006,5818.83283
