"Omega","Tolerance","Step Size Rule","Iterations","Converged?","Gap LR","Gap Naive","Obj. Naive","Obj. LR","Gap","Time Naive","Time LR","Final Lambda","LB Heuristic"
100.00000,0.07000,1.00000,2.00000,0.00000,0.37007,0.47079,7351.81688,11580.40678,0.36515,4209.00000,4229.00000,846.22535,7294.87098
100.00000,0.07000,2.00000,2.00000,0.00000,0.41783,0.47079,7351.81688,12530.40024,0.41328,4209.00000,4230.00000,800.64643,7294.87098
100.00000,0.07000,3.00000,2.00000,0.00000,0.38257,0.47079,7351.81688,11814.80792,0.37775,4209.00000,4234.00000,884.09535,7294.87098
100.00000,0.07000,4.00000,2.00000,0.00000,0.38257,0.47079,7351.81688,11814.80792,0.37775,4209.00000,4225.00000,884.39561,7294.87098
100.00000,0.07000,5.00000,2.00000,0.00000,0.41783,0.47079,7351.81688,12530.40024,0.41328,4209.00000,4219.00000,801.18406,7294.87098
100.00000,0.07000,6.00000,2.00000,0.00000,0.40191,0.47079,7351.81688,12196.90414,0.39724,4209.00000,3892.00000,0.00000,7294.87098
