"Omega","Tolerance","Step Size Rule","Iterations","Converged?","Gap LR","Gap Naive","Obj. Naive","Obj. LR","Gap","Time Naive","Time LR","Final Lambda","LB Heuristic"
100.00000,0.07000,1.00000,2.00000,0.00000,0.37641,0.47127,6934.44357,11499.07228,0.37641,4203.00000,3074.00000,846.22535,7170.71074
100.00000,0.07000,2.00000,3.00000,0.00000,0.35667,0.47127,6934.44357,11146.25641,0.35667,4203.00000,4400.00000,772.07500,7170.71074
100.00000,0.07000,3.00000,2.00000,0.00000,0.39351,0.47127,6934.44357,11823.20618,0.39351,4203.00000,3066.00000,884.09535,7170.71074
100.00000,0.07000,4.00000,2.00000,0.00000,0.39173,0.47127,6934.44357,11788.71165,0.39173,4203.00000,3261.00000,884.39555,7170.71074
100.00000,0.07000,5.00000,2.00000,0.00000,0.47968,0.47127,6934.44357,13781.27232,0.47968,4203.00000,2447.00000,801.18406,7170.71074
100.00000,0.07000,6.00000,2.00000,0.00000,0.41404,0.47127,6934.44357,12237.52637,0.41404,4203.00000,2971.00000,0.00000,7170.71074
