"Omega","Tolerance","Step Size Rule","Iterations","Converged?","Gap LR","Gap Naive","Obj. Naive","Obj. LR","Gap","Time Naive","Time LR","Final Lambda","LB Heuristic"
100.00000,0.07000,1.00000,2.00000,0.00000,0.36468,0.47305,7117.20963,11518.47134,0.36468,4205.00000,3107.00000,846.22535,7317.86794
100.00000,0.07000,2.00000,2.00000,0.00000,0.47282,0.47305,7117.20963,13881.27231,0.47282,4205.00000,3185.00000,800.64643,7317.86794
100.00000,0.07000,3.00000,2.00000,0.00000,0.38084,0.47305,7117.20963,11819.03734,0.38084,4205.00000,3085.00000,884.09535,7317.86794
100.00000,0.07000,4.00000,2.00000,0.00000,0.38084,0.47305,7117.20963,11819.03734,0.38084,4205.00000,3160.00000,884.39561,7317.86794
100.00000,0.07000,5.00000,2.00000,0.00000,0.40167,0.47305,7117.20963,12230.40024,0.40167,4205.00000,3389.00000,801.18406,7317.86794
100.00000,0.07000,6.00000,2.00000,0.00000,0.40025,0.47305,7117.20963,12201.56308,0.40025,4205.00000,3348.00000,0.00000,7317.86794
