"Omega","Tolerance","Step Size Rule","Iterations","Converged?","Gap LR","Gap Naive","Obj. Naive","Obj. LR","Gap","Time Naive","Time LR","Final Lambda","LB Heuristic"
600.00000,0.01000,1.00000,2.00000,0.00000,12.45791,0.64307,3537.37488,-409.98112,12.45791,4246.00000,4259.00000,486.80601,4697.52650
600.00000,0.01000,2.00000,2.00000,0.00000,-0.65579,0.64307,3537.37488,2837.03641,-0.65579,4246.00000,3182.00000,112.76937,4697.52650
600.00000,0.01000,3.00000,2.00000,0.00000,2.89638,0.64307,3537.37488,-2477.10112,2.89638,4246.00000,4251.00000,735.26601,4697.52650
600.00000,0.01000,4.00000,2.00000,0.00000,2.89638,0.64307,3537.37488,-2477.10112,2.89638,4246.00000,4246.00000,735.52337,4697.52650
600.00000,0.01000,5.00000,2.00000,0.00000,2.89638,0.64307,3537.37488,-2477.10112,2.89638,4246.00000,4252.00000,121.27106,4697.52650
600.00000,0.01000,6.00000,2.00000,0.00000,-0.33641,0.64307,3537.37488,3515.02523,-0.33641,4246.00000,4247.00000,0.00000,4697.52650
