"Omega","Tolerance","Step Size Rule","Iterations","Converged?","Gap LR","Gap Naive","Obj. Naive","Obj. LR","Gap","Time Naive","Time LR","Final Lambda","LB Heuristic"
600.00000,0.01000,1.00000,2.00000,0.00000,0.06322,0.65525,3324.48015,3955.56313,0.06322,4206.00000,4213.00000,143.44601,3705.48822
600.00000,0.01000,2.00000,3.00000,0.00000,0.17971,0.65525,3324.48015,4517.26667,0.17971,4206.00000,2554.00000,79.77274,3705.48822
600.00000,0.01000,3.00000,2.00000,0.00000,0.16371,0.65525,3324.48015,4430.88580,0.16371,4206.00000,4222.00000,136.26601,3705.48822
600.00000,0.01000,4.00000,2.00000,0.00000,0.19103,0.65525,3324.48015,4580.48671,0.19103,4206.00000,4223.00000,135.52337,3705.48822
600.00000,0.01000,5.00000,3.00000,0.00000,0.13000,0.65525,3324.48015,4259.16396,0.13000,4206.00000,2533.00000,0.42088,3705.48822
600.00000,0.01000,6.00000,3.00000,0.00000,0.16371,0.65525,3324.48015,4430.88580,0.16371,4206.00000,4379.00000,0.00000,3705.48822
