"Omega","Tolerance","Step Size Rule","Iterations","Converged?","Gap LR","Gap Naive","Obj. Naive","Obj. LR","Gap","Time Naive","Time LR","Final Lambda","LB Heuristic"
100.00000,0.07000,1.00000,3.00000,0.00000,0.36256,0.47175,7099.79079,11606.74030,0.36256,4203.00000,4461.00000,836.69850,7398.60157
100.00000,0.07000,2.00000,5.00000,0.00000,0.47558,0.47175,7099.79079,14108.05815,0.47558,4203.00000,3643.00000,801.63119,7398.60157
100.00000,0.07000,3.00000,3.00000,0.00000,0.37313,0.47175,7099.79079,11802.44011,0.37313,4203.00000,4480.00000,874.42850,7398.60157
100.00000,0.07000,4.00000,3.00000,0.00000,0.37313,0.47175,7099.79079,11802.44011,0.37313,4203.00000,4471.00000,874.88730,7398.60157
100.00000,0.07000,5.00000,5.00000,0.00000,0.48200,0.47175,7099.79079,14283.05816,0.48200,4203.00000,2541.00000,798.24409,7398.60157
100.00000,0.07000,6.00000,4.00000,0.00000,0.40778,0.47175,7099.79079,12492.95473,0.40778,4203.00000,4397.00000,217.54125,7398.60157
