"Omega","Tolerance","Step Size Rule","Iterations","Converged?","Gap LR","Gap Naive","Obj. Naive","Obj. LR","Gap","Time Naive","Time LR","Final Lambda","LB Heuristic"
100.00000,0.07000,1.00000,3.00000,0.00000,0.37028,0.47019,7296.43136,11742.32952,0.37028,4203.00000,4423.00000,836.69850,7394.36998
100.00000,0.07000,2.00000,4.00000,0.00000,0.48320,0.47019,7296.43136,14308.05816,0.48320,4203.00000,2694.00000,799.48065,7394.36998
100.00000,0.07000,3.00000,3.00000,0.00000,0.38310,0.47019,7296.43136,11986.41312,0.38310,4203.00000,4469.00000,874.42850,7394.36998
100.00000,0.07000,4.00000,3.00000,0.00000,0.38601,0.47019,7296.43136,12043.17396,0.38601,4203.00000,4458.00000,874.88730,7394.36998
100.00000,0.07000,5.00000,5.00000,0.00000,0.48230,0.47019,7296.43136,14283.05816,0.48230,4203.00000,3356.00000,798.24409,7394.36998
100.00000,0.07000,6.00000,4.00000,0.00000,0.41018,0.47019,7296.43136,12536.69933,0.41018,4203.00000,4416.00000,220.14326,7394.36998
