"Omega","Tolerance","Step Size Rule","Iterations","Converged?","Gap LR","Gap Naive","Obj. Naive","Obj. LR","Gap","Time Naive","Time LR","Final Lambda","LB Heuristic"
600.00000,0.03000,1.00000,2.00000,0.00000,0.33374,0.68567,3611.86945,6761.16479,0.33374,4249.00000,4324.00000,461.77341,4504.71505
600.00000,0.03000,2.00000,2.00000,0.00000,0.31343,0.68567,3611.86945,6561.16479,0.31343,4249.00000,4326.00000,135.34070,4504.71505
600.00000,0.03000,3.00000,2.00000,0.00000,0.33374,0.68567,3611.86945,6761.16479,0.33374,4249.00000,4339.00000,703.15341,4504.71505
600.00000,0.03000,4.00000,2.00000,0.00000,0.33374,0.68567,3611.86945,6761.16479,0.33374,4249.00000,4322.00000,703.92549,4504.71505
600.00000,0.03000,5.00000,2.00000,0.00000,0.30280,0.68567,3611.86945,6461.16479,0.30280,4249.00000,4305.00000,135.42661,4504.71505
600.00000,0.03000,6.00000,2.00000,0.00000,0.25480,0.68567,3611.86945,6045.00451,0.25480,4249.00000,4271.00000,0.00000,4504.71505
