"Omega","Tolerance","Step Size Rule","Iterations","Converged?","Gap LR","Gap Naive","Obj. Naive","Obj. LR","Gap","Time Naive","Time LR","Final Lambda","LB Heuristic"
600.00000,0.07000,1.00000,2.00000,0.00000,0.07151,0.97600,351.85621,4828.63030,0.07151,4206.00000,2430.00000,452.11395,4483.33766
600.00000,0.07000,2.00000,3.00000,0.00000,0.48235,0.97600,351.85621,8660.97115,0.48235,4206.00000,2677.00000,127.11524,4483.33766
600.00000,0.07000,3.00000,3.00000,0.00000,0.48235,0.97600,351.85621,8660.97115,0.48235,4206.00000,4421.00000,489.25395,4483.33766
600.00000,0.07000,4.00000,3.00000,0.00000,0.42347,0.97600,351.85621,7776.38251,0.42347,4206.00000,4408.00000,471.27082,4483.33766
600.00000,0.07000,5.00000,3.00000,0.00000,0.44478,0.97600,351.85621,8074.84155,0.44478,4206.00000,2482.00000,123.02698,4483.33766
600.00000,0.07000,6.00000,3.00000,0.00000,0.48235,0.97600,351.85621,8660.97115,0.48235,4206.00000,4391.00000,13.82385,4483.33766
