"Omega","Tolerance","Step Size Rule","Iterations","Converged?","Gap LR","Gap Naive","Obj. Naive","Obj. LR","Gap","Time Naive","Time LR","Final Lambda","LB Heuristic"
600.00000,0.07000,1.00000,2.00000,0.00000,0.58851,1.00000,351.85621,12944.84792,0.58851,4230.00000,4245.00000,431.23395,5326.67264
600.00000,0.07000,2.00000,2.00000,0.00000,0.58205,1.00000,351.85621,12744.84792,0.58205,4230.00000,4247.00000,132.67080,5326.67264
600.00000,0.07000,3.00000,2.00000,0.00000,0.58851,1.00000,351.85621,12944.84792,0.58851,4230.00000,4249.00000,658.45395,5326.67264
600.00000,0.07000,4.00000,2.00000,0.00000,0.58851,1.00000,351.85621,12944.84792,0.58851,4230.00000,4254.00000,660.25547,5326.67264
600.00000,0.07000,5.00000,2.00000,0.00000,0.57875,1.00000,351.85621,12644.84792,0.57875,4230.00000,4242.00000,132.76040,5326.67264
600.00000,0.07000,6.00000,2.00000,0.00000,0.50804,1.00000,351.85621,10827.46589,0.50804,4230.00000,4227.00000,0.00000,5326.67264
