Omega,Tolerance,Step Size Rule,Iterations,Converged?,Gap LR,Gap Naive,Obj. Naive,Obj. LR,Gap,Time Naive,Time LR,Final Lambda,LB Heuristic
900.0,0.07,1.0,1.0,1.0,0.0,1.0,240.56914,249.52891,0.0,4251.0,2136.0,0.30528,249.52891
900.0,0.07,2.0,1.0,1.0,0.0,1.0,240.56914,249.52891,0.0,4251.0,2136.0,0.30528,249.52891
900.0,0.07,3.0,1.0,1.0,0.0,1.0,240.56914,249.52891,0.0,4251.0,2146.0,0.30528,249.52891
900.0,0.07,4.0,1.0,1.0,0.0,1.0,240.56914,249.52891,0.0,4251.0,2143.0,0.30528,249.52891
900.0,0.07,5.0,1.0,1.0,0.0,1.0,240.56914,249.52891,0.0,4251.0,2139.0,0.30528,249.52891
900.0,0.07,6.0,1.0,1.0,0.0,1.0,240.56914,249.52891,0.0,4251.0,2144.0,0.30528,249.52891
