Omega,Tolerance,Step Size Rule,Iterations,Converged?,Gap LR,Gap Naive,Obj. Naive,Obj. LR,Gap,Time Naive,Time LR,Final Lambda,LB Heuristic
900.0,0.07,1.0,2.0,0.0,0.03954,1.0,240.56914,259.80151,0.03954,4251.0,2331.0,485.46,249.52891
900.0,0.07,2.0,2.0,0.0,0.03954,1.0,240.56914,259.80151,0.03954,4251.0,2332.0,0.23895,249.52891
900.0,0.07,3.0,2.0,0.0,0.03954,1.0,240.56914,259.80151,0.03954,4251.0,2333.0,627.75,249.52891
900.0,0.07,4.0,2.0,0.0,0.03954,1.0,240.56914,259.80151,0.03954,4251.0,2330.0,591.84838,249.52891
900.0,0.07,5.0,2.0,0.0,0.03954,1.0,240.56914,259.80151,0.03954,4251.0,2330.0,0.17921,249.52891
900.0,0.07,6.0,2.0,0.0,0.03954,1.0,240.56914,259.80151,0.03954,4251.0,2339.0,0.69235,249.52891
,,,,,,,,,,,,,0.0
,,,,,,,,,,,,,0.0
