"Omega","Tolerance","Step Size Rule","Iterations","Converged?","Gap LR","Gap Naive","Obj. Naive","Obj. LR","Gap","Time Naive","Time LR","Final Lambda","LB Heuristic"
600.00000,0.03000,1.00000,2.00000,0.00000,0.28815,0.58625,4741.83017,6351.45221,0.25343,4278.00000,4333.00000,462.16264,4521.30256
600.00000,0.03000,2.00000,2.00000,0.00000,0.26500,0.58625,4741.83017,6151.45221,0.22915,4278.00000,4334.00000,135.72993,4521.30256
600.00000,0.03000,3.00000,2.00000,0.00000,0.28815,0.58625,4741.83017,6351.45221,0.25343,4278.00000,4359.00000,703.54264,4521.30256
600.00000,0.03000,4.00000,2.00000,0.00000,0.28815,0.58625,4741.83017,6351.45221,0.25343,4278.00000,4349.00000,704.31472,4521.30256
600.00000,0.03000,5.00000,2.00000,0.00000,0.25286,0.58625,4741.83017,6051.45221,0.21641,4278.00000,4310.00000,135.81584,4521.30256
600.00000,0.03000,6.00000,2.00000,0.00000,0.22541,0.58625,4741.83017,5836.99359,0.18762,4278.00000,4316.00000,0.00000,4521.30256
