,Omega,Tolerance,Step Size Rule,Iterations,Converged?,Gap LR,Gap Naive,Obj. Naive,Obj. LR,Gap,Time Naive,Time LR,Final Lambda,LB Heuristic,IR,AP
0,600.0,0.05,1.0,10.0,0.0,0.04713,0.15566,241.14475,259.15016,0.04713,4244.0,2218.0,191.4,246.9374,0.0,0.0
1,600.0,0.05,2.0,3.0,0.0,0.04713,0.15566,241.14475,259.15016,0.04713,4244.0,2487.0,0.70175,246.9374,0.0,0.0
2,600.0,0.05,3.0,10.0,0.0,0.04713,0.15566,241.14475,259.15016,0.04713,4244.0,2216.0,335.71104,246.9374,0.0,0.0
3,600.0,0.05,4.0,10.0,0.0,0.04713,0.15566,241.14475,259.15016,0.04713,4244.0,2215.0,303.63413,246.9374,0.0,0.0
4,600.0,0.05,5.0,3.0,0.0,0.04713,0.15566,241.14475,259.15016,0.04713,4244.0,2460.0,0.4386,246.9374,0.0,0.0
5,600.0,0.05,6.0,3.0,0.0,0.04713,0.15566,241.14475,259.15016,0.04713,4244.0,4274.0,0.0,246.9374,0.0,0.0
