Omega,Tolerance,Step Size Rule,Iterations,Converged?,Gap LR,Gap Naive,Obj. Naive,Obj. LR,Gap,Time Naive,Time LR,Final Lambda,LB Heuristic
600.0,0.05,1.0,10.0,0.0,0.04713,0.15566,241.14475,259.15016,0.04713,4244.0,2206.0,191.4,246.9374
600.0,0.05,2.0,7.0,0.0,0.04713,0.15566,241.14475,259.15016,0.04713,4244.0,6981.0,0.0,246.9374
600.0,0.05,3.0,10.0,0.0,0.04713,0.15566,241.14475,259.15016,0.04713,4244.0,2200.0,335.71104,246.9374
600.0,0.05,4.0,10.0,0.0,0.04713,0.15566,241.14475,259.15016,0.04713,4244.0,2202.0,303.63413,246.9374
600.0,0.05,5.0,5.0,0.0,0.04713,0.15566,241.14475,259.15016,0.04713,4244.0,6643.0,0.0,246.9374
600.0,0.05,6.0,5.0,0.0,0.04713,0.15566,241.14475,259.15016,0.04713,4244.0,6416.0,0.21684,246.9374
