Omega,Tolerance,Step Size Rule,Iterations,Converged?,Gap LR,Gap Naive,Obj. Naive,Obj. LR,Gap,Time Naive,Time LR,Final Lambda,LB Heuristic
600.0,0.05,1.0,2.0,0.0,0.03043,0.15566,241.14475,254.68753,0.03043,4244.0,2472.0,330.6,246.9374
600.0,0.05,2.0,1.0,1.0,0.0,0.15566,241.14475,246.9374,0.0,4244.0,2136.0,0.45398,246.9374
600.0,0.05,3.0,1.0,1.0,0.0,0.15566,241.14475,246.9374,0.0,4244.0,2127.0,0.45398,246.9374
600.0,0.05,4.0,2.0,0.0,0.03043,0.15566,241.14475,254.68753,0.03043,4244.0,2491.0,403.05087,246.9374
600.0,0.05,5.0,1.0,1.0,0.0,0.15566,241.14475,246.9374,0.0,4244.0,2133.0,0.45398,246.9374
600.0,0.05,6.0,1.0,1.0,0.0,0.15566,241.14475,246.9374,0.0,4244.0,2138.0,0.45398,246.9374
