Omega,Tolerance,Step Size Rule,Iterations,Converged?,Gap LR,Gap Naive,Obj. Naive,Obj. LR (UB),"Obj. LR (LB),",Gap,Time Naive,Time LR,Final Lambda,LB Heuristic,BBP,Best iter,Lambda best iter,Gamma best iter
600.0,0.05,1.0,10.0,0.0,0.12817,0.15566,241.14475,283.24137,273.05684,0.12817,4244.0,5074.0,174.45398,246.9374,0.0,1.0,0.45398,-570.0
600.0,0.05,2.0,7.0,0.0,0.11452,0.15566,241.14475,278.87489,273.05684,0.11452,4244.0,50030.0,200.45398,246.9374,0.0,3.0,0.45398,-570.0
600.0,0.05,3.0,10.0,0.0,0.12817,0.15566,241.14475,283.24137,273.05684,0.12817,4244.0,5071.0,456.16502,246.9374,0.0,1.0,0.45398,-570.0
600.0,0.05,4.0,10.0,0.0,0.12817,0.15566,241.14475,283.24137,273.05684,0.12817,4244.0,5072.0,449.82404,246.9374,0.0,1.0,0.45398,-570.0
600.0,0.05,5.0,10.0,0.0,0.12817,0.15566,241.14475,283.24137,273.05684,0.12817,4244.0,5293.0,0.0,246.9374,0.0,1.0,0.45398,-570.0
600.0,0.05,6.0,10.0,0.0,0.10323,0.15566,241.14475,275.3643,275.3643,0.10323,4244.0,47474.0,0.0,246.9374,0.0,6.0,0.9996,26.0
