Omega,Tolerance,Step Size Rule,Iterations,Converged?,Gap LR,Gap Naive,Obj. Naive,Obj. LR (UB),"Obj. LR (LB),",Gap,Time Naive,Time LR,Final Lambda,LB Heuristic,BBP,Best iter,Lambda best iter,Gamma best iter
600.0,0.05,1.0,10.0,0.0,0.13099,0.15566,241.14475,284.15868,259.15016,0.13099,4244.0,2204.0,191.4,246.9374,0.0,1.0,0.45398,17.0
600.0,0.05,2.0,10.0,0.0,0.13105,0.15566,241.14475,284.17834,259.15016,0.13105,4244.0,2348.0,200.0,246.9374,0.0,1.0,0.45398,17.0
600.0,0.05,3.0,10.0,0.0,0.13105,0.15566,241.14475,284.17834,259.15016,0.13105,4244.0,2207.0,335.71104,246.9374,0.0,1.0,0.45398,17.0
600.0,0.05,4.0,10.0,0.0,0.13105,0.15566,241.14475,284.17834,259.15016,0.13105,4244.0,2208.0,303.63413,246.9374,0.0,1.0,0.45398,17.0
600.0,0.05,5.0,10.0,0.0,0.13099,0.15566,241.14475,284.15868,259.15016,0.13099,4244.0,2434.0,0.0,246.9374,0.0,1.0,0.45398,17.0
600.0,0.05,6.0,3.0,0.0,0.13099,0.15566,241.14475,284.15868,259.15016,0.13099,4244.0,4260.0,0.0,246.9374,0.0,1.0,0.45398,17.0
