Omega,Tolerance,Step Size Rule,Iterations,Converged?,Gap LR,Gap Naive,Obj. Naive,Obj. LR,Gap,Time Naive,Time LR,Final Lambda,LB Heuristic,Heuristic Time
1500.0,0.01,1.0,2.0,0.0,0.03473,0.11841,232.67939,238.30342,0.0236,4212.0,2384.0,861.3,230.02785,
1500.0,0.01,2.0,2.0,0.0,0.03473,0.11841,232.67939,238.30342,0.0236,4212.0,2385.0,0.13468,230.02785,
1500.0,0.01,3.0,2.0,0.0,0.03473,0.11841,232.67939,238.30342,0.0236,4212.0,2383.0,1113.75,230.02785,
1500.0,0.01,4.0,2.0,0.0,0.03473,0.11841,232.67939,238.30342,0.0236,4212.0,2379.0,1050.05357,230.02785,
1500.0,0.01,5.0,2.0,0.0,0.03473,0.11841,232.67939,238.30342,0.0236,4212.0,2385.0,0.10101,230.02785,
1500.0,0.01,6.0,2.0,0.0,0.03473,0.11841,232.67939,238.30342,0.0236,4212.0,2381.0,0.35642,230.02785,60.0
,,,,,,,,,,,,,0.0,
,,,,,,,,,,,,,0.0,
