Omega,Tolerance,Step Size Rule,Iterations,Converged?,Gap LR,Gap Naive,Obj. Naive,Obj. LR (UB),"Obj. LR (LB),",Gap,Time Naive,Time LR,Final Lambda,LB Heuristic,BBP,Best iter,Lambda best iter,Gamma best iter
1500.0,0.01,1.0,3.0,0.0,0.13087,0.11841,232.67939,264.66477,238.30342,0.12085,4212.0,2402.0,852.6,230.02785,0.0,1.0,0.5218,7.0
1500.0,0.01,2.0,3.0,0.0,0.13087,0.11841,232.67939,264.66477,238.30342,0.12085,4212.0,2405.0,0.0,230.02785,0.0,1.0,0.5218,7.0
1500.0,0.01,3.0,5.0,0.0,0.13087,0.11841,232.67939,264.66477,238.30342,0.12085,4212.0,2403.0,1090.82143,230.02785,0.0,1.0,0.5218,7.0
1500.0,0.01,4.0,3.0,0.0,0.13087,0.11841,232.67939,264.66477,238.30342,0.12085,4212.0,2404.0,1041.39332,230.02785,0.0,1.0,0.5218,7.0
1500.0,0.01,5.0,3.0,0.0,0.13087,0.11841,232.67939,264.66477,238.30342,0.12085,4212.0,2405.0,50.0,230.02785,0.0,1.0,0.5218,7.0
1500.0,0.01,6.0,3.0,0.0,0.13087,0.11841,232.67939,264.66477,238.30342,0.12085,4212.0,4488.0,0.0,230.02785,0.0,1.0,0.5218,7.0
