Omega,Tolerance,Step Size Rule,Iterations,Converged?,Gap LR,Gap Naive,Obj. Naive,Obj. LR (UB),"Obj. LR (LB),",Gap,Time Naive,Time LR,Final Lambda,LB Heuristic,BBP,Best iter,Lambda best iter,Gamma best iter
1500.0,0.01,1.0,10.0,0.0,0.12887,0.11841,232.67939,264.05544,245.74261,0.11882,4212.0,5543.0,800.4,230.02785,0.0,1.0,0.5218,-6.0
1500.0,0.01,2.0,3.0,1.0,0.12226,0.11841,232.67939,262.06911,248.15522,0.11214,4212.0,20036.0,0.5218,230.02785,1.0,3.0,0.5218,0.0
1500.0,0.01,3.0,10.0,0.0,0.12885,0.11841,232.67939,264.04964,245.74261,0.1188,4212.0,5516.0,854.10552,230.02785,0.0,1.0,0.5218,-6.0
1500.0,0.01,4.0,10.0,0.0,0.12885,0.11841,232.67939,264.04964,245.74261,0.1188,4212.0,5519.0,816.31704,230.02785,0.0,1.0,0.5218,-6.0
1500.0,0.01,5.0,10.0,0.0,0.12887,0.11841,232.67939,264.05544,245.74261,0.11882,4212.0,6250.0,0.0,230.02785,0.0,1.0,0.5218,-6.0
1500.0,0.01,6.0,4.0,0.0,0.12885,0.11841,232.67939,264.04964,245.74261,0.1188,4212.0,20572.0,1.49134,230.02785,0.0,1.0,0.5218,-6.0
