"Omega","Tolerance","Step Size Rule","Iterations","Converged?","Gap LR","Gap Naive","Obj. Naive","Obj. LR","Gap","Time Naive","Time LR","Final Lambda","LB Heuristic"
100.00000,0.05000,1.00000,2.00000,0.00000,0.31529,0.47724,6137.28766,9697.22258,0.31529,4204.00000,2709.00000,844.48583,6639.76713
100.00000,0.05000,2.00000,3.00000,0.00000,0.45428,0.47724,6137.28766,12167.07878,0.45428,4204.00000,3498.00000,798.60162,6639.76713
100.00000,0.05000,3.00000,2.00000,0.00000,0.32781,0.47724,6137.28766,9877.86519,0.32781,4204.00000,2635.00000,883.53583,6639.76713
100.00000,0.05000,4.00000,2.00000,0.00000,0.32781,0.47724,6137.28766,9877.86519,0.32781,4204.00000,2733.00000,883.75030,6639.76713
100.00000,0.05000,5.00000,3.00000,0.00000,0.37160,0.47724,6137.28766,10566.20671,0.37160,4204.00000,3978.00000,798.07531,6639.76713
100.00000,0.05000,6.00000,2.00000,0.00000,0.33936,0.47724,6137.28766,10050.51725,0.33936,4204.00000,2702.00000,0.00000,6639.76713
