"Omega","Tolerance","Step Size Rule","Iterations","Converged?","Gap LR","Gap Naive","Obj. Naive","Obj. LR","Gap","Time Naive","Time LR","Final Lambda","LB Heuristic"
100.00000,0.05000,1.00000,2.00000,0.00000,0.34921,0.50406,6072.96341,9643.26688,0.34921,4207.00000,3667.00000,844.48583,6275.77063
100.00000,0.05000,2.00000,2.00000,0.00000,0.41978,0.50406,6072.96341,10816.20671,0.41978,4207.00000,3775.00000,796.49636,6275.77063
100.00000,0.05000,3.00000,2.00000,0.00000,0.36301,0.50406,6072.96341,9852.28719,0.36301,4207.00000,3772.00000,883.53583,6275.77063
100.00000,0.05000,4.00000,2.00000,0.00000,0.36301,0.50406,6072.96341,9852.28719,0.36301,4207.00000,3741.00000,883.75030,6275.77063
100.00000,0.05000,5.00000,2.00000,0.00000,0.41437,0.50406,6072.96341,10716.20671,0.41437,4207.00000,3747.00000,797.02268,6275.77063
100.00000,0.05000,6.00000,2.00000,0.00000,0.37703,0.50406,6072.96341,10073.96555,0.37703,4207.00000,3602.00000,0.00000,6275.77063
