"Omega","Tolerance","Step Size Rule","Iterations","Converged?","Gap LR","Gap Naive","Obj. Naive","Obj. LR","Gap","Time Naive","Time LR","Final Lambda","LB Heuristic"
100.00000,0.05000,1.00000,2.00000,0.00000,0.34892,0.42056,6578.09667,9717.11861,0.32304,4203.00000,2605.00000,844.48584,6326.63370
100.00000,0.05000,2.00000,3.00000,0.00000,0.48002,0.42056,6578.09667,12167.07879,0.45935,4203.00000,2586.00000,798.60162,6326.63370
100.00000,0.05000,3.00000,2.00000,0.00000,0.36555,0.42056,6578.09667,9971.80181,0.34033,4203.00000,2633.00000,883.53583,6326.63370
100.00000,0.05000,4.00000,2.00000,0.00000,0.36427,0.42056,6578.09667,9951.80181,0.33900,4203.00000,2625.00000,883.75030,6326.63370
100.00000,0.05000,5.00000,3.00000,0.00000,0.47787,0.42056,6578.09667,12117.07879,0.45712,4203.00000,2871.00000,798.07531,6326.63370
100.00000,0.05000,6.00000,2.00000,0.00000,0.37222,0.42056,6578.09667,10077.82067,0.34727,4203.00000,2692.00000,0.00000,6326.63370
