Omega,Tolerance,Step Size Rule,Iterations,Converged?,Gap LR,Gap Naive,Obj. Naive,Obj. LR,Gap,Time Naive,Time LR,Final Lambda,LB Heuristic
100.0,0.03,1.0,2.0,0.0,0.52419,1.0,-562.67364,8213.33351,0.52419,4204.0,4200.0,859.59006,3908.01637
100.0,0.03,2.0,2.0,0.0,0.54707,1.0,-562.67364,8628.37825,0.54707,4204.0,4200.0,809.19377,3908.01637
100.0,0.03,2.0,2.0,0.0,0.54707,1.0,-562.67364,8628.37825,0.54707,4204.0,4200.0,809.19377,3908.01637
100.0,0.03,4.0,2.0,0.0,0.53317,1.0,-562.67364,8371.42853,0.53317,4204.0,4200.0,899.94873,3908.01637
100.0,0.03,5.0,2.0,0.0,0.54176,1.0,-562.67364,8528.37825,0.54176,4204.0,4200.0,809.70923,3908.01637
100.0,0.03,6.0,2.0,0.0,0.53148,1.0,-562.67364,8341.10573,0.53148,4204.0,4200.0,0.0,3908.01637
