"Omega","Tolerance","Step Size Rule","Iterations","Converged?","Gap LR","Gap Naive","Obj. Naive","Obj. LR","Gap","Time Naive","Time LR","Final Lambda","LB Heuristic"
600.00000,0.03000,1.00000,2.00000,0.00000,0.31399,0.71834,3261.21840,6728.06527,0.31399,4282.00000,4332.00000,461.89492,4615.54057
600.00000,0.03000,2.00000,2.00000,0.00000,0.29297,0.71834,3261.21840,6528.06527,0.29297,4282.00000,4316.00000,135.46220,4615.54057
600.00000,0.03000,3.00000,2.00000,0.00000,0.31399,0.71834,3261.21840,6728.06527,0.31399,4282.00000,4347.00000,703.27492,4615.54057
600.00000,0.03000,4.00000,2.00000,0.00000,0.31399,0.71834,3261.21840,6728.06527,0.31399,4282.00000,4346.00000,704.04699,4615.54057
600.00000,0.03000,5.00000,2.00000,0.00000,0.28197,0.71834,3261.21840,6428.06527,0.28197,4282.00000,4306.00000,135.54811,4615.54057
600.00000,0.03000,6.00000,2.00000,0.00000,0.22439,0.71834,3261.21840,5950.85410,0.22439,4282.00000,4241.00000,0.00000,4615.54057
