"Omega","Tolerance","Step Size Rule","Iterations","Converged?","Gap LR","Gap Naive","Obj. Naive","Obj. LR","Gap","Time Naive","Time LR","Final Lambda","LB Heuristic"
100.00000,0.07000,1.00000,2.00000,0.00000,0.39972,0.47915,6869.51415,11212.31933,0.38732,4204.00000,2467.00000,844.13616,6730.54218
100.00000,0.07000,2.00000,4.00000,0.00000,0.50522,0.47915,6869.51415,13603.10097,0.49500,4204.00000,4320.00000,802.85831,6730.54218
100.00000,0.07000,3.00000,2.00000,0.00000,0.41309,0.47915,6869.51415,11467.78647,0.40097,4204.00000,2498.00000,882.00616,6730.54218
100.00000,0.07000,4.00000,2.00000,0.00000,0.41309,0.47915,6869.51415,11467.78647,0.40097,4204.00000,2496.00000,882.30642,6730.54218
100.00000,0.07000,5.00000,3.00000,0.00000,0.51062,0.47915,6869.51415,13753.10096,0.50051,4204.00000,2437.00000,800.17014,6730.54218
100.00000,0.07000,6.00000,2.00000,0.00000,0.43622,0.47915,6869.51415,11938.27318,0.42458,4204.00000,2505.00000,0.00000,6730.54218
