"Omega","Tolerance","Step Size Rule","Iterations","Converged?","Gap LR","Gap Naive","Obj. Naive","Obj. LR","Gap","Time Naive","Time LR","Final Lambda","LB Heuristic"
100.00000,0.07000,1.00000,2.00000,0.00000,0.39928,0.51837,6565.88868,11145.77749,0.39928,4208.00000,3000.00000,844.13616,6695.52123
100.00000,0.07000,2.00000,2.00000,0.00000,0.52185,0.51837,6565.88868,14003.10097,0.52185,4208.00000,2439.00000,798.55724,6695.52123
100.00000,0.07000,3.00000,2.00000,0.00000,0.41550,0.51837,6565.88868,11455.17885,0.41550,4208.00000,3049.00000,882.00616,6695.52123
100.00000,0.07000,4.00000,2.00000,0.00000,0.41550,0.51837,6565.88868,11455.17885,0.41550,4208.00000,3023.00000,882.30642,6695.52123
100.00000,0.07000,5.00000,2.00000,0.00000,0.45795,0.51837,6565.88868,12352.22890,0.45795,4208.00000,2896.00000,799.09487,6695.52123
100.00000,0.07000,6.00000,2.00000,0.00000,0.43748,0.51837,6565.88868,11902.82512,0.43748,4208.00000,2999.00000,0.00000,6695.52123
