"Omega","Tolerance","Step Size Rule","Iterations","Converged?","Gap LR","Gap Naive","Obj. Naive","Obj. LR","Gap","Time Naive","Time LR","Final Lambda","LB Heuristic"
100.00000,0.07000,1.00000,2.00000,0.00000,0.39935,0.49700,6828.16565,11205.47545,0.39064,4210.00000,2967.00000,844.13616,6730.54218
100.00000,0.07000,2.00000,2.00000,0.00000,0.51935,0.49700,6828.16565,14003.10097,0.51238,4210.00000,2463.00000,798.55724,6730.54218
100.00000,0.07000,3.00000,2.00000,0.00000,0.41328,0.49700,6828.16565,11471.43946,0.40477,4210.00000,3030.00000,882.00616,6730.54218
100.00000,0.07000,4.00000,2.00000,0.00000,0.41328,0.49700,6828.16565,11471.43946,0.40477,4210.00000,3015.00000,882.30642,6730.54218
100.00000,0.07000,5.00000,2.00000,0.00000,0.51590,0.49700,6828.16565,13903.10097,0.50887,4210.00000,2963.00000,799.09487,6730.54218
100.00000,0.07000,6.00000,2.00000,0.00000,0.44057,0.49700,6828.16565,12031.11333,0.43246,4210.00000,3004.00000,0.00000,6730.54218
