"Omega","Tolerance","Step Size Rule","Iterations","Converged?","Gap LR","Gap Naive","Obj. Naive","Obj. LR","Gap","Time Naive","Time LR","Final Lambda","LB Heuristic"
100.00000,0.05000,1.00000,3.00000,0.00000,0.34817,0.40089,6514.32811,9605.96955,0.32185,4202.00000,4428.00000,845.36183,6261.44331
100.00000,0.05000,2.00000,5.00000,0.00000,0.43099,0.40089,6514.32811,11004.19526,0.40801,4202.00000,4102.00000,806.58815,6261.44331
100.00000,0.05000,3.00000,3.00000,0.00000,0.36250,0.40089,6514.32811,9821.93227,0.33676,4202.00000,4414.00000,884.31183,6261.44331
100.00000,0.05000,4.00000,3.00000,0.00000,0.36142,0.40089,6514.32811,9805.19623,0.33562,4202.00000,4402.00000,884.63954,6261.44331
100.00000,0.05000,5.00000,5.00000,0.00000,0.43990,0.40089,6514.32811,11179.19565,0.41728,4202.00000,2650.00000,803.27236,6261.44331
100.00000,0.05000,6.00000,4.00000,0.00000,0.36938,0.40089,6514.32811,9929.04422,0.34391,4202.00000,4359.00000,203.06757,6261.44331
