"Omega","Tolerance","Step Size Rule","Iterations","Converged?","Gap LR","Gap Naive","Obj. Naive","Obj. LR","Gap","Time Naive","Time LR","Final Lambda","LB Heuristic"
100.00000,0.07000,1.00000,2.00000,0.00000,0.40208,0.47629,6667.52397,10979.54361,0.39273,4203.00000,2435.00000,844.13616,6564.84718
100.00000,0.07000,2.00000,4.00000,0.00000,0.51740,0.47629,6667.52397,13603.10097,0.50985,4203.00000,3044.00000,802.85831,6564.84718
100.00000,0.07000,3.00000,2.00000,0.00000,0.43136,0.47629,6667.52397,11544.89032,0.42247,4203.00000,2472.00000,882.00616,6564.84718
100.00000,0.07000,4.00000,2.00000,0.00000,0.43018,0.47629,6667.52397,11520.88502,0.42127,4203.00000,2451.00000,882.30642,6564.84718
100.00000,0.07000,5.00000,4.00000,0.00000,0.51917,0.47629,6667.52397,13653.10097,0.51165,4203.00000,3412.00000,800.97659,6564.84718
100.00000,0.07000,6.00000,2.00000,0.00000,0.45615,0.47629,6667.52397,12070.95581,0.44764,4203.00000,2462.00000,0.00000,6564.84718
