Omega,Tolerance,Step Size Rule,Iterations,Converged?,Gap LR,Gap Naive,Obj. Naive,Obj. LR,Gap,Time Naive,Time LR,Final Lambda,LB Heuristic
900.0,0.07,1.0,1.0,1.0,0.0,1.0,224.82865,246.21691,0.0,4252.0,2118.0,0.30651,246.21691
900.0,0.07,2.0,1.0,1.0,0.0,1.0,224.82865,246.21691,0.0,4252.0,2116.0,0.30651,246.21691
900.0,0.07,3.0,1.0,1.0,0.0,1.0,224.82865,246.21691,0.0,4252.0,2117.0,0.30651,246.21691
900.0,0.07,4.0,1.0,1.0,0.0,1.0,224.82865,246.21691,0.0,4252.0,2113.0,0.30651,246.21691
900.0,0.07,5.0,1.0,1.0,0.0,1.0,224.82865,246.21691,0.0,4252.0,2119.0,0.30651,246.21691
900.0,0.07,6.0,1.0,1.0,0.0,1.0,224.82865,246.21691,0.0,4252.0,2122.0,0.30651,246.21691
