,Omega,Tolerance,Step Size Rule,Iterations,Converged?,Gap LR,Gap Naive,Obj. Naive,Obj. LR,Gap,Time Naive,Time LR,Final Lambda,LB Heuristic,IR,AP
0,900.0,0.07,1.0,9.0,0.0,0.05433,0.23287,224.82865,260.36306,0.05433,4208.0,2254.0,229.68,246.21691,-255.05139,0.0
1,900.0,0.07,2.0,3.0,0.0,0.05433,0.23287,224.82865,260.36306,0.05433,4208.0,3556.0,0.4779,246.21691,-255.05139,0.0
2,900.0,0.07,3.0,9.0,0.0,0.05433,0.23287,224.82865,260.36306,0.05433,4208.0,2251.0,450.74318,246.21691,-255.05139,0.0
3,900.0,0.07,4.0,9.0,0.0,0.05433,0.23287,224.82865,260.36306,0.05433,4208.0,2256.0,402.99558,246.21691,-255.05139,0.0
4,900.0,0.07,5.0,3.0,0.0,0.05433,0.23287,224.82865,260.36306,0.05433,4208.0,2566.0,0.29869,246.21691,-255.05139,0.0
5,900.0,0.07,6.0,3.0,0.0,0.05433,0.23287,224.82865,260.36306,0.05433,4208.0,4289.0,0.03162,246.21691,-255.05139,0.0
