"Omega","Tolerance","Step Size Rule","Iterations","Converged?","Gap LR","Gap Naive","Obj. Naive","Obj. LR","Gap","Time Naive","Time LR","Final Lambda","LB Heuristic"
900.00000,0.07000,1.00000,1.00000,1.00000,0.00000,0.16268,246.21691,246.21691,0.00000,4292.00000,2165.00000,0.30651,246.21691
900.00000,0.07000,2.00000,1.00000,1.00000,0.00000,0.16268,246.21691,246.21691,0.00000,4292.00000,2162.00000,0.30651,246.21691
900.00000,0.07000,3.00000,1.00000,1.00000,0.00000,0.16268,246.21691,246.21691,0.00000,4292.00000,2154.00000,0.30651,246.21691
900.00000,0.07000,4.00000,1.00000,1.00000,0.00000,0.16268,246.21691,246.21691,0.00000,4292.00000,2159.00000,0.30651,246.21691
900.00000,0.07000,5.00000,1.00000,1.00000,0.00000,0.16268,246.21691,246.21691,0.00000,4292.00000,2166.00000,0.30651,246.21691
900.00000,0.07000,6.00000,1.00000,1.00000,0.00000,0.16268,246.21691,246.21691,0.00000,4292.00000,2147.00000,0.30651,246.21691
