"Omega","Tolerance","Step Size Rule","Iterations","Converged?","Gap LR","Gap Naive","Obj. Naive","Obj. LR","Gap","Time Naive","Time LR","Final Lambda","LB Heuristic"
100.00000,0.03000,1.00000,2.00000,0.00000,0.22503,0.41115,6100.59073,8078.77702,0.22503,4204.00000,4212.00000,807.82397,6260.77849
100.00000,0.03000,2.00000,8.00000,0.00000,0.22513,0.41115,6100.59073,8079.72845,0.22513,4204.00000,2454.00000,759.07030,6260.77849
100.00000,0.03000,3.00000,2.00000,0.00000,0.13552,0.41115,6100.59073,7242.22389,0.13552,4204.00000,4206.00000,881.05397,6260.77849
100.00000,0.03000,4.00000,2.00000,0.00000,0.13552,0.41115,6100.59073,7242.22389,0.13552,4204.00000,4207.00000,876.89333,6260.77849
100.00000,0.03000,5.00000,10.00000,0.00000,0.22820,0.41115,6100.59073,8111.88971,0.22820,4204.00000,2382.00000,717.26985,6260.77849
100.00000,0.03000,6.00000,3.00000,0.00000,0.22820,0.41115,6100.59073,8111.88971,0.22820,4204.00000,4218.00000,186.36465,6260.77849
