"Omega","Tolerance","Step Size Rule","Iterations","Converged?","Gap LR","Gap Naive","Obj. Naive","Obj. LR","Gap","Time Naive","Time LR","Final Lambda","LB Heuristic"
100.00000,0.03000,1.00000,2.00000,0.00000,0.22015,0.41233,6267.11765,8028.15528,0.21936,4210.00000,4233.00000,807.82397,6260.77849
100.00000,0.03000,2.00000,6.00000,0.00000,0.22386,0.41233,6267.11765,8066.52179,0.22307,4210.00000,2410.00000,754.94658,6260.77849
100.00000,0.03000,3.00000,2.00000,0.00000,0.22386,0.41233,6267.11765,8066.52179,0.22307,4210.00000,4242.00000,806.05397,6260.77849
100.00000,0.03000,4.00000,2.00000,0.00000,0.22386,0.41233,6267.11765,8066.52179,0.22307,4210.00000,4251.00000,806.18265,6260.77849
100.00000,0.03000,5.00000,6.00000,0.00000,0.22386,0.41233,6267.11765,8066.52179,0.22307,4210.00000,2404.00000,715.78851,6260.77849
100.00000,0.03000,6.00000,3.00000,0.00000,0.22386,0.41233,6267.11765,8066.52179,0.22307,4210.00000,4288.00000,190.11214,6260.77849
