"Omega","Tolerance","Step Size Rule","Iterations","Converged?","Gap LR","Gap Naive","Obj. Naive","Obj. LR","Gap","Time Naive","Time LR","Final Lambda","LB Heuristic"
100.00000,0.07000,1.00000,2.00000,0.00000,0.36133,0.48923,7136.12915,11536.01954,0.36133,4207.00000,3157.00000,843.84464,7367.66065
100.00000,0.07000,2.00000,2.00000,0.00000,0.48420,0.48923,7136.12915,14283.81035,0.48420,4207.00000,3187.00000,798.26571,7367.66065
100.00000,0.07000,3.00000,2.00000,0.00000,0.37704,0.48923,7136.12915,11826.85580,0.37704,4207.00000,3212.00000,881.71464,7367.66065
100.00000,0.07000,4.00000,2.00000,0.00000,0.37704,0.48923,7136.12915,11826.85580,0.37704,4207.00000,3244.00000,882.01489,7367.66065
100.00000,0.07000,5.00000,2.00000,0.00000,0.41679,0.48923,7136.12915,12632.93828,0.41679,4207.00000,3310.00000,798.80335,7367.66065
100.00000,0.07000,6.00000,2.00000,0.00000,0.39724,0.48923,7136.12915,12223.16909,0.39724,4207.00000,3250.00000,0.00000,7367.66065
