"Omega","Tolerance","Step Size Rule","Iterations","Converged?","Gap LR","Gap Naive","Obj. Naive","Obj. LR","Gap","Time Naive","Time LR","Final Lambda","LB Heuristic"
900.00000,0.05000,1.00000,1.00000,1.00000,0.00000,0.14080,247.92412,247.92412,0.00000,4289.00000,2162.00000,0.29711,247.92412
900.00000,0.05000,2.00000,1.00000,1.00000,0.00000,0.14080,247.92412,247.92412,0.00000,4289.00000,2159.00000,0.29711,247.92412
900.00000,0.05000,3.00000,1.00000,1.00000,0.00000,0.14080,247.92412,247.92412,0.00000,4289.00000,2157.00000,0.29711,247.92412
900.00000,0.05000,4.00000,1.00000,1.00000,0.00000,0.14080,247.92412,247.92412,0.00000,4289.00000,2159.00000,0.29711,247.92412
900.00000,0.05000,5.00000,1.00000,1.00000,0.00000,0.14080,247.92412,247.92412,0.00000,4289.00000,2153.00000,0.29711,247.92412
900.00000,0.05000,6.00000,1.00000,1.00000,0.00000,0.14080,247.92412,247.92412,0.00000,4289.00000,2153.00000,0.29711,247.92412
