Omega,Tolerance,Step Size Rule,Iterations,Converged?,Gap LR,Gap Naive,Obj. Naive,Obj. LR,Gap,Time Naive,Time LR,Final Lambda,LB Heuristic
100.0,0.03,1.0,2.0,0.0,0.52156,0.7744,1419.6961,8304.32654,0.52156,4232.0,4200.0,803.87273,3973.15187
100.0,0.03,2.0,10.0,0.0,0.52165,0.7744,1419.6961,8305.90448,0.52165,4232.0,2109.0,759.24276,3973.15187
100.0,0.03,3.0,2.0,0.0,0.52141,0.7744,1419.6961,8301.76185,0.52141,4232.0,4200.0,802.10273,3973.15187
100.0,0.03,4.0,2.0,0.0,0.52141,0.7744,1419.6961,8301.76185,0.52141,4232.0,4200.0,802.23141,3973.15187
100.0,0.03,5.0,10.0,0.0,0.52165,0.7744,1419.6961,8305.90448,0.52165,4232.0,2109.0,713.31861,3973.15187
100.0,0.03,6.0,3.0,0.0,0.52165,0.7744,1419.6961,8305.90448,0.52165,4232.0,4201.0,0.0,3973.15187
