Omega,Tolerance,Step Size Rule,Iterations,Converged?,Gap LR,Gap Naive,Obj. Naive,Obj. LR (UB),"Obj. LR (LB),",Gap,Time Naive,Time LR,Final Lambda,LB Heuristic,BBP,Best iter,Lambda best iter,Gamma best iter
100.0,0.05,1.0,2.0,0.0,0.53115,0.41177,6745.25847,11996.14806,10133.72314,0.43771,4206.0,3400.0,846.34696,5624.35066,0.0,2.0,849.24696,5.0
100.0,0.05,2.0,2.0,0.0,0.53581,0.41177,6745.25847,12116.53033,12116.53033,0.4433,4206.0,3408.0,794.14696,5624.35066,0.0,1.0,794.14696,-95.0
100.0,0.05,3.0,2.0,0.0,0.5342,0.41177,6745.25847,12074.60839,10329.58108,0.44137,4206.0,3405.0,885.39696,5624.35066,0.0,2.0,889.14696,5.0
100.0,0.05,4.0,2.0,0.0,0.5342,0.41177,6745.25847,12074.60839,10329.58108,0.44137,4206.0,3390.0,885.61142,5624.35066,0.0,2.0,889.14696,5.0
100.0,0.05,5.0,2.0,0.0,0.53581,0.41177,6745.25847,12116.53033,12116.53033,0.4433,4206.0,3397.0,944.14696,5624.35066,0.0,1.0,794.14696,-95.0
100.0,0.05,6.0,2.0,0.0,0.53581,0.41177,6745.25847,12116.53033,12116.53033,0.4433,4206.0,3395.0,0.0,5624.35066,0.0,1.0,794.14696,-95.0
