Omega,Tolerance,Step Size Rule,Iterations,Converged?,Gap LR,Gap Naive,Obj. Naive,Obj. LR (UB),"Obj. LR (LB),",Gap,Time Naive,Time LR,Final Lambda,LB Heuristic,BBP,Best iter,Lambda best iter,Gamma best iter
100.0,0.05,1.0,5.0,0.0,0.49814,0.41177,6745.25847,11207.12287,10280.94092,0.39813,4206.0,51288.0,837.64696,5624.35066,0.0,5.0,840.54696,5.0
100.0,0.05,2.0,2.0,0.0,0.53581,0.41177,6745.25847,12116.53033,12116.53033,0.4433,4206.0,3408.0,794.14696,5624.35066,0.0,1.0,794.14696,-95.0
100.0,0.05,3.0,5.0,0.0,0.49689,0.41177,6745.25847,11179.06406,10477.69092,0.39662,4206.0,51302.0,877.7541,5624.35066,0.0,5.0,879.89696,5.0
100.0,0.05,4.0,5.0,0.0,0.49659,0.41177,6745.25847,11172.51129,10496.26325,0.39626,4206.0,51303.0,877.9886,5624.35066,0.0,3.0,885.61142,5.0
100.0,0.05,5.0,6.0,0.0,0.49762,0.41177,6745.25847,11195.37672,10124.76489,0.3975,4206.0,51296.0,779.14696,5624.35066,0.0,4.0,844.14696,5.0
100.0,0.05,6.0,8.0,0.0,0.49475,0.41177,6745.25847,11131.79866,10390.63459,0.39405,4206.0,51306.0,0.0,5624.35066,0.0,8.0,862.48569,5.0
