"Omega","Tolerance","Step Size Rule","Iterations","Converged?","Gap LR","Gap Naive","Obj. Naive","Obj. LR","Gap","Time Naive","Time LR","Final Lambda","LB Heuristic"
100.00000,0.03000,1.00000,2.00000,0.00000,0.21771,0.42007,6289.65260,8089.62751,0.21771,4208.00000,4226.00000,803.87273,6328.42939
100.00000,0.03000,2.00000,7.00000,0.00000,0.21771,0.42007,6289.65260,8089.62751,0.21771,4208.00000,2454.00000,753.05719,6328.42939
100.00000,0.03000,3.00000,2.00000,0.00000,0.21771,0.42007,6289.65260,8089.62751,0.21771,4208.00000,4244.00000,802.10273,6328.42939
100.00000,0.03000,4.00000,2.00000,0.00000,0.21771,0.42007,6289.65260,8089.62751,0.21771,4208.00000,4236.00000,802.23141,6328.42939
100.00000,0.03000,5.00000,8.00000,0.00000,0.21771,0.42007,6289.65260,8089.62751,0.21771,4208.00000,2445.00000,712.66569,6328.42939
100.00000,0.03000,6.00000,3.00000,0.00000,0.21771,0.42007,6289.65260,8089.62751,0.21771,4208.00000,4269.00000,146.98034,6328.42939
