"Omega","Tolerance","Step Size Rule","Iterations","Converged?","Gap LR","Gap Naive","Obj. Naive","Obj. LR","Gap","Time Naive","Time LR","Final Lambda","LB Heuristic"
100.00000,0.03000,1.00000,2.00000,0.00000,0.21195,0.41305,6331.82780,8034.85296,0.21195,4213.00000,4221.00000,803.87273,6331.82780
100.00000,0.03000,2.00000,6.00000,0.00000,0.21195,0.41305,6331.82780,8034.85296,0.21195,4213.00000,2407.00000,750.99534,6331.82780
100.00000,0.03000,3.00000,2.00000,0.00000,0.21195,0.41305,6331.82780,8034.85296,0.21195,4213.00000,4235.00000,802.10273,6331.82780
100.00000,0.03000,4.00000,2.00000,0.00000,0.21195,0.41305,6331.82780,8034.85296,0.21195,4213.00000,4237.00000,802.23141,6331.82780
100.00000,0.03000,5.00000,7.00000,0.00000,0.21506,0.41305,6331.82780,8066.62827,0.21506,4213.00000,2445.00000,712.27909,6331.82780
100.00000,0.03000,6.00000,3.00000,0.00000,0.21525,0.41305,6331.82780,8068.55334,0.21525,4213.00000,4280.00000,149.50120,6331.82780
