Omega,Tolerance,Step Size Rule,Iterations,Converged?,Gap LR,Gap Naive,Obj. Naive,Obj. LR,Gap,Time Naive,Time LR,Final Lambda,LB Heuristic
100.0,0.03,1.0,1.0,1.0,0.0,0.0,279.45004,279.45004,0.0,212.0,29.0,2.83619,279.45004
100.0,0.03,2.0,1.0,1.0,0.0,0.0,279.45004,279.45004,0.0,212.0,28.0,2.83619,279.45004
100.0,0.03,3.0,1.0,1.0,0.0,0.0,279.45004,279.45004,0.0,212.0,28.0,2.83619,279.45004
100.0,0.03,4.0,1.0,1.0,0.0,0.0,279.45004,279.45004,0.0,212.0,28.0,2.83619,279.45004
100.0,0.03,5.0,1.0,1.0,0.0,0.0,279.45004,279.45004,0.0,212.0,28.0,2.83619,279.45004
100.0,0.03,6.0,1.0,1.0,0.0,0.0,279.45004,279.45004,0.0,212.0,28.0,2.83619,279.45004
,,,,,,,,,,,,,0.0
,,,,,,,,,,,,,0.0
