Omega,Tolerance,Step Size Rule,Iterations,Converged?,Gap LR,Gap Naive,Obj. Naive,Obj. LR,Gap,Time Naive,Time LR,Final Lambda,LB Heuristic
100.0,0.01,1.0,10.0,0.0,0.00457,0.0,279.69051,280.97564,0.00457,67.0,462.0,56.93434,279.69051
100.0,0.01,2.0,10.0,0.0,0.00827,0.0,279.69051,282.0217,0.00827,67.0,484.0,0.0,279.69051
100.0,0.01,3.0,10.0,0.0,0.00454,0.0,279.69051,280.96564,0.00454,67.0,387.0,49.92471,279.69051
100.0,0.01,4.0,10.0,0.0,0.00469,0.0,279.69051,281.00854,0.00469,67.0,414.0,49.71335,279.69051
100.0,0.01,5.0,10.0,0.0,0.00559,0.0,279.69051,281.26413,0.00559,67.0,550.0,1.95647,279.69051
100.0,0.01,6.0,10.0,0.0,0.00332,0.0,279.69051,280.62141,0.00332,67.0,836.0,2.5092,279.69051
,,,,,,,,,,,,,0.0
,,,,,,,,,,,,,-232.72945
