"Omega","Tolerance","Step Size Rule","Iterations","Converged?","Gap LR","Gap Naive","Obj. Naive","Obj. LR","Gap","Time Naive","Time LR","Final Lambda","LB Heuristic"
600.00000,0.03000,1.00000,2.00000,0.00000,0.01976,0.11508,246.15871,251.12008,0.01976,4249.00000,2733.00000,337.56000,246.15871
600.00000,0.03000,2.00000,2.00000,0.00000,0.01976,0.11508,246.15871,251.12008,0.01976,4249.00000,2666.00000,0.34364,246.15871
600.00000,0.03000,3.00000,2.00000,0.00000,0.01976,0.11508,246.15871,251.12008,0.01976,4249.00000,2638.00000,436.50000,246.15871
600.00000,0.03000,4.00000,2.00000,0.00000,0.01976,0.11508,246.15871,251.12008,0.01976,4249.00000,2657.00000,411.53615,246.15871
600.00000,0.03000,5.00000,2.00000,0.00000,0.01976,0.11508,246.15871,251.12008,0.01976,4249.00000,2603.00000,0.25773,246.15871
600.00000,0.03000,6.00000,3.00000,0.00000,0.02586,0.11508,246.15871,252.69207,0.02586,4249.00000,4429.00000,0.00000,246.15871
