Omega,Tolerance,Step Size Rule,Iterations,Converged?,Gap LR,Gap Naive,Obj. Naive,Obj. LR,Gap,Time Naive,Time LR,Final Lambda,LB Heuristic,Heuristic Time
1500.0,0.03,1.0,2.0,0.0,0.02358,0.1352,241.81047,252.58072,0.02358,4212.0,2475.0,843.9,246.625,
1500.0,0.03,2.0,2.0,0.0,0.02358,0.1352,241.81047,252.58072,0.02358,4212.0,2482.0,0.13746,246.625,
1500.0,0.03,3.0,2.0,0.0,0.02358,0.1352,241.81047,252.58072,0.02358,4212.0,2474.0,1091.25,246.625,
1500.0,0.03,4.0,2.0,0.0,0.02358,0.1352,241.81047,252.58072,0.02358,4212.0,2485.0,1028.84037,246.625,
1500.0,0.03,5.0,2.0,0.0,0.02358,0.1352,241.81047,252.58072,0.02358,4212.0,2473.0,0.10309,246.625,
1500.0,0.03,6.0,2.0,0.0,0.02358,0.1352,241.81047,252.58072,0.02358,4212.0,2472.0,0.37622,246.625,48.0
,,,,,,,,,,,,,0.0,
,,,,,,,,,,,,,0.0,
