Omega,Tolerance,Step Size Rule,Iterations,Converged?,Gap LR,Gap Naive,Obj. Naive,Obj. LR (UB),"Obj. LR (LB),",Gap,Time Naive,Time LR,Final Lambda,LB Heuristic,BBP,Best iter,Lambda best iter,Gamma best iter
600.0,0.01,1.0,10.0,0.0,0.02614,0.13516,226.78341,248.54321,248.54321,0.02614,4238.0,2206.0,316.94128,242.04706,0.0,1.0,1.42128,2.0
600.0,0.01,2.0,10.0,0.0,0.02614,0.13516,226.78341,248.54321,248.54321,0.02614,4238.0,2211.0,200.0,242.04706,0.0,1.0,1.42128,2.0
600.0,0.01,3.0,10.0,0.0,0.02614,0.13516,226.78341,248.54321,248.54321,0.02614,4238.0,2031.0,427.14221,242.04706,0.0,1.0,1.42128,2.0
600.0,0.01,4.0,10.0,0.0,0.02614,0.13516,226.78341,248.54321,248.54321,0.02614,4238.0,2043.0,400.13808,242.04706,0.0,1.0,1.42128,2.0
600.0,0.01,5.0,10.0,0.0,0.02614,0.13516,226.78341,248.54321,248.54321,0.02614,4238.0,2381.0,0.0,242.04706,0.0,1.0,1.42128,2.0
600.0,0.01,6.0,10.0,0.0,0.02469,0.13516,226.78341,248.17357,248.17357,0.02469,4238.0,35353.0,1.42743,242.04706,0.0,10.0,0.91689,-3.0
