Omega,Tolerance,Step Size Rule,Iterations,Converged?,Gap LR,Gap Naive,Obj. Naive,Obj. LR,Gap,Time Naive,Time LR,Final Lambda,LB Heuristic
600.0,0.01,1.0,1.0,1.0,0.0,0.13516,226.78341,242.04706,0.0,4238.0,2144.0,1.42128,242.04706
600.0,0.01,2.0,1.0,1.0,0.0,0.13516,226.78341,242.04706,0.0,4238.0,2130.0,1.42128,242.04706
600.0,0.01,3.0,1.0,1.0,0.0,0.13516,226.78341,242.04706,0.0,4238.0,2138.0,1.42128,242.04706
600.0,0.01,4.0,1.0,1.0,0.0,0.13516,226.78341,242.04706,0.0,4238.0,2133.0,1.42128,242.04706
600.0,0.01,5.0,1.0,1.0,0.0,0.13516,226.78341,242.04706,0.0,4238.0,2130.0,1.42128,242.04706
600.0,0.01,6.0,1.0,1.0,0.0,0.13516,226.78341,242.04706,0.0,4238.0,2141.0,1.42128,242.04706
