,Omega,Tolerance,Step Size Rule,Iterations,Converged?,Gap LR,Gap Naive,Obj. Naive,Obj. LR,Gap,Time Naive,Time LR,Final Lambda,LB Heuristic,IR,AP
0,600.0,0.01,1.0,10.0,0.0,0.02614,0.13516,226.78341,248.54321,0.02614,4238.0,2148.0,316.94128,242.04706,-235.22676,0.0
1,600.0,0.01,2.0,3.0,0.0,0.02614,0.13516,226.78341,248.54321,0.02614,4238.0,2258.0,0.6734,242.04706,-235.22676,0.0
2,600.0,0.01,3.0,10.0,0.0,0.02614,0.13516,226.78341,248.54321,0.02614,4238.0,1981.0,427.14221,242.04706,-235.22676,0.0
3,600.0,0.01,4.0,10.0,0.0,0.02614,0.13516,226.78341,248.54321,0.02614,4238.0,1978.0,400.13808,242.04706,-235.22676,0.0
4,600.0,0.01,5.0,4.0,0.0,0.02597,0.13516,226.78341,248.50087,0.02597,4238.0,4241.0,5.42088,242.04706,-235.22676,0.0
5,600.0,0.01,6.0,3.0,0.0,0.01962,0.13516,226.78341,246.89115,0.01962,4238.0,4057.0,10.53589,242.04706,-235.22676,0.0
