Omega,Tolerance,Step Size Rule,Iterations,Converged?,Gap LR,Gap Naive,Obj. Naive,Obj. LR (UB),"Obj. LR (LB),",Gap,Time Naive,Time LR,Final Lambda,LB Heuristic,BBP,Best iter,Lambda best iter,Gamma best iter
600.0,0.05,1.0,5.0,0.0,0.55161,0.61878,4855.31973,12938.0486,10833.67623,0.55161,4201.0,55009.0,392.90837,5801.29797,0.0,1.0,131.90837,-570.0
600.0,0.05,2.0,2.0,0.0,0.5548,0.61878,4855.31973,13030.76989,10833.67623,0.5548,4201.0,4202.0,131.90837,5801.29797,0.0,1.0,131.90837,-570.0
600.0,0.05,3.0,5.0,0.0,0.55161,0.61878,4855.31973,12938.0486,10833.67623,0.55161,4201.0,55018.0,633.55122,5801.29797,0.0,1.0,131.90837,-570.0
600.0,0.05,4.0,5.0,0.0,0.55161,0.61878,4855.31973,12938.0486,10833.67623,0.55161,4201.0,55014.0,634.95825,5801.29797,0.0,1.0,131.90837,-570.0
600.0,0.05,5.0,6.0,0.0,0.55161,0.61878,4855.31973,12938.0486,10833.67623,0.55161,4201.0,55024.0,116.90837,5801.29797,0.0,1.0,131.90837,-570.0
600.0,0.05,6.0,8.0,0.0,0.55046,0.61878,4855.31973,12904.88072,8979.35482,0.55046,4201.0,55041.0,25.06488,5801.29797,0.0,6.0,143.45793,30.0
