Omega,Tolerance,Step Size Rule,Iterations,Converged?,Gap LR,Gap Naive,Obj. Naive,Obj. LR,Gap,Time Naive,Time LR,Final Lambda,LB Heuristic
600.0,0.05,1.0,2.0,0.0,0.61582,0.61878,4855.31973,10833.67623,0.55183,4201.0,4202.0,445.10837,4162.13329
600.0,0.05,2.0,2.0,0.0,0.60859,0.61878,4855.31973,10633.67623,0.5434,4201.0,4201.0,132.61012,4162.13329
600.0,0.05,3.0,2.0,0.0,0.61582,0.61878,4855.31973,10833.67623,0.55183,4201.0,4202.0,679.40837,4162.13329
600.0,0.05,4.0,2.0,0.0,0.61582,0.61878,4855.31973,10833.67623,0.55183,4201.0,4202.0,680.69516,4162.13329
600.0,0.05,5.0,2.0,0.0,0.60487,0.61878,4855.31973,10533.67623,0.53907,4201.0,4202.0,132.69784,4162.13329
600.0,0.05,6.0,2.0,0.0,0.54772,0.61878,4855.31973,9202.57954,0.4724,4201.0,4201.0,0.0,4162.13329
