"Omega","Tolerance","Step Size Rule","Iterations","Converged?","Gap LR","Gap Naive","Obj. Naive","Obj. LR","Gap","Time Naive","Time LR","Final Lambda","LB Heuristic"
900.00000,0.03000,1.00000,1.00000,1.00000,0.00000,0.12935,244.79895,244.79895,0.00000,4276.00000,2173.00000,0.36860,244.79895
900.00000,0.03000,2.00000,1.00000,1.00000,0.00000,0.12935,244.79895,244.79895,0.00000,4276.00000,2173.00000,0.36860,244.79895
900.00000,0.03000,3.00000,1.00000,1.00000,0.00000,0.12935,244.79895,244.79895,0.00000,4276.00000,2161.00000,0.36860,244.79895
900.00000,0.03000,4.00000,1.00000,1.00000,0.00000,0.12935,244.79895,244.79895,0.00000,4276.00000,2155.00000,0.36860,244.79895
900.00000,0.03000,5.00000,1.00000,1.00000,0.00000,0.12935,244.79895,244.79895,0.00000,4276.00000,2151.00000,0.36860,244.79895
900.00000,0.03000,6.00000,1.00000,1.00000,0.00000,0.12935,244.79895,244.79895,0.00000,4276.00000,2144.00000,0.36860,244.79895
