Omega,Tolerance,Step Size Rule,Iterations,Converged?,Gap LR,Gap Naive,Obj. Naive,Obj. LR,Gap,Time Naive,Time LR,Final Lambda,LB Heuristic
900.0,0.07,1.0,1.0,1.0,0.0,1.0,242.83616,248.82191,0.0,4251.0,2147.0,0.30489,248.82191
900.0,0.07,2.0,1.0,1.0,0.0,1.0,242.83616,248.82191,0.0,4251.0,2141.0,0.30489,248.82191
900.0,0.07,3.0,1.0,1.0,0.0,1.0,242.83616,248.82191,0.0,4251.0,2152.0,0.30489,248.82191
900.0,0.07,4.0,1.0,1.0,0.0,1.0,242.83616,248.82191,0.0,4251.0,2147.0,0.30489,248.82191
900.0,0.07,5.0,1.0,1.0,0.0,1.0,242.83616,248.82191,0.0,4251.0,2153.0,0.30489,248.82191
900.0,0.07,6.0,1.0,1.0,0.0,1.0,242.83616,248.82191,0.0,4251.0,2145.0,0.30489,248.82191
