"Omega","Tolerance","Step Size Rule","Iterations","Converged?","Gap LR","Gap Naive","Obj. Naive","Obj. LR","Gap","Time Naive","Time LR","Final Lambda","LB Heuristic"
900.00000,0.07000,1.00000,1.00000,1.00000,0.00000,0.15578,248.82191,248.82191,0.00000,4287.00000,2177.00000,0.30489,248.82191
900.00000,0.07000,2.00000,1.00000,1.00000,0.00000,0.15578,248.82191,248.82191,0.00000,4287.00000,2177.00000,0.30489,248.82191
900.00000,0.07000,3.00000,1.00000,1.00000,0.00000,0.15578,248.82191,248.82191,0.00000,4287.00000,2165.00000,0.30489,248.82191
900.00000,0.07000,4.00000,1.00000,1.00000,0.00000,0.15578,248.82191,248.82191,0.00000,4287.00000,2163.00000,0.30489,248.82191
900.00000,0.07000,5.00000,1.00000,1.00000,0.00000,0.15578,248.82191,248.82191,0.00000,4287.00000,2156.00000,0.30489,248.82191
900.00000,0.07000,6.00000,1.00000,1.00000,0.00000,0.15578,248.82191,248.82191,0.00000,4287.00000,2150.00000,0.30489,248.82191
