"Omega","Tolerance","Step Size Rule","Iterations","Converged?","Gap LR","Gap Naive","Obj. Naive","Obj. LR","Gap","Time Naive","Time LR","Final Lambda","LB Heuristic"
100.00000,0.07000,1.00000,2.00000,0.00000,0.37151,0.47629,7164.88008,11381.95768,0.37051,4214.00000,2586.00000,844.19435,7153.47865
100.00000,0.07000,2.00000,3.00000,0.00000,0.49503,0.47629,7164.88008,14166.02988,0.49422,4214.00000,2998.00000,800.76597,7153.47865
100.00000,0.07000,3.00000,2.00000,0.00000,0.38428,0.47629,7164.88008,11618.11958,0.38330,4214.00000,2604.00000,882.06435,7153.47865
100.00000,0.07000,4.00000,2.00000,0.00000,0.38428,0.47629,7164.88008,11618.11958,0.38330,4214.00000,2572.00000,882.36461,7153.47865
100.00000,0.07000,5.00000,3.00000,0.00000,0.49324,0.47629,7164.88008,14116.02988,0.49243,4214.00000,3540.00000,800.22833,7153.47865
100.00000,0.07000,6.00000,2.00000,0.00000,0.40946,0.47629,7164.88008,12113.40995,0.40852,4214.00000,2589.00000,0.00000,7153.47865
