,Omega,Tolerance,Step Size Rule,Iterations,Converged?,Gap LR,Gap Naive,Obj. Naive,Obj. LR,Gap,Time Naive,Time LR,Final Lambda,LB Heuristic,IR,AP
0,900.0,0.05,1.0,2.0,0.0,0.62411,0.66089,4379.42252,10640.0343,0.5884,4202.0,4206.0,557.92834,3999.49009,5657.4951,5215.7386
1,900.0,0.05,2.0,2.0,0.0,0.51032,0.66089,4379.42252,10640.0343,0.51032,4202.0,4205.0,88.12834,5210.17495,5657.4951,5215.7386
2,900.0,0.05,3.0,2.0,0.0,0.62411,0.66089,4379.42252,10640.0343,0.5884,4202.0,4205.0,909.37834,3999.49009,5657.4951,5215.7386
3,900.0,0.05,4.0,2.0,0.0,0.62411,0.66089,4379.42252,10640.0343,0.5884,4202.0,4207.0,911.30853,3999.49009,5657.4951,5215.7386
4,900.0,0.05,5.0,2.0,0.0,0.51032,0.66089,4379.42252,10640.0343,0.51032,4202.0,4209.0,238.12834,5210.17495,5657.4951,5215.7386
5,900.0,0.05,6.0,2.0,0.0,0.54716,0.66089,4379.42252,8832.00819,0.50414,4202.0,4207.0,0.0,3999.49009,5657.4951,5215.7386
