Omega,Tolerance,Step Size Rule,Iterations,Converged?,Gap LR,Gap Naive,Obj. Naive,Obj. LR (UB),"Obj. LR (LB),",Gap,Time Naive,Time LR,Final Lambda,LB Heuristic,BBP,Best iter,Lambda best iter,Gamma best iter
900.0,0.05,1.0,2.0,0.0,0.56917,0.66089,4379.42252,13131.6148,10640.0343,0.56917,4202.0,4205.0,557.92834,5657.48586,0.0,1.0,88.12834,-855.0
900.0,0.05,2.0,2.0,0.0,0.56917,0.66089,4379.42252,13131.6148,10640.0343,0.56917,4202.0,4205.0,88.12834,5657.48586,0.0,1.0,88.12834,-855.0
900.0,0.05,3.0,2.0,0.0,0.56917,0.66089,4379.42252,13131.6148,10640.0343,0.56917,4202.0,4203.0,909.37834,5657.48586,0.0,1.0,88.12834,-855.0
900.0,0.05,4.0,2.0,0.0,0.56917,0.66089,4379.42252,13131.6148,10640.0343,0.56917,4202.0,4210.0,911.30853,5657.48586,0.0,1.0,88.12834,-855.0
900.0,0.05,5.0,2.0,0.0,0.56917,0.66089,4379.42252,13131.6148,10640.0343,0.56917,4202.0,4209.0,238.12834,5657.48586,0.0,1.0,88.12834,-855.0
900.0,0.05,6.0,2.0,0.0,0.56917,0.66089,4379.42252,13131.6148,10640.0343,0.56917,4202.0,4208.0,0.0,5657.48586,0.0,1.0,88.12834,-855.0
