Omega,Tolerance,Step Size Rule,Iterations,Converged?,Gap LR,Gap Naive,Obj. Naive,Obj. LR,Gap,Time Naive,Time LR,Final Lambda,LB Heuristic
900.0,0.05,1.0,2.0,0.0,0.62411,0.66089,4379.42252,10640.0343,0.5884,4202.0,4206.0,557.92834,3999.49009
900.0,0.05,2.0,2.0,0.0,0.61691,0.66089,4379.42252,10440.0343,0.58052,4202.0,4206.0,88.59617,3999.49009
900.0,0.05,3.0,2.0,0.0,0.62411,0.66089,4379.42252,10640.0343,0.5884,4202.0,4205.0,909.37834,3999.49009
900.0,0.05,4.0,2.0,0.0,0.62411,0.66089,4379.42252,10640.0343,0.5884,4202.0,4207.0,911.30853,3999.49009
900.0,0.05,5.0,2.0,0.0,0.6132,0.66089,4379.42252,10340.0343,0.57646,4202.0,4206.0,88.65465,3999.49009
900.0,0.05,6.0,2.0,0.0,0.54716,0.66089,4379.42252,8832.00819,0.50414,4202.0,4207.0,0.0,3999.49009
,,,,,,,,,,,,,5657.4951
,,,,,,,,,,,,,5215.7386
