"Omega","Tolerance","Step Size Rule","Iterations","Converged?","Gap LR","Gap Naive","Obj. Naive","Obj. LR","Gap","Time Naive","Time LR","Final Lambda","LB Heuristic"
600.00000,0.03000,1.00000,2.00000,0.00000,0.35873,0.69540,3488.77732,7189.35994,0.35873,4309.00000,4319.00000,460.92217,4610.33108
600.00000,0.03000,2.00000,2.00000,0.00000,0.34038,0.69540,3488.77732,6989.35994,0.34038,4309.00000,4309.00000,134.48946,4610.33108
600.00000,0.03000,3.00000,2.00000,0.00000,0.35873,0.69540,3488.77732,7189.35994,0.35873,4309.00000,4342.00000,702.30217,4610.33108
600.00000,0.03000,4.00000,2.00000,0.00000,0.35873,0.69540,3488.77732,7189.35994,0.35873,4309.00000,4334.00000,703.07425,4610.33108
600.00000,0.03000,5.00000,2.00000,0.00000,0.33080,0.69540,3488.77732,6889.35994,0.33080,4309.00000,4307.00000,134.57537,4610.33108
600.00000,0.03000,6.00000,2.00000,0.00000,0.26445,0.69540,3488.77732,6267.87878,0.26445,4309.00000,4254.00000,0.00000,4610.33108
