,Omega,Tolerance,Step Size Rule,Iterations,Converged?,Gap LR,Gap Naive,Obj. Naive,Obj. LR,Gap,Time Naive,Time LR,Final Lambda,LB Heuristic,Heuristic Time,IR,AP
0,1500.0,0.01,1.0,2.0,0.0,0.01955,0.08337,244.99863,250.75196,0.01955,4211.0,2368.0,861.3,245.85092,,-242.35261,0.0
1,1500.0,0.01,2.0,2.0,0.0,0.01955,0.08337,244.99863,250.75196,0.01955,4211.0,2377.0,0.13468,245.85092,,-242.35261,0.0
2,1500.0,0.01,3.0,2.0,0.0,0.01955,0.08337,244.99863,250.75196,0.01955,4211.0,2380.0,1113.75,245.85092,,-242.35261,0.0
3,1500.0,0.01,4.0,2.0,0.0,0.01955,0.08337,244.99863,250.75196,0.01955,4211.0,2375.0,1050.05357,245.85092,,-242.35261,0.0
4,1500.0,0.01,5.0,2.0,0.0,0.01955,0.08337,244.99863,250.75196,0.01955,4211.0,2381.0,0.10101,245.85092,,-242.35261,0.0
5,1500.0,0.01,6.0,2.0,0.0,0.01955,0.08337,244.99863,250.75196,0.01955,4211.0,2380.0,0.33939,245.85092,54.0,-242.35261,0.0
