Omega,Tolerance,Step Size Rule,Iterations,Converged?,Gap LR,Gap Naive,Obj. Naive,Obj. LR (UB),"Obj. LR (LB),",Gap,Time Naive,Time LR,Final Lambda,LB Heuristic,BBP,Best iter,Lambda best iter,Gamma best iter
1500.0,0.01,1.0,2.0,0.0,0.08073,0.08337,244.99863,267.44226,250.75196,0.08073,4211.0,2412.0,861.3,245.85092,0.0,1.0,0.47283,14.0
1500.0,0.01,2.0,2.0,0.0,0.08073,0.08337,244.99863,267.44226,250.75196,0.08073,4211.0,2417.0,200.0,245.85092,0.0,1.0,0.47283,14.0
1500.0,0.01,3.0,2.0,0.0,0.08073,0.08337,244.99863,267.44226,250.75196,0.08073,4211.0,2412.0,1113.75,245.85092,0.0,1.0,0.47283,14.0
1500.0,0.01,4.0,2.0,0.0,0.08073,0.08337,244.99863,267.44226,250.75196,0.08073,4211.0,2405.0,1050.05357,245.85092,0.0,1.0,0.47283,14.0
1500.0,0.01,5.0,2.0,0.0,0.08073,0.08337,244.99863,267.44226,250.75196,0.08073,4211.0,2418.0,150.0,245.85092,0.0,1.0,0.47283,14.0
1500.0,0.01,6.0,2.0,0.0,0.08073,0.08337,244.99863,267.44226,250.75196,0.08073,4211.0,2432.0,0.33939,245.85092,0.0,1.0,0.47283,14.0
