Omega,Tolerance,Step Size Rule,Iterations,Converged?,Gap LR,Gap Naive,Obj. Naive,Obj. LR,Gap,Time Naive,Time LR,Final Lambda,LB Heuristic
100.0,0.07,1.0,10.0,0.0,0.07294,0.00913,283.71274,306.03494,0.07294,615.0,321.0,20.23575,283.71274
100.0,0.07,2.0,10.0,0.0,0.06987,0.00913,283.71274,305.02561,0.06987,615.0,694.0,4.30108,283.71274
100.0,0.07,3.0,10.0,0.0,0.07294,0.00913,283.71274,306.03494,0.07294,615.0,294.0,69.16833,283.71274
100.0,0.07,4.0,10.0,0.0,0.07294,0.00913,283.71274,306.03494,0.07294,615.0,289.0,67.68877,283.71274
100.0,0.07,5.0,10.0,0.0,0.0445,0.00913,283.71274,296.92586,0.0445,615.0,579.0,1.08423,283.71274
100.0,0.07,6.0,10.0,0.0,0.04472,0.00913,283.71274,296.99343,0.04472,615.0,1269.0,1.96905,283.71274
