Omega,Tolerance,Step Size Rule,Iterations,Converged?,Gap LR,Gap Naive,Obj. Naive,Obj. LR (UB),"Obj. LR (LB),",Gap,Time Naive,Time LR,Final Lambda,LB Heuristic,BBP,Best iter,Lambda best iter,Gamma best iter
600.0,0.05,1.0,10.0,0.0,0.11192,0.13806,247.34292,283.40652,265.98474,0.11192,4241.0,5074.0,191.4,251.68659,0.0,1.0,0.4534,24.0
600.0,0.05,2.0,10.0,0.0,0.11192,0.13806,247.34292,283.40652,265.98474,0.11192,4241.0,5284.0,200.0,251.68659,0.0,1.0,0.4534,24.0
600.0,0.05,3.0,10.0,0.0,0.11192,0.13806,247.34292,283.40652,265.98474,0.11192,4241.0,5075.0,335.71104,251.68659,0.0,1.0,0.4534,24.0
600.0,0.05,4.0,10.0,0.0,0.11192,0.13806,247.34292,283.40652,265.98474,0.11192,4241.0,5074.0,303.63413,251.68659,0.0,1.0,0.4534,24.0
600.0,0.05,5.0,10.0,0.0,0.11192,0.13806,247.34292,283.40652,265.98474,0.11192,4241.0,5270.0,0.0,251.68659,0.0,1.0,0.4534,24.0
600.0,0.05,6.0,10.0,0.0,0.09704,0.13806,247.34292,278.73525,278.73525,0.09704,4241.0,27474.0,0.35387,251.68659,0.0,3.0,0.98467,24.0
