Omega,Tolerance,Step Size Rule,Iterations,Converged?,Gap LR,Gap Naive,Obj. Naive,Obj. LR,Gap,Time Naive,Time LR,Final Lambda,LB Heuristic
600.0,0.05,1.0,2.0,0.0,0.03243,0.13806,247.34292,260.12316,0.03243,4241.0,2457.0,330.6,251.68659
600.0,0.05,2.0,2.0,0.0,0.03243,0.13806,247.34292,260.12316,0.03243,4241.0,2481.0,0.35088,251.68659
600.0,0.05,3.0,1.0,1.0,0.0,0.13806,247.34292,251.68659,0.0,4241.0,2134.0,0.4534,251.68659
600.0,0.05,4.0,2.0,0.0,0.03243,0.13806,247.34292,260.12316,0.03243,4241.0,2458.0,403.05087,251.68659
600.0,0.05,5.0,2.0,0.0,0.03243,0.13806,247.34292,260.12316,0.03243,4241.0,2467.0,0.26316,251.68659
600.0,0.05,6.0,1.0,1.0,0.0,0.13806,247.34292,251.68659,0.0,4241.0,2141.0,0.4534,251.68659
