,Omega,Tolerance,Step Size Rule,Iterations,Converged?,Gap LR,Gap Naive,Obj. Naive,Obj. LR,Gap,Time Naive,Time LR,Final Lambda,LB Heuristic,IR,AP
0,600.0,0.05,1.0,10.0,0.0,0.05376,0.13806,247.34292,265.98474,0.05376,4241.0,2205.0,191.4,251.68659,-254.63496,0.0
1,600.0,0.05,2.0,3.0,0.0,0.05376,0.13806,247.34292,265.98474,0.05376,4241.0,2419.0,0.70175,251.68659,-254.63496,0.0
2,600.0,0.05,3.0,10.0,0.0,0.05376,0.13806,247.34292,265.98474,0.05376,4241.0,2208.0,335.71104,251.68659,-254.63496,0.0
3,600.0,0.05,4.0,10.0,0.0,0.05376,0.13806,247.34292,265.98474,0.05376,4241.0,2205.0,303.63413,251.68659,-254.63496,0.0
4,600.0,0.05,5.0,3.0,0.0,0.05376,0.13806,247.34292,265.98474,0.05376,4241.0,2381.0,0.4386,251.68659,-254.63496,0.0
5,600.0,0.05,6.0,3.0,0.0,0.05376,0.13806,247.34292,265.98474,0.05376,4241.0,4249.0,0.0333,251.68659,-254.63496,0.0
