,Omega,Tolerance,Step Size Rule,Iterations,Converged?,Gap LR,Gap Naive,Obj. Naive,Obj. LR,Gap,Time Naive,Time LR,Final Lambda,LB Heuristic,IR,AP
0,600.0,0.05,1.0,10.0,0.0,0.05376,0.13806,247.34292,265.98474,0.05376,4241.0,2180.0,191.4,251.68659,-254.63496,0.0
1,600.0,0.05,2.0,10.0,0.0,0.05376,0.13806,247.34292,265.98474,0.05376,4241.0,2344.0,200.0,251.68659,-254.63496,0.0
2,600.0,0.05,3.0,10.0,0.0,0.05376,0.13806,247.34292,265.98474,0.05376,4241.0,2182.0,335.71104,251.68659,-254.63496,0.0
3,600.0,0.05,4.0,10.0,0.0,0.05376,0.13806,247.34292,265.98474,0.05376,4241.0,2183.0,303.63413,251.68659,-254.63496,0.0
4,600.0,0.05,5.0,10.0,0.0,0.05376,0.13806,247.34292,265.98474,0.05376,4241.0,2374.0,0.0,251.68659,-254.63496,0.0
5,600.0,0.05,6.0,5.0,0.0,0.05222,0.13806,247.34292,265.55379,0.05222,4241.0,6412.0,0.0,251.68659,-254.63496,0.0
