Omega,Tolerance,Step Size Rule,Iterations,Converged?,Gap LR,Gap Naive,Obj. Naive,Obj. LR (UB),"Obj. LR (LB),",Gap,Time Naive,Time LR,Final Lambda,LB Heuristic,BBP,Best iter,Lambda best iter,Gamma best iter
600.0,0.05,1.0,10.0,0.0,0.11579,0.13806,247.34292,284.64542,265.98474,0.11579,4241.0,2187.0,191.4,251.68659,0.0,1.0,0.4534,24.0
600.0,0.05,2.0,10.0,0.0,0.11579,0.13806,247.34292,284.64542,265.98474,0.11579,4241.0,2346.0,200.0,251.68659,0.0,1.0,0.4534,24.0
600.0,0.05,3.0,10.0,0.0,0.11583,0.13806,247.34292,284.65876,265.98474,0.11583,4241.0,2187.0,335.71104,251.68659,0.0,1.0,0.4534,24.0
600.0,0.05,4.0,10.0,0.0,0.11579,0.13806,247.34292,284.64542,265.98474,0.11579,4241.0,2189.0,303.63413,251.68659,0.0,1.0,0.4534,24.0
600.0,0.05,5.0,10.0,0.0,0.11586,0.13806,247.34292,284.66721,265.98474,0.11586,4241.0,2372.0,0.0,251.68659,0.0,1.0,0.4534,24.0
600.0,0.05,6.0,3.0,0.0,0.11579,0.13806,247.34292,284.64542,265.98474,0.11579,4241.0,4245.0,0.0,251.68659,0.0,1.0,0.4534,24.0
