Omega,Tolerance,Step Size Rule,Iterations,Converged?,Gap LR,Gap Naive,Obj. Naive,Obj. LR,Gap,Time Naive,Time LR,Final Lambda,LB Heuristic,Heuristic Time
1500.0,0.07,1.0,2.0,0.0,0.00104,0.21906,229.32402,248.47564,0.00104,4212.0,2394.0,809.1,248.21645,
1500.0,0.07,2.0,1.0,1.0,0.0,0.21906,229.32402,248.21645,0.0,4212.0,2118.0,0.1824,248.21645,
1500.0,0.07,3.0,2.0,0.0,0.00104,0.21906,229.32402,248.47564,0.00104,4212.0,2393.0,1046.25,248.21645,
1500.0,0.07,4.0,2.0,0.0,0.00104,0.21906,229.32402,248.47564,0.00104,4212.0,2389.0,986.41396,248.21645,
1500.0,0.07,5.0,2.0,0.0,0.00104,0.21906,229.32402,248.47564,0.00104,4212.0,2394.0,0.10753,248.21645,
1500.0,0.07,6.0,2.0,0.0,0.00104,0.21906,229.32402,248.47564,0.00104,4212.0,4214.0,0.0,248.21645,57.0
,,,,,,,,,,,,,0.0,
,,,,,,,,,,,,,0.0,
