Omega,Tolerance,Step Size Rule,Iterations,Converged?,Gap LR,Gap Naive,Obj. Naive,Obj. LR (UB),"Obj. LR (LB),",Gap,Time Naive,Time LR,Final Lambda,LB Heuristic,BBP,Best iter,Lambda best iter,Gamma best iter
100.0,0.01,1.0,10.0,0.0,0.00953,0.0,276.42693,277.23661,277.23661,0.00292,60.0,73.0,56.49285,274.59463,0.0,3.0,3.13285,1.0
100.0,0.01,2.0,10.0,0.0,0.01366,0.0,276.42693,278.39661,278.39661,0.00708,60.0,14.0,200.0,274.59463,0.0,1.0,4.29285,1.0
100.0,0.01,3.0,10.0,0.0,0.0101,0.0,276.42693,277.39661,277.39661,0.0035,60.0,45.0,59.48322,274.59463,0.0,2.0,3.29285,1.0
100.0,0.01,4.0,10.0,0.0,0.0101,0.0,276.42693,277.39661,277.39661,0.0035,60.0,54.0,57.00688,274.59463,0.0,2.0,3.29285,1.0
100.0,0.01,5.0,10.0,0.0,0.01321,0.0,276.42693,278.27042,278.27042,0.00662,60.0,32.0,0.0,274.59463,0.0,10.0,4.16667,1.0
100.0,0.01,6.0,10.0,0.0,0.00801,0.0,276.42693,276.81259,276.81259,0.00139,60.0,76.0,2.39693,274.59463,0.0,5.0,2.70883,1.0
