,Omega,Tolerance,Step Size Rule,Iterations,Converged?,Gap LR,Gap Naive,Obj. Naive,Obj. LR,Gap,Time Naive,Time LR,Final Lambda,LB Heuristic,IR,AP
0,100.0,0.01,1.0,10.0,0.0,0.00953,0.0,276.42693,277.23661,0.00292,84.0,553.0,56.49285,274.59463,-253.66038,-232.04316
1,100.0,0.01,2.0,10.0,0.0,0.01276,0.0,276.42693,278.14416,0.00617,84.0,640.0,0.0,274.59463,-253.66038,-232.04316
2,100.0,0.01,3.0,10.0,0.0,0.0101,0.0,276.42693,277.39661,0.0035,84.0,389.0,59.48322,274.59463,-253.66038,-232.04316
3,100.0,0.01,4.0,10.0,0.0,0.0101,0.0,276.42693,277.39661,0.0035,84.0,436.0,57.00688,274.59463,-253.66038,-232.04316
4,100.0,0.01,5.0,10.0,0.0,0.01007,0.0,276.42693,277.38658,0.00346,84.0,464.0,1.95647,274.59463,-253.66038,-232.04316
5,100.0,0.01,6.0,10.0,0.0,0.00801,0.0,276.42693,276.81259,0.00139,84.0,821.0,2.39693,274.59463,-253.66038,-232.04316
