"Omega","Tolerance","Step Size Rule","Iterations","Converged?","Gap LR","Gap Naive","Obj. Naive","Obj. LR","Gap","Time Naive","Time LR","Final Lambda","LB Heuristic"
900.00000,0.07000,1.00000,1.00000,1.00000,0.00000,0.14990,249.46415,249.46415,0.00000,4290.00000,2171.00000,0.30565,249.46415
900.00000,0.07000,2.00000,1.00000,1.00000,0.00000,0.14990,249.46415,249.46415,0.00000,4290.00000,2159.00000,0.30565,249.46415
900.00000,0.07000,3.00000,1.00000,1.00000,0.00000,0.14990,249.46415,249.46415,0.00000,4290.00000,2157.00000,0.30565,249.46415
900.00000,0.07000,4.00000,1.00000,1.00000,0.00000,0.14990,249.46415,249.46415,0.00000,4290.00000,2153.00000,0.30565,249.46415
900.00000,0.07000,5.00000,1.00000,1.00000,0.00000,0.14990,249.46415,249.46415,0.00000,4290.00000,2156.00000,0.30565,249.46415
900.00000,0.07000,6.00000,1.00000,1.00000,0.00000,0.14990,249.46415,249.46415,0.00000,4290.00000,2146.00000,0.30565,249.46415
