"Omega","Tolerance","Step Size Rule","Iterations","Converged?","Gap LR","Gap Naive","Obj. Naive","Obj. LR","Gap","Time Naive","Time LR","Final Lambda","LB Heuristic"
100.00000,0.07000,1.00000,10.00000,0.00000,0.07138,0.01038,285.02268,305.53201,0.06713,4209.00000,615.00000,20.23735,283.72366
100.00000,0.07000,2.00000,10.00000,0.00000,0.07138,0.01038,285.02268,305.53201,0.06713,4209.00000,1227.00000,4.30108,283.72366
100.00000,0.07000,3.00000,10.00000,0.00000,0.07138,0.01038,285.02268,305.53201,0.06713,4209.00000,566.00000,69.16992,283.72366
100.00000,0.07000,4.00000,10.00000,0.00000,0.07138,0.01038,285.02268,305.53201,0.06713,4209.00000,526.00000,67.69036,283.72366
100.00000,0.07000,5.00000,10.00000,0.00000,0.05118,0.01038,285.02268,299.02693,0.04683,4209.00000,1044.00000,1.08423,283.72366
100.00000,0.07000,6.00000,10.00000,0.00000,0.05132,0.01038,285.02268,299.07091,0.04697,4209.00000,1456.00000,2.59224,283.72366
