Omega,Tolerance,Step Size Rule,Iterations,Converged?,Gap LR,Gap Naive,Obj. Naive,Obj. LR (UB),"Obj. LR (LB),",Gap,Time Naive,Time LR,Final Lambda,LB Heuristic,BBP,Best iter,Lambda best iter,Gamma best iter
1500.0,0.07,1.0,10.0,0.0,0.18192,0.21533,230.32964,293.32064,249.51927,0.18192,4212.0,2386.0,321.9,239.95903,0.0,1.0,0.18276,105.0
1500.0,0.07,2.0,4.0,0.0,0.18192,0.21533,230.32964,293.32064,249.51927,0.18192,4212.0,2439.0,200.0,239.95903,0.0,1.0,0.18276,105.0
1500.0,0.07,3.0,10.0,0.0,0.18192,0.21533,230.32964,293.32064,249.51927,0.18192,4212.0,2381.0,724.98864,239.95903,0.0,1.0,0.18276,105.0
1500.0,0.07,4.0,10.0,0.0,0.18192,0.21533,230.32964,293.32064,249.51927,0.18192,4212.0,2378.0,638.45539,239.95903,0.0,1.0,0.18276,105.0
1500.0,0.07,5.0,5.0,0.0,0.18192,0.21533,230.32964,293.32064,249.51927,0.18192,4212.0,2449.0,60.0,239.95903,0.0,1.0,0.18276,105.0
1500.0,0.07,6.0,2.0,0.0,0.18192,0.21533,230.32964,293.32064,249.51927,0.18192,4212.0,2418.0,0.42834,239.95903,0.0,1.0,0.18276,105.0
