Omega,Tolerance,Step Size Rule,Iterations,Converged?,Gap LR,Gap Naive,Obj. Naive,Obj. LR,Gap,Time Naive,Time LR,Final Lambda,LB Heuristic,Obj. LR (UB),"Obj. LR (LB),",BBP,Best iter,Lambda best iter,Gamma best iter
1500.0,0.07,1.0,2.0,0.0,0.03831,0.21533,230.32964,249.51927,0.03831,4212.0,2450.0,809.1,239.95903,,,,,,
1500.0,0.07,2.0,2.0,0.0,0.03831,0.21533,230.32964,249.51927,0.03831,4212.0,2446.0,0.14337,239.95903,,,,,,
1500.0,0.07,3.0,2.0,0.0,0.03831,0.21533,230.32964,249.51927,0.03831,4212.0,2449.0,1046.25,239.95903,,,,,,
1500.0,0.07,4.0,2.0,0.0,0.03831,0.21533,230.32964,249.51927,0.03831,4212.0,2452.0,986.41396,239.95903,,,,,,
1500.0,0.07,5.0,2.0,0.0,0.03831,0.21533,230.32964,249.51927,0.03831,4212.0,2453.0,0.10753,239.95903,,,,,,
1500.0,0.07,6.0,2.0,0.0,0.17958,0.21533,230.32964,,0.17958,4212.0,4206.0,0.0,239.95903,292.48306,283.78007,0.0,1.0,0.18276,-1395.0
