Omega,Tolerance,Step Size Rule,Iterations,Converged?,Gap LR,Gap Naive,Obj. Naive,Obj. LR (UB),"Obj. LR (LB),",Gap,Time Naive,Time LR,Final Lambda,LB Heuristic,BBP,Best iter,Lambda best iter,Gamma best iter
1500.0,0.01,1.0,6.0,0.0,0.09647,0.09126,242.2402,266.37795,250.01422,0.09061,4212.0,2401.0,826.5,240.68004,0.0,1.0,0.49668,13.0
1500.0,0.01,2.0,4.0,0.0,0.09647,0.09126,242.2402,266.37795,250.01422,0.09061,4212.0,2476.0,200.0,240.68004,0.0,1.0,0.49668,13.0
1500.0,0.01,3.0,10.0,0.0,0.09647,0.09126,242.2402,266.37795,250.01422,0.09061,4212.0,2397.0,1067.85552,240.68004,0.0,1.0,0.49668,13.0
1500.0,0.01,4.0,8.0,0.0,0.09647,0.09126,242.2402,266.37795,250.01422,0.09061,4212.0,2403.0,1010.08862,240.68004,0.0,1.0,0.49668,13.0
1500.0,0.01,5.0,5.0,0.0,0.09656,0.09126,242.2402,266.40326,250.01422,0.0907,4212.0,2411.0,60.0,240.68004,0.0,1.0,0.49668,13.0
1500.0,0.01,6.0,3.0,0.0,0.09656,0.09126,242.2402,266.40326,250.01422,0.0907,4212.0,4436.0,0.0,240.68004,0.0,1.0,0.49668,13.0
