Omega,Tolerance,Step Size Rule,Iterations,Converged?,Gap LR,Gap Naive,Obj. Naive,Obj. LR,Gap,Time Naive,Time LR,Final Lambda,LB Heuristic,Heuristic Time
1500.0,0.01,1.0,2.0,0.0,0.03733,0.09126,242.2402,250.01422,0.03109,4212.0,2326.0,861.3,240.68004,
1500.0,0.01,2.0,2.0,0.0,0.03733,0.09126,242.2402,250.01422,0.03109,4212.0,2322.0,0.13468,240.68004,
1500.0,0.01,3.0,2.0,0.0,0.03733,0.09126,242.2402,250.01422,0.03109,4212.0,2331.0,1113.75,240.68004,
1500.0,0.01,4.0,2.0,0.0,0.03733,0.09126,242.2402,250.01422,0.03109,4212.0,2324.0,1050.05357,240.68004,
1500.0,0.01,5.0,2.0,0.0,0.03733,0.09126,242.2402,250.01422,0.03109,4212.0,2328.0,0.10101,240.68004,
1500.0,0.01,6.0,2.0,0.0,0.03733,0.09126,242.2402,250.01422,0.03109,4212.0,2330.0,0.34588,240.68004,69.0
