Omega,Tolerance,Step Size Rule,Iterations,Converged?,Gap LR,Gap Naive,Obj. Naive,Obj. LR (UB),"Obj. LR (LB),",Gap,Time Naive,Time LR,Final Lambda,LB Heuristic,BBP,Best iter,Lambda best iter,Gamma best iter
1500.0,0.01,1.0,10.0,0.0,0.09563,0.09126,242.2402,266.12954,250.01422,0.08977,4212.0,5379.0,791.7,240.68004,0.0,1.0,0.49668,13.0
1500.0,0.01,2.0,10.0,0.0,0.09427,0.09126,242.2402,265.73178,250.01422,0.0884,4212.0,6117.0,200.0,240.68004,0.0,1.0,0.49668,13.0
1500.0,0.01,3.0,10.0,0.0,0.09427,0.09126,242.2402,265.73178,250.01422,0.0884,4212.0,5385.0,1067.85552,240.68004,0.0,1.0,0.49668,13.0
1500.0,0.01,4.0,10.0,0.0,0.09563,0.09126,242.2402,266.12954,250.01422,0.08977,4212.0,5389.0,1000.3452,240.68004,0.0,1.0,0.49668,13.0
1500.0,0.01,5.0,10.0,0.0,0.09427,0.09126,242.2402,265.73178,250.01422,0.0884,4212.0,6063.0,0.0,240.68004,0.0,1.0,0.49668,13.0
1500.0,0.01,6.0,8.0,0.0,0.09563,0.09126,242.2402,266.12954,250.01422,0.08977,4212.0,48261.0,0.15697,240.68004,0.0,1.0,0.49668,13.0
