"Omega","Tolerance","Step Size Rule","Iterations","Converged?","Gap LR","Gap Naive","Obj. Naive","Obj. LR","Gap","Time Naive","Time LR","Final Lambda","LB Heuristic"
100.00000,0.03000,1.00000,2.00000,0.00000,0.22552,0.41223,6235.84875,8048.91932,0.22526,4208.00000,4223.00000,856.64489,6233.74003
100.00000,0.03000,2.00000,2.00000,0.00000,0.15623,0.41223,6235.84875,7387.99648,0.15595,4208.00000,4230.00000,806.24861,6233.74003
100.00000,0.03000,3.00000,2.00000,0.00000,0.23702,0.41223,6235.84875,8170.25355,0.23676,4208.00000,4249.00000,896.87489,6233.74003
100.00000,0.03000,4.00000,2.00000,0.00000,0.23702,0.41223,6235.84875,8170.25355,0.23676,4208.00000,4223.00000,897.00357,6233.74003
100.00000,0.03000,5.00000,2.00000,0.00000,0.14466,0.41223,6235.84875,7287.99648,0.14437,4208.00000,4241.00000,806.76407,6233.74003
100.00000,0.03000,6.00000,2.00000,0.00000,0.23115,0.41223,6235.84875,8107.86118,0.23089,4208.00000,4216.00000,0.00000,6233.74003
