Omega,Tolerance,Step Size Rule,Iterations,Converged?,Gap LR,Gap Naive,Obj. Naive,Obj. LR (UB),"Obj. LR (LB),",Gap,Time Naive,Time LR,Final Lambda,LB Heuristic,BBP,Best iter,Lambda best iter,Gamma best iter
900.0,0.05,1.0,5.0,0.0,0.56717,0.67465,4185.59952,12931.5442,10757.1093,0.56717,4202.0,55009.0,479.48389,5597.17258,0.0,1.0,87.98389,-855.0
900.0,0.05,2.0,5.0,0.0,0.56136,0.67465,4185.59952,12760.30233,10757.1093,0.56136,4202.0,55010.0,287.98389,5597.17258,0.0,3.0,87.98389,-855.0
900.0,0.05,3.0,5.0,0.0,0.56698,0.67465,4185.59952,12925.86614,10757.1093,0.56698,4202.0,55008.0,840.44817,5597.17258,0.0,1.0,87.98389,-855.0
900.0,0.05,4.0,5.0,0.0,0.56717,0.67465,4185.59952,12931.5442,10757.1093,0.56717,4202.0,55009.0,842.55871,5597.17258,0.0,1.0,87.98389,-855.0
900.0,0.05,5.0,6.0,0.0,0.56717,0.67465,4185.59952,12931.5442,10757.1093,0.56717,4202.0,55036.0,72.98389,5597.17258,0.0,1.0,87.98389,-855.0
900.0,0.05,6.0,10.0,0.0,0.56717,0.67465,4185.59952,12931.5442,10757.1093,0.56717,4202.0,25198.0,85.51485,5597.17258,0.0,1.0,87.98389,-855.0
