,Omega,Tolerance,Step Size Rule,Iterations,Converged?,Gap LR,Gap Naive,Obj. Naive,Obj. LR,Gap,Time Naive,Time LR,Final Lambda,LB Heuristic,IR,AP
0,900.0,0.05,1.0,2.0,0.0,0.63596,0.67465,4185.59952,10757.1093,0.6109,4202.0,4204.0,557.78389,3916.06543,5596.0758,5015.86389
1,900.0,0.05,2.0,2.0,0.0,0.53413,0.67465,4185.59952,10757.1093,0.53413,4202.0,4205.0,87.98389,5011.41418,5596.0758,5015.86389
2,900.0,0.05,3.0,2.0,0.0,0.63596,0.67465,4185.59952,10757.1093,0.6109,4202.0,4204.0,909.23389,3916.06543,5596.0758,5015.86389
3,900.0,0.05,4.0,2.0,0.0,0.63596,0.67465,4185.59952,10757.1093,0.6109,4202.0,4206.0,911.16408,3916.06543,5596.0758,5015.86389
4,900.0,0.05,5.0,2.0,0.0,0.53413,0.67465,4185.59952,10757.1093,0.53413,4202.0,4203.0,237.98389,5011.41418,5596.0758,5015.86389
5,900.0,0.05,6.0,2.0,0.0,0.5568,0.67465,4185.59952,8835.93111,0.5263,4202.0,4202.0,0.0,3916.06543,5596.0758,5015.86389
