Omega,Tolerance,Step Size Rule,Iterations,Converged?,Gap LR,Gap Naive,Obj. Naive,Obj. LR,Gap,Time Naive,Time LR,Final Lambda,LB Heuristic
900.0,0.05,1.0,2.0,0.0,0.63596,0.67465,4185.59952,10757.1093,0.6109,4202.0,4204.0,557.78389,3916.06543
900.0,0.05,2.0,2.0,0.0,0.62906,0.67465,4185.59952,10557.1093,0.60353,4202.0,4203.0,88.45173,3916.06543
900.0,0.05,3.0,2.0,0.0,0.63596,0.67465,4185.59952,10757.1093,0.6109,4202.0,4204.0,909.23389,3916.06543
900.0,0.05,4.0,2.0,0.0,0.63596,0.67465,4185.59952,10757.1093,0.6109,4202.0,4206.0,911.16408,3916.06543
900.0,0.05,5.0,2.0,0.0,0.62551,0.67465,4185.59952,10457.1093,0.59974,4202.0,4202.0,88.5102,3916.06543
900.0,0.05,6.0,2.0,0.0,0.5568,0.67465,4185.59952,8835.93111,0.5263,4202.0,4202.0,0.0,3916.06543
,,,,,,,,,,,,,5596.0758
,,,,,,,,,,,,,5015.86389
