Omega,Tolerance,Step Size Rule,Iterations,Converged?,Gap LR,Gap Naive,Obj. Naive,Obj. LR (UB),"Obj. LR (LB),",Gap,Time Naive,Time LR,Final Lambda,LB Heuristic,BBP,Best iter,Lambda best iter,Gamma best iter
900.0,0.05,1.0,2.0,0.0,0.57125,0.67465,4185.59952,13054.64021,10757.1093,0.57125,4202.0,4204.0,557.78389,5597.17258,0.0,1.0,87.98389,-855.0
900.0,0.05,2.0,2.0,0.0,0.57125,0.67465,4185.59952,13054.64021,10757.1093,0.57125,4202.0,4202.0,87.98389,5597.17258,0.0,1.0,87.98389,-855.0
900.0,0.05,3.0,2.0,0.0,0.57125,0.67465,4185.59952,13054.64021,10757.1093,0.57125,4202.0,4203.0,909.23389,5597.17258,0.0,1.0,87.98389,-855.0
900.0,0.05,4.0,2.0,0.0,0.57174,0.67465,4185.59952,13069.66931,10757.1093,0.57174,4202.0,4203.0,911.16408,5597.17258,0.0,1.0,87.98389,-855.0
900.0,0.05,5.0,2.0,0.0,0.57174,0.67465,4185.59952,13069.66931,10757.1093,0.57174,4202.0,4203.0,237.98389,5597.17258,0.0,1.0,87.98389,-855.0
900.0,0.05,6.0,2.0,0.0,0.57174,0.67465,4185.59952,13069.66931,10757.1093,0.57174,4202.0,4203.0,0.0,5597.17258,0.0,1.0,87.98389,-855.0
