Omega,Tolerance,Step Size Rule,Iterations,Converged?,Gap LR,Gap Naive,Obj. Naive,Obj. LR,Gap,Time Naive,Time LR,Final Lambda,LB Heuristic
600.0,0.03,1.0,2.0,0.0,0.4361,0.73672,1975.0281,6417.87543,0.4361,4203.0,4201.0,462.28468,3619.03171
600.0,0.03,2.0,2.0,0.0,0.41796,0.73672,1975.0281,6217.87543,0.41796,4203.0,4202.0,135.85196,3619.03171
600.0,0.03,2.0,2.0,0.0,0.41796,0.73672,1975.0281,6217.87543,0.41796,4203.0,4201.0,135.85196,3619.03171
600.0,0.03,4.0,2.0,0.0,0.4361,0.73672,1975.0281,6417.87543,0.4361,4203.0,4202.0,704.43675,3619.03171
600.0,0.03,5.0,2.0,0.0,0.40845,0.73672,1975.0281,6117.87543,0.40845,4203.0,4202.0,135.93787,3619.03171
600.0,0.03,6.0,2.0,0.0,0.4361,0.73672,1975.0281,6417.87543,0.4361,4203.0,4230.0,0.0,3619.03171
