"Omega","Tolerance","Step Size Rule","Iterations","Converged?","Gap LR","Gap Naive","Obj. Naive","Obj. LR","Gap","Time Naive","Time LR","Final Lambda","LB Heuristic"
600.00000,0.03000,1.00000,2.00000,0.00000,0.29810,0.69644,3498.81012,6417.87543,0.29810,4250.00000,4338.00000,462.28468,4504.69802
600.00000,0.03000,2.00000,2.00000,0.00000,0.27552,0.69644,3498.81012,6217.87543,0.27552,4250.00000,4341.00000,135.85196,4504.69802
600.00000,0.03000,3.00000,2.00000,0.00000,0.29810,0.69644,3498.81012,6417.87543,0.29810,4250.00000,4341.00000,703.66468,4504.69802
600.00000,0.03000,4.00000,2.00000,0.00000,0.29810,0.69644,3498.81012,6417.87543,0.29810,4250.00000,4337.00000,704.43675,4504.69802
600.00000,0.03000,5.00000,2.00000,0.00000,0.26368,0.69644,3498.81012,6117.87543,0.26368,4250.00000,4308.00000,135.93787,4504.69802
600.00000,0.03000,6.00000,2.00000,0.00000,0.21138,0.69644,3498.81012,5712.13463,0.21138,4250.00000,4241.00000,7.57954,4504.69802
