,Omega,Tolerance,Step Size Rule,Iterations,Converged?,Gap LR,Gap Naive,Obj. Naive,Obj. LR,Gap,Time Naive,Time LR,Final Lambda,LB Heuristic,IR,AP
0,600.0,0.05,1.0,2.0,0.0,0.62518,0.61216,4858.97298,10320.36166,0.52919,4201.0,4202.0,445.66915,3868.25137,5658.1813,5097.94855
1,600.0,0.05,2.0,2.0,0.0,0.50651,0.61216,4858.97298,10320.36166,0.50651,4201.0,4202.0,132.46915,5092.94906,5658.1813,5097.94855
2,600.0,0.05,3.0,2.0,0.0,0.62518,0.61216,4858.97298,10320.36166,0.52919,4201.0,4203.0,679.96915,3868.25137,5658.1813,5097.94855
3,600.0,0.05,4.0,2.0,0.0,0.62518,0.61216,4858.97298,10320.36166,0.52919,4201.0,4203.0,681.25595,3868.25137,5658.1813,5097.94855
4,600.0,0.05,5.0,2.0,0.0,0.50651,0.61216,4858.97298,10320.36166,0.50651,4201.0,4202.0,282.46915,5092.94906,5658.1813,5097.94855
5,600.0,0.05,6.0,2.0,0.0,0.57736,0.61216,4858.97298,9152.64895,0.46912,4201.0,4203.0,0.0,3868.25137,5658.1813,5097.94855
