Omega,Tolerance,Step Size Rule,Iterations,Converged?,Gap LR,Gap Naive,Obj. Naive,Obj. LR,Gap,Time Naive,Time LR,Final Lambda,LB Heuristic
900.0,0.07,1.0,1.0,1.0,0.0,1.0,243.661,248.2584,0.0,4252.0,2125.0,0.30573,248.2584
900.0,0.07,2.0,1.0,1.0,0.0,1.0,243.661,248.2584,0.0,4252.0,2120.0,0.30573,248.2584
900.0,0.07,3.0,1.0,1.0,0.0,1.0,243.661,248.2584,0.0,4252.0,2120.0,0.30573,248.2584
900.0,0.07,4.0,1.0,1.0,0.0,1.0,243.661,248.2584,0.0,4252.0,2117.0,0.30573,248.2584
900.0,0.07,5.0,1.0,1.0,0.0,1.0,243.661,248.2584,0.0,4252.0,2117.0,0.30573,248.2584
900.0,0.07,6.0,1.0,1.0,0.0,1.0,243.661,248.2584,0.0,4252.0,2128.0,0.30573,248.2584
