"Omega","Tolerance","Step Size Rule","Iterations","Converged?","Gap LR","Gap Naive","Obj. Naive","Obj. LR","Gap","Time Naive","Time LR","Final Lambda","LB Heuristic"
900.00000,0.07000,1.00000,1.00000,1.00000,0.00000,0.15360,248.25840,248.25840,0.00000,4300.00000,2171.00000,0.30573,248.25840
900.00000,0.07000,2.00000,1.00000,1.00000,0.00000,0.15360,248.25840,248.25840,0.00000,4300.00000,2171.00000,0.30573,248.25840
900.00000,0.07000,3.00000,1.00000,1.00000,0.00000,0.15360,248.25840,248.25840,0.00000,4300.00000,2160.00000,0.30573,248.25840
900.00000,0.07000,4.00000,1.00000,1.00000,0.00000,0.15360,248.25840,248.25840,0.00000,4300.00000,2171.00000,0.30573,248.25840
900.00000,0.07000,5.00000,1.00000,1.00000,0.00000,0.15360,248.25840,248.25840,0.00000,4300.00000,2156.00000,0.30573,248.25840
900.00000,0.07000,6.00000,1.00000,1.00000,0.00000,0.15360,248.25840,248.25840,0.00000,4300.00000,2150.00000,0.30573,248.25840
