Omega,Tolerance,Step Size Rule,Iterations,Converged?,Gap LR,Gap Naive,Obj. Naive,Obj. LR (UB),"Obj. LR (LB),",Gap,Time Naive,Time LR,Final Lambda,LB Heuristic,BBP,Best iter,Lambda best iter,Gamma best iter
900.0,0.05,1.0,10.0,0.0,0.13345,0.14845,243.17751,286.11303,260.64856,0.13345,4209.0,2302.0,287.1,247.93147,0.0,1.0,0.30544,6.0
900.0,0.05,2.0,8.0,0.0,0.13345,0.14845,243.17751,286.11303,260.64856,0.13345,4209.0,2476.0,200.0,247.93147,0.0,1.0,0.30544,6.0
900.0,0.05,3.0,10.0,0.0,0.13345,0.14845,243.17751,286.11303,260.64856,0.13345,4209.0,2292.0,503.56656,247.93147,0.0,1.0,0.30544,6.0
900.0,0.05,4.0,10.0,0.0,0.13345,0.14845,243.17751,286.11303,260.64856,0.13345,4209.0,2297.0,455.4512,247.93147,0.0,1.0,0.30544,6.0
900.0,0.05,5.0,8.0,0.0,0.13345,0.14845,243.17751,286.11303,260.64856,0.13345,4209.0,2451.0,37.5,247.93147,0.0,1.0,0.30544,6.0
900.0,0.05,6.0,3.0,0.0,0.13345,0.14845,243.17751,286.11303,260.64856,0.13345,4209.0,4297.0,0.0,247.93147,0.0,1.0,0.30544,6.0
