,Omega,Tolerance,Step Size Rule,Iterations,Converged?,Gap LR,Gap Naive,Obj. Naive,Obj. LR,Gap,Time Naive,Time LR,Final Lambda,LB Heuristic,IR,AP
0,900.0,0.05,1.0,4.0,0.0,0.02975,1.0,241.78757,255.53237,0.02975,4251.0,2257.0,443.7,247.93147,-254.72908,0.0
1,900.0,0.05,2.0,3.0,0.0,0.02975,1.0,241.78757,255.53237,0.02975,4251.0,3881.0,0.46784,247.93147,-254.72908,0.0
2,900.0,0.05,3.0,4.0,0.0,0.02975,1.0,241.78757,255.53237,0.02975,4251.0,2261.0,591.75,247.93147,-254.72908,0.0
3,900.0,0.05,4.0,4.0,0.0,0.02975,1.0,241.78757,255.53237,0.02975,4251.0,2257.0,556.09554,247.93147,-254.72908,0.0
4,900.0,0.05,5.0,3.0,0.0,0.02975,1.0,241.78757,255.53237,0.02975,4251.0,3717.0,0.2924,247.93147,-254.72908,0.0
5,900.0,0.05,6.0,3.0,0.0,0.02975,1.0,241.78757,255.53237,0.02975,4251.0,4334.0,0.07049,247.93147,-254.72908,0.0
