Omega,Tolerance,Step Size Rule,Iterations,Converged?,Gap LR,Gap Naive,Obj. Naive,Obj. LR,Gap,Time Naive,Time LR,Final Lambda,LB Heuristic
900.0,0.05,1.0,1.0,1.0,0.0,1.0,241.78757,247.93147,0.0,4251.0,2148.0,0.30544,247.93147
900.0,0.05,2.0,1.0,1.0,0.0,1.0,241.78757,247.93147,0.0,4251.0,2146.0,0.30544,247.93147
900.0,0.05,3.0,1.0,1.0,0.0,1.0,241.78757,247.93147,0.0,4251.0,2149.0,0.30544,247.93147
900.0,0.05,4.0,1.0,1.0,0.0,1.0,241.78757,247.93147,0.0,4251.0,2144.0,0.30544,247.93147
900.0,0.05,5.0,1.0,1.0,0.0,1.0,241.78757,247.93147,0.0,4251.0,2149.0,0.30544,247.93147
900.0,0.05,6.0,1.0,1.0,0.0,1.0,241.78757,247.93147,0.0,4251.0,2150.0,0.30544,247.93147
