Omega,Tolerance,Step Size Rule,Iterations,Converged?,Gap LR,Gap Naive,Obj. Naive,Obj. LR (UB),"Obj. LR (LB),",Gap,Time Naive,Time LR,Final Lambda,LB Heuristic,BBP,Best iter,Lambda best iter,Gamma best iter
1500.0,0.03,1.0,7.0,0.0,0.15769,0.17372,230.35543,279.51668,250.17413,0.15769,4210.0,2408.0,713.4,235.43884,0.0,1.0,0.23041,32.0
1500.0,0.03,2.0,2.0,0.0,0.15769,0.17372,230.35543,279.51668,250.17413,0.15769,4210.0,2411.0,200.0,235.43884,0.0,1.0,0.23041,32.0
1500.0,0.03,3.0,6.0,0.0,0.15769,0.17372,230.35543,279.51668,250.17413,0.15769,4210.0,2408.0,1005.58929,235.43884,0.0,1.0,0.23041,32.0
1500.0,0.03,4.0,6.0,0.0,0.15769,0.17372,230.35543,279.51668,250.17413,0.15769,4210.0,2402.0,941.86382,235.43884,0.0,1.0,0.23041,32.0
1500.0,0.03,5.0,2.0,0.0,0.15769,0.17372,230.35543,279.51668,250.17413,0.15769,4210.0,2417.0,150.0,235.43884,0.0,1.0,0.23041,32.0
1500.0,0.03,6.0,2.0,0.0,0.15769,0.17372,230.35543,279.51668,250.17413,0.15769,4210.0,2457.0,0.39311,235.43884,0.0,1.0,0.23041,32.0
