,Omega,Tolerance,Step Size Rule,Iterations,Converged?,Gap LR,Gap Naive,Obj. Naive,Obj. LR,Gap,Time Naive,Time LR,Final Lambda,LB Heuristic,Heuristic Time,IR,AP
0,1500.0,0.03,1.0,2.0,0.0,0.04832,0.17372,230.35543,247.39278,0.04832,4210.0,2485.0,843.9,235.43884,,0.0,0.0
1,1500.0,0.03,2.0,2.0,0.0,0.04832,0.17372,230.35543,247.39278,0.04832,4210.0,2479.0,0.13746,235.43884,,0.0,0.0
2,1500.0,0.03,3.0,2.0,0.0,0.04832,0.17372,230.35543,247.39278,0.04832,4210.0,2484.0,1091.25,235.43884,,0.0,0.0
3,1500.0,0.03,4.0,2.0,0.0,0.04832,0.17372,230.35543,247.39278,0.04832,4210.0,2479.0,1028.84037,235.43884,,0.0,0.0
4,1500.0,0.03,5.0,2.0,0.0,0.04832,0.17372,230.35543,247.39278,0.04832,4210.0,2482.0,0.10309,235.43884,,0.0,0.0
5,1500.0,0.03,6.0,2.0,0.0,0.04832,0.17372,230.35543,247.39278,0.04832,4210.0,2481.0,0.39311,235.43884,61.0,0.0,0.0
