Omega,Tolerance,Step Size Rule,Iterations,Converged?,Gap LR,Gap Naive,Obj. Naive,Obj. LR,Gap,Time Naive,Time LR,Final Lambda,LB Heuristic
900.0,0.03,1.0,2.0,0.0,0.45538,0.79696,1872.64736,6897.28973,0.45538,4204.0,4202.0,580.34788,3756.40864
900.0,0.03,2.0,2.0,0.0,0.43912,0.79696,1872.64736,6697.28973,0.43912,4204.0,4202.0,90.12607,3756.40864
900.0,0.03,2.0,2.0,0.0,0.43912,0.79696,1872.64736,6697.28973,0.43912,4204.0,4202.0,90.12607,3756.40864
900.0,0.03,4.0,2.0,0.0,0.45538,0.79696,1872.64736,6897.28973,0.45538,4204.0,4202.0,943.576,3756.40864
900.0,0.03,5.0,2.0,0.0,0.43061,0.79696,1872.64736,6597.28973,0.43061,4204.0,4202.0,90.18334,3756.40864
900.0,0.03,6.0,2.0,0.0,0.45255,0.79696,1872.64736,6861.70237,0.45255,4204.0,4202.0,0.0,3756.40864
