"Omega","Tolerance","Step Size Rule","Iterations","Converged?","Gap LR","Gap Naive","Obj. Naive","Obj. LR","Gap","Time Naive","Time LR","Final Lambda","LB Heuristic"
100.00000,0.07000,1.00000,2.00000,0.00000,0.35920,0.48430,7133.55209,11565.08974,0.35920,4214.00000,2419.00000,840.91371,7410.95839
100.00000,0.07000,2.00000,4.00000,0.00000,0.47780,0.48430,7133.55209,14191.82612,0.47780,4214.00000,3653.00000,799.63586,7410.95839
100.00000,0.07000,3.00000,2.00000,0.00000,0.37365,0.48430,7133.55209,11831.93876,0.37365,4214.00000,2401.00000,878.78371,7410.95839
100.00000,0.07000,4.00000,2.00000,0.00000,0.37365,0.48430,7133.55209,11831.93876,0.37365,4214.00000,2405.00000,879.08396,7410.95839
100.00000,0.07000,5.00000,4.00000,0.00000,0.47963,0.48430,7133.55209,14241.82612,0.47963,4214.00000,3780.00000,797.75414,7410.95839
100.00000,0.07000,6.00000,2.00000,0.00000,0.39926,0.48430,7133.55209,12336.33636,0.39926,4214.00000,2417.00000,0.00000,7410.95839
