Omega,Tolerance,Step Size Rule,Iterations,Converged?,Gap LR,Gap Naive,Obj. Naive,Obj. LR,Gap,Time Naive,Time LR,Final Lambda,LB Heuristic
900.0,0.03,1.0,2.0,0.0,0.48607,0.77184,2035.56089,6975.81663,0.48607,4204.0,4203.0,580.08063,3585.08392
900.0,0.03,2.0,2.0,0.0,0.4709,0.77184,2035.56089,6775.81663,0.4709,4204.0,4202.0,89.85883,3585.08392
900.0,0.03,3.0,2.0,0.0,0.48607,0.77184,2035.56089,6975.81663,0.48607,4204.0,4202.0,942.15063,3585.08392
900.0,0.03,4.0,2.0,0.0,0.48607,0.77184,2035.56089,6975.81663,0.48607,4204.0,4206.0,943.30875,3585.08392
900.0,0.03,5.0,2.0,0.0,0.46297,0.77184,2035.56089,6675.81663,0.46297,4204.0,4202.0,89.9161,3585.08392
900.0,0.03,6.0,2.0,0.0,0.47417,0.77184,2035.56089,6817.96025,0.47417,4204.0,4202.0,0.0,3585.08392
