"Omega","Tolerance","Step Size Rule","Iterations","Converged?","Gap LR","Gap Naive","Obj. Naive","Obj. LR","Gap","Time Naive","Time LR","Final Lambda","LB Heuristic"
100.00000,0.01000,1.00000,10.00000,0.00000,0.01091,0.00000,270.61401,273.59817,0.01091,346.00000,1986.00000,3.80948,270.61401
100.00000,0.01000,2.00000,10.00000,0.00000,0.01149,0.00000,270.61401,273.76013,0.01149,346.00000,1075.00000,2.02020,270.61401
100.00000,0.01000,3.00000,10.00000,0.00000,0.01074,0.00000,270.61401,273.55126,0.01074,346.00000,2319.00000,4.56985,270.61401
100.00000,0.01000,4.00000,10.00000,0.00000,0.01092,0.00000,270.61401,273.60063,0.01092,346.00000,2327.00000,4.69106,270.61401
100.00000,0.01000,5.00000,10.00000,0.00000,0.01693,0.00000,270.61401,275.27528,0.01693,346.00000,847.00000,1.45142,270.61401
100.00000,0.01000,6.00000,10.00000,0.00000,0.01046,0.00000,270.61401,273.47578,0.01046,346.00000,1489.00000,3.76712,270.61401
