Omega,Tolerance,Step Size Rule,Iterations,Converged?,Gap LR,Gap Naive,Obj. Naive,Obj. LR (UB),"Obj. LR (LB),",Gap,Time Naive,Time LR,Final Lambda,LB Heuristic,BBP,Best iter,Lambda best iter,Gamma best iter
600.0,0.05,1.0,3.0,0.0,0.56374,0.6218,4701.44132,12586.2991,10513.52276,0.56374,4201.0,25007.0,427.73779,5490.91305,0.0,1.0,131.93779,-570.0
600.0,0.05,2.0,3.0,0.0,0.55637,0.6218,4701.44132,12377.21136,10518.52276,0.55637,4201.0,25003.0,331.93779,5490.91305,0.0,3.0,131.93779,-570.0
600.0,0.05,3.0,3.0,0.0,0.56374,0.6218,4701.44132,12586.2991,10513.52276,0.56374,4201.0,25003.0,661.43779,5490.91305,0.0,1.0,131.93779,-570.0
600.0,0.05,4.0,3.0,0.0,0.56374,0.6218,4701.44132,12586.2991,10513.52276,0.56374,4201.0,25003.0,663.40408,5490.91305,0.0,1.0,131.93779,-570.0
600.0,0.05,5.0,3.0,0.0,0.5633,0.6218,4701.44132,12573.58109,10513.52276,0.5633,4201.0,25003.0,181.93779,5490.91305,0.0,1.0,131.93779,-570.0
600.0,0.05,6.0,4.0,0.0,0.56294,0.6218,4701.44132,12563.41613,8832.39079,0.56294,4201.0,25011.0,0.0,5490.91305,0.0,4.0,143.46519,30.0
