Omega,Tolerance,Step Size Rule,Iterations,Converged?,Gap LR,Gap Naive,Obj. Naive,Obj. LR (UB),"Obj. LR (LB),",Gap,Time Naive,Time LR,Final Lambda,LB Heuristic,BBP,Best iter,Lambda best iter,Gamma best iter
600.0,0.05,1.0,3.0,0.0,0.56374,0.6218,4701.44132,12586.2991,10513.52276,0.56374,4201.0,20003.0,427.73779,5490.91305,0.0,1.0,131.93779,-570.0
600.0,0.05,2.0,3.0,0.0,0.5592,0.6218,4701.44132,12456.79922,10510.65583,0.5592,4201.0,20003.0,331.93779,5490.91305,0.0,3.0,131.93779,-570.0
600.0,0.05,3.0,3.0,0.0,0.56374,0.6218,4701.44132,12586.2991,10513.52276,0.56374,4201.0,20003.0,661.43779,5490.91305,0.0,1.0,131.93779,-570.0
600.0,0.05,4.0,3.0,0.0,0.56374,0.6218,4701.44132,12586.2991,10513.52276,0.56374,4201.0,20003.0,663.40408,5490.91305,0.0,1.0,131.93779,-570.0
600.0,0.05,5.0,3.0,0.0,0.56374,0.6218,4701.44132,12586.2991,10513.52276,0.56374,4201.0,20003.0,181.93779,5490.91305,0.0,1.0,131.93779,-570.0
600.0,0.05,6.0,4.0,0.0,0.56374,0.6218,4701.44132,12586.2991,10513.52276,0.56374,4201.0,20012.0,0.0,5490.91305,0.0,1.0,131.93779,-570.0
