,Omega,Tolerance,Step Size Rule,Iterations,Converged?,Gap LR,Gap Naive,Obj. Naive,Obj. LR,Gap,Time Naive,Time LR,Final Lambda,LB Heuristic,IR,AP
0,600.0,0.05,1.0,2.0,0.0,0.63122,0.6218,4701.44132,10510.65583,0.5527,4201.0,4202.0,445.13779,3876.11528,5485.92842,5072.41033
1,600.0,0.05,2.0,2.0,0.0,0.51772,0.6218,4701.44132,10510.65583,0.51772,4201.0,4205.0,131.93779,5069.05306,5485.92842,5072.41033
2,600.0,0.05,3.0,2.0,0.0,0.63122,0.6218,4701.44132,10510.65583,0.5527,4201.0,4203.0,679.43779,3876.11528,5485.92842,5072.41033
3,600.0,0.05,4.0,2.0,0.0,0.63122,0.6218,4701.44132,10510.65583,0.5527,4201.0,4202.0,680.72459,3876.11528,5485.92842,5072.41033
4,600.0,0.05,5.0,2.0,0.0,0.51772,0.6218,4701.44132,10510.65583,0.51772,4201.0,4201.0,281.93779,5069.05306,5485.92842,5072.41033
5,600.0,0.05,6.0,2.0,0.0,0.57475,0.6218,4701.44132,9114.82532,0.4842,4201.0,4203.0,0.0,3876.11528,5485.92842,5072.41033
