Omega,Tolerance,Step Size Rule,Iterations,Converged?,Gap LR,Gap Naive,Obj. Naive,Obj. LR (UB),"Obj. LR (LB),",Gap,Time Naive,Time LR,Final Lambda,LB Heuristic,BBP,Best iter,Lambda best iter,Gamma best iter
600.0,0.05,1.0,2.0,0.0,0.56952,0.6218,4701.44132,12755.21855,10510.65583,0.56952,4201.0,4201.0,445.13779,5490.91305,0.0,1.0,131.93779,-570.0
600.0,0.05,2.0,2.0,0.0,0.56952,0.6218,4701.44132,12755.21855,10510.65583,0.56952,4201.0,4202.0,131.93779,5490.91305,0.0,1.0,131.93779,-570.0
600.0,0.05,3.0,2.0,0.0,0.56952,0.6218,4701.44132,12755.21855,10510.65583,0.56952,4201.0,4202.0,679.43779,5490.91305,0.0,1.0,131.93779,-570.0
600.0,0.05,4.0,2.0,0.0,0.56952,0.6218,4701.44132,12755.21855,10510.65583,0.56952,4201.0,4203.0,680.72459,5490.91305,0.0,1.0,131.93779,-570.0
600.0,0.05,5.0,2.0,0.0,0.56952,0.6218,4701.44132,12755.21855,10510.65583,0.56952,4201.0,4202.0,281.93779,5490.91305,0.0,1.0,131.93779,-570.0
600.0,0.05,6.0,2.0,0.0,0.56952,0.6218,4701.44132,12755.21855,10510.65583,0.56952,4201.0,4201.0,0.0,5490.91305,0.0,1.0,131.93779,-570.0
