Omega,Tolerance,Step Size Rule,Iterations,Converged?,Gap LR,Gap Naive,Obj. Naive,Obj. LR,Gap,Time Naive,Time LR,Final Lambda,LB Heuristic
600.0,0.05,1.0,2.0,0.0,0.63122,0.6218,4701.44132,10510.65583,0.5527,4201.0,4202.0,445.13779,3876.11528
600.0,0.05,2.0,2.0,0.0,0.62407,0.6218,4701.44132,10310.65583,0.54402,4201.0,4202.0,132.63955,3876.11528
600.0,0.05,3.0,2.0,0.0,0.63122,0.6218,4701.44132,10510.65583,0.5527,4201.0,4203.0,679.43779,3876.11528
600.0,0.05,4.0,2.0,0.0,0.63122,0.6218,4701.44132,10510.65583,0.5527,4201.0,4202.0,680.72459,3876.11528
600.0,0.05,5.0,2.0,0.0,0.62039,0.6218,4701.44132,10210.65583,0.53956,4201.0,4203.0,132.72727,3876.11528
600.0,0.05,6.0,2.0,0.0,0.57475,0.6218,4701.44132,9114.82532,0.4842,4201.0,4203.0,0.0,3876.11528
