"Omega","Tolerance","Step Size Rule","Iterations","Converged?","Gap LR","Gap Naive","Obj. Naive","Obj. LR","Gap","Time Naive","Time LR","Final Lambda","LB Heuristic"
600.00000,0.05000,1.00000,2.00000,0.00000,0.56998,0.67851,4199.85394,10510.65583,0.56998,4249.00000,4322.00000,445.13779,4519.81560
600.00000,0.05000,2.00000,2.00000,0.00000,0.56164,0.67851,4199.85394,10310.65583,0.56164,4249.00000,4325.00000,132.63955,4519.81560
600.00000,0.05000,3.00000,2.00000,0.00000,0.56998,0.67851,4199.85394,10510.65583,0.56998,4249.00000,4325.00000,679.43779,4519.81560
600.00000,0.05000,4.00000,2.00000,0.00000,0.56998,0.67851,4199.85394,10510.65583,0.56998,4249.00000,4336.00000,680.72459,4519.81560
600.00000,0.05000,5.00000,2.00000,0.00000,0.55734,0.67851,4199.85394,10210.65583,0.55734,4249.00000,4305.00000,132.72727,4519.81560
600.00000,0.05000,6.00000,2.00000,0.00000,0.43155,0.67851,4199.85394,7951.10577,0.43155,4249.00000,4296.00000,0.00000,4519.81560
