"Omega","Tolerance","Step Size Rule","Iterations","Converged?","Gap LR","Gap Naive","Obj. Naive","Obj. LR","Gap","Time Naive","Time LR","Final Lambda","LB Heuristic"
600.00000,0.05000,1.00000,2.00000,0.00000,0.59608,0.63149,4814.00237,10510.65583,0.54199,4278.00000,4308.00000,445.13779,4245.49916
600.00000,0.05000,2.00000,2.00000,0.00000,0.58824,0.63149,4814.00237,10310.65583,0.53310,4278.00000,4317.00000,132.63955,4245.49916
600.00000,0.05000,3.00000,2.00000,0.00000,0.59608,0.63149,4814.00237,10510.65583,0.54199,4278.00000,4329.00000,679.43779,4245.49916
600.00000,0.05000,4.00000,2.00000,0.00000,0.59608,0.63149,4814.00237,10510.65583,0.54199,4278.00000,4330.00000,680.72459,4245.49916
600.00000,0.05000,5.00000,2.00000,0.00000,0.58421,0.63149,4814.00237,10210.65583,0.52853,4278.00000,4309.00000,132.72727,4245.49916
600.00000,0.05000,6.00000,2.00000,0.00000,0.46800,0.63149,4814.00237,7980.22683,0.39676,4278.00000,4283.00000,0.00000,4245.49916
