Omega,Tolerance,Step Size Rule,Iterations,Converged?,Gap LR,Gap Naive,Obj. Naive,Obj. LR (UB),"Obj. LR (LB),",Gap,Time Naive,Time LR,Final Lambda,LB Heuristic,BBP,Best iter,Lambda best iter,Gamma best iter
900.0,0.01,1.0,10.0,0.0,0.07532,0.16139,224.91268,264.83654,249.0124,0.07532,4250.0,2288.0,475.02,244.88827,0.0,1.0,0.85672,5.0
900.0,0.01,2.0,7.0,0.0,0.07532,0.16139,224.91268,264.83654,249.0124,0.07532,4250.0,2402.0,0.0,244.88827,0.0,1.0,0.85672,5.0
900.0,0.01,3.0,10.0,0.0,0.07532,0.16139,224.91268,264.83654,249.0124,0.07532,4250.0,2258.0,640.71331,244.88827,0.0,1.0,0.85672,5.0
900.0,0.01,4.0,10.0,0.0,0.07532,0.16139,224.91268,264.83654,249.0124,0.07532,4250.0,2271.0,600.20712,244.88827,0.0,1.0,0.85672,5.0
900.0,0.01,5.0,7.0,0.0,0.07532,0.16139,224.91268,264.83654,249.0124,0.07532,4250.0,2476.0,0.0,244.88827,0.0,1.0,0.85672,5.0
900.0,0.01,6.0,3.0,0.0,0.07532,0.16139,224.91268,264.83654,249.0124,0.07532,4250.0,4295.0,0.0,244.88827,0.0,1.0,0.85672,5.0
