Omega,Tolerance,Step Size Rule,Iterations,Converged?,Gap LR,Gap Naive,Obj. Naive,Obj. LR (UB),"Obj. LR (LB),",Gap,Time Naive,Time LR,Final Lambda,LB Heuristic,BBP,Best iter,Lambda best iter,Gamma best iter
900.0,0.01,1.0,10.0,0.0,0.06834,0.16139,224.91268,262.85211,249.0124,0.06834,4250.0,5286.0,475.02,244.88827,0.0,1.0,0.85672,5.0
900.0,0.01,2.0,10.0,0.0,0.06834,0.16139,224.91268,262.85211,249.0124,0.06834,4250.0,5620.0,200.0,244.88827,0.0,1.0,0.85672,5.0
900.0,0.01,3.0,10.0,0.0,0.06834,0.16139,224.91268,262.85211,249.0124,0.06834,4250.0,5231.0,640.71331,244.88827,0.0,1.0,0.85672,5.0
900.0,0.01,4.0,10.0,0.0,0.06834,0.16139,224.91268,262.85211,249.0124,0.06834,4250.0,5237.0,600.20712,244.88827,0.0,1.0,0.85672,5.0
900.0,0.01,5.0,10.0,0.0,0.06834,0.16139,224.91268,262.85211,249.0124,0.06834,4250.0,5783.0,0.0,244.88827,0.0,1.0,0.85672,5.0
900.0,0.01,6.0,9.0,0.0,0.03378,0.16139,224.91268,253.44932,253.44932,0.03378,4250.0,52716.0,0.84862,244.88827,0.0,7.0,1.45565,6.0
