Omega,Tolerance,Step Size Rule,Iterations,Converged?,Gap LR,Gap Naive,Obj. Naive,Obj. LR,Gap,Time Naive,Time LR,Final Lambda,LB Heuristic
900.0,0.01,1.0,1.0,1.0,0.0,0.16139,224.91268,244.88827,0.0,4250.0,2143.0,0.85672,244.88827
900.0,0.01,2.0,1.0,1.0,0.0,0.16139,224.91268,244.88827,0.0,4250.0,2141.0,0.85672,244.88827
900.0,0.01,3.0,1.0,1.0,0.0,0.16139,224.91268,244.88827,0.0,4250.0,2137.0,0.85672,244.88827
900.0,0.01,4.0,1.0,1.0,0.0,0.16139,224.91268,244.88827,0.0,4250.0,2154.0,0.85672,244.88827
900.0,0.01,5.0,1.0,1.0,0.0,0.16139,224.91268,244.88827,0.0,4250.0,2142.0,0.85672,244.88827
900.0,0.01,6.0,1.0,1.0,0.0,0.16139,224.91268,244.88827,0.0,4250.0,2139.0,0.85672,244.88827
