Omega,Tolerance,Step Size Rule,Iterations,Converged?,Gap LR,Gap Naive,Obj. Naive,Obj. LR (UB),"Obj. LR (LB),",Gap,Time Naive,Time LR,Final Lambda,LB Heuristic,BBP,Best iter,Lambda best iter,Gamma best iter
900.0,0.01,1.0,10.0,0.0,0.06834,0.16139,224.91268,262.85211,249.0124,0.06834,4250.0,5284.0,475.02,244.88827,0.0,1.0,0.85672,5.0
900.0,0.01,2.0,10.0,0.0,0.06834,0.16139,224.91268,262.85211,249.0124,0.06834,4250.0,5616.0,200.0,244.88827,0.0,1.0,0.85672,5.0
900.0,0.01,3.0,10.0,0.0,0.06834,0.16139,224.91268,262.85211,249.0124,0.06834,4250.0,5236.0,640.71331,244.88827,0.0,1.0,0.85672,5.0
900.0,0.01,4.0,10.0,0.0,0.06834,0.16139,224.91268,262.85211,249.0124,0.06834,4250.0,5239.0,600.20712,244.88827,0.0,1.0,0.85672,5.0
900.0,0.01,5.0,10.0,0.0,0.06834,0.16139,224.91268,262.85211,249.0124,0.06834,4250.0,5784.0,0.0,244.88827,0.0,1.0,0.85672,5.0
900.0,0.01,6.0,3.0,0.0,0.04994,0.16139,224.91268,257.76208,248.89438,0.04994,4250.0,20118.0,3.43581,244.88827,0.0,3.0,0.57497,-9.0
