,Omega,Tolerance,Step Size Rule,Iterations,Converged?,Gap LR,Gap Naive,Obj. Naive,Obj. LR,Gap,Time Naive,Time LR,Final Lambda,LB Heuristic,IR,AP
0,900.0,0.01,1.0,7.0,0.0,0.01656,0.16139,224.91268,249.0124,0.01656,4250.0,2251.0,490.68,244.88827,-234.38234,0.0
1,900.0,0.01,2.0,3.0,0.0,0.01656,0.16139,224.91268,249.0124,0.01656,4250.0,2930.0,0.44893,244.88827,-234.38234,0.0
2,900.0,0.01,3.0,8.0,0.0,0.01656,0.16139,224.91268,249.0124,0.01656,4250.0,2251.0,645.41786,244.88827,-234.38234,0.0
3,900.0,0.01,4.0,7.0,0.0,0.01656,0.16139,224.91268,249.0124,0.01656,4250.0,2257.0,609.23515,244.88827,-234.38234,0.0
4,900.0,0.01,5.0,3.0,0.0,0.01656,0.16139,224.91268,249.0124,0.01656,4250.0,2550.0,0.28058,244.88827,-234.38234,0.0
5,900.0,0.01,6.0,3.0,0.0,0.00663,0.16139,224.91268,246.52238,0.00663,4250.0,4300.0,0.0,244.88827,-234.38234,0.0
