"Omega","Tolerance","Step Size Rule","Iterations","Converged?","Gap LR","Gap Naive","Obj. Naive","Obj. LR","Gap","Time Naive","Time LR","Final Lambda","LB Heuristic"
600.00000,0.05000,1.00000,2.00000,0.00000,0.21523,0.91420,1102.28275,5113.71007,0.21523,4206.00000,2492.00000,458.65199,4013.10912
600.00000,0.05000,2.00000,3.00000,0.00000,0.42989,0.91420,1102.28275,7039.18216,0.42989,4206.00000,2539.00000,124.69810,4013.10912
600.00000,0.05000,3.00000,3.00000,0.00000,0.42989,0.91420,1102.28275,7039.18216,0.42989,4206.00000,4418.00000,519.19199,4013.10912
600.00000,0.05000,4.00000,3.00000,0.00000,0.47417,0.91420,1102.28275,7631.98314,0.47417,4206.00000,4423.00000,489.42235,4013.10912
600.00000,0.05000,5.00000,3.00000,0.00000,0.47068,0.91420,1102.28275,7581.68003,0.47068,4206.00000,2491.00000,122.78576,4013.10912
600.00000,0.05000,6.00000,3.00000,0.00000,0.47883,0.91420,1102.28275,7700.12625,0.47883,4206.00000,4378.00000,11.66202,4013.10912
