"Omega","Tolerance","Step Size Rule","Iterations","Converged?","Gap LR","Gap Naive","Obj. Naive","Obj. LR","Gap","Time Naive","Time LR","Final Lambda","LB Heuristic"
600.00000,0.05000,1.00000,2.00000,0.00000,0.57269,1.00000,437.92388,10257.32179,0.57269,4231.00000,4243.00000,445.89199,4383.08563
600.00000,0.05000,2.00000,2.00000,0.00000,0.56419,1.00000,437.92388,10057.32179,0.56419,4231.00000,4245.00000,133.39375,4383.08563
600.00000,0.05000,3.00000,2.00000,0.00000,0.57269,1.00000,437.92388,10257.32179,0.57269,4231.00000,4273.00000,680.19199,4383.08563
600.00000,0.05000,4.00000,2.00000,0.00000,0.57269,1.00000,437.92388,10257.32179,0.57269,4231.00000,4247.00000,681.47879,4383.08563
600.00000,0.05000,5.00000,2.00000,0.00000,0.55981,1.00000,437.92388,9957.32179,0.55981,4231.00000,4241.00000,133.48147,4383.08563
600.00000,0.05000,6.00000,2.00000,0.00000,0.47732,1.00000,437.92388,8385.82187,0.47732,4231.00000,4225.00000,0.00000,4383.08563
