Omega,Tolerance,Step Size Rule,Iterations,Converged?,Gap LR,Gap Naive,Obj. Naive,Obj. LR,Gap,Time Naive,Time LR,Final Lambda,LB Heuristic
600.0,0.01,1.0,2.0,0.0,0.00235,0.07176,244.96548,249.92196,0.00235,4240.0,2516.0,344.52,249.33468
600.0,0.01,2.0,2.0,0.0,0.00235,0.07176,244.96548,249.92196,0.00235,4240.0,2542.0,0.3367,249.33468
600.0,0.01,3.0,2.0,0.0,0.00235,0.07176,244.96548,249.92196,0.00235,4240.0,2537.0,445.5,249.33468
600.0,0.01,4.0,2.0,0.0,0.00235,0.07176,244.96548,249.92196,0.00235,4240.0,2512.0,420.02143,249.33468
600.0,0.01,5.0,2.0,0.0,0.00235,0.07176,244.96548,249.92196,0.00235,4240.0,2558.0,0.25253,249.33468
600.0,0.01,6.0,2.0,0.0,0.00235,0.07176,244.96548,249.92196,0.00235,4240.0,3613.0,0.0,249.33468
,,,,,,,,,,,,,0.0
,,,,,,,,,,,,,0.0
