Omega,Tolerance,Step Size Rule,Iterations,Converged?,Gap LR,Gap Naive,Obj. Naive,Obj. LR (UB),"Obj. LR (LB),",Gap,Time Naive,Time LR,Final Lambda,LB Heuristic,BBP,Best iter,Lambda best iter,Gamma best iter
600.0,0.01,1.0,10.0,0.0,0.01425,0.07176,244.96548,252.93779,252.93779,0.01425,4240.0,4210.0,316.68,249.33468,0.0,1.0,1.30713,4.0
600.0,0.01,2.0,10.0,0.0,0.01425,0.07176,244.96548,252.93779,252.93779,0.01425,4240.0,4315.0,200.0,249.33468,0.0,1.0,1.30713,4.0
600.0,0.01,3.0,10.0,0.0,0.01425,0.07176,244.96548,252.93779,252.93779,0.01425,4240.0,4171.0,427.14221,249.33468,0.0,1.0,1.30713,4.0
600.0,0.01,4.0,10.0,0.0,0.01425,0.07176,244.96548,252.93779,252.93779,0.01425,4240.0,4181.0,400.13808,249.33468,0.0,1.0,1.30713,4.0
600.0,0.01,5.0,10.0,0.0,0.01425,0.07176,244.96548,252.93779,252.93779,0.01425,4240.0,4361.0,0.0,249.33468,0.0,1.0,1.30713,4.0
600.0,0.01,6.0,7.0,0.0,0.00759,0.07176,244.96548,251.24059,251.24059,0.00759,4240.0,29847.0,1.10283,249.33468,0.0,3.0,0.83473,1.0
