Omega,Tolerance,Step Size Rule,Iterations,Converged?,Gap LR,Gap Naive,Obj. Naive,Obj. LR (UB),"Obj. LR (LB),",Gap,Time Naive,Time LR,Final Lambda,LB Heuristic,BBP,Best iter,Lambda best iter,Gamma best iter
600.0,0.01,1.0,10.0,0.0,0.05364,0.07176,244.96548,263.46774,251.74042,0.05364,4240.0,2140.0,316.68,249.33468,0.0,1.0,1.30713,3.0
600.0,0.01,2.0,10.0,0.0,0.05409,0.07176,244.96548,263.59121,251.74042,0.05409,4240.0,2180.0,200.0,249.33468,0.0,1.0,1.30713,3.0
600.0,0.01,3.0,10.0,0.0,0.05325,0.07176,244.96548,263.35763,251.74042,0.05325,4240.0,2141.0,427.14221,249.33468,0.0,1.0,1.30713,3.0
600.0,0.01,4.0,10.0,0.0,0.05359,0.07176,244.96548,263.4526,251.74042,0.05359,4240.0,2141.0,400.13808,249.33468,0.0,1.0,1.30713,3.0
600.0,0.01,5.0,10.0,0.0,0.05409,0.07176,244.96548,263.59121,251.74042,0.05409,4240.0,2203.0,0.0,249.33468,0.0,1.0,1.30713,3.0
600.0,0.01,6.0,3.0,0.0,0.03624,0.07176,244.96548,258.71161,251.23904,0.03624,4240.0,4255.0,0.0,249.33468,0.0,3.0,0.83473,2.0
