"Omega","Tolerance","Step Size Rule","Iterations","Converged?","Gap LR","Gap Naive","Obj. Naive","Obj. LR","Gap","Time Naive","Time LR","Final Lambda","LB Heuristic"
600.00000,0.01000,1.00000,2.00000,0.00000,0.00235,0.06439,249.33468,249.92196,0.00235,4258.00000,2787.00000,344.52000,249.33468
600.00000,0.01000,2.00000,2.00000,0.00000,0.00235,0.06439,249.33468,249.92196,0.00235,4258.00000,2677.00000,0.33670,249.33468
600.00000,0.01000,3.00000,2.00000,0.00000,0.00235,0.06439,249.33468,249.92196,0.00235,4258.00000,2691.00000,445.50000,249.33468
600.00000,0.01000,4.00000,2.00000,0.00000,0.00235,0.06439,249.33468,249.92196,0.00235,4258.00000,2666.00000,420.02143,249.33468
600.00000,0.01000,5.00000,2.00000,0.00000,0.00235,0.06439,249.33468,249.92196,0.00235,4258.00000,2569.00000,0.25253,249.33468
600.00000,0.01000,6.00000,2.00000,0.00000,0.00401,0.06439,249.33468,250.33803,0.00401,4258.00000,3330.00000,0.53094,249.33468
