Omega,Tolerance,Step Size Rule,Iterations,Converged?,Gap LR,Gap Naive,Obj. Naive,Obj. LR,Gap,Time Naive,Time LR,Final Lambda,LB Heuristic
600.0,0.03,1.0,2.0,0.0,0.49837,0.74211,1974.53443,7189.35994,0.49837,4204.0,4202.0,460.92217,3606.41804
600.0,0.03,2.0,2.0,0.0,0.48401,0.74211,1974.53443,6989.35994,0.48401,4204.0,4203.0,134.48946,3606.41804
600.0,0.03,3.0,2.0,0.0,0.49837,0.74211,1974.53443,7189.35994,0.49837,4204.0,4203.0,702.30217,3606.41804
600.0,0.03,4.0,2.0,0.0,0.49837,0.74211,1974.53443,7189.35994,0.49837,4204.0,4202.0,703.07425,3606.41804
600.0,0.03,5.0,2.0,0.0,0.47652,0.55758,4816.24009,6889.35994,0.30092,4201.0,4203.0,134.57537,3606.41804
600.0,0.03,6.0,2.0,0.0,0.49837,0.74211,1974.53443,7189.35994,0.49837,4204.0,4203.0,0.0,3606.41804
