"Omega","Tolerance","Step Size Rule","Iterations","Converged?","Gap LR","Gap Naive","Obj. Naive","Obj. LR","Gap","Time Naive","Time LR","Final Lambda","LB Heuristic"
600.00000,0.01000,1.00000,2.00000,0.00000,0.09471,0.55005,4380.66546,4673.59555,0.06268,4273.00000,4327.00000,144.25851,4230.95293
600.00000,0.01000,2.00000,2.00000,0.00000,0.10979,0.55005,4380.66546,4752.75375,0.07829,4273.00000,2516.00000,81.40854,4230.95293
600.00000,0.01000,3.00000,2.00000,0.00000,0.13513,0.55005,4380.66546,4891.98285,0.10452,4273.00000,4377.00000,137.23851,4230.95293
600.00000,0.01000,4.00000,2.00000,0.00000,0.13840,0.55005,4380.66546,4910.58266,0.10791,4273.00000,4379.00000,137.49587,4230.95293
600.00000,0.01000,5.00000,2.00000,0.00000,0.14467,0.55005,4380.66546,4946.58266,0.11441,4273.00000,2643.00000,97.99103,4230.95293
600.00000,0.01000,6.00000,2.00000,0.00000,0.14467,0.55005,4380.66546,4946.58266,0.11441,4273.00000,2575.00000,273.89566,4230.95293
