,Omega,Tolerance,Step Size Rule,Iterations,Converged?,Gap LR,Gap Naive,Obj. Naive,Obj. LR,Gap,Time Naive,Time LR,Final Lambda,LB Heuristic,IR,AP
0,100.0,0.07,1.0,10.0,0.0,0.07072,0.00878,281.35509,302.1751,0.0689,784.0,346.0,20.23406,280.80655,-277.53288,-278.81561
1,100.0,0.07,2.0,10.0,0.0,0.05508,0.00878,281.35509,297.17361,0.05323,784.0,729.0,4.30108,280.80655,-277.53288,-278.81561
2,100.0,0.07,3.0,10.0,0.0,0.07072,0.00878,281.35509,302.1751,0.0689,784.0,313.0,69.16664,280.80655,-277.53288,-278.81561
3,100.0,0.07,4.0,10.0,0.0,0.07072,0.00878,281.35509,302.1751,0.0689,784.0,315.0,67.68708,280.80655,-277.53288,-278.81561
4,100.0,0.07,5.0,10.0,0.0,0.03737,0.00878,281.35509,291.70811,0.03549,784.0,628.0,1.08423,280.80655,-277.53288,-278.81561
5,100.0,0.07,6.0,10.0,0.0,0.03736,0.00878,281.35509,291.70537,0.03548,784.0,1676.0,1.70148,280.80655,-277.53288,-278.81561
