,Omega,Tolerance,Step Size Rule,Iterations,Converged?,Gap LR,Gap Naive,Obj. Naive,Obj. LR (UB),"Obj. LR (LB),",Gap,Time Naive,Time LR,Final Lambda,LB Heuristic,BBP,Best iter,Lambda best iter,Gamma best iter,Obj. LR,Time,QP,IR,AP
0,900.0,0.05,1.0,5.0,0.0,0.56983,0.66397,4300.67035,12868.23361,10604.19942,0.56983,4202.0,55009.0,479.53876,5535.48797,0.0,1.0,88.03876,-855.0,,,-4686.164,-5535.48797,-5191.35495
1,900.0,0.05,2.0,5.0,0.0,0.56427,0.66397,4300.67035,12703.79694,10604.19942,0.56427,4202.0,55010.0,288.03876,5535.48797,0.0,3.0,88.03876,-855.0,,,-4686.164,-5535.48797,-5191.35495
2,900.0,0.05,3.0,5.0,0.0,0.56983,0.66397,4300.67035,12868.23361,10604.19942,0.56983,4202.0,55010.0,840.50305,5535.48797,0.0,1.0,88.03876,-855.0,,,-4686.164,-5535.48797,-5191.35495
3,900.0,0.05,4.0,5.0,0.0,0.57018,0.66397,4300.67035,12878.71491,10604.19942,0.57018,4202.0,55011.0,842.61358,5535.48797,0.0,1.0,88.03876,-855.0,,,-4686.164,-5535.48797,-5191.35495
4,900.0,0.05,5.0,6.0,0.0,0.56983,0.66397,4300.67035,12868.23361,10604.19942,0.56983,4202.0,55032.0,73.03876,5535.48797,0.0,1.0,88.03876,-855.0,,,-4686.164,-5535.48797,-5191.35495
5,900.0,0.05,6.0,10.0,0.0,0.56983,0.66397,4300.67035,12868.23361,10604.19942,0.56983,4202.0,25195.0,85.46861,5535.48797,0.0,1.0,88.03876,-855.0,,,-4686.164,-5535.48797,-5191.35495
