Omega,Tolerance,Step Size Rule,Iterations,Converged?,Gap LR,Gap Naive,Obj. Naive,Obj. LR (UB),"Obj. LR (LB),",Gap,Time Naive,Time LR,Final Lambda,LB Heuristic,BBP,Best iter,Lambda best iter,Gamma best iter
900.0,0.05,1.0,2.0,0.0,0.57438,0.66397,4300.67035,13005.76022,10604.19942,0.57438,4202.0,4204.0,557.83876,5535.48797,0.0,1.0,88.03876,-855.0
900.0,0.05,2.0,2.0,0.0,0.57438,0.66397,4300.67035,13005.76022,10604.19942,0.57438,4202.0,4203.0,88.03876,5535.48797,0.0,1.0,88.03876,-855.0
900.0,0.05,3.0,2.0,0.0,0.57438,0.66397,4300.67035,13005.76022,10604.19942,0.57438,4202.0,4202.0,909.28876,5535.48797,0.0,1.0,88.03876,-855.0
900.0,0.05,4.0,2.0,0.0,0.57438,0.66397,4300.67035,13005.76022,10604.19942,0.57438,4202.0,4202.0,911.21895,5535.48797,0.0,1.0,88.03876,-855.0
900.0,0.05,5.0,2.0,0.0,0.57438,0.66397,4300.67035,13005.76022,10604.19942,0.57438,4202.0,4202.0,238.03876,5535.48797,0.0,1.0,88.03876,-855.0
900.0,0.05,6.0,2.0,0.0,0.57438,0.66397,4300.67035,13005.76022,10604.19942,0.57438,4202.0,4204.0,0.0,5535.48797,0.0,1.0,88.03876,-855.0
