,Omega,Tolerance,Step Size Rule,Iterations,Converged?,Gap LR,Gap Naive,Obj. Naive,Obj. LR,Gap,Time Naive,Time LR,Final Lambda,LB Heuristic,IR,AP
0,900.0,0.05,1.0,2.0,0.0,0.62716,0.66397,4300.67035,10604.19942,0.59444,4202.0,4204.0,557.83876,3953.66748,5535.50471,5193.58169
1,900.0,0.05,2.0,2.0,0.0,0.51044,0.66397,4300.67035,10604.19942,0.51044,4202.0,4204.0,88.03876,5191.35495,5535.50471,5193.58169
2,900.0,0.05,3.0,2.0,0.0,0.62716,0.66397,4300.67035,10604.19942,0.59444,4202.0,4202.0,909.28876,3953.66748,5535.50471,5193.58169
3,900.0,0.05,4.0,2.0,0.0,0.62716,0.66397,4300.67035,10604.19942,0.59444,4202.0,4203.0,911.21895,3953.66748,5535.50471,5193.58169
4,900.0,0.05,5.0,2.0,0.0,0.51044,0.66397,4300.67035,10604.19942,0.51044,4202.0,4205.0,238.03876,5191.35495,5535.50471,5193.58169
5,900.0,0.05,6.0,2.0,0.0,0.54782,0.66397,4300.67035,8743.56735,0.50813,4202.0,4202.0,0.0,3953.66748,5535.50471,5193.58169
