Omega,Tolerance,Step Size Rule,Iterations,Converged?,Gap LR,Gap Naive,Obj. Naive,Obj. LR,Gap,Time Naive,Time LR,Final Lambda,LB Heuristic
900.0,0.07,1.0,1.0,1.0,0.0,1.0,233.10605,249.05507,0.0,4251.0,2133.0,0.30526,249.05507
900.0,0.07,2.0,1.0,1.0,0.0,1.0,233.10605,249.05507,0.0,4251.0,2123.0,0.30526,249.05507
900.0,0.07,3.0,1.0,1.0,0.0,1.0,233.10605,249.05507,0.0,4251.0,2127.0,0.30526,249.05507
900.0,0.07,4.0,1.0,1.0,0.0,1.0,233.10605,249.05507,0.0,4251.0,2128.0,0.30526,249.05507
900.0,0.07,5.0,1.0,1.0,0.0,1.0,233.10605,249.05507,0.0,4251.0,2123.0,0.30526,249.05507
900.0,0.07,6.0,1.0,1.0,0.0,1.0,233.10605,249.05507,0.0,4251.0,2131.0,0.30526,249.05507
