"Omega","Tolerance","Step Size Rule","Iterations","Converged?","Gap LR","Gap Naive","Obj. Naive","Obj. LR","Gap","Time Naive","Time LR","Final Lambda","LB Heuristic"
900.00000,0.07000,1.00000,1.00000,1.00000,0.00000,0.15039,249.05507,249.05507,0.00000,4298.00000,2176.00000,0.30526,249.05507
900.00000,0.07000,2.00000,1.00000,1.00000,0.00000,0.15039,249.05507,249.05507,0.00000,4298.00000,2176.00000,0.30526,249.05507
900.00000,0.07000,3.00000,1.00000,1.00000,0.00000,0.15039,249.05507,249.05507,0.00000,4298.00000,2163.00000,0.30526,249.05507
900.00000,0.07000,4.00000,1.00000,1.00000,0.00000,0.15039,249.05507,249.05507,0.00000,4298.00000,2165.00000,0.30526,249.05507
900.00000,0.07000,5.00000,1.00000,1.00000,0.00000,0.15039,249.05507,249.05507,0.00000,4298.00000,2166.00000,0.30526,249.05507
900.00000,0.07000,6.00000,1.00000,1.00000,0.00000,0.15039,249.05507,249.05507,0.00000,4298.00000,2147.00000,0.30526,249.05507
