Omega,Tolerance,Step Size Rule,Iterations,Converged?,Gap LR,Gap Naive,Obj. Naive,Obj. LR,Gap,Time Naive,Time LR,Final Lambda,LB Heuristic
900.0,0.03,1.0,1.0,1.0,0.0,1.0,226.37694,248.39831,0.0,4251.0,2137.0,0.37164,248.39831
900.0,0.03,2.0,1.0,1.0,0.0,1.0,226.37694,248.39831,0.0,4251.0,2129.0,0.37164,248.39831
900.0,0.03,3.0,1.0,1.0,0.0,1.0,226.37694,248.39831,0.0,4251.0,2133.0,0.37164,248.39831
900.0,0.03,4.0,1.0,1.0,0.0,1.0,226.37694,248.39831,0.0,4251.0,2147.0,0.37164,248.39831
900.0,0.03,5.0,1.0,1.0,0.0,1.0,226.37694,248.39831,0.0,4251.0,2135.0,0.37164,248.39831
900.0,0.03,6.0,1.0,1.0,0.0,1.0,226.37694,248.39831,0.0,4251.0,2136.0,0.37164,248.39831
