"Omega","Tolerance","Step Size Rule","Iterations","Converged?","Gap LR","Gap Naive","Obj. Naive","Obj. LR","Gap","Time Naive","Time LR","Final Lambda","LB Heuristic"
900.00000,0.03000,1.00000,1.00000,1.00000,0.00000,0.11419,248.39831,248.39831,0.00000,4291.00000,2181.00000,0.37164,248.39831
900.00000,0.03000,2.00000,1.00000,1.00000,0.00000,0.11419,248.39831,248.39831,0.00000,4291.00000,2170.00000,0.37164,248.39831
900.00000,0.03000,3.00000,1.00000,1.00000,0.00000,0.11419,248.39831,248.39831,0.00000,4291.00000,2163.00000,0.37164,248.39831
900.00000,0.03000,4.00000,1.00000,1.00000,0.00000,0.11419,248.39831,248.39831,0.00000,4291.00000,2161.00000,0.37164,248.39831
900.00000,0.03000,5.00000,1.00000,1.00000,0.00000,0.11419,248.39831,248.39831,0.00000,4291.00000,2154.00000,0.37164,248.39831
900.00000,0.03000,6.00000,1.00000,1.00000,0.00000,0.11419,248.39831,248.39831,0.00000,4291.00000,2143.00000,0.37164,248.39831
