"Omega","Tolerance","Step Size Rule","Iterations","Converged?","Gap LR","Gap Naive","Obj. Naive","Obj. LR","Gap","Time Naive","Time LR","Final Lambda","LB Heuristic"
600.00000,0.07000,1.00000,3.00000,0.00000,0.16436,0.97306,388.45523,5023.32495,0.16436,4206.00000,4464.00000,424.65000,4197.68368
600.00000,0.07000,2.00000,3.00000,0.00000,0.48529,0.97306,388.45523,8155.47784,0.48529,4206.00000,2530.00000,126.40624,4197.68368
600.00000,0.07000,3.00000,3.00000,0.00000,0.49499,0.97306,388.45523,8312.01873,0.49499,4206.00000,4379.00000,491.05000,4197.68368
600.00000,0.07000,4.00000,3.00000,0.00000,0.49200,0.97306,388.45523,8263.15075,0.49200,4206.00000,4359.00000,468.06687,4197.68368
600.00000,0.07000,5.00000,3.00000,0.00000,0.50839,0.97306,388.45523,8538.61141,0.50839,4206.00000,2478.00000,124.08992,4197.68368
600.00000,0.07000,6.00000,3.00000,0.00000,0.49499,0.97306,388.45523,8312.01873,0.49499,4206.00000,4360.00000,9.69852,4197.68368
