"Omega","Tolerance","Step Size Rule","Iterations","Converged?","Gap LR","Gap Naive","Obj. Naive","Obj. LR","Gap","Time Naive","Time LR","Final Lambda","LB Heuristic"
600.00000,0.07000,1.00000,2.00000,0.00000,0.63042,1.00000,388.45523,12805.90602,0.63042,4231.00000,4246.00000,431.03000,4732.85885
600.00000,0.07000,2.00000,2.00000,0.00000,0.62455,1.00000,388.45523,12605.90602,0.62455,4231.00000,4244.00000,132.46684,4732.85885
600.00000,0.07000,3.00000,2.00000,0.00000,0.63042,1.00000,388.45523,12805.90602,0.63042,4231.00000,4246.00000,658.25000,4732.85885
600.00000,0.07000,4.00000,2.00000,0.00000,0.63042,1.00000,388.45523,12805.90602,0.63042,4231.00000,4249.00000,660.05151,4732.85885
600.00000,0.07000,5.00000,2.00000,0.00000,0.62155,1.00000,388.45523,12505.90602,0.62155,4231.00000,4242.00000,132.55645,4732.85885
600.00000,0.07000,6.00000,2.00000,0.00000,0.55202,1.00000,388.45523,10564.77637,0.55202,4231.00000,4225.00000,0.00000,4732.85885
