Omega,Tolerance,Step Size Rule,Iterations,Converged?,Gap LR,Gap Naive,Obj. Naive,Obj. LR (UB),"Obj. LR (LB),",Gap,Time Naive,Time LR,Final Lambda,LB Heuristic,BBP,Best iter,Lambda best iter,Gamma best iter
900.0,0.01,1.0,10.0,0.0,0.0729,0.1564,226.40261,262.68655,250.86148,0.0729,4250.0,10031.0,475.27456,243.53603,0.0,1.0,0.83456,1.0
900.0,0.01,2.0,10.0,0.0,0.0729,0.1564,226.40261,262.68655,250.86148,0.0729,4250.0,5349.0,200.0,243.53603,0.0,1.0,0.83456,1.0
900.0,0.01,3.0,10.0,0.0,0.0729,0.1564,226.40261,262.68655,250.86148,0.0729,4250.0,5136.0,640.71331,243.53603,0.0,1.0,0.83456,1.0
900.0,0.01,4.0,10.0,0.0,0.0729,0.1564,226.40261,262.68655,250.86148,0.0729,4250.0,5133.0,600.20712,243.53603,0.0,1.0,0.83456,1.0
900.0,0.01,5.0,10.0,0.0,0.0729,0.1564,226.40261,262.68655,250.86148,0.0729,4250.0,5582.0,0.0,243.53603,0.0,1.0,0.83456,1.0
900.0,0.01,6.0,3.0,0.0,0.0729,0.1564,226.40261,262.68655,250.86148,0.0729,4250.0,20072.0,20.6089,243.53603,0.0,1.0,0.83456,1.0
