Omega,Tolerance,Step Size Rule,Iterations,Converged?,Gap LR,Gap Naive,Obj. Naive,Obj. LR (UB),"Obj. LR (LB),",Gap,Time Naive,Time LR,Final Lambda,LB Heuristic,BBP,Best iter,Lambda best iter,Gamma best iter
900.0,0.01,1.0,10.0,0.0,0.08587,0.1564,226.40261,266.41186,250.11184,0.08587,4250.0,2308.0,475.02,243.53603,0.0,1.0,0.83456,8.0
900.0,0.01,2.0,8.0,0.0,0.08587,0.1564,226.40261,266.41186,250.11184,0.08587,4250.0,2454.0,200.0,243.53603,0.0,1.0,0.83456,8.0
900.0,0.01,3.0,7.0,0.0,0.08587,0.1564,226.40261,266.41186,250.2483,0.08587,4250.0,2401.0,519.86786,243.53603,0.0,1.0,0.83456,-3.0
900.0,0.01,4.0,10.0,0.0,0.08587,0.1564,226.40261,266.41186,250.11184,0.08587,4250.0,2289.0,600.20712,243.53603,0.0,1.0,0.83456,8.0
900.0,0.01,5.0,7.0,0.0,0.08587,0.1564,226.40261,266.41186,250.11184,0.08587,4250.0,2475.0,0.0,243.53603,0.0,1.0,0.83456,8.0
900.0,0.01,6.0,4.0,0.0,0.08587,0.1564,226.40261,266.41186,250.2483,0.08587,4250.0,4373.0,1.30351,243.53603,0.0,1.0,0.83456,-3.0
