Omega,Tolerance,Step Size Rule,Iterations,Converged?,Gap LR,Gap Naive,Obj. Naive,Obj. LR (UB),"Obj. LR (LB),",Gap,Time Naive,Time LR,Final Lambda,LB Heuristic,BBP,Best iter,Lambda best iter,Gamma best iter
900.0,0.01,1.0,10.0,0.0,0.0729,0.1564,226.40261,262.68655,250.86148,0.0729,4250.0,10031.0,475.27456,243.53603,0.0,1.0,0.83456,1.0
900.0,0.01,2.0,10.0,0.0,0.0729,0.1564,226.40261,262.68655,250.86148,0.0729,4250.0,5348.0,200.0,243.53603,0.0,1.0,0.83456,1.0
900.0,0.01,3.0,10.0,0.0,0.0729,0.1564,226.40261,262.68655,250.86148,0.0729,4250.0,5129.0,640.71331,243.53603,0.0,1.0,0.83456,1.0
900.0,0.01,4.0,10.0,0.0,0.0729,0.1564,226.40261,262.68655,250.86148,0.0729,4250.0,5136.0,600.20712,243.53603,0.0,1.0,0.83456,1.0
900.0,0.01,5.0,10.0,0.0,0.0729,0.1564,226.40261,262.68655,250.86148,0.0729,4250.0,5580.0,0.0,243.53603,0.0,1.0,0.83456,1.0
900.0,0.01,6.0,8.0,0.0,0.03232,0.1564,226.40261,251.66961,251.66961,0.03232,4250.0,47822.0,0.0,243.53603,0.0,8.0,0.82626,1.0
