,Omega,Tolerance,Step Size Rule,Iterations,Converged?,Gap LR,Gap Naive,Obj. Naive,Obj. LR,Gap,Time Naive,Time LR,Final Lambda,LB Heuristic,IR,AP
0,900.0,0.01,1.0,2.0,0.0,0.02682,0.1564,226.40261,250.2483,0.02682,4250.0,2559.0,0.0,243.53603,0.0,0.0
1,900.0,0.01,2.0,4.0,0.0,0.02682,0.1564,226.40261,250.2483,0.02682,4250.0,2251.0,0.83456,243.53603,0.0,0.0
2,900.0,0.01,3.0,2.0,0.0,0.02682,0.1564,226.40261,250.2483,0.02682,4250.0,2269.0,0.0,243.53603,0.0,0.0
3,900.0,0.01,4.0,2.0,0.0,0.02682,0.1564,226.40261,250.2483,0.02682,4250.0,2274.0,0.0,243.53603,0.0,0.0
4,900.0,0.01,5.0,3.0,0.0,0.02629,0.1564,226.40261,250.11184,0.02629,4250.0,3475.0,0.28058,243.53603,0.0,0.0
5,900.0,0.01,6.0,3.0,0.0,0.02542,0.1564,226.40261,249.88827,0.02542,4250.0,4294.0,6.92042,243.53603,0.0,0.0
