Omega,Tolerance,Step Size Rule,Iterations,Converged?,Gap LR,Gap Naive,Obj. Naive,Obj. LR,Gap,Time Naive,Time LR,Final Lambda,LB Heuristic
900.0,0.01,1.0,1.0,1.0,0.0,0.1564,226.40261,243.53603,0.0,4250.0,2147.0,0.83456,243.53603
900.0,0.01,2.0,1.0,1.0,0.0,0.1564,226.40261,243.53603,0.0,4250.0,2155.0,0.83456,243.53603
900.0,0.01,3.0,1.0,1.0,0.0,0.1564,226.40261,243.53603,0.0,4250.0,2140.0,0.83456,243.53603
900.0,0.01,4.0,1.0,1.0,0.0,0.1564,226.40261,243.53603,0.0,4250.0,2150.0,0.83456,243.53603
900.0,0.01,5.0,1.0,1.0,0.0,0.1564,226.40261,243.53603,0.0,4250.0,2146.0,0.83456,243.53603
900.0,0.01,6.0,1.0,1.0,0.0,0.1564,226.40261,243.53603,0.0,4250.0,2146.0,0.83456,243.53603
