"Omega","Tolerance","Step Size Rule","Iterations","Converged?","Gap LR","Gap Naive","Obj. Naive","Obj. LR","Gap","Time Naive","Time LR","Final Lambda","LB Heuristic"
600.00000,0.01000,1.00000,2.00000,0.00000,0.22488,0.55270,4381.64733,5172.59274,0.15291,4271.00000,4333.00000,136.27905,4009.37284
600.00000,0.01000,2.00000,2.00000,0.00000,0.23262,0.55270,4381.64733,5224.78392,0.16137,4271.00000,2626.00000,110.24241,4009.37284
600.00000,0.01000,3.00000,2.00000,0.00000,0.22537,0.55270,4381.64733,5175.88116,0.15345,4271.00000,4394.00000,132.73905,4009.37284
600.00000,0.01000,4.00000,2.00000,0.00000,0.23257,0.55270,4381.64733,5224.42870,0.16132,4271.00000,4363.00000,132.99641,4009.37284
600.00000,0.01000,5.00000,2.00000,0.00000,0.23782,0.55270,4381.64733,5260.42870,0.16706,4271.00000,2616.00000,93.49157,4009.37284
600.00000,0.01000,6.00000,2.00000,0.00000,0.22609,0.55270,4381.64733,5180.66959,0.15423,4271.00000,2614.00000,274.65093,4009.37284
