"Omega","Tolerance","Step Size Rule","Iterations","Converged?","Gap LR","Gap Naive","Obj. Naive","Obj. LR","Gap","Time Naive","Time LR","Final Lambda","LB Heuristic"
600.00000,0.07000,1.00000,1.00000,1.00000,0.00000,0.13769,252.64113,252.64113,0.00000,4251.00000,2153.00000,0.46026,252.64113
600.00000,0.07000,2.00000,1.00000,1.00000,0.00000,0.13769,252.64113,252.64113,0.00000,4251.00000,2144.00000,0.46026,252.64113
600.00000,0.07000,3.00000,2.00000,0.00000,0.00783,0.13769,252.64113,254.63573,0.00783,4251.00000,2750.00000,418.50000,252.64113
600.00000,0.07000,4.00000,2.00000,0.00000,0.00783,0.13769,252.64113,254.63573,0.00783,4251.00000,2738.00000,394.56558,252.64113
600.00000,0.07000,5.00000,2.00000,0.00000,0.00783,0.13769,252.64113,254.63573,0.00783,4251.00000,2789.00000,0.26882,252.64113
600.00000,0.07000,6.00000,2.00000,0.00000,0.00783,0.13769,252.64113,254.63573,0.00783,4251.00000,3261.00000,0.66334,252.64113
