"Omega","Tolerance","Step Size Rule","Iterations","Converged?","Gap LR","Gap Naive","Obj. Naive","Obj. LR","Gap","Time Naive","Time LR","Final Lambda","LB Heuristic"
600.00000,0.01000,1.00000,2.00000,0.00000,0.17957,0.54849,4469.25146,5244.87428,0.14788,4279.00000,4329.00000,138.56482,4303.03394
600.00000,0.01000,2.00000,2.00000,0.00000,0.18687,0.54849,4469.25146,5291.91010,0.15546,4279.00000,2647.00000,112.52818,4303.03394
600.00000,0.01000,3.00000,1.00000,1.00000,-0.14842,0.54849,4469.25146,3746.92619,-0.19278,4279.00000,2184.00000,145.52482,4303.03394
600.00000,0.01000,4.00000,1.00000,1.00000,-0.14842,0.54849,4469.25146,3746.92619,-0.19278,4279.00000,2185.00000,145.52482,4303.03394
600.00000,0.01000,5.00000,1.00000,1.00000,-0.14842,0.54849,4469.25146,3746.92619,-0.19278,4279.00000,2174.00000,145.52482,4303.03394
600.00000,0.01000,6.00000,1.00000,1.00000,-0.14842,0.54849,4469.25146,3746.92619,-0.19278,4279.00000,2174.00000,145.52482,4303.03394
