"Omega","Tolerance","Step Size Rule","Iterations","Converged?","Gap LR","Gap Naive","Obj. Naive","Obj. LR","Gap","Time Naive","Time LR","Final Lambda","LB Heuristic"
600.00000,0.01000,1.00000,2.00000,0.00000,0.12562,0.58694,3967.94436,4609.02023,0.12562,4205.00000,4215.00000,140.88482,4030.03071
600.00000,0.01000,2.00000,3.00000,0.00000,0.16366,0.58694,3967.94436,4818.65908,0.16366,4205.00000,2469.00000,106.19822,4030.03071
600.00000,0.01000,3.00000,2.00000,0.00000,0.09725,0.58694,3967.94436,4464.18379,0.09725,4205.00000,4220.00000,137.52482,4030.03071
600.00000,0.01000,4.00000,2.00000,0.00000,0.13272,0.58694,3967.94436,4646.76065,0.13272,4205.00000,4219.00000,137.69639,4030.03071
600.00000,0.01000,5.00000,3.00000,0.00000,0.16346,0.58694,3967.94436,4817.50835,0.16346,4205.00000,2506.00000,85.94569,4030.03071
600.00000,0.01000,6.00000,3.00000,0.00000,0.09725,0.58694,3967.94436,4464.18379,0.09725,4205.00000,4373.00000,54.48699,4030.03071
