"Omega","Tolerance","Step Size Rule","Iterations","Converged?","Gap LR","Gap Naive","Obj. Naive","Obj. LR","Gap","Time Naive","Time LR","Final Lambda","LB Heuristic"
600.00000,0.01000,1.00000,2.00000,0.00000,15.46363,0.65533,3403.34109,-320.30111,15.46363,4234.00000,4246.00000,486.56482,4632.71583
600.00000,0.01000,2.00000,2.00000,0.00000,-4.74007,0.65533,3403.34109,807.08375,-4.74007,4234.00000,3014.00000,112.52818,4632.71583
600.00000,0.01000,3.00000,2.00000,0.00000,-4.74007,0.65533,3403.34109,807.08375,-4.74007,4234.00000,4283.00000,585.02482,4632.71583
600.00000,0.01000,4.00000,2.00000,0.00000,2.94047,0.65533,3403.34109,-2387.42111,2.94047,4234.00000,4248.00000,735.28217,4632.71583
600.00000,0.01000,5.00000,2.00000,0.00000,2.72385,0.65533,3403.34109,-2687.42111,2.72385,4234.00000,4250.00000,146.28239,4632.71583
600.00000,0.01000,6.00000,2.00000,0.00000,-0.52069,0.65533,3403.34109,3046.45185,-0.52069,4234.00000,4235.00000,0.00000,4632.71583
