"Omega","Tolerance","Step Size Rule","Iterations","Converged?","Gap LR","Gap Naive","Obj. Naive","Obj. LR","Gap","Time Naive","Time LR","Final Lambda","LB Heuristic"
600.00000,0.03000,1.00000,2.00000,0.00000,0.01969,0.09720,251.42927,256.48056,0.01969,4245.00000,2819.00000,337.56000,251.42927
600.00000,0.03000,2.00000,2.00000,0.00000,0.01969,0.09720,251.42927,256.48056,0.01969,4245.00000,2698.00000,0.34364,251.42927
600.00000,0.03000,3.00000,2.00000,0.00000,0.01969,0.09720,251.42927,256.48056,0.01969,4245.00000,2697.00000,436.50000,251.42927
600.00000,0.03000,4.00000,2.00000,0.00000,0.01969,0.09720,251.42927,256.48056,0.01969,4245.00000,2674.00000,411.53615,251.42927
600.00000,0.03000,5.00000,2.00000,0.00000,0.01969,0.09720,251.42927,256.48056,0.01969,4245.00000,2664.00000,0.25773,251.42927
600.00000,0.03000,6.00000,3.00000,0.00000,0.01969,0.09720,251.42927,256.48056,0.01969,4245.00000,4502.00000,0.04731,251.42927
