,Omega,Tolerance,Step Size Rule,Iterations,Converged?,Gap LR,Gap Naive,Obj. Naive,Obj. LR,Gap,Time Naive,Time LR,Final Lambda,LB Heuristic,IR,AP
0,100.0,0.05,1.0,10.0,0.0,0.05359,0.00928,280.86532,296.70973,0.0534,445.0,337.0,31.76031,280.8087,-276.62466,-277.66903
1,100.0,0.05,2.0,10.0,0.0,0.05359,0.00928,280.86532,296.70973,0.0534,445.0,658.0,4.21053,280.8087,-276.62466,-277.66903
2,100.0,0.05,3.0,10.0,0.0,0.05359,0.00928,280.86532,296.70973,0.0534,445.0,299.0,78.71215,280.8087,-276.62466,-277.66903
3,100.0,0.05,4.0,10.0,0.0,0.05359,0.00928,280.86532,296.70973,0.0534,445.0,320.0,77.65532,280.8087,-276.62466,-277.66903
4,100.0,0.05,5.0,10.0,0.0,0.0365,0.00928,280.86532,291.448,0.03631,445.0,567.0,1.0614,280.8087,-276.62466,-277.66903
5,100.0,0.05,6.0,10.0,0.0,0.03531,0.00928,280.86532,291.08643,0.03511,445.0,982.0,2.54227,280.8087,-276.62466,-277.66903
