Omega,Tolerance,Step Size Rule,Iterations,Converged?,Gap LR,Gap Naive,Obj. Naive,Obj. LR (UB),"Obj. LR (LB),",Gap,Time Naive,Time LR,Final Lambda,LB Heuristic,BBP,Best iter,Lambda best iter,Gamma best iter
600.0,0.05,1.0,5.0,0.0,0.5829,0.6461,4406.58538,12647.98123,10382.27524,0.5829,4201.0,55009.0,393.11025,5275.44663,0.0,1.0,132.11025,-570.0
600.0,0.05,2.0,5.0,0.0,0.57708,0.6461,4406.58538,12473.90918,10382.27524,0.57708,4201.0,55013.0,332.11025,5275.44663,0.0,3.0,132.11025,-570.0
600.0,0.05,3.0,5.0,0.0,0.5829,0.6461,4406.58538,12647.98123,10382.27524,0.5829,4201.0,55012.0,633.75311,5275.44663,0.0,1.0,132.11025,-570.0
600.0,0.05,4.0,5.0,0.0,0.5829,0.6461,4406.58538,12647.98123,10382.27524,0.5829,4201.0,55012.0,635.16013,5275.44663,0.0,1.0,132.11025,-570.0
600.0,0.05,5.0,6.0,0.0,0.5829,0.6461,4406.58538,12647.98123,10382.27524,0.5829,4201.0,55024.0,117.11025,5275.44663,0.0,1.0,132.11025,-570.0
600.0,0.05,6.0,10.0,0.0,0.5829,0.6461,4406.58538,12647.98123,10382.27524,0.5829,4201.0,25204.0,128.30908,5275.44663,0.0,1.0,132.11025,-570.0
