Omega,Tolerance,Step Size Rule,Iterations,Converged?,Gap LR,Gap Naive,Obj. Naive,Obj. LR (UB),"Obj. LR (LB),",Gap,Time Naive,Time LR,Final Lambda,LB Heuristic,BBP,Best iter,Lambda best iter,Gamma best iter
600.0,0.05,1.0,2.0,0.0,0.5859,0.6461,4406.58538,12739.69431,10382.27524,0.5859,4201.0,4202.0,445.31025,5275.44663,0.0,1.0,132.11025,-570.0
600.0,0.05,2.0,2.0,0.0,0.58643,0.6461,4406.58538,12755.82035,10382.27524,0.58643,4201.0,4201.0,132.11025,5275.44663,0.0,1.0,132.11025,-570.0
600.0,0.05,3.0,2.0,0.0,0.5859,0.6461,4406.58538,12739.69431,10382.27524,0.5859,4201.0,4202.0,679.61025,5275.44663,0.0,1.0,132.11025,-570.0
600.0,0.05,4.0,2.0,0.0,0.5859,0.6461,4406.58538,12739.69431,10382.27524,0.5859,4201.0,4201.0,680.89705,5275.44663,0.0,1.0,132.11025,-570.0
600.0,0.05,5.0,2.0,0.0,0.5859,0.6461,4406.58538,12739.69431,10382.27524,0.5859,4201.0,4202.0,282.11025,5275.44663,0.0,1.0,132.11025,-570.0
600.0,0.05,6.0,2.0,0.0,0.5859,0.6461,4406.58538,12739.69431,10382.27524,0.5859,4201.0,4203.0,0.0,5275.44663,0.0,1.0,132.11025,-570.0
