,Omega,Tolerance,Step Size Rule,Iterations,Converged?,Gap LR,Gap Naive,Obj. Naive,Obj. LR,Gap,Time Naive,Time LR,Final Lambda,LB Heuristic,IR,AP
0,600.0,0.05,1.0,2.0,0.0,0.62614,0.6461,4406.58538,10382.27524,0.57557,4201.0,4203.0,445.31025,3881.48354,5277.12273,4986.99686
1,600.0,0.05,2.0,2.0,0.0,0.51998,0.6461,4406.58538,10382.27524,0.51998,4201.0,4202.0,132.11025,4983.66206,5277.12273,4986.99686
2,600.0,0.05,3.0,2.0,0.0,0.62614,0.6461,4406.58538,10382.27524,0.57557,4201.0,4202.0,679.61025,3881.48354,5277.12273,4986.99686
3,600.0,0.05,4.0,2.0,0.0,0.62614,0.6461,4406.58538,10382.27524,0.57557,4201.0,4202.0,680.89705,3881.48354,5277.12273,4986.99686
4,600.0,0.05,5.0,2.0,0.0,0.51998,0.6461,4406.58538,10382.27524,0.51998,4201.0,4203.0,282.11025,4983.66206,5277.12273,4986.99686
5,600.0,0.05,6.0,2.0,0.0,0.56448,0.6461,4406.58538,8912.27881,0.50556,4201.0,4202.0,0.0,3881.48354,5277.12273,4986.99686
