"Omega","Tolerance","Step Size Rule","Iterations","Converged?","Gap LR","Gap Naive","Obj. Naive","Obj. LR","Gap","Time Naive","Time LR","Final Lambda","LB Heuristic"
600.00000,0.05000,1.00000,2.00000,0.00000,0.62657,0.65273,4536.22157,10382.27524,0.56308,4278.00000,4319.00000,445.31025,3877.10104
600.00000,0.05000,2.00000,2.00000,0.00000,0.61923,0.65273,4536.22157,10182.27524,0.55450,4278.00000,4321.00000,132.81200,3877.10104
600.00000,0.05000,3.00000,2.00000,0.00000,0.62657,0.65273,4536.22157,10382.27524,0.56308,4278.00000,4332.00000,679.61025,3877.10104
600.00000,0.05000,4.00000,2.00000,0.00000,0.62657,0.65273,4536.22157,10382.27524,0.56308,4278.00000,4336.00000,680.89705,3877.10104
600.00000,0.05000,5.00000,2.00000,0.00000,0.61545,0.65273,4536.22157,10082.27524,0.55008,4278.00000,4300.00000,132.89972,3877.10104
600.00000,0.05000,6.00000,2.00000,0.00000,0.51663,0.65273,4536.22157,8021.00145,0.43446,4278.00000,4275.00000,0.00000,3877.10104
