Omega,Tolerance,Step Size Rule,Iterations,Converged?,Gap LR,Gap Naive,Obj. Naive,Obj. LR (UB),"Obj. LR (LB),",Gap,Time Naive,Time LR,Final Lambda,LB Heuristic,BBP,Best iter,Lambda best iter,Gamma best iter
900.0,0.01,1.0,10.0,0.0,0.08533,0.12089,236.88926,265.00171,246.67242,0.08533,4251.0,2235.0,475.02,242.38854,0.0,1.0,0.85962,4.0
900.0,0.01,2.0,8.0,0.0,0.08533,0.12089,236.88926,265.00171,246.67242,0.08533,4251.0,2403.0,200.0,242.38854,0.0,1.0,0.85962,4.0
900.0,0.01,3.0,10.0,0.0,0.08533,0.12089,236.88926,265.00171,246.67242,0.08533,4251.0,2213.0,640.71331,242.38854,0.0,1.0,0.85962,4.0
900.0,0.01,4.0,10.0,0.0,0.08533,0.12089,236.88926,265.00171,246.67242,0.08533,4251.0,2217.0,600.20712,242.38854,0.0,1.0,0.85962,4.0
900.0,0.01,5.0,9.0,0.0,0.08533,0.12089,236.88926,265.00171,246.67242,0.08533,4251.0,2408.0,4.16667,242.38854,0.0,1.0,0.85962,4.0
900.0,0.01,6.0,3.0,0.0,0.08533,0.12089,236.88926,265.00171,246.67242,0.08533,4251.0,4294.0,0.0,242.38854,0.0,1.0,0.85962,4.0
