,Omega,Tolerance,Step Size Rule,Iterations,Converged?,Gap LR,Gap Naive,Obj. Naive,Obj. LR,Gap,Time Naive,Time LR,Final Lambda,LB Heuristic,IR,AP
0,900.0,0.01,1.0,2.0,0.0,0.00883,0.12089,236.88926,244.54777,0.00883,4251.0,2380.0,516.78,242.38854,0.0,0.0
1,900.0,0.01,2.0,2.0,0.0,0.00883,0.12089,236.88926,244.54777,0.00883,4251.0,2384.0,0.22447,242.38854,0.0,0.0
2,900.0,0.01,3.0,2.0,0.0,0.00883,0.12089,236.88926,244.54777,0.00883,4251.0,2361.0,668.25,242.38854,0.0,0.0
3,900.0,0.01,4.0,2.0,0.0,0.00883,0.12089,236.88926,244.54777,0.00883,4251.0,2413.0,630.03214,242.38854,0.0,0.0
4,900.0,0.01,5.0,2.0,0.0,0.00883,0.12089,236.88926,244.54777,0.00883,4251.0,2338.0,0.16835,242.38854,0.0,0.0
5,900.0,0.01,6.0,2.0,0.0,0.00883,0.12089,236.88926,244.54777,0.00883,4251.0,4256.0,1.34366,242.38854,0.0,0.0
