"Omega","Tolerance","Step Size Rule","Iterations","Converged?","Gap LR","Gap Naive","Obj. Naive","Obj. LR","Gap","Time Naive","Time LR","Final Lambda","LB Heuristic"
900.00000,0.01000,1.00000,2.00000,0.00000,0.00883,0.09605,242.38854,244.54777,0.00883,4290.00000,4077.00000,516.78000,242.38854
900.00000,0.01000,2.00000,2.00000,0.00000,0.00883,0.09605,242.38854,244.54777,0.00883,4290.00000,3745.00000,0.22447,242.38854
900.00000,0.01000,3.00000,2.00000,0.00000,0.00883,0.09605,242.38854,244.54777,0.00883,4290.00000,3705.00000,668.25000,242.38854
900.00000,0.01000,4.00000,2.00000,0.00000,0.00883,0.09605,242.38854,244.54777,0.00883,4290.00000,2818.00000,630.03214,242.38854
900.00000,0.01000,5.00000,2.00000,0.00000,0.01062,0.09605,242.38854,244.98986,0.01062,4290.00000,2514.00000,0.16835,242.38854
900.00000,0.01000,6.00000,3.00000,0.00000,0.01078,0.09605,242.38854,245.03082,0.01078,4290.00000,4342.00000,0.85800,242.38854
