Omega,Tolerance,Step Size Rule,Iterations,Converged?,Gap LR,Gap Naive,Obj. Naive,Obj. LR,Gap,Time Naive,Time LR,Final Lambda,LB Heuristic
100.0,0.05,1.0,10.0,0.0,0.05586,0.00926,281.51373,297.94002,0.05513,454.0,324.0,31.77639,281.29782
100.0,0.05,2.0,10.0,0.0,0.03599,0.00926,281.51373,291.80033,0.03525,454.0,761.0,4.21053,281.29782
100.0,0.05,3.0,10.0,0.0,0.05586,0.00926,281.51373,297.94002,0.05513,454.0,301.0,78.72823,281.29782
100.0,0.05,4.0,10.0,0.0,0.05586,0.00926,281.51373,297.94002,0.05513,454.0,298.0,77.6714,281.29782
100.0,0.05,5.0,10.0,0.0,0.0187,0.00926,281.51373,286.65692,0.01794,454.0,637.0,1.0614,281.29782
100.0,0.05,6.0,10.0,0.0,0.01836,0.00926,281.51373,286.56007,0.01761,454.0,1365.0,2.45824,281.29782
,,,,,,,,,,,,,0.0
,,,,,,,,,,,,,-232.85008
