Omega,Tolerance,Step Size Rule,Iterations,Converged?,Gap LR,Gap Naive,Obj. Naive,Obj. LR,Gap,Time Naive,Time LR,Final Lambda,LB Heuristic,Heuristic Time
1500.0,0.05,1.0,2.0,0.0,0.05125,0.17569,236.15344,249.60322,0.05125,4209.0,2507.0,826.5,236.81144,
1500.0,0.05,2.0,2.0,0.0,0.05125,0.17569,236.15344,249.60322,0.05125,4209.0,2511.0,0.14035,236.81144,
1500.0,0.05,3.0,2.0,0.0,0.05125,0.17569,236.15344,249.60322,0.05125,4209.0,2510.0,1068.75,236.81144,
1500.0,0.05,4.0,2.0,0.0,0.05125,0.17569,236.15344,249.60322,0.05125,4209.0,2502.0,1007.62716,236.81144,
1500.0,0.05,5.0,2.0,0.0,0.05125,0.17569,236.15344,249.60322,0.05125,4209.0,2503.0,0.10526,236.81144,
1500.0,0.05,6.0,2.0,0.0,0.05125,0.17569,236.15344,249.60322,0.05125,4209.0,2519.0,0.41273,236.81144,65.0
