Omega,Tolerance,Step Size Rule,Iterations,Converged?,Gap LR,Gap Naive,Obj. Naive,Obj. LR (UB),"Obj. LR (LB),",Gap,Time Naive,Time LR,Final Lambda,LB Heuristic,BBP,Best iter,Lambda best iter,Gamma best iter
1500.0,0.05,1.0,2.0,0.0,0.1725,0.17569,236.15344,286.17867,249.60322,0.1725,4209.0,2504.0,826.5,236.81144,0.0,1.0,0.18405,75.0
1500.0,0.05,2.0,2.0,0.0,0.1725,0.17569,236.15344,286.17867,249.60322,0.1725,4209.0,2508.0,200.0,236.81144,0.0,1.0,0.18405,75.0
1500.0,0.05,3.0,2.0,0.0,0.1725,0.17569,236.15344,286.17867,249.60322,0.1725,4209.0,2501.0,1068.75,236.81144,0.0,1.0,0.18405,75.0
1500.0,0.05,4.0,2.0,0.0,0.1725,0.17569,236.15344,286.17867,249.60322,0.1725,4209.0,2509.0,1007.62716,236.81144,0.0,1.0,0.18405,75.0
1500.0,0.05,5.0,2.0,0.0,0.1725,0.17569,236.15344,286.17867,249.60322,0.1725,4209.0,2511.0,150.0,236.81144,0.0,1.0,0.18405,75.0
1500.0,0.05,6.0,2.0,0.0,0.1725,0.17569,236.15344,286.17867,249.60322,0.1725,4209.0,2508.0,0.41273,236.81144,0.0,1.0,0.18405,75.0
