Omega,Tolerance,Step Size Rule,Iterations,Converged?,Gap LR,Gap Naive,Obj. Naive,Obj. LR (UB),"Obj. LR (LB),",Gap,Time Naive,Time LR,Final Lambda,LB Heuristic,BBP,Best iter,Lambda best iter,Gamma best iter
1500.0,0.05,1.0,10.0,0.0,0.17128,0.17569,236.15344,285.75508,252.67981,0.17128,4209.0,5605.0,478.5,236.81144,0.0,1.0,0.18405,69.0
1500.0,0.05,2.0,10.0,0.0,0.17128,0.17569,236.15344,285.75508,252.67981,0.17128,4209.0,7064.0,200.0,236.81144,0.0,1.0,0.18405,69.0
1500.0,0.05,3.0,10.0,0.0,0.17128,0.17569,236.15344,285.75508,252.67981,0.17128,4209.0,5596.0,839.2776,236.81144,0.0,1.0,0.18405,69.0
1500.0,0.05,4.0,10.0,0.0,0.17128,0.17569,236.15344,285.75508,252.67981,0.17128,4209.0,5583.0,759.08533,236.81144,0.0,1.0,0.18405,69.0
1500.0,0.05,5.0,10.0,0.0,0.17128,0.17569,236.15344,285.75508,252.67981,0.17128,4209.0,6754.0,0.0,236.81144,0.0,1.0,0.18405,69.0
1500.0,0.05,6.0,7.0,0.0,0.16797,0.17569,236.15344,284.62019,256.36691,0.16797,4209.0,51298.0,0.0,236.81144,0.0,5.0,0.20637,26.0
