Omega,Tolerance,Step Size Rule,Iterations,Converged?,Gap LR,Gap Naive,Obj. Naive,Obj. LR,Gap,Time Naive,Time LR,Final Lambda,LB Heuristic
900.0,0.03,1.0,2.0,0.0,0.46918,0.78143,1969.52196,6983.65558,0.46918,4204.0,4255.0,580.14915,3707.04709
900.0,0.03,2.0,2.0,0.0,0.45353,0.78143,1969.52196,6783.65558,0.45353,4204.0,4249.0,89.92734,3707.04709
900.0,0.03,3.0,2.0,0.0,0.46918,0.78143,1969.52196,6983.65558,0.46918,4204.0,4205.0,942.21915,3707.04709
900.0,0.03,4.0,2.0,0.0,0.46918,0.78143,1969.52196,6983.65558,0.46918,4204.0,4202.0,943.37727,3707.04709
900.0,0.03,5.0,2.0,0.0,0.44536,0.63819,4045.21048,6683.65558,0.39476,4202.0,4224.0,89.98462,3707.04709
900.0,0.03,6.0,2.0,0.0,0.43613,0.63819,4045.21048,6574.25085,0.38469,4202.0,4203.0,0.0,3707.04709
