,Omega,Tolerance,Step Size Rule,Iterations,Converged?,Gap LR,Gap Naive,Obj. Naive,Obj. LR,Gap,Time Naive,Time LR,Final Lambda,LB Heuristic,Heuristic Time,IR,AP
0,1500.0,0.05,1.0,2.0,0.0,0.02375,0.18755,233.79623,247.41376,0.02375,4212.0,2488.0,826.5,241.53861,,-254.65215,0.0
1,1500.0,0.05,2.0,2.0,0.0,0.02375,0.18755,233.79623,247.41376,0.02375,4212.0,2490.0,0.14035,241.53861,,-254.65215,0.0
2,1500.0,0.05,3.0,2.0,0.0,0.02375,0.18755,233.79623,247.41376,0.02375,4212.0,2487.0,1068.75,241.53861,,-254.65215,0.0
3,1500.0,0.05,4.0,2.0,0.0,0.02375,0.18755,233.79623,247.41376,0.02375,4212.0,2488.0,1007.62716,241.53861,,-254.65215,0.0
4,1500.0,0.05,5.0,2.0,0.0,0.02375,0.18755,233.79623,247.41376,0.02375,4212.0,2492.0,0.10526,241.53861,,-254.65215,0.0
5,1500.0,0.05,6.0,2.0,0.0,0.02375,0.18755,233.79623,247.41376,0.02375,4212.0,2462.0,0.3826,241.53861,78.0,-254.65215,0.0
