Omega,Tolerance,Step Size Rule,Iterations,Converged?,Gap LR,Gap Naive,Obj. Naive,Obj. LR (UB),"Obj. LR (LB),",Gap,Time Naive,Time LR,Final Lambda,LB Heuristic,BBP,Best iter,Lambda best iter,Gamma best iter
1500.0,0.05,1.0,2.0,0.0,0.16005,0.18755,233.79623,287.56356,247.41376,0.16005,4212.0,2507.0,826.5,241.53861,0.0,1.0,0.18157,75.0
1500.0,0.05,2.0,2.0,0.0,0.16005,0.18755,233.79623,287.56356,247.41376,0.16005,4212.0,2536.0,200.0,241.53861,0.0,1.0,0.18157,75.0
1500.0,0.05,3.0,2.0,0.0,0.16005,0.18755,233.79623,287.56356,247.41376,0.16005,4212.0,2505.0,1068.75,241.53861,0.0,1.0,0.18157,75.0
1500.0,0.05,4.0,2.0,0.0,0.16005,0.18755,233.79623,287.56356,247.41376,0.16005,4212.0,2510.0,1007.62716,241.53861,0.0,1.0,0.18157,75.0
1500.0,0.05,5.0,2.0,0.0,0.16005,0.18755,233.79623,287.56356,247.41376,0.16005,4212.0,2538.0,150.0,241.53861,0.0,1.0,0.18157,75.0
1500.0,0.05,6.0,2.0,0.0,0.16005,0.18755,233.79623,287.56356,247.41376,0.16005,4212.0,2550.0,0.40749,241.53861,0.0,1.0,0.18157,75.0
