Omega,Tolerance,Step Size Rule,Iterations,Converged?,Gap LR,Gap Naive,Obj. Naive,Obj. LR (UB),"Obj. LR (LB),",Gap,Time Naive,Time LR,Final Lambda,LB Heuristic,BBP,Best iter,Lambda best iter,Gamma best iter
1500.0,0.05,1.0,10.0,0.0,0.15925,0.18755,233.79623,287.29062,247.41376,0.15925,4212.0,5591.0,478.5,241.53861,0.0,1.0,0.18157,75.0
1500.0,0.05,2.0,10.0,0.0,0.15925,0.18755,233.79623,287.29062,247.41376,0.15925,4212.0,6958.0,200.0,241.53861,0.0,1.0,0.18157,75.0
1500.0,0.05,3.0,10.0,0.0,0.15925,0.18755,233.79623,287.29062,247.41376,0.15925,4212.0,5579.0,839.2776,241.53861,0.0,1.0,0.18157,75.0
1500.0,0.05,4.0,10.0,0.0,0.15925,0.18755,233.79623,287.29062,247.41376,0.15925,4212.0,5574.0,759.08533,241.53861,0.0,1.0,0.18157,75.0
1500.0,0.05,5.0,10.0,0.0,0.15925,0.18755,233.79623,287.29062,247.41376,0.15925,4212.0,7018.0,0.0,241.53861,0.0,1.0,0.18157,75.0
1500.0,0.05,6.0,7.0,0.0,0.15439,0.18755,233.79623,285.63904,261.69495,0.15439,4212.0,51471.0,0.0,241.53861,0.0,5.0,0.20375,44.0
