"Omega","Tolerance","Step Size Rule","Iterations","Converged?","Gap LR","Gap Naive","Obj. Naive","Obj. LR","Gap","Time Naive","Time LR","Final Lambda","LB Heuristic"
600.00000,0.03000,1.00000,2.00000,0.00000,0.37257,0.61693,4382.00101,6813.20102,0.35684,4298.00000,4331.00000,461.58156,4274.83751
600.00000,0.03000,2.00000,2.00000,0.00000,0.35359,0.61693,4382.00101,6613.20102,0.33739,4298.00000,4316.00000,135.14885,4274.83751
600.00000,0.03000,3.00000,2.00000,0.00000,0.37257,0.61693,4382.00101,6813.20102,0.35684,4298.00000,4340.00000,702.96156,4274.83751
600.00000,0.03000,4.00000,2.00000,0.00000,0.37257,0.61693,4382.00101,6813.20102,0.35684,4298.00000,4343.00000,703.73364,4274.83751
600.00000,0.03000,5.00000,2.00000,0.00000,0.34367,0.61693,4382.00101,6513.20102,0.32721,4298.00000,4306.00000,135.23476,4274.83751
600.00000,0.03000,6.00000,2.00000,0.00000,0.28431,0.61693,4382.00101,5973.05868,0.26637,4298.00000,4265.00000,0.00000,4274.83751
