"Omega","Tolerance","Step Size Rule","Iterations","Converged?","Gap LR","Gap Naive","Obj. Naive","Obj. LR","Gap","Time Naive","Time LR","Final Lambda","LB Heuristic"
600.00000,0.03000,1.00000,3.00000,0.00000,0.34353,0.54173,4792.82992,6744.13194,0.28933,4201.00000,4215.00000,451.14156,4427.30481
600.00000,0.03000,2.00000,10.00000,0.00000,0.37712,0.54173,4792.82992,7107.74789,0.32569,4201.00000,2220.00000,126.44324,4427.30481
600.00000,0.03000,3.00000,3.00000,0.00000,0.32087,0.54173,4792.82992,6519.10039,0.26480,4201.00000,4210.00000,542.16156,4427.30481
600.00000,0.03000,4.00000,3.00000,0.00000,0.36732,0.54173,4792.82992,6997.70943,0.31509,4201.00000,4211.00000,517.60541,4427.30481
600.00000,0.03000,5.00000,10.00000,0.00000,0.38458,0.54173,4792.82992,7193.92892,0.33377,4201.00000,2228.00000,118.78921,4427.30481
600.00000,0.03000,6.00000,3.00000,0.00000,0.32087,0.54173,4792.82992,6519.10039,0.26480,4201.00000,4216.00000,23.79092,4427.30481
