"Omega","Tolerance","Step Size Rule","Iterations","Converged?","Gap LR","Gap Naive","Obj. Naive","Obj. LR","Gap","Time Naive","Time LR","Final Lambda","LB Heuristic"
600.00000,0.03000,1.00000,2.00000,0.00000,0.34942,0.91418,984.34682,6813.20102,0.34942,4279.00000,4254.00000,461.58156,4432.54548
600.00000,0.03000,2.00000,2.00000,0.00000,0.32974,0.91418,984.34682,6613.20102,0.32974,4279.00000,4244.00000,135.14885,4432.54548
600.00000,0.03000,3.00000,2.00000,0.00000,0.34942,0.91418,984.34682,6813.20102,0.34942,4279.00000,4247.00000,702.96156,4432.54548
600.00000,0.03000,4.00000,2.00000,0.00000,0.34942,0.91418,984.34682,6813.20102,0.34942,4279.00000,4276.00000,703.73364,4432.54548
600.00000,0.03000,5.00000,2.00000,0.00000,0.31945,0.91418,984.34682,6513.20102,0.31945,4279.00000,4240.00000,135.23476,4432.54548
600.00000,0.03000,6.00000,2.00000,0.00000,0.31506,0.91418,984.34682,6471.44185,0.31506,4279.00000,4224.00000,0.00000,4432.54548
