"Omega","Tolerance","Step Size Rule","Iterations","Converged?","Gap LR","Gap Naive","Obj. Naive","Obj. LR","Gap","Time Naive","Time LR","Final Lambda","LB Heuristic"
600.00000,0.03000,1.00000,2.00000,0.00000,0.46343,0.64929,4011.40610,7001.98183,0.42710,4273.00000,4336.00000,460.94418,3757.04121
600.00000,0.03000,2.00000,2.00000,0.00000,0.44765,0.64929,4011.40610,6801.98183,0.41026,4273.00000,4323.00000,134.51146,3757.04121
600.00000,0.03000,3.00000,2.00000,0.00000,0.46343,0.64929,4011.40610,7001.98183,0.42710,4273.00000,4328.00000,702.32418,3757.04121
600.00000,0.03000,4.00000,2.00000,0.00000,0.46343,0.64929,4011.40610,7001.98183,0.42710,4273.00000,4333.00000,703.09626,3757.04121
600.00000,0.03000,5.00000,2.00000,0.00000,0.43941,0.64929,4011.40610,6701.98183,0.40146,4273.00000,4306.00000,134.59738,3757.04121
600.00000,0.03000,6.00000,2.00000,0.00000,0.37989,0.64929,4011.40610,6058.70323,0.33791,4273.00000,4267.00000,0.00000,3757.04121
