"Omega","Tolerance","Step Size Rule","Iterations","Converged?","Gap LR","Gap Naive","Obj. Naive","Obj. LR","Gap","Time Naive","Time LR","Final Lambda","LB Heuristic"
600.00000,0.03000,1.00000,2.00000,0.00000,0.26833,0.84379,1733.73681,5153.05301,0.26833,4205.00000,2404.00000,462.68418,3770.35526
600.00000,0.03000,2.00000,3.00000,0.00000,0.36596,0.84379,1733.73681,5946.55275,0.36596,4205.00000,2521.00000,122.01146,3770.35526
600.00000,0.03000,3.00000,3.00000,0.00000,0.36596,0.84379,1733.73681,5946.55275,0.36596,4205.00000,4418.00000,543.52418,3770.35526
600.00000,0.03000,4.00000,3.00000,0.00000,0.37166,0.84379,1733.73681,6000.51529,0.37166,4205.00000,4413.00000,519.54537,3770.35526
600.00000,0.03000,5.00000,3.00000,0.00000,0.34656,0.84379,1733.73681,5769.98227,0.34656,4205.00000,2448.00000,112.82516,3770.35526
600.00000,0.03000,6.00000,3.00000,0.00000,0.36596,0.84379,1733.73681,5946.55275,0.36596,4205.00000,4386.00000,0.32079,3770.35526
