"Omega","Tolerance","Step Size Rule","Iterations","Converged?","Gap LR","Gap Naive","Obj. Naive","Obj. LR","Gap","Time Naive","Time LR","Final Lambda","LB Heuristic"
600.00000,0.03000,1.00000,2.00000,0.00000,0.45565,0.85227,1694.21780,7001.98183,0.45565,4231.00000,4245.00000,460.94418,3811.50591
600.00000,0.03000,2.00000,2.00000,0.00000,0.43965,0.85227,1694.21780,6801.98183,0.43965,4231.00000,4247.00000,134.51146,3811.50591
600.00000,0.03000,3.00000,2.00000,0.00000,0.45565,0.85227,1694.21780,7001.98183,0.45565,4231.00000,4275.00000,702.32418,3811.50591
600.00000,0.03000,4.00000,2.00000,0.00000,0.45565,0.85227,1694.21780,7001.98183,0.45565,4231.00000,4269.00000,703.09626,3811.50591
600.00000,0.03000,5.00000,2.00000,0.00000,0.43129,0.85227,1694.21780,6701.98183,0.43129,4231.00000,4241.00000,134.59738,3811.50591
600.00000,0.03000,6.00000,2.00000,0.00000,0.34865,0.85227,1694.21780,5851.71911,0.34865,4231.00000,4222.00000,0.00000,3811.50591
