"Omega","Tolerance","Step Size Rule","Iterations","Converged?","Gap LR","Gap Naive","Obj. Naive","Obj. LR","Gap","Time Naive","Time LR","Final Lambda","LB Heuristic"
1500.00000,0.05000,1.00000,3.00000,0.00000,0.36517,0.67813,4115.28605,7342.12143,0.36517,4202.00000,4339.00000,72.29120,4660.99130
1500.00000,0.05000,2.00000,2.00000,0.00000,0.39886,0.67813,4115.28605,7753.54320,0.39886,4202.00000,4206.00000,52.82593,4660.99130
1500.00000,0.05000,3.00000,2.00000,0.00000,0.37359,0.67813,4115.28605,7440.77257,0.37359,4202.00000,3021.00000,60.86870,4660.99130
1500.00000,0.05000,4.00000,2.00000,0.00000,0.40430,0.67813,4115.28605,7824.45267,0.40430,4202.00000,4205.00000,52.23311,4660.99130
1500.00000,0.05000,5.00000,2.00000,0.00000,0.41956,0.67813,4115.28605,8030.07565,0.41956,4202.00000,4205.00000,52.74403,4660.99130
1500.00000,0.05000,6.00000,3.00000,0.00000,0.37289,0.67813,4115.28605,7432.53322,0.37289,4202.00000,4242.00000,11.47188,4660.99130
