Omega,Tolerance,Step Size Rule,Iterations,Converged?,Gap LR,Gap Naive,Obj. Naive,Obj. LR (UB),"Obj. LR (LB),",Gap,Time Naive,Time LR,Final Lambda,LB Heuristic,BBP,Best iter,Lambda best iter,Gamma best iter
1500.0,0.05,1.0,2.0,0.0,0.17996,0.18701,233.60351,287.33863,243.92056,0.17996,4210.0,2473.0,826.5,235.62918,0.0,1.0,0.18121,75.0
1500.0,0.05,2.0,2.0,0.0,0.17996,0.18701,233.60351,287.33863,243.92056,0.17996,4210.0,2469.0,200.0,235.62918,0.0,1.0,0.18121,75.0
1500.0,0.05,3.0,2.0,0.0,0.17996,0.18701,233.60351,287.33863,243.92056,0.17996,4210.0,2467.0,1068.75,235.62918,0.0,1.0,0.18121,75.0
1500.0,0.05,4.0,2.0,0.0,0.17996,0.18701,233.60351,287.33863,243.92056,0.17996,4210.0,2470.0,1007.62716,235.62918,0.0,1.0,0.18121,75.0
1500.0,0.05,5.0,2.0,0.0,0.17996,0.18701,233.60351,287.33863,243.92056,0.17996,4210.0,2470.0,150.0,235.62918,0.0,1.0,0.18121,75.0
1500.0,0.05,6.0,2.0,0.0,0.17996,0.18701,233.60351,287.33863,243.92056,0.17996,4210.0,2472.0,0.41576,235.62918,0.0,1.0,0.18121,75.0
