Omega,Tolerance,Step Size Rule,Iterations,Converged?,Gap LR,Gap Naive,Obj. Naive,Obj. LR (UB),"Obj. LR (LB),",Gap,Time Naive,Time LR,Final Lambda,LB Heuristic,BBP,Best iter,Lambda best iter,Gamma best iter
1500.0,0.05,1.0,10.0,0.0,0.17879,0.18701,233.60351,286.93046,243.92056,0.17879,4210.0,5557.0,478.5,235.62918,0.0,1.0,0.18121,75.0
1500.0,0.05,2.0,10.0,0.0,0.17879,0.18701,233.60351,286.93046,243.92056,0.17879,4210.0,6843.0,200.0,235.62918,0.0,1.0,0.18121,75.0
1500.0,0.05,3.0,10.0,0.0,0.17879,0.18701,233.60351,286.93046,243.92056,0.17879,4210.0,5550.0,839.2776,235.62918,0.0,1.0,0.18121,75.0
1500.0,0.05,4.0,10.0,0.0,0.17879,0.18701,233.60351,286.93046,243.92056,0.17879,4210.0,5547.0,759.08533,235.62918,0.0,1.0,0.18121,75.0
1500.0,0.05,5.0,10.0,0.0,0.17879,0.18701,233.60351,286.93046,243.92056,0.17879,4210.0,6865.0,0.0,235.62918,0.0,1.0,0.18121,75.0
1500.0,0.05,6.0,7.0,0.0,0.17423,0.18701,233.60351,285.34619,259.39818,0.17423,4210.0,51155.0,0.0,235.62918,0.0,5.0,0.20788,20.0
