Omega,Tolerance,Step Size Rule,Iterations,Converged?,Gap LR,Gap Naive,Obj. Naive,Obj. LR,Gap,Time Naive,Time LR,Final Lambda,LB Heuristic,Heuristic Time
1500.0,0.05,1.0,2.0,0.0,0.03399,0.18701,233.60351,243.92056,0.03399,4210.0,2476.0,826.5,235.62918,
1500.0,0.05,2.0,2.0,0.0,0.03399,0.18701,233.60351,243.92056,0.03399,4210.0,2473.0,0.14035,235.62918,
1500.0,0.05,3.0,2.0,0.0,0.03399,0.18701,233.60351,243.92056,0.03399,4210.0,2475.0,1068.75,235.62918,
1500.0,0.05,4.0,2.0,0.0,0.03399,0.18701,233.60351,243.92056,0.03399,4210.0,2464.0,1007.62716,235.62918,
1500.0,0.05,5.0,2.0,0.0,0.03399,0.18701,233.60351,243.92056,0.03399,4210.0,2468.0,0.10526,235.62918,
1500.0,0.05,6.0,2.0,0.0,0.03399,0.18701,233.60351,243.92056,0.03399,4210.0,2469.0,0.41576,235.62918,68.0
,,,,,,,,,,,,,0.0,
,,,,,,,,,,,,,0.0,
