,Omega,Tolerance,Step Size Rule,Iterations,Converged?,Gap LR,Gap Naive,Obj. Naive,Obj. LR,Gap,Time Naive,Time LR,Final Lambda,LB Heuristic,IR,AP
0,100.0,0.01,1.0,1.0,1.0,0.0,0.0,277.79477,277.79477,0.0,72.0,25.0,4.27564,277.79477,-270.43223,-273.02502
1,100.0,0.01,2.0,1.0,1.0,0.0,0.0,277.79477,277.79477,0.0,72.0,24.0,4.27564,277.79477,-270.43223,-273.02502
2,100.0,0.01,3.0,1.0,1.0,0.0,0.0,277.79477,277.79477,0.0,72.0,24.0,4.27564,277.79477,-270.43223,-273.02502
3,100.0,0.01,4.0,1.0,1.0,0.0,0.0,277.79477,277.79477,0.0,72.0,23.0,4.27564,277.79477,-270.43223,-273.02502
4,100.0,0.01,5.0,1.0,1.0,0.0,0.0,277.79477,277.79477,0.0,72.0,24.0,4.27564,277.79477,-270.43223,-273.02502
5,100.0,0.01,6.0,1.0,1.0,0.0,0.0,277.79477,277.79477,0.0,72.0,24.0,4.27564,277.79477,-270.43223,-273.02502
