"Omega","Tolerance","Step Size Rule","Iterations","Converged?","Gap LR","Gap Naive","Obj. Naive","Obj. LR","Gap","Time Naive","Time LR","Final Lambda","LB Heuristic"
100.00000,0.01000,1.00000,2.00000,0.00000,0.07760,0.36926,5724.29822,6258.45194,0.07760,4208.00000,4223.00000,855.02729,5772.76910
100.00000,0.01000,2.00000,7.00000,0.00000,0.07769,0.36926,5724.29822,6259.03194,0.07769,4208.00000,2426.00000,668.30850,5772.76910
100.00000,0.01000,3.00000,2.00000,0.00000,0.07775,0.36926,5724.29822,6259.44659,0.07775,4208.00000,4235.00000,854.43729,5772.76910
100.00000,0.01000,4.00000,2.00000,0.00000,0.07775,0.36926,5724.29822,6259.44659,0.07775,4208.00000,4225.00000,854.48018,5772.76910
100.00000,0.01000,5.00000,7.00000,0.00000,0.07790,0.36926,5724.29822,6260.44659,0.07790,4208.00000,2415.00000,561.01413,5772.76910
100.00000,0.01000,6.00000,3.00000,0.00000,0.07790,0.36926,5724.29822,6260.44659,0.07790,4208.00000,4273.00000,334.38013,5772.76910
