"Omega","Tolerance","Step Size Rule","Iterations","Converged?","Gap LR","Gap Naive","Obj. Naive","Obj. LR","Gap","Time Naive","Time LR","Final Lambda","LB Heuristic"
600.00000,0.01000,1.00000,2.00000,0.00000,0.24072,0.57884,4173.36678,4952.37479,0.15730,4283.00000,4331.00000,136.54131,3760.22230
600.00000,0.01000,2.00000,2.00000,0.00000,0.24340,0.57884,4173.36678,4969.92146,0.16028,4283.00000,2610.00000,110.50468,3760.22230
600.00000,0.01000,3.00000,2.00000,0.00000,0.23805,0.57884,4173.36678,4935.01305,0.15434,4283.00000,4359.00000,133.00131,3760.22230
600.00000,0.01000,4.00000,2.00000,0.00000,0.25520,0.57884,4173.36678,5048.61547,0.17336,4283.00000,4367.00000,133.25867,3760.22230
600.00000,0.01000,5.00000,2.00000,0.00000,0.26023,0.57884,4173.36678,5082.94880,0.17895,4283.00000,2614.00000,93.75384,3760.22230
600.00000,0.01000,6.00000,2.00000,0.00000,0.25569,0.57884,4173.36678,5051.93625,0.17391,4283.00000,2563.00000,275.51135,3760.22230
