"Omega","Tolerance","Step Size Rule","Iterations","Converged?","Gap LR","Gap Naive","Obj. Naive","Obj. LR","Gap","Time Naive","Time LR","Final Lambda","LB Heuristic"
100.00000,0.01000,1.00000,2.00000,0.00000,0.08832,0.35540,5877.20533,6419.70079,0.08450,4212.00000,4244.00000,879.52500,5852.71683
100.00000,0.01000,2.00000,7.00000,0.00000,0.08769,0.35540,5877.20533,6415.24160,0.08387,4212.00000,2442.00000,692.80621,5852.71683
100.00000,0.01000,3.00000,2.00000,0.00000,0.08176,0.35540,5877.20533,6373.87653,0.07792,4212.00000,4227.00000,878.93500,5852.71683
100.00000,0.01000,4.00000,2.00000,0.00000,0.08512,0.35540,5877.20533,6397.27162,0.08130,4212.00000,4252.00000,878.97789,5852.71683
100.00000,0.01000,5.00000,7.00000,0.00000,0.08668,0.35540,5877.20533,6408.20045,0.08286,4212.00000,2424.00000,585.51184,5852.71683
100.00000,0.01000,6.00000,3.00000,0.00000,0.08272,0.35540,5877.20533,6380.54508,0.07889,4212.00000,4273.00000,340.51408,5852.71683
