"Omega","Tolerance","Step Size Rule","Iterations","Converged?","Gap LR","Gap Naive","Obj. Naive","Obj. LR","Gap","Time Naive","Time LR","Final Lambda","LB Heuristic"
100.00000,0.01000,1.00000,2.00000,0.00000,0.09755,0.37004,5756.12095,6398.46184,0.09755,4211.00000,4239.00000,879.52500,5774.27650
100.00000,0.01000,2.00000,7.00000,0.00000,0.09828,0.37004,5756.12095,6403.65499,0.09828,4211.00000,2452.00000,692.80621,5774.27650
100.00000,0.01000,3.00000,2.00000,0.00000,0.09926,0.37004,5756.12095,6410.61143,0.09926,4211.00000,4226.00000,878.93500,5774.27650
100.00000,0.01000,4.00000,2.00000,0.00000,0.10158,0.37004,5756.12095,6427.12539,0.10158,4211.00000,4227.00000,878.97789,5774.27650
100.00000,0.01000,5.00000,8.00000,0.00000,0.10436,0.37004,5756.12095,6447.12539,0.10436,4211.00000,2401.00000,585.89063,5774.27650
100.00000,0.01000,6.00000,3.00000,0.00000,0.09926,0.37004,5756.12095,6410.61143,0.09926,4211.00000,4255.00000,285.42907,5774.27650
