"Omega","Tolerance","Step Size Rule","Iterations","Converged?","Gap LR","Gap Naive","Obj. Naive","Obj. LR","Gap","Time Naive","Time LR","Final Lambda","LB Heuristic"
100.00000,0.01000,1.00000,2.00000,0.00000,0.08805,0.34577,5713.86962,6430.20739,0.08805,4204.00000,4207.00000,879.52500,5864.05134
100.00000,0.01000,2.00000,10.00000,0.00000,0.08817,0.34577,5713.86962,6431.10005,0.08817,4204.00000,2382.00000,698.86682,5864.05134
100.00000,0.01000,3.00000,2.00000,0.00000,0.08817,0.34577,5713.86962,6431.10005,0.08817,4204.00000,4207.00000,878.93500,5864.05134
100.00000,0.01000,4.00000,2.00000,0.00000,0.08817,0.34577,5713.86962,6431.10005,0.08817,4204.00000,4214.00000,878.97789,5864.05134
100.00000,0.01000,5.00000,10.00000,0.00000,0.08817,0.34577,5713.86962,6431.10005,0.08817,4204.00000,2336.00000,586.53036,5864.05134
100.00000,0.01000,6.00000,3.00000,0.00000,0.08817,0.34577,5713.86962,6431.10005,0.08817,4204.00000,4220.00000,293.84403,5864.05134
