"Omega","Tolerance","Step Size Rule","Iterations","Converged?","Gap LR","Gap Naive","Obj. Naive","Obj. LR","Gap","Time Naive","Time LR","Final Lambda","LB Heuristic"
600.00000,0.01000,1.00000,2.00000,0.00000,0.14406,0.55436,4338.26937,5002.57791,0.13279,4278.00000,4317.00000,139.73800,4281.92551
600.00000,0.01000,2.00000,2.00000,0.00000,0.14957,0.55436,4338.26937,5035.01703,0.13838,4278.00000,2592.00000,105.87470,4281.92551
600.00000,0.01000,3.00000,2.00000,0.00000,0.14782,0.55436,4338.26937,5024.69646,0.13661,4278.00000,4356.00000,135.03800,4281.92551
600.00000,0.01000,4.00000,2.00000,0.00000,0.14641,0.55436,4338.26937,5016.36313,0.13518,4278.00000,4357.00000,135.29536,4281.92551
600.00000,0.01000,5.00000,2.00000,0.00000,0.15277,0.55436,4338.26937,5054.02979,0.14162,4278.00000,2653.00000,95.79053,4281.92551
600.00000,0.01000,6.00000,2.00000,0.00000,0.15397,0.55436,4338.26937,5061.21413,0.14284,4278.00000,2575.00000,273.96968,4281.92551
