Omega,Tolerance,Step Size Rule,Iterations,Converged?,Gap LR,Gap Naive,Obj. Naive,Obj. LR (UB),"Obj. LR (LB),",Gap,Time Naive,Time LR,Final Lambda,LB Heuristic,BBP,Best iter,Lambda best iter,Gamma best iter
600.0,0.01,1.0,10.0,0.0,0.02162,0.06845,242.3319,250.49786,250.49786,0.02162,4239.0,1969.0,316.84893,245.08257,0.0,1.0,1.32893,2.0
600.0,0.01,2.0,10.0,0.0,0.02162,0.06845,242.3319,250.49786,250.49786,0.02162,4239.0,2061.0,200.0,245.08257,0.0,1.0,1.32893,2.0
600.0,0.01,3.0,10.0,0.0,0.02162,0.06845,242.3319,250.49786,250.49786,0.02162,4239.0,1890.0,427.14221,245.08257,0.0,1.0,1.32893,2.0
600.0,0.01,4.0,10.0,0.0,0.02162,0.06845,242.3319,250.49786,250.49786,0.02162,4239.0,1899.0,400.13808,245.08257,0.0,1.0,1.32893,2.0
600.0,0.01,5.0,10.0,0.0,0.02162,0.06845,242.3319,250.49786,250.49786,0.02162,4239.0,2118.0,0.0,245.08257,0.0,1.0,1.32893,2.0
600.0,0.01,6.0,6.0,0.0,0.01989,0.06845,242.3319,250.05519,250.05519,0.01989,4239.0,27787.0,1.46641,245.08257,0.0,3.0,0.84731,-3.0
