Omega,Tolerance,Step Size Rule,Iterations,Converged?,Gap LR,Gap Naive,Obj. Naive,Obj. LR,Gap,Time Naive,Time LR,Final Lambda,LB Heuristic
600.0,0.01,1.0,2.0,0.0,0.00757,0.06845,242.3319,246.95263,0.00757,4239.0,2532.0,344.52,245.08257
600.0,0.01,2.0,2.0,0.0,0.00757,0.06845,242.3319,246.95263,0.00757,4239.0,2557.0,0.3367,245.08257
600.0,0.01,3.0,2.0,0.0,0.00757,0.06845,242.3319,246.95263,0.00757,4239.0,2524.0,445.5,245.08257
600.0,0.01,4.0,2.0,0.0,0.00757,0.06845,242.3319,246.95263,0.00757,4239.0,2509.0,420.02143,245.08257
600.0,0.01,5.0,2.0,0.0,0.00757,0.06845,242.3319,246.95263,0.00757,4239.0,2544.0,0.25253,245.08257
600.0,0.01,6.0,2.0,0.0,0.00757,0.06845,242.3319,246.95263,0.00757,4239.0,4248.0,2.08545,245.08257
,,,,,,,,,,,,,0.0
,,,,,,,,,,,,,0.0
