Omega,Tolerance,Step Size Rule,Iterations,Converged?,Gap LR,Gap Naive,Obj. Naive,Obj. LR (UB),"Obj. LR (LB),",Gap,Time Naive,Time LR,Final Lambda,LB Heuristic,BBP,Best iter,Lambda best iter,Gamma best iter
600.0,0.01,1.0,10.0,0.0,0.03472,0.07004,249.03633,258.11283,254.33375,0.03472,4237.0,2143.0,316.68,249.15229,0.0,1.0,1.06324,5.0
600.0,0.01,2.0,10.0,0.0,0.03612,0.07004,249.03633,258.4879,254.33375,0.03612,4237.0,2212.0,200.0,249.15229,0.0,1.0,1.06324,5.0
600.0,0.01,3.0,10.0,0.0,0.0344,0.07004,249.03633,258.02831,254.33375,0.0344,4237.0,2153.0,427.14221,249.15229,0.0,1.0,1.06324,5.0
600.0,0.01,4.0,10.0,0.0,0.0344,0.07004,249.03633,258.02831,254.33375,0.0344,4237.0,2146.0,400.13808,249.15229,0.0,1.0,1.06324,5.0
600.0,0.01,5.0,10.0,0.0,0.03623,0.07004,249.03633,258.51788,254.33375,0.03623,4237.0,2221.0,0.0,249.15229,0.0,1.0,1.06324,5.0
600.0,0.01,6.0,3.0,0.0,0.03892,0.07004,249.03633,259.24068,254.33375,0.03892,4237.0,4261.0,0.0,249.15229,0.0,1.0,1.06324,5.0
