,Omega,Tolerance,Step Size Rule,Iterations,Converged?,Gap LR,Gap Naive,Obj. Naive,Obj. LR,Gap,Time Naive,Time LR,Final Lambda,LB Heuristic,IR,AP
0,600.0,0.01,1.0,2.0,0.0,0.01832,0.07004,249.03633,253.80115,0.01832,4237.0,2579.0,344.52,249.15229,-238.46453,0.0
1,600.0,0.01,2.0,2.0,0.0,0.01832,0.07004,249.03633,253.80115,0.01832,4237.0,2642.0,0.3367,249.15229,-238.46453,0.0
2,600.0,0.01,3.0,2.0,0.0,0.01832,0.07004,249.03633,253.80115,0.01832,4237.0,2584.0,445.5,249.15229,-238.46453,0.0
3,600.0,0.01,4.0,2.0,0.0,0.01832,0.07004,249.03633,253.80115,0.01832,4237.0,2576.0,420.02143,249.15229,-238.46453,0.0
4,600.0,0.01,5.0,2.0,0.0,0.01832,0.07004,249.03633,253.80115,0.01832,4237.0,2601.0,0.25253,249.15229,-238.46453,0.0
5,600.0,0.01,6.0,2.0,0.0,0.01832,0.07004,249.03633,253.80115,0.01832,4237.0,2626.0,0.83586,249.15229,-238.46453,0.0
