Omega,Tolerance,Step Size Rule,Iterations,Converged?,Gap LR,Gap Naive,Obj. Naive,Obj. LR (UB),"Obj. LR (LB),",Gap,Time Naive,Time LR,Final Lambda,LB Heuristic,BBP,Best iter,Lambda best iter,Gamma best iter
900.0,0.01,1.0,10.0,0.0,0.07344,0.10455,240.70778,266.64521,247.82399,0.07344,4251.0,2253.0,475.02,247.06352,0.0,1.0,0.80609,9.0
900.0,0.01,2.0,10.0,0.0,0.07344,0.10455,240.70778,266.64521,247.82399,0.07344,4251.0,2430.0,200.0,247.06352,0.0,1.0,0.80609,9.0
900.0,0.01,3.0,10.0,0.0,0.07344,0.10455,240.70778,266.64521,247.82399,0.07344,4251.0,2232.0,640.71331,247.06352,0.0,1.0,0.80609,9.0
900.0,0.01,4.0,10.0,0.0,0.07344,0.10455,240.70778,266.64521,247.82399,0.07344,4251.0,2236.0,600.20712,247.06352,0.0,1.0,0.80609,9.0
900.0,0.01,5.0,9.0,0.0,0.07344,0.10455,240.70778,266.64521,247.82399,0.07344,4251.0,2410.0,4.16667,247.06352,0.0,1.0,0.80609,9.0
900.0,0.01,6.0,3.0,0.0,0.07344,0.10455,240.70778,266.64521,247.82399,0.07344,4251.0,4274.0,0.0,247.06352,0.0,1.0,0.80609,9.0
