,Omega,Tolerance,Step Size Rule,Iterations,Converged?,Gap LR,Gap Naive,Obj. Naive,Obj. LR,Gap,Time Naive,Time LR,Final Lambda,LB Heuristic,IR,AP
0,900.0,0.01,1.0,2.0,0.0,0.00307,0.10455,240.70778,247.82399,0.00307,4251.0,2397.0,516.78,247.06352,0.0,0.0
1,900.0,0.01,2.0,2.0,0.0,0.00307,0.10455,240.70778,247.82399,0.00307,4251.0,2415.0,0.22447,247.06352,0.0,0.0
2,900.0,0.01,3.0,2.0,0.0,0.00307,0.10455,240.70778,247.82399,0.00307,4251.0,2395.0,668.25,247.06352,0.0,0.0
3,900.0,0.01,4.0,2.0,0.0,0.00307,0.10455,240.70778,247.82399,0.00307,4251.0,2401.0,630.03214,247.06352,0.0,0.0
4,900.0,0.01,5.0,2.0,0.0,0.00307,0.10455,240.70778,247.82399,0.00307,4251.0,2408.0,0.16835,247.06352,0.0,0.0
5,900.0,0.01,6.0,2.0,0.0,0.00307,0.10455,240.70778,247.82399,0.00307,4251.0,4249.0,0.0,247.06352,0.0,0.0
