Omega,Tolerance,Step Size Rule,Iterations,Converged?,Gap LR,Gap Naive,Obj. Naive,Obj. LR (UB),"Obj. LR (LB),",Gap,Time Naive,Time LR,Final Lambda,LB Heuristic,BBP,Best iter,Lambda best iter,Gamma best iter
900.0,0.01,1.0,10.0,0.0,0.07083,0.10455,240.70778,265.89718,249.9622,0.07083,4251.0,5173.0,475.02,247.06352,0.0,1.0,0.80609,7.0
900.0,0.01,2.0,10.0,0.0,0.07083,0.10455,240.70778,265.89718,249.9622,0.07083,4251.0,5393.0,200.0,247.06352,0.0,1.0,0.80609,7.0
900.0,0.01,3.0,10.0,0.0,0.07083,0.10455,240.70778,265.89718,249.9622,0.07083,4251.0,5150.0,640.71331,247.06352,0.0,1.0,0.80609,7.0
900.0,0.01,4.0,10.0,0.0,0.07083,0.10455,240.70778,265.89718,249.9622,0.07083,4251.0,5146.0,600.20712,247.06352,0.0,1.0,0.80609,7.0
900.0,0.01,5.0,10.0,0.0,0.07083,0.10455,240.70778,265.89718,249.9622,0.07083,4251.0,5462.0,0.0,247.06352,0.0,1.0,0.80609,7.0
900.0,0.01,6.0,3.0,0.0,0.06503,0.10455,240.70778,264.24758,250.80573,0.06503,4251.0,20080.0,0.0,247.06352,0.0,3.0,0.56204,3.0
