Omega,Tolerance,Step Size Rule,Iterations,Converged?,Gap LR,Gap Naive,Obj. Naive,Obj. LR,Gap,Time Naive,Time LR,Final Lambda,LB Heuristic
600.0,0.07,1.0,1.0,1.0,0.0,0.16314,244.70248,250.9397,0.0,4237.0,2128.0,0.46169,250.9397
600.0,0.07,2.0,1.0,1.0,0.0,0.16314,244.70248,250.9397,0.0,4237.0,2131.0,0.46169,250.9397
600.0,0.07,3.0,1.0,1.0,0.0,0.16314,244.70248,250.9397,0.0,4237.0,2129.0,0.46169,250.9397
600.0,0.07,4.0,1.0,1.0,0.0,0.16314,244.70248,250.9397,0.0,4237.0,2128.0,0.46169,250.9397
600.0,0.07,5.0,1.0,1.0,0.0,0.16314,244.70248,250.9397,0.0,4237.0,2137.0,0.46169,250.9397
600.0,0.07,6.0,1.0,1.0,0.0,0.16314,244.70248,250.9397,0.0,4237.0,2130.0,0.46169,250.9397
