Omega,Tolerance,Step Size Rule,Iterations,Converged?,Gap LR,Gap Naive,Obj. Naive,Obj. LR,Gap,Time Naive,Time LR,Final Lambda,LB Heuristic
600.0,0.07,1.0,10.0,0.0,0.11543,0.16314,244.70248,283.68535,0.11543,4237.0,2158.0,104.86169,250.9397
600.0,0.07,2.0,2.0,0.0,0.10787,0.16314,244.70248,281.28068,0.10787,4237.0,4204.0,0.0,250.9397
600.0,0.07,3.0,10.0,0.0,0.11543,0.16314,244.70248,283.68535,0.11543,4237.0,2163.0,398.45714,250.9397
600.0,0.07,4.0,10.0,0.0,0.11543,0.16314,244.70248,283.68535,0.11543,4237.0,2161.0,389.57978,250.9397
600.0,0.07,5.0,2.0,0.0,0.11543,0.16314,244.70248,283.68535,0.11543,4237.0,4203.0,0.0,250.9397
600.0,0.07,6.0,2.0,0.0,0.07654,0.16314,244.70248,271.73868,0.07654,4237.0,4204.0,0.0,250.9397
,,,,,,,,,,,,,0.0
,,,,,,,,,,,,,0.0
