"Omega","Tolerance","Step Size Rule","Iterations","Converged?","Gap LR","Gap Naive","Obj. Naive","Obj. LR","Gap","Time Naive","Time LR","Final Lambda","LB Heuristic"
600.00000,0.07000,1.00000,1.00000,1.00000,0.00000,0.14752,250.93970,250.93970,0.00000,4252.00000,2146.00000,0.46169,250.93970
600.00000,0.07000,2.00000,1.00000,1.00000,0.00000,0.14752,250.93970,250.93970,0.00000,4252.00000,2140.00000,0.46169,250.93970
600.00000,0.07000,3.00000,1.00000,1.00000,0.00000,0.14752,250.93970,250.93970,0.00000,4252.00000,2144.00000,0.46169,250.93970
600.00000,0.07000,4.00000,1.00000,1.00000,0.00000,0.14752,250.93970,250.93970,0.00000,4252.00000,2134.00000,0.46169,250.93970
600.00000,0.07000,5.00000,1.00000,1.00000,0.00000,0.14752,250.93970,250.93970,0.00000,4252.00000,2141.00000,0.46169,250.93970
600.00000,0.07000,6.00000,1.00000,1.00000,0.00000,0.14752,250.93970,250.93970,0.00000,4252.00000,2137.00000,0.46169,250.93970
