"Omega","Tolerance","Step Size Rule","Iterations","Converged?","Gap LR","Gap Naive","Obj. Naive","Obj. LR","Gap","Time Naive","Time LR","Final Lambda","LB Heuristic"
100.00000,0.05000,1.00000,3.00000,0.00000,0.28983,0.38609,6951.44885,10024.38595,0.28983,4200.00000,4462.00000,843.44696,7119.03075
100.00000,0.05000,2.00000,5.00000,0.00000,0.37092,0.38609,6951.44885,11316.53019,0.37092,4200.00000,4415.00000,804.67327,7119.03075
100.00000,0.05000,3.00000,3.00000,0.00000,0.30964,0.38609,6951.44885,10312.04638,0.30964,4200.00000,4479.00000,882.39696,7119.03075
100.00000,0.05000,4.00000,3.00000,0.00000,0.30940,0.38609,6951.44885,10308.44793,0.30940,4200.00000,4447.00000,882.72467,7119.03075
100.00000,0.05000,5.00000,5.00000,0.00000,0.38050,0.38609,6951.44885,11491.53034,0.38050,4200.00000,3435.00000,801.35748,7119.03075
100.00000,0.05000,6.00000,4.00000,0.00000,0.31428,0.38609,6951.44885,10381.84900,0.31428,4200.00000,4461.00000,241.20435,7119.03075
