"Omega","Tolerance","Step Size Rule","Iterations","Converged?","Gap LR","Gap Naive","Obj. Naive","Obj. LR","Gap","Time Naive","Time LR","Final Lambda","LB Heuristic"
100.00000,0.05000,1.00000,2.00000,0.00000,0.29310,0.45270,6551.85811,10130.08108,0.29310,4204.00000,4209.00000,846.34696,7160.94725
100.00000,0.05000,2.00000,2.00000,0.00000,0.30917,0.45270,6551.85811,10365.65826,0.30917,4204.00000,4215.00000,798.35748,7160.94725
100.00000,0.05000,3.00000,2.00000,0.00000,0.30460,0.45270,6551.85811,10297.65601,0.30460,4204.00000,4208.00000,885.39696,7160.94725
100.00000,0.05000,4.00000,2.00000,0.00000,0.30460,0.45270,6551.85811,10297.65601,0.30460,4204.00000,4209.00000,885.61142,7160.94725
100.00000,0.05000,5.00000,2.00000,0.00000,0.30244,0.45270,6551.85811,10265.65826,0.30244,4204.00000,4208.00000,798.88380,7160.94725
100.00000,0.05000,6.00000,2.00000,0.00000,0.29265,0.45270,6551.85811,10123.63991,0.29265,4204.00000,4207.00000,0.00000,7160.94725
