Omega,Tolerance,Step Size Rule,Iterations,Converged?,Gap LR,Gap Naive,Obj. Naive,Obj. LR,Gap,Time Naive,Time LR,Final Lambda,LB Heuristic
900.0,0.07,1.0,1.0,1.0,0.0,1.0,239.02627,249.63134,0.0,4252.0,2118.0,0.30643,249.63134
900.0,0.07,2.0,1.0,1.0,0.0,1.0,239.02627,249.63134,0.0,4252.0,2120.0,0.30643,249.63134
900.0,0.07,3.0,1.0,1.0,0.0,1.0,239.02627,249.63134,0.0,4252.0,2117.0,0.30643,249.63134
900.0,0.07,4.0,1.0,1.0,0.0,1.0,239.02627,249.63134,0.0,4252.0,2119.0,0.30643,249.63134
900.0,0.07,5.0,1.0,1.0,0.0,1.0,239.02627,249.63134,0.0,4252.0,2119.0,0.30643,249.63134
900.0,0.07,6.0,1.0,1.0,0.0,1.0,239.02627,249.63134,0.0,4252.0,2121.0,0.30643,249.63134
