"Omega","Tolerance","Step Size Rule","Iterations","Converged?","Gap LR","Gap Naive","Obj. Naive","Obj. LR","Gap","Time Naive","Time LR","Final Lambda","LB Heuristic"
900.00000,0.07000,1.00000,1.00000,1.00000,0.00000,0.15064,249.63134,249.63134,0.00000,4303.00000,2181.00000,0.30643,249.63134
900.00000,0.07000,2.00000,1.00000,1.00000,0.00000,0.15064,249.63134,249.63134,0.00000,4303.00000,2174.00000,0.30643,249.63134
900.00000,0.07000,3.00000,1.00000,1.00000,0.00000,0.15064,249.63134,249.63134,0.00000,4303.00000,2163.00000,0.30643,249.63134
900.00000,0.07000,4.00000,1.00000,1.00000,0.00000,0.15064,249.63134,249.63134,0.00000,4303.00000,2170.00000,0.30643,249.63134
900.00000,0.07000,5.00000,1.00000,1.00000,0.00000,0.15064,249.63134,249.63134,0.00000,4303.00000,2162.00000,0.30643,249.63134
900.00000,0.07000,6.00000,1.00000,1.00000,0.00000,0.15064,249.63134,249.63134,0.00000,4303.00000,2142.00000,0.30643,249.63134
