"Omega","Tolerance","Step Size Rule","Iterations","Converged?","Gap LR","Gap Naive","Obj. Naive","Obj. LR","Gap","Time Naive","Time LR","Final Lambda","LB Heuristic"
100.00000,0.05000,1.00000,10.00000,0.00000,0.05735,0.00000,283.13660,299.68146,0.05521,1031.00000,647.00000,31.79421,282.49467
100.00000,0.05000,2.00000,10.00000,0.00000,0.02757,0.00000,283.13660,290.50308,0.02536,1031.00000,1524.00000,4.21053,282.49467
100.00000,0.05000,3.00000,10.00000,0.00000,0.05735,0.00000,283.13660,299.68146,0.05521,1031.00000,598.00000,78.74605,282.49467
100.00000,0.05000,4.00000,10.00000,0.00000,0.05735,0.00000,283.13660,299.68146,0.05521,1031.00000,628.00000,77.68922,282.49467
100.00000,0.05000,5.00000,10.00000,0.00000,0.01940,0.00000,283.13660,288.08203,0.01717,1031.00000,1263.00000,1.06140,282.49467
100.00000,0.05000,6.00000,10.00000,0.00000,0.01923,0.00000,283.13660,288.03227,0.01700,1031.00000,2296.00000,2.28292,282.49467
