"Omega","Tolerance","Step Size Rule","Iterations","Converged?","Gap LR","Gap Naive","Obj. Naive","Obj. LR","Gap","Time Naive","Time LR","Final Lambda","LB Heuristic"
600.00000,0.01000,1.00000,2.00000,0.00000,0.13084,0.68243,3150.86436,4831.49621,0.13084,4255.00000,4310.00000,136.86150,4199.32452
600.00000,0.01000,2.00000,2.00000,0.00000,0.13315,0.68243,3150.86436,4844.32954,0.13315,4255.00000,2541.00000,102.99820,4199.32452
600.00000,0.01000,3.00000,1.00000,1.00000,-0.13015,0.68243,3150.86436,3715.73475,-0.13015,4255.00000,2197.00000,142.66150,4199.32452
600.00000,0.01000,4.00000,1.00000,1.00000,-0.13015,0.68243,3150.86436,3715.73475,-0.13015,4255.00000,2187.00000,142.66150,4199.32452
600.00000,0.01000,5.00000,1.00000,1.00000,-0.13015,0.68243,3150.86436,3715.73475,-0.13015,4255.00000,2189.00000,142.66150,4199.32452
600.00000,0.01000,6.00000,1.00000,1.00000,-0.13015,0.68243,3150.86436,3715.73475,-0.13015,4255.00000,2179.00000,142.66150,4199.32452
