"Omega","Tolerance","Step Size Rule","Iterations","Converged?","Gap LR","Gap Naive","Obj. Naive","Obj. LR","Gap","Time Naive","Time LR","Final Lambda","LB Heuristic"
100.00000,0.01000,1.00000,5.00000,2.00000,0.00000,0.00000,278.53877,278.53877,0.00000,184.00000,746.00000,3.15282,278.53877
100.00000,0.01000,2.00000,10.00000,0.00000,0.00150,0.00000,278.53877,278.95848,0.00150,184.00000,1183.00000,0.00000,278.53877
100.00000,0.01000,3.00000,4.00000,2.00000,0.00000,0.00000,278.53877,278.53877,0.00000,184.00000,901.00000,3.12282,278.53877
100.00000,0.01000,4.00000,4.00000,2.00000,0.00000,0.00000,278.53877,278.53877,0.00000,184.00000,960.00000,3.18836,278.53877
100.00000,0.01000,5.00000,5.00000,2.00000,0.00000,0.00000,278.53877,278.53877,0.00000,184.00000,700.00000,3.28283,278.53877
100.00000,0.01000,6.00000,4.00000,2.00000,0.00000,0.00000,278.53877,278.53877,0.00000,184.00000,685.00000,3.55649,278.53877
