,Omega,Tolerance,Step Size Rule,Iterations,Converged?,Gap LR,Gap Naive,Obj. Naive,Obj. LR,Gap,Time Naive,Time LR,Final Lambda,LB Heuristic,IR,AP
0,900.0,0.05,1.0,2.0,0.0,0.62651,0.6495,4500.61253,10631.08493,0.57666,4202.0,4205.0,557.80847,3970.58954,5611.46403,5283.28635
1,900.0,0.05,2.0,2.0,0.0,0.50335,0.6495,4500.61253,10631.08493,0.50335,4202.0,4204.0,88.00847,5279.93612,5611.46403,5283.28635
2,900.0,0.05,3.0,2.0,0.0,0.62651,0.6495,4500.61253,10631.08493,0.57666,4202.0,4204.0,909.25847,3970.58954,5611.46403,5283.28635
3,900.0,0.05,4.0,2.0,0.0,0.62651,0.6495,4500.61253,10631.08493,0.57666,4202.0,4204.0,911.18866,3970.58954,5611.46403,5283.28635
4,900.0,0.05,5.0,2.0,0.0,0.50335,0.6495,4500.61253,10631.08493,0.50335,4202.0,4204.0,238.00847,5279.93612,5611.46403,5283.28635
5,900.0,0.05,6.0,2.0,0.0,0.55015,0.6495,4500.61253,8826.49147,0.4901,4202.0,4203.0,0.0,3970.58954,5611.46403,5283.28635
