Omega,Tolerance,Step Size Rule,Iterations,Converged?,Gap LR,Gap Naive,Obj. Naive,Obj. LR,Gap,Time Naive,Time LR,Final Lambda,LB Heuristic
900.0,0.05,1.0,2.0,0.0,0.62651,0.6495,4500.61253,10631.08493,0.57666,4202.0,4205.0,557.80847,3970.58954
900.0,0.05,2.0,2.0,0.0,0.61935,0.6495,4500.61253,10431.08493,0.56854,4202.0,4209.0,88.4763,3970.58954
900.0,0.05,3.0,2.0,0.0,0.62651,0.6495,4500.61253,10631.08493,0.57666,4202.0,4204.0,909.25847,3970.58954
900.0,0.05,4.0,2.0,0.0,0.62651,0.6495,4500.61253,10631.08493,0.57666,4202.0,4204.0,911.18866,3970.58954
900.0,0.05,5.0,2.0,0.0,0.61567,0.6495,4500.61253,10331.08493,0.56436,4202.0,4202.0,88.53478,3970.58954
900.0,0.05,6.0,2.0,0.0,0.55015,0.6495,4500.61253,8826.49147,0.4901,4202.0,4203.0,0.0,3970.58954
,,,,,,,,,,,,,5611.46403
,,,,,,,,,,,,,5283.28635
