Omega,Tolerance,Step Size Rule,Iterations,Converged?,Gap LR,Gap Naive,Obj. Naive,Obj. LR (UB),"Obj. LR (LB),",Gap,Time Naive,Time LR,Final Lambda,LB Heuristic,BBP,Best iter,Lambda best iter,Gamma best iter
900.0,0.05,1.0,2.0,0.0,0.56997,0.6495,4500.61253,13056.67493,10631.08493,0.56997,4202.0,4203.0,557.80847,5614.7898,0.0,1.0,88.00847,-855.0
900.0,0.05,2.0,2.0,0.0,0.56997,0.6495,4500.61253,13056.67493,10631.08493,0.56997,4202.0,4203.0,88.00847,5614.7898,0.0,1.0,88.00847,-855.0
900.0,0.05,3.0,2.0,0.0,0.56997,0.6495,4500.61253,13056.67493,10631.08493,0.56997,4202.0,4203.0,909.25847,5614.7898,0.0,1.0,88.00847,-855.0
900.0,0.05,4.0,2.0,0.0,0.56997,0.6495,4500.61253,13056.67493,10631.08493,0.56997,4202.0,4203.0,911.18866,5614.7898,0.0,1.0,88.00847,-855.0
900.0,0.05,5.0,2.0,0.0,0.5698,0.6495,4500.61253,13051.50409,10631.08493,0.5698,4202.0,4206.0,238.00847,5614.7898,0.0,1.0,88.00847,-855.0
900.0,0.05,6.0,2.0,0.0,0.56997,0.6495,4500.61253,13056.67493,10631.08493,0.56997,4202.0,4204.0,0.0,5614.7898,0.0,1.0,88.00847,-855.0
