Omega,Tolerance,Step Size Rule,Iterations,Converged?,Gap LR,Gap Naive,Obj. Naive,Obj. LR,Gap,Time Naive,Time LR,Final Lambda,LB Heuristic
600.0,0.05,1.0,2.0,0.0,0.02931,0.15505,242.20921,255.53896,0.02931,4240.0,2397.0,330.6,248.04944
600.0,0.05,2.0,2.0,0.0,0.02931,0.15505,242.20921,255.53896,0.02931,4240.0,2397.0,0.35088,248.04944
600.0,0.05,3.0,2.0,0.0,0.02931,0.15505,242.20921,255.53896,0.02931,4240.0,2379.0,427.5,248.04944
600.0,0.05,4.0,2.0,0.0,0.02931,0.15505,242.20921,255.53896,0.02931,4240.0,2379.0,403.05087,248.04944
600.0,0.05,5.0,2.0,0.0,0.02931,0.15505,242.20921,255.53896,0.02931,4240.0,2395.0,0.26316,248.04944
600.0,0.05,6.0,2.0,0.0,0.02931,0.15505,242.20921,255.53896,0.02931,4240.0,2364.0,0.99091,248.04944
,,,,,,,,,,,,,0.0
,,,,,,,,,,,,,0.0
