Omega,Tolerance,Step Size Rule,Iterations,Converged?,Gap LR,Gap Naive,Obj. Naive,Obj. LR,Gap,Time Naive,Time LR,Final Lambda,LB Heuristic
600.0,0.05,1.0,10.0,0.0,0.05307,0.15505,242.20921,261.95047,0.05307,4240.0,2194.0,191.4,248.04944
600.0,0.05,2.0,7.0,0.0,0.05307,0.15505,242.20921,261.95047,0.05307,4240.0,7143.0,0.0,248.04944
600.0,0.05,3.0,10.0,0.0,0.05307,0.15505,242.20921,261.95047,0.05307,4240.0,2198.0,335.71104,248.04944
600.0,0.05,4.0,10.0,0.0,0.05307,0.15505,242.20921,261.95047,0.05307,4240.0,2196.0,303.63413,248.04944
600.0,0.05,5.0,5.0,0.0,0.05307,0.15505,242.20921,261.95047,0.05307,4240.0,6524.0,0.0,248.04944
600.0,0.05,6.0,5.0,0.0,0.04592,0.15505,242.20921,259.98788,0.04592,4240.0,6418.0,0.08378,248.04944
