Omega,Tolerance,Step Size Rule,Iterations,Converged?,Gap LR,Gap Naive,Obj. Naive,Obj. LR (UB),"Obj. LR (LB),",Gap,Time Naive,Time LR,Final Lambda,LB Heuristic,BBP,Best iter,Lambda best iter,Gamma best iter
600.0,0.05,1.0,10.0,0.0,0.12286,0.15505,242.20921,282.79414,262.25606,0.12286,4240.0,5089.0,191.4,248.04944,0.0,1.0,0.45411,20.0
600.0,0.05,2.0,10.0,0.0,0.12286,0.15505,242.20921,282.79414,262.25606,0.12286,4240.0,5329.0,200.0,248.04944,0.0,1.0,0.45411,20.0
600.0,0.05,3.0,10.0,0.0,0.12286,0.15505,242.20921,282.79414,262.25606,0.12286,4240.0,5087.0,335.71104,248.04944,0.0,1.0,0.45411,20.0
600.0,0.05,4.0,10.0,0.0,0.12286,0.15505,242.20921,282.79414,262.25606,0.12286,4240.0,5088.0,303.63413,248.04944,0.0,1.0,0.45411,20.0
600.0,0.05,5.0,10.0,0.0,0.12286,0.15505,242.20921,282.79414,262.25606,0.12286,4240.0,5320.0,0.0,248.04944,0.0,1.0,0.45411,20.0
600.0,0.05,6.0,10.0,0.0,0.1009,0.15505,242.20921,275.88695,275.88695,0.1009,4240.0,25982.0,0.35611,248.04944,0.0,3.0,0.99091,25.0
