Omega,Tolerance,Step Size Rule,Iterations,Converged?,Gap LR,Gap Naive,Obj. Naive,Obj. LR (UB),"Obj. LR (LB),",Gap,Time Naive,Time LR,Final Lambda,LB Heuristic,BBP,Best iter,Lambda best iter,Gamma best iter
600.0,0.05,1.0,10.0,0.0,0.12551,0.15505,242.20921,283.65164,261.95047,0.12551,4240.0,2203.0,191.4,248.04944,0.0,1.0,0.45411,23.0
600.0,0.05,2.0,10.0,0.0,0.12551,0.15505,242.20921,283.65164,261.95047,0.12551,4240.0,2315.0,200.0,248.04944,0.0,1.0,0.45411,23.0
600.0,0.05,3.0,10.0,0.0,0.12551,0.15505,242.20921,283.65164,261.95047,0.12551,4240.0,2204.0,335.71104,248.04944,0.0,1.0,0.45411,23.0
600.0,0.05,4.0,10.0,0.0,0.12549,0.15505,242.20921,283.64383,261.95047,0.12549,4240.0,2203.0,303.63413,248.04944,0.0,1.0,0.45411,23.0
600.0,0.05,5.0,10.0,0.0,0.12549,0.15505,242.20921,283.64383,261.95047,0.12549,4240.0,2424.0,0.0,248.04944,0.0,1.0,0.45411,23.0
600.0,0.05,6.0,3.0,0.0,0.12559,0.15505,242.20921,283.67522,261.95047,0.12559,4240.0,4262.0,0.0,248.04944,0.0,1.0,0.45411,23.0
