"Omega","Tolerance","Step Size Rule","Iterations","Converged?","Gap LR","Gap Naive","Obj. Naive","Obj. LR","Gap","Time Naive","Time LR","Final Lambda","LB Heuristic"
600.00000,0.05000,1.00000,1.00000,1.00000,0.00000,0.13467,248.04944,248.04944,0.00000,4257.00000,2151.00000,0.45411,248.04944
600.00000,0.05000,2.00000,1.00000,1.00000,0.00000,0.13467,248.04944,248.04944,0.00000,4257.00000,2152.00000,0.45411,248.04944
600.00000,0.05000,3.00000,2.00000,0.00000,0.02931,0.13467,248.04944,255.53896,0.02931,4257.00000,2477.00000,427.50000,248.04944
600.00000,0.05000,4.00000,2.00000,0.00000,0.02931,0.13467,248.04944,255.53896,0.02931,4257.00000,2438.00000,403.05087,248.04944
600.00000,0.05000,5.00000,2.00000,0.00000,0.02931,0.13467,248.04944,255.53896,0.02931,4257.00000,2457.00000,0.26316,248.04944
600.00000,0.05000,6.00000,3.00000,0.00000,0.02931,0.13467,248.04944,255.53896,0.02931,4257.00000,4400.00000,0.04319,248.04944
