"Omega","Tolerance","Step Size Rule","Iterations","Converged?","Gap LR","Gap Naive","Obj. Naive","Obj. LR","Gap","Time Naive","Time LR","Final Lambda","LB Heuristic"
100.00000,0.01000,1.00000,2.00000,0.00000,0.12691,0.36187,5406.72889,6109.33206,0.11500,4206.00000,4208.00000,877.85054,5333.98859
100.00000,0.01000,2.00000,10.00000,0.00000,0.12691,0.36187,5406.72889,6109.33206,0.11500,4206.00000,2357.00000,697.19236,5333.98859
100.00000,0.01000,3.00000,2.00000,0.00000,0.12691,0.36187,5406.72889,6109.33206,0.11500,4206.00000,4206.00000,877.26054,5333.98859
100.00000,0.01000,4.00000,2.00000,0.00000,0.12691,0.36187,5406.72889,6109.33206,0.11500,4206.00000,4212.00000,877.30343,5333.98859
100.00000,0.01000,5.00000,10.00000,0.00000,0.12691,0.36187,5406.72889,6109.33206,0.11500,4206.00000,2279.00000,584.85590,5333.98859
100.00000,0.01000,6.00000,3.00000,0.00000,0.13145,0.36187,5406.72889,6141.27808,0.11961,4206.00000,4212.00000,72.51238,5333.98859
