"Omega","Tolerance","Step Size Rule","Iterations","Converged?","Gap LR","Gap Naive","Obj. Naive","Obj. LR","Gap","Time Naive","Time LR","Final Lambda","LB Heuristic"
100.00000,0.01000,1.00000,2.00000,0.00000,0.12983,0.30478,5534.32028,6243.71788,0.11362,4203.00000,4204.00000,877.85054,5433.08929
100.00000,0.01000,2.00000,10.00000,0.00000,0.13225,0.30478,5534.32028,6261.14176,0.11608,4203.00000,2275.00000,697.19236,5433.08929
100.00000,0.01000,3.00000,2.00000,0.00000,0.10793,0.30478,5534.32028,6090.42739,0.09131,4203.00000,4207.00000,877.26054,5433.08929
100.00000,0.01000,4.00000,2.00000,0.00000,0.12271,0.30478,5534.32028,6193.01775,0.10636,4203.00000,4208.00000,877.30343,5433.08929
100.00000,0.01000,5.00000,10.00000,0.00000,0.13038,0.30478,5534.32028,6247.62656,0.11417,4203.00000,2280.00000,584.85590,5433.08929
100.00000,0.01000,6.00000,3.00000,0.00000,0.11166,0.30478,5534.32028,6115.98420,0.09511,4203.00000,4214.00000,101.30550,5433.08929
