Omega,Tolerance,Step Size Rule,Iterations,Converged?,Gap LR,Gap Naive,Obj. Naive,Obj. LR (UB),"Obj. LR (LB),",Gap,Time Naive,Time LR,Final Lambda,LB Heuristic,BBP,Best iter,Lambda best iter,Gamma best iter
1500.0,0.05,1.0,2.0,0.0,0.57538,0.74101,3403.26703,13180.63251,10548.29366,0.57538,4204.0,4210.0,835.97038,5596.7509,0.0,1.0,52.97038,-1425.0
1500.0,0.05,2.0,2.0,0.0,0.57538,0.74101,3403.26703,13180.63251,10548.29366,0.57538,4204.0,4222.0,52.97038,5596.7509,0.0,1.0,52.97038,-1425.0
1500.0,0.05,3.0,2.0,0.0,0.57538,0.74101,3403.26703,13180.63251,10548.29366,0.57538,4204.0,4209.0,1421.72038,5596.7509,0.0,1.0,52.97038,-1425.0
1500.0,0.05,4.0,2.0,0.0,0.57548,0.74101,3403.26703,13183.60892,10548.29366,0.57548,4204.0,4209.0,1424.93737,5596.7509,0.0,1.0,52.97038,-1425.0
1500.0,0.05,5.0,2.0,0.0,0.57538,0.74101,3403.26703,13180.63251,10548.29366,0.57538,4204.0,4217.0,202.97038,5596.7509,0.0,1.0,52.97038,-1425.0
1500.0,0.05,6.0,2.0,0.0,0.57548,0.74101,3403.26703,13183.60892,10548.29366,0.57548,4204.0,4209.0,0.0,5596.7509,0.0,1.0,52.97038,-1425.0
