Omega,Tolerance,Step Size Rule,Iterations,Converged?,Gap LR,Gap Naive,Obj. Naive,Obj. LR,Gap,Time Naive,Time LR,Final Lambda,LB Heuristic
1500.0,0.05,1.0,2.0,0.0,0.46942,0.74101,3403.26703,10548.29366,0.46942,4204.0,4211.0,835.97038,5596.7509
1500.0,0.05,2.0,2.0,0.0,0.45916,0.74101,3403.26703,10348.29366,0.45916,4204.0,4211.0,53.25108,5596.7509
1500.0,0.05,3.0,2.0,0.0,0.46942,0.74101,3403.26703,10548.29366,0.46942,4204.0,4218.0,1421.72038,5596.7509
1500.0,0.05,4.0,2.0,0.0,0.46942,0.74101,3403.26703,10548.29366,0.46942,4204.0,4232.0,1424.93737,5596.7509
1500.0,0.05,5.0,2.0,0.0,0.45388,0.74101,3403.26703,10248.29366,0.45388,4204.0,4208.0,53.28617,5596.7509
1500.0,0.05,6.0,2.0,0.0,0.26935,0.74101,3403.26703,7659.93753,0.26935,4204.0,4205.0,4.9016,5596.7509
,,,,,,,,,,,,,5592.08209
,,,,,,,,,,,,,5214.34015
