,Omega,Tolerance,Step Size Rule,Iterations,Converged?,Gap LR,Gap Naive,Obj. Naive,Obj. LR,Gap,Time Naive,Time LR,Final Lambda,LB Heuristic,IR,AP
0,1500.0,0.05,1.0,2.0,0.0,0.46942,0.74101,3403.26703,10548.29366,0.46942,4204.0,4211.0,835.97038,5596.7509,5592.08209,5214.34015
1,1500.0,0.05,2.0,2.0,0.0,0.46942,0.74101,3403.26703,10548.29366,0.46942,4204.0,4219.0,52.97038,5596.7509,5592.08209,5214.34015
2,1500.0,0.05,3.0,2.0,0.0,0.46942,0.74101,3403.26703,10548.29366,0.46942,4204.0,4218.0,1421.72038,5596.7509,5592.08209,5214.34015
3,1500.0,0.05,4.0,2.0,0.0,0.46942,0.74101,3403.26703,10548.29366,0.46942,4204.0,4232.0,1424.93737,5596.7509,5592.08209,5214.34015
4,1500.0,0.05,5.0,2.0,0.0,0.46942,0.74101,3403.26703,10548.29366,0.46942,4204.0,4211.0,202.97038,5596.7509,5592.08209,5214.34015
5,1500.0,0.05,6.0,2.0,0.0,0.26935,0.74101,3403.26703,7659.93753,0.26935,4204.0,4205.0,4.9016,5596.7509,5592.08209,5214.34015
