"Omega","Tolerance","Step Size Rule","Iterations","Converged?","Gap LR","Gap Naive","Obj. Naive","Obj. LR","Gap","Time Naive","Time LR","Final Lambda","LB Heuristic"
100.00000,0.05000,1.00000,2.00000,0.00000,0.31292,0.40124,6705.27171,9862.04200,0.31292,4200.00000,2443.00000,847.41661,6775.99974
100.00000,0.05000,2.00000,4.00000,0.00000,0.40134,0.40124,6705.27171,11318.56208,0.40134,4200.00000,3996.00000,803.63767,6775.99974
100.00000,0.05000,3.00000,2.00000,0.00000,0.33035,0.40124,6705.27171,10118.65192,0.33035,4200.00000,2439.00000,886.46644,6775.99974
100.00000,0.05000,4.00000,2.00000,0.00000,0.32852,0.40124,6705.27171,10091.18874,0.32852,4200.00000,2443.00000,886.68103,6775.99974
100.00000,0.05000,5.00000,4.00000,0.00000,0.40397,0.40124,6705.27171,11368.56244,0.40397,4200.00000,4357.00000,801.79556,6775.99974
100.00000,0.05000,6.00000,2.00000,0.00000,0.33328,0.40124,6705.27171,10163.14619,0.33328,4200.00000,2445.00000,0.00000,6775.99974
