"Omega","Tolerance","Step Size Rule","Iterations","Converged?","Gap LR","Gap Naive","Obj. Naive","Obj. LR","Gap","Time Naive","Time LR","Final Lambda","LB Heuristic"
600.00000,0.01000,1.00000,2.00000,0.00000,0.07756,0.63891,3471.71196,4233.31450,0.07756,4206.00000,4214.00000,141.18131,3904.96875
600.00000,0.01000,2.00000,3.00000,0.00000,0.11562,0.63891,3471.71196,4415.48593,0.11562,4206.00000,2532.00000,77.50805,3904.96875
600.00000,0.01000,3.00000,2.00000,0.00000,0.15525,0.63891,3471.71196,4622.63468,0.15525,4206.00000,4224.00000,133.75131,3904.96875
600.00000,0.01000,4.00000,2.00000,0.00000,0.17892,0.63891,3471.71196,4755.90115,0.17892,4206.00000,4221.00000,134.25867,3904.96875
600.00000,0.01000,5.00000,3.00000,0.00000,0.20824,0.63891,3471.71196,4932.02751,0.20824,4206.00000,2443.00000,93.92219,3904.96875
600.00000,0.01000,6.00000,3.00000,0.00000,0.16778,0.63891,3471.71196,4692.24127,0.16778,4206.00000,4380.00000,0.00000,3904.96875
