"Omega","Tolerance","Step Size Rule","Iterations","Converged?","Gap LR","Gap Naive","Obj. Naive","Obj. LR","Gap","Time Naive","Time LR","Final Lambda","LB Heuristic"
600.00000,0.01000,1.00000,2.00000,0.00000,4.39885,0.64400,3519.64010,-1203.56089,4.39885,4231.00000,4256.00000,484.54131,4090.71812
600.00000,0.01000,2.00000,2.00000,0.00000,3.91453,0.64400,3519.64010,-1403.56089,3.91453,4231.00000,4249.00000,144.17471,4090.71812
600.00000,0.01000,3.00000,2.00000,0.00000,4.39885,0.64400,3519.64010,-1203.56089,4.39885,4231.00000,4247.00000,733.00131,4090.71812
600.00000,0.01000,4.00000,2.00000,0.00000,4.39885,0.64400,3519.64010,-1203.56089,4.39885,4231.00000,4249.00000,733.25867,4090.71812
600.00000,0.01000,5.00000,2.00000,0.00000,4.39885,0.64400,3519.64010,-1203.56089,4.39885,4231.00000,4245.00000,119.00636,4090.71812
600.00000,0.01000,6.00000,2.00000,0.00000,-0.02016,0.64400,3519.64010,4009.87567,-0.02016,4231.00000,4239.00000,0.00000,4090.71812
