Omega,Tolerance,Step Size Rule,Iterations,Converged?,Gap LR,Gap Naive,Obj. Naive,Obj. LR,Gap,Time Naive,Time LR,Final Lambda,LB Heuristic,Heuristic Time
1500.0,0.03,1.0,2.0,0.0,0.05035,0.16327,235.21122,250.35779,0.05035,4211.0,2363.0,843.9,237.75197,
1500.0,0.03,2.0,2.0,0.0,0.05035,0.16327,235.21122,250.35779,0.05035,4211.0,2369.0,0.13746,237.75197,
1500.0,0.03,3.0,2.0,0.0,0.05035,0.16327,235.21122,250.35779,0.05035,4211.0,2364.0,1091.25,237.75197,
1500.0,0.03,4.0,2.0,0.0,0.05035,0.16327,235.21122,250.35779,0.05035,4211.0,2368.0,1028.84037,237.75197,
1500.0,0.03,5.0,2.0,0.0,0.05035,0.16327,235.21122,250.35779,0.05035,4211.0,2364.0,0.10309,237.75197,
1500.0,0.03,6.0,2.0,0.0,0.05035,0.16327,235.21122,250.35779,0.05035,4211.0,2363.0,0.39057,237.75197,48.0
