Omega,Tolerance,Step Size Rule,Iterations,Converged?,Gap LR,Gap Naive,Obj. Naive,Obj. LR,Gap,Time Naive,Time LR,Final Lambda,LB Heuristic
600.0,0.03,1.0,2.0,0.0,0.03705,0.10466,248.46989,255.21324,0.02642,4239.0,2590.0,337.56,245.75789
600.0,0.03,2.0,2.0,0.0,0.03705,0.10466,248.46989,255.21324,0.02642,4239.0,2622.0,0.34364,245.75789
600.0,0.03,3.0,2.0,0.0,0.03705,0.10466,248.46989,255.21324,0.02642,4239.0,2588.0,436.5,245.75789
600.0,0.03,4.0,2.0,0.0,0.03705,0.10466,248.46989,255.21324,0.02642,4239.0,2621.0,411.53615,245.75789
600.0,0.03,5.0,2.0,0.0,0.03705,0.10466,248.46989,255.21324,0.02642,4239.0,2599.0,0.25773,245.75789
600.0,0.03,6.0,2.0,0.0,0.03705,0.10466,248.46989,255.21324,0.02642,4239.0,2688.0,0.94248,245.75789
,,,,,,,,,,,,,0.0
,,,,,,,,,,,,,0.0
