,Omega,Tolerance,Step Size Rule,Iterations,Converged?,Gap LR,Gap Naive,Obj. Naive,Obj. LR,Gap,Time Naive,Time LR,Final Lambda,LB Heuristic,IR,AP
0,1500.0,0.05,1.0,2.0,0.0,0.47271,0.76089,3141.25341,10591.93531,0.47271,4204.0,4218.0,835.91064,5585.0197,5585.02528,5124.4301
1,1500.0,0.05,2.0,2.0,0.0,0.47271,0.76089,3141.25341,10591.93531,0.47271,4204.0,4218.0,52.91064,5585.0197,5585.02528,5124.4301
2,1500.0,0.05,3.0,2.0,0.0,0.47271,0.76089,3141.25341,10591.93531,0.47271,4204.0,4208.0,1421.66064,5585.0197,5585.02528,5124.4301
3,1500.0,0.05,4.0,2.0,0.0,0.47271,0.76089,3141.25341,10591.93531,0.47271,4204.0,4208.0,1424.87763,5585.0197,5585.02528,5124.4301
4,1500.0,0.05,5.0,2.0,0.0,0.47271,0.76089,3141.25341,10591.93531,0.47271,4204.0,4208.0,202.91064,5585.0197,5585.02528,5124.4301
5,1500.0,0.05,6.0,2.0,0.0,0.28018,0.76089,3141.25341,7758.94319,0.28018,4204.0,4208.0,1.9666,5585.0197,5585.02528,5124.4301
