Omega,Tolerance,Step Size Rule,Iterations,Converged?,Gap LR,Gap Naive,Obj. Naive,Obj. LR (UB),"Obj. LR (LB),",Gap,Time Naive,Time LR,Final Lambda,LB Heuristic,BBP,Best iter,Lambda best iter,Gamma best iter
1500.0,0.05,1.0,2.0,0.0,0.57598,0.76089,3141.25341,13171.65561,10591.93531,0.57598,4204.0,4214.0,835.91064,5585.0197,0.0,1.0,52.91064,-1425.0
1500.0,0.05,2.0,2.0,0.0,0.57598,0.76089,3141.25341,13171.65561,10591.93531,0.57598,4204.0,4219.0,52.91064,5585.0197,0.0,1.0,52.91064,-1425.0
1500.0,0.05,3.0,2.0,0.0,0.57598,0.76089,3141.25341,13171.65561,10591.93531,0.57598,4204.0,4209.0,1421.66064,5585.0197,0.0,1.0,52.91064,-1425.0
1500.0,0.05,4.0,2.0,0.0,0.57598,0.76089,3141.25341,13171.65561,10591.93531,0.57598,4204.0,4218.0,1424.87763,5585.0197,0.0,1.0,52.91064,-1425.0
1500.0,0.05,5.0,2.0,0.0,0.57598,0.76089,3141.25341,13171.65561,10591.93531,0.57598,4204.0,4222.0,202.91064,5585.0197,0.0,1.0,52.91064,-1425.0
1500.0,0.05,6.0,2.0,0.0,0.57598,0.76089,3141.25341,13171.65561,10591.93531,0.57598,4204.0,4207.0,0.0,5585.0197,0.0,1.0,52.91064,-1425.0
