,Omega,Tolerance,Step Size Rule,Iterations,Converged?,Gap LR,Gap Naive,Obj. Naive,Obj. LR,Gap,Time Naive,Time LR,Final Lambda,LB Heuristic,IR,AP
0,100.0,0.01,1.0,10.0,0.0,0.01091,0.00494,269.50212,273.59817,0.01091,174.0,1245.0,3.80948,270.61401,-266.78359,-267.16539
1,100.0,0.01,2.0,10.0,0.0,0.01149,0.00494,269.50212,273.76013,0.01149,174.0,542.0,2.0202,270.61401,-266.78359,-267.16539
2,100.0,0.01,3.0,10.0,0.0,0.01074,0.00494,269.50212,273.55126,0.01074,174.0,1105.0,4.56985,270.61401,-266.78359,-267.16539
3,100.0,0.01,4.0,10.0,0.0,0.01092,0.00494,269.50212,273.60063,0.01092,174.0,1286.0,4.69106,270.61401,-266.78359,-267.16539
4,100.0,0.01,5.0,10.0,0.0,0.01693,0.00494,269.50212,275.27528,0.01693,174.0,489.0,1.45142,270.61401,-266.78359,-267.16539
5,100.0,0.01,6.0,10.0,0.0,0.01046,0.00494,269.50212,273.47578,0.01046,174.0,1227.0,3.76712,270.61401,-266.78359,-267.16539
