Omega,Tolerance,Step Size Rule,Iterations,Converged?,Gap LR,Gap Naive,Obj. Naive,Obj. LR,Gap,Time Naive,Time LR,Final Lambda,LB Heuristic
100.0,0.05,1.0,10.0,0.0,0.06684,0.0011,279.49662,297.64008,0.06096,366.0,379.0,31.76087,277.74712
100.0,0.05,2.0,10.0,0.0,0.0322,0.0011,279.49662,286.98903,0.02611,366.0,822.0,4.21053,277.74712
100.0,0.05,3.0,10.0,0.0,0.06684,0.0011,279.49662,297.64008,0.06096,366.0,316.0,78.71271,277.74712
100.0,0.05,4.0,10.0,0.0,0.06684,0.0011,279.49662,297.64008,0.06096,366.0,337.0,77.65588,277.74712
100.0,0.05,5.0,10.0,0.0,0.02006,0.0011,279.49662,283.433,0.01389,366.0,752.0,1.0614,277.74712
100.0,0.05,6.0,10.0,0.0,0.01986,0.0011,279.49662,283.37354,0.01368,366.0,1635.0,2.44279,277.74712
