Omega,Tolerance,Step Size Rule,Iterations,Converged?,Gap LR,Gap Naive,Obj. Naive,Obj. LR (UB),"Obj. LR (LB),",Gap,Time Naive,Time LR,Final Lambda,LB Heuristic,BBP,Best iter,Lambda best iter,Gamma best iter
100.0,0.05,1.0,10.0,0.0,0.06684,0.0,279.49662,297.64008,297.64008,0.06096,344.0,37.0,31.76087,277.74712,0.0,1.0,2.76087,-95.0
100.0,0.05,2.0,10.0,0.0,0.06684,0.0,279.49662,297.64008,297.64008,0.06096,344.0,123.0,2.76087,277.74712,0.0,3.0,2.76087,-95.0
100.0,0.05,3.0,10.0,0.0,0.06684,0.0,279.49662,297.64008,297.64008,0.06096,344.0,30.0,78.71271,277.74712,0.0,1.0,2.76087,-95.0
100.0,0.05,4.0,10.0,0.0,0.06684,0.0,279.49662,297.64008,297.64008,0.06096,344.0,27.0,77.65588,277.74712,0.0,1.0,2.76087,-95.0
100.0,0.05,5.0,10.0,0.0,0.03146,0.0,279.49662,286.76973,286.76973,0.02536,344.0,56.0,0.0,277.74712,0.0,10.0,4.16667,5.0
100.0,0.05,6.0,10.0,0.0,0.01986,0.0,279.49662,283.37354,283.37354,0.01368,344.0,183.0,1.56367,277.74712,0.0,8.0,2.97027,2.0
