"Omega","Tolerance","Step Size Rule","Iterations","Converged?","Gap LR","Gap Naive","Obj. Naive","Obj. LR","Gap","Time Naive","Time LR","Final Lambda","LB Heuristic"
100.00000,0.05000,1.00000,10.00000,0.00000,0.06684,0.00000,279.49662,297.64008,0.06096,629.00000,684.00000,31.76087,277.74712
100.00000,0.05000,2.00000,10.00000,0.00000,0.03220,0.00000,279.49662,286.98903,0.02611,629.00000,1531.00000,4.21053,277.74712
100.00000,0.05000,3.00000,10.00000,0.00000,0.06684,0.00000,279.49662,297.64008,0.06096,629.00000,635.00000,78.71271,277.74712
100.00000,0.05000,4.00000,10.00000,0.00000,0.06684,0.00000,279.49662,297.64008,0.06096,629.00000,611.00000,77.65588,277.74712
100.00000,0.05000,5.00000,10.00000,0.00000,0.02006,0.00000,279.49662,283.43300,0.01389,629.00000,1345.00000,1.06140,277.74712
100.00000,0.05000,6.00000,10.00000,0.00000,0.01986,0.00000,279.49662,283.37354,0.01368,629.00000,2337.00000,2.44279,277.74712
