Omega,Tolerance,Step Size Rule,Iterations,Converged?,Gap LR,Gap Naive,Obj. Naive,Obj. LR,Gap,Time Naive,Time LR,Final Lambda,LB Heuristic
900.0,0.05,1.0,1.0,1.0,0.0,0.21441,226.10668,249.23278,0.0,4251.0,2120.0,0.302,249.23278
900.0,0.05,2.0,1.0,1.0,0.0,0.21441,226.10668,249.23278,0.0,4251.0,2116.0,0.302,249.23278
900.0,0.05,3.0,1.0,1.0,0.0,0.21441,226.10668,249.23278,0.0,4251.0,2114.0,0.302,249.23278
900.0,0.05,4.0,1.0,1.0,0.0,0.21441,226.10668,249.23278,0.0,4251.0,2115.0,0.302,249.23278
900.0,0.05,5.0,1.0,1.0,0.0,0.21441,226.10668,249.23278,0.0,4251.0,2117.0,0.302,249.23278
900.0,0.05,6.0,1.0,1.0,0.0,0.21441,226.10668,249.23278,0.0,4251.0,2123.0,0.302,249.23278
