Omega,Tolerance,Step Size Rule,Iterations,Converged?,Gap LR,Gap Naive,Obj. Naive,Obj. LR,Gap,Time Naive,Time LR,Final Lambda,LB Heuristic
900.0,0.05,1.0,10.0,0.0,0.01745,0.21441,226.10668,253.65891,0.01745,4251.0,2227.0,287.1,249.23278
900.0,0.05,2.0,3.0,0.0,0.01745,0.21441,226.10668,253.65891,0.01745,4251.0,2954.0,0.46784,249.23278
900.0,0.05,3.0,10.0,0.0,0.01745,0.21441,226.10668,253.65891,0.01745,4251.0,2229.0,503.56656,249.23278
900.0,0.05,4.0,10.0,0.0,0.01745,0.21441,226.10668,253.65891,0.01745,4251.0,2230.0,455.4512,249.23278
900.0,0.05,5.0,3.0,0.0,0.01745,0.21441,226.10668,253.65891,0.01745,4251.0,2578.0,0.2924,249.23278
900.0,0.05,6.0,2.0,0.0,0.01745,0.21441,226.10668,253.65891,0.01745,4251.0,2279.0,0.56136,249.23278
,,,,,,,,,,,,,0.0
,,,,,,,,,,,,,0.0
