Omega,Tolerance,Step Size Rule,Iterations,Converged?,Gap LR,Gap Naive,Obj. Naive,Obj. LR (UB),"Obj. LR (LB),",Gap,Time Naive,Time LR,Final Lambda,LB Heuristic,BBP,Best iter,Lambda best iter,Gamma best iter
900.0,0.05,1.0,10.0,0.0,0.12901,0.21441,226.10668,286.14733,253.65891,0.12901,4251.0,2278.0,287.1,249.23278,0.0,1.0,0.302,44.0
900.0,0.05,2.0,8.0,0.0,0.12897,0.21441,226.10668,286.13544,253.65891,0.12897,4251.0,2437.0,200.0,249.23278,0.0,1.0,0.302,44.0
900.0,0.05,3.0,10.0,0.0,0.12901,0.21441,226.10668,286.14733,253.65891,0.12901,4251.0,2271.0,503.56656,249.23278,0.0,1.0,0.302,44.0
900.0,0.05,4.0,10.0,0.0,0.12901,0.21441,226.10668,286.14733,253.65891,0.12901,4251.0,2276.0,455.4512,249.23278,0.0,1.0,0.302,44.0
900.0,0.05,5.0,7.0,0.0,0.12901,0.21441,226.10668,286.14733,253.65891,0.12901,4251.0,2443.0,0.0,249.23278,0.0,1.0,0.302,44.0
900.0,0.05,6.0,3.0,0.0,0.12901,0.21441,226.10668,286.14733,253.65891,0.12901,4251.0,4292.0,0.0,249.23278,0.0,1.0,0.302,44.0
