Omega,Tolerance,Step Size Rule,Iterations,Converged?,Gap LR,Gap Naive,Obj. Naive,Obj. LR (UB),"Obj. LR (LB),",Gap,Time Naive,Time LR,Final Lambda,LB Heuristic,BBP,Best iter,Lambda best iter,Gamma best iter
900.0,0.05,1.0,10.0,0.0,0.12647,0.21441,226.10668,285.31656,259.48716,0.12647,4251.0,5162.0,287.1,249.23278,0.0,1.0,0.302,32.0
900.0,0.05,2.0,10.0,0.0,0.12647,0.21441,226.10668,285.31656,259.48716,0.12647,4251.0,5470.0,200.0,249.23278,0.0,1.0,0.302,32.0
900.0,0.05,3.0,10.0,0.0,0.12647,0.21441,226.10668,285.31656,259.48716,0.12647,4251.0,5158.0,503.56656,249.23278,0.0,1.0,0.302,32.0
900.0,0.05,4.0,10.0,0.0,0.12647,0.21441,226.10668,285.31656,259.48716,0.12647,4251.0,5159.0,455.4512,249.23278,0.0,1.0,0.302,32.0
900.0,0.05,5.0,10.0,0.0,0.12647,0.21441,226.10668,285.31656,259.48716,0.12647,4251.0,5585.0,0.0,249.23278,0.0,1.0,0.302,32.0
900.0,0.05,6.0,7.0,0.0,0.11662,0.21441,226.10668,282.13628,274.37096,0.11662,4251.0,50283.0,0.0,249.23278,0.0,3.0,0.66217,32.0
