"Omega","Tolerance","Step Size Rule","Iterations","Converged?","Gap LR","Gap Naive","Obj. Naive","Obj. LR","Gap","Time Naive","Time LR","Final Lambda","LB Heuristic"
900.00000,0.05000,1.00000,1.00000,1.00000,0.00000,0.13406,249.23278,249.23278,0.00000,4291.00000,2185.00000,0.30200,249.23278
900.00000,0.05000,2.00000,1.00000,1.00000,0.00000,0.13406,249.23278,249.23278,0.00000,4291.00000,2166.00000,0.30200,249.23278
900.00000,0.05000,3.00000,1.00000,1.00000,0.00000,0.13406,249.23278,249.23278,0.00000,4291.00000,2164.00000,0.30200,249.23278
900.00000,0.05000,4.00000,1.00000,1.00000,0.00000,0.13406,249.23278,249.23278,0.00000,4291.00000,2171.00000,0.30200,249.23278
900.00000,0.05000,5.00000,1.00000,1.00000,0.00000,0.13406,249.23278,249.23278,0.00000,4291.00000,2153.00000,0.30200,249.23278
900.00000,0.05000,6.00000,1.00000,1.00000,0.00000,0.13406,249.23278,249.23278,0.00000,4291.00000,2136.00000,0.30200,249.23278
