"Omega","Tolerance","Step Size Rule","Iterations","Converged?","Gap LR","Gap Naive","Obj. Naive","Obj. LR","Gap","Time Naive","Time LR","Final Lambda","LB Heuristic"
100.00000,0.07000,1.00000,2.00000,0.00000,0.36944,0.50504,6883.90279,11547.17430,0.36944,4213.00000,4220.00000,846.22535,7281.15321
100.00000,0.07000,2.00000,2.00000,0.00000,0.40950,0.50504,6883.90279,12330.40024,0.40950,4213.00000,4226.00000,800.64643,7281.15321
100.00000,0.07000,3.00000,2.00000,0.00000,0.37981,0.50504,6883.90279,11740.16576,0.37981,4213.00000,4231.00000,884.09535,7281.15321
100.00000,0.07000,4.00000,2.00000,0.00000,0.37981,0.50504,6883.90279,11740.16576,0.37981,4213.00000,4237.00000,884.39561,7281.15321
100.00000,0.07000,5.00000,2.00000,0.00000,0.41892,0.50504,6883.90279,12530.40024,0.41892,4213.00000,4225.00000,801.18406,7281.15321
100.00000,0.07000,6.00000,2.00000,0.00000,0.40241,0.50504,6883.90279,12184.11268,0.40241,4213.00000,4091.00000,0.00000,7281.15321
