"Omega","Tolerance","Step Size Rule","Iterations","Converged?","Gap LR","Gap Naive","Obj. Naive","Obj. LR","Gap","Time Naive","Time LR","Final Lambda","LB Heuristic"
100.00000,0.07000,1.00000,10.00000,0.00000,0.07124,0.00000,282.44033,303.61768,0.06975,4121.00000,689.00000,20.23121,281.98865
100.00000,0.07000,2.00000,10.00000,0.00000,0.05417,0.00000,282.44033,298.14009,0.05266,4121.00000,1340.00000,4.30108,281.98865
100.00000,0.07000,3.00000,10.00000,0.00000,0.07124,0.00000,282.44033,303.61768,0.06975,4121.00000,569.00000,69.16379,281.98865
100.00000,0.07000,4.00000,10.00000,0.00000,0.07124,0.00000,282.44033,303.61768,0.06975,4121.00000,493.00000,67.68423,281.98865
100.00000,0.07000,5.00000,10.00000,0.00000,0.03323,0.00000,282.44033,291.68208,0.03168,4121.00000,1135.00000,1.08423,281.98865
100.00000,0.07000,6.00000,10.00000,0.00000,0.03322,0.00000,282.44033,291.67843,0.03167,4121.00000,1611.00000,2.70042,281.98865
