"Omega","Tolerance","Step Size Rule","Iterations","Converged?","Gap LR","Gap Naive","Obj. Naive","Obj. LR","Gap","Time Naive","Time LR","Final Lambda","LB Heuristic"
600.00000,0.01000,1.00000,2.00000,0.00000,0.02394,0.08156,244.10871,248.71976,0.01854,4250.00000,2973.00000,344.52000,242.76500
600.00000,0.01000,2.00000,2.00000,0.00000,0.02394,0.08156,244.10871,248.71976,0.01854,4250.00000,2903.00000,0.33670,242.76500
600.00000,0.01000,3.00000,2.00000,0.00000,0.02538,0.08156,244.10871,249.08739,0.01999,4250.00000,2931.00000,445.50000,242.76500
600.00000,0.01000,4.00000,2.00000,0.00000,0.02538,0.08156,244.10871,249.08739,0.01999,4250.00000,2815.00000,420.02143,242.76500
600.00000,0.01000,5.00000,2.00000,0.00000,0.02538,0.08156,244.10871,249.08739,0.01999,4250.00000,2425.00000,0.25253,242.76500
600.00000,0.01000,6.00000,3.00000,0.00000,0.02538,0.08156,244.10871,249.08739,0.01999,4250.00000,4461.00000,4.16499,242.76500
