,Omega,Tolerance,Step Size Rule,Iterations,Converged?,Gap LR,Gap Naive,Obj. Naive,Obj. LR,Gap,Time Naive,Time LR,Final Lambda,LB Heuristic,IR,AP
0,900.0,0.01,1.0,2.0,0.0,0.02265,0.10093,242.87275,249.4565,0.02265,4249.0,2364.0,516.78,243.80646,-242.10404,0.0
1,900.0,0.01,2.0,2.0,0.0,0.02265,0.10093,242.87275,249.4565,0.02265,4249.0,2389.0,0.22447,243.80646,-242.10404,0.0
2,900.0,0.01,3.0,2.0,0.0,0.02265,0.10093,242.87275,249.4565,0.02265,4249.0,2357.0,668.25,243.80646,-242.10404,0.0
3,900.0,0.01,4.0,2.0,0.0,0.02265,0.10093,242.87275,249.4565,0.02265,4249.0,2389.0,630.03214,243.80646,-242.10404,0.0
4,900.0,0.01,5.0,2.0,0.0,0.02265,0.10093,242.87275,249.4565,0.02265,4249.0,2355.0,0.16835,243.80646,-242.10404,0.0
5,900.0,0.01,6.0,2.0,0.0,0.02265,0.10093,242.87275,249.4565,0.02265,4249.0,2408.0,0.57214,243.80646,-242.10404,0.0
