Omega,Tolerance,Step Size Rule,Iterations,Converged?,Gap LR,Gap Naive,Obj. Naive,Obj. LR (UB),"Obj. LR (LB),",Gap,Time Naive,Time LR,Final Lambda,LB Heuristic,BBP,Best iter,Lambda best iter,Gamma best iter
900.0,0.01,1.0,10.0,0.0,0.07034,0.10093,242.87275,262.25257,252.32095,0.07034,4249.0,5218.0,475.02,243.80646,0.0,1.0,0.74685,2.0
900.0,0.01,2.0,10.0,0.0,0.06953,0.10093,242.87275,262.02532,252.32095,0.06953,4249.0,5464.0,200.0,243.80646,0.0,1.0,0.74685,2.0
900.0,0.01,3.0,10.0,0.0,0.06953,0.10093,242.87275,262.02532,252.32095,0.06953,4249.0,5196.0,640.71331,243.80646,0.0,1.0,0.74685,2.0
900.0,0.01,4.0,10.0,0.0,0.06953,0.10093,242.87275,262.02532,252.32095,0.06953,4249.0,5190.0,600.20712,243.80646,0.0,1.0,0.74685,2.0
900.0,0.01,5.0,10.0,0.0,0.07034,0.10093,242.87275,262.25257,252.32095,0.07034,4249.0,5561.0,0.0,243.80646,0.0,1.0,0.74685,2.0
900.0,0.01,6.0,3.0,0.0,0.06953,0.10093,242.87275,262.02532,252.32095,0.06953,4249.0,20089.0,0.0,243.80646,0.0,1.0,0.74685,2.0
