Omega,Tolerance,Step Size Rule,Iterations,Converged?,Gap LR,Gap Naive,Obj. Naive,Obj. LR (UB),"Obj. LR (LB),",Gap,Time Naive,Time LR,Final Lambda,LB Heuristic,BBP,Best iter,Lambda best iter,Gamma best iter
900.0,0.01,1.0,10.0,0.0,0.08562,0.10093,242.87275,266.63476,250.34251,0.08562,4249.0,2316.0,475.02,243.80646,0.0,1.0,0.74685,7.0
900.0,0.01,2.0,8.0,0.0,0.08562,0.10093,242.87275,266.63476,250.34251,0.08562,4249.0,2448.0,200.0,243.80646,0.0,1.0,0.74685,7.0
900.0,0.01,3.0,10.0,0.0,0.08562,0.10093,242.87275,266.63476,250.34251,0.08562,4249.0,2278.0,640.71331,243.80646,0.0,1.0,0.74685,7.0
900.0,0.01,4.0,10.0,0.0,0.08562,0.10093,242.87275,266.63476,250.34251,0.08562,4249.0,2286.0,600.20712,243.80646,0.0,1.0,0.74685,7.0
900.0,0.01,5.0,8.0,0.0,0.08562,0.10093,242.87275,266.63476,250.34251,0.08562,4249.0,2420.0,37.5,243.80646,0.0,1.0,0.74685,7.0
900.0,0.01,6.0,3.0,0.0,0.08562,0.10093,242.87275,266.63476,250.34251,0.08562,4249.0,4286.0,2.17476,243.80646,0.0,1.0,0.74685,7.0
