"Omega","Tolerance","Step Size Rule","Iterations","Converged?","Gap LR","Gap Naive","Obj. Naive","Obj. LR","Gap","Time Naive","Time LR","Final Lambda","LB Heuristic"
600.00000,0.03000,1.00000,2.00000,0.00000,0.01121,0.10448,249.63216,252.46342,0.01121,4256.00000,2821.00000,337.56000,249.63216
600.00000,0.03000,2.00000,2.00000,0.00000,0.01121,0.10448,249.63216,252.46342,0.01121,4256.00000,2675.00000,0.34364,249.63216
600.00000,0.03000,3.00000,2.00000,0.00000,0.01121,0.10448,249.63216,252.46342,0.01121,4256.00000,2668.00000,436.50000,249.63216
600.00000,0.03000,4.00000,2.00000,0.00000,0.01121,0.10448,249.63216,252.46342,0.01121,4256.00000,2672.00000,411.53615,249.63216
600.00000,0.03000,5.00000,2.00000,0.00000,0.01121,0.10448,249.63216,252.46342,0.01121,4256.00000,2609.00000,0.25773,249.63216
600.00000,0.03000,6.00000,2.00000,0.00000,0.01121,0.10448,249.63216,252.46342,0.01121,4256.00000,3364.00000,0.66199,249.63216
