Omega,Tolerance,Step Size Rule,Iterations,Converged?,Gap LR,Gap Naive,Obj. Naive,Obj. LR,Gap,Time Naive,Time LR,Final Lambda,LB Heuristic
600.0,0.05,1.0,2.0,0.0,0.63362,0.63962,4490.79416,10665.99962,0.57896,4201.0,4202.0,444.96952,3907.82595
600.0,0.05,2.0,2.0,0.0,0.62662,0.63962,4490.79416,10465.99962,0.57092,4201.0,4201.0,132.47127,3907.82595
600.0,0.05,3.0,2.0,0.0,0.63362,0.63962,4490.79416,10665.99962,0.57896,4201.0,4203.0,679.26952,3907.82595
600.0,0.05,4.0,2.0,0.0,0.63362,0.63962,4490.79416,10665.99962,0.57896,4201.0,4203.0,680.55632,3907.82595
600.0,0.03,5.0,2.0,0.0,0.45406,0.59792,4375.8868,6701.98183,0.34708,4201.0,4202.0,134.59738,3658.90628
600.0,0.03,6.0,2.0,0.0,0.46011,0.73494,1958.37776,6777.17775,0.46011,4204.0,4203.0,0.0,3658.90628
