,Omega,Tolerance,Step Size Rule,Iterations,Converged?,Gap LR,Gap Naive,Obj. Naive,Obj. LR,Gap,Time Naive,Time LR,Final Lambda,LB Heuristic,IR,AP
0,600.0,0.05,1.0,2.0,0.0,0.63362,0.63962,4490.79416,10665.99962,0.57896,4201.0,4202.0,444.96952,3907.82595,5507.86811,5206.19914
1,600.0,0.05,2.0,2.0,0.0,0.62662,0.63962,4490.79416,10465.99962,0.57092,4201.0,4201.0,132.47127,3907.82595,5507.86811,5206.19914
2,600.0,0.05,3.0,2.0,0.0,0.63362,0.63962,4490.79416,10665.99962,0.57896,4201.0,4203.0,679.26952,3907.82595,5507.86811,5206.19914
3,600.0,0.05,4.0,2.0,0.0,0.63362,0.63962,4490.79416,10665.99962,0.57896,4201.0,4203.0,680.55632,3907.82595,5507.86811,5206.19914
4,600.0,0.05,5.0,2.0,0.0,0.62302,0.63962,4490.79416,10365.99962,0.56678,4201.0,4202.0,132.55899,3907.82595,5507.86811,5206.19914
5,600.0,0.05,6.0,2.0,0.0,0.55991,0.63962,4490.79416,8879.57935,0.49426,4201.0,4201.0,0.0,3907.82595,5507.86811,5206.19914
