Omega,Tolerance,Step Size Rule,Iterations,Converged?,Gap LR,Gap Naive,Obj. Naive,Obj. LR (UB),"Obj. LR (LB),",Gap,Time Naive,Time LR,Final Lambda,LB Heuristic,BBP,Best iter,Lambda best iter,Gamma best iter
600.0,0.05,1.0,3.0,0.0,0.56291,0.63962,4490.79416,12608.92789,10670.53322,0.56291,4201.0,25003.0,427.56952,5511.20388,0.0,1.0,131.76952,-570.0
600.0,0.05,2.0,3.0,0.0,0.55583,0.63962,4490.79416,12407.97791,10673.86655,0.55583,4201.0,25003.0,331.76952,5511.20388,0.0,3.0,131.76952,-570.0
600.0,0.05,3.0,3.0,0.0,0.56291,0.63962,4490.79416,12608.92789,10670.53322,0.56291,4201.0,25003.0,661.26952,5511.20388,0.0,1.0,131.76952,-570.0
600.0,0.05,4.0,3.0,0.0,0.56291,0.63962,4490.79416,12608.92789,10670.53322,0.56291,4201.0,25004.0,663.23581,5511.20388,0.0,1.0,131.76952,-570.0
600.0,0.05,5.0,3.0,0.0,0.56291,0.63962,4490.79416,12608.92789,10670.53322,0.56291,4201.0,25003.0,181.76952,5511.20388,0.0,1.0,131.76952,-570.0
600.0,0.05,6.0,4.0,0.0,0.56198,0.63962,4490.79416,12581.9735,8803.56505,0.56198,4201.0,25010.0,0.0,5511.20388,0.0,4.0,143.53385,30.0
