Omega,Tolerance,Step Size Rule,Iterations,Converged?,Gap LR,Gap Naive,Obj. Naive,Obj. LR (UB),"Obj. LR (LB),",Gap,Time Naive,Time LR,Final Lambda,LB Heuristic,BBP,Best iter,Lambda best iter,Gamma best iter
600.0,0.05,1.0,5.0,0.0,0.56472,0.63962,4490.79416,12661.19115,10665.99962,0.56472,4201.0,55010.0,392.76952,5511.20388,0.0,1.0,131.76952,-570.0
600.0,0.05,2.0,5.0,0.0,0.55835,0.63962,4490.79416,12478.7064,10673.86655,0.55835,4201.0,55009.0,331.76952,5511.20388,0.0,3.0,131.76952,-570.0
600.0,0.05,3.0,5.0,0.0,0.56472,0.63962,4490.79416,12661.19115,10665.99962,0.56472,4201.0,55008.0,633.41238,5511.20388,0.0,1.0,131.76952,-570.0
600.0,0.05,4.0,5.0,0.0,0.56472,0.63962,4490.79416,12661.19115,10665.99962,0.56472,4201.0,55008.0,634.8194,5511.20388,0.0,1.0,131.76952,-570.0
600.0,0.05,5.0,6.0,0.0,0.56472,0.63962,4490.79416,12661.19115,10665.99962,0.56472,4201.0,55027.0,116.76952,5511.20388,0.0,1.0,131.76952,-570.0
600.0,0.05,6.0,10.0,0.0,0.56423,0.63962,4490.79416,12647.10205,8791.15551,0.56423,4201.0,40088.0,114.26552,5511.20388,0.0,4.0,143.53385,30.0
