"Omega","Tolerance","Step Size Rule","Iterations","Converged?","Gap LR","Gap Naive","Obj. Naive","Obj. LR","Gap","Time Naive","Time LR","Final Lambda","LB Heuristic"
600.00000,0.05000,1.00000,2.00000,0.00000,0.67258,0.67170,4286.48349,10665.99962,0.59812,4266.00000,4317.00000,444.96952,3492.20884
600.00000,0.05000,2.00000,2.00000,0.00000,0.66633,0.67170,4286.48349,10465.99962,0.59044,4266.00000,4328.00000,132.47127,3492.20884
600.00000,0.05000,3.00000,2.00000,0.00000,0.67258,0.67170,4286.48349,10665.99962,0.59812,4266.00000,4355.00000,679.26952,3492.20884
600.00000,0.05000,4.00000,2.00000,0.00000,0.67258,0.67170,4286.48349,10665.99962,0.59812,4266.00000,4366.00000,680.55632,3492.20884
600.00000,0.05000,5.00000,2.00000,0.00000,0.66311,0.67170,4286.48349,10365.99962,0.58649,4266.00000,4321.00000,132.55899,3492.20884
600.00000,0.05000,6.00000,2.00000,0.00000,0.53023,0.67170,4286.48349,7433.91909,0.42339,4266.00000,4272.00000,0.00000,3492.20884
