"Omega","Tolerance","Step Size Rule","Iterations","Converged?","Gap LR","Gap Naive","Obj. Naive","Obj. LR","Gap","Time Naive","Time LR","Final Lambda","LB Heuristic"
600.00000,0.05000,1.00000,2.00000,0.00000,0.57799,0.74773,3293.80705,10665.99962,0.57799,4308.00000,4314.00000,444.96952,4501.11484
600.00000,0.05000,2.00000,2.00000,0.00000,0.56993,0.74773,3293.80705,10465.99962,0.56993,4308.00000,4325.00000,132.47127,4501.11484
600.00000,0.05000,3.00000,2.00000,0.00000,0.57799,0.74773,3293.80705,10665.99962,0.57799,4308.00000,4329.00000,679.26952,4501.11484
600.00000,0.05000,4.00000,2.00000,0.00000,0.57799,0.74773,3293.80705,10665.99962,0.57799,4308.00000,4331.00000,680.55632,4501.11484
600.00000,0.05000,5.00000,2.00000,0.00000,0.56578,0.74773,3293.80705,10365.99962,0.56578,4308.00000,4305.00000,132.55899,4501.11484
600.00000,0.05000,6.00000,2.00000,0.00000,0.38698,0.74773,3293.80705,7342.52202,0.38698,4308.00000,4238.00000,0.00000,4501.11484
