"Omega","Tolerance","Step Size Rule","Iterations","Converged?","Gap LR","Gap Naive","Obj. Naive","Obj. LR","Gap","Time Naive","Time LR","Final Lambda","LB Heuristic"
100.00000,0.05000,1.00000,2.00000,0.00000,0.34713,0.46258,6355.10693,9788.72303,0.34713,4203.00000,2476.00000,842.33866,6390.74742
100.00000,0.05000,2.00000,3.00000,0.00000,0.48544,0.46258,6355.10693,12419.93192,0.48544,4203.00000,2455.00000,796.45445,6390.74742
100.00000,0.05000,3.00000,2.00000,0.00000,0.36343,0.46258,6355.10693,10039.34652,0.36343,4203.00000,2499.00000,881.38866,6390.74742
100.00000,0.05000,4.00000,2.00000,0.00000,0.36306,0.46258,6355.10693,10033.52608,0.36306,4203.00000,2508.00000,881.60313,6390.74742
100.00000,0.05000,5.00000,3.00000,0.00000,0.48336,0.46258,6355.10693,12369.93191,0.48336,4203.00000,2986.00000,795.92814,6390.74742
100.00000,0.05000,6.00000,2.00000,0.00000,0.37320,0.46258,6355.10693,10195.81408,0.37320,4203.00000,2584.00000,0.00000,6390.74742
