"Omega","Tolerance","Step Size Rule","Iterations","Converged?","Gap LR","Gap Naive","Obj. Naive","Obj. LR","Gap","Time Naive","Time LR","Final Lambda","LB Heuristic"
100.00000,0.05000,1.00000,3.00000,0.00000,0.31135,0.43257,6562.28984,9581.88359,0.31135,4203.00000,4501.00000,839.43866,6598.60954
100.00000,0.05000,2.00000,4.00000,0.00000,0.46001,0.43257,6562.28984,12219.93192,0.46001,4203.00000,2824.00000,798.55972,6598.60954
100.00000,0.05000,3.00000,2.00000,0.00000,0.33483,0.43257,6562.28984,9920.23230,0.33483,4203.00000,2443.00000,881.38866,6598.60954
100.00000,0.05000,4.00000,2.00000,0.00000,0.33483,0.43257,6562.28984,9920.23230,0.33483,4203.00000,2408.00000,881.60313,6598.60954
100.00000,0.05000,5.00000,4.00000,0.00000,0.46221,0.43257,6562.28984,12269.93192,0.46221,4203.00000,3001.00000,796.71761,6598.60954
100.00000,0.05000,6.00000,2.00000,0.00000,0.34984,0.43257,6562.28984,10149.21440,0.34984,4203.00000,2414.00000,0.00000,6598.60954
