"Omega","Tolerance","Step Size Rule","Iterations","Converged?","Gap LR","Gap Naive","Obj. Naive","Obj. LR","Gap","Time Naive","Time LR","Final Lambda","LB Heuristic"
100.00000,0.05000,1.00000,2.00000,0.00000,0.34626,0.47230,6424.06393,9775.61165,0.34285,4212.00000,3044.00000,842.33866,6390.74742
100.00000,0.05000,2.00000,2.00000,0.00000,0.49360,0.47230,6424.06393,12619.93192,0.49096,4212.00000,2484.00000,794.34919,6390.74742
100.00000,0.05000,3.00000,2.00000,0.00000,0.35808,0.47230,6424.06393,9955.75255,0.35474,4212.00000,3084.00000,881.38866,6390.74742
100.00000,0.05000,4.00000,2.00000,0.00000,0.35808,0.47230,6424.06393,9955.75255,0.35474,4212.00000,3072.00000,881.60313,6390.74742
100.00000,0.05000,5.00000,2.00000,0.00000,0.41738,0.47230,6424.06393,10969.05985,0.41435,4212.00000,3086.00000,794.87550,6390.74742
100.00000,0.05000,6.00000,2.00000,0.00000,0.36652,0.47230,6424.06393,10088.25167,0.36321,4212.00000,3102.00000,0.00000,6390.74742
