,Omega,Tolerance,Step Size Rule,Iterations,Converged?,Gap LR,Gap Naive,Obj. Naive,Obj. LR,Gap,Time Naive,Time LR,Final Lambda,LB Heuristic,IR,AP
0,600.0,0.05,1.0,2.0,0.0,0.62808,0.63287,4576.18506,10564.99692,0.56685,4201.0,4202.0,445.3797,3929.31112,5514.03329,5116.03588
1,600.0,0.05,2.0,2.0,0.0,0.62091,0.63287,4576.18506,10364.99692,0.5585,4201.0,4202.0,132.88145,3929.31112,5514.03329,5116.03588
2,600.0,0.05,3.0,2.0,0.0,0.62808,0.63287,4576.18506,10564.99692,0.56685,4201.0,4203.0,679.6797,3929.31112,5514.03329,5116.03588
3,600.0,0.05,4.0,2.0,0.0,0.62808,0.63287,4576.18506,10564.99692,0.56685,4201.0,4204.0,680.9665,3929.31112,5514.03329,5116.03588
4,600.0,0.05,5.0,2.0,0.0,0.61721,0.63287,4576.18506,10264.99692,0.5542,4201.0,4202.0,132.96917,3929.31112,5514.03329,5116.03588
5,600.0,0.05,6.0,2.0,0.0,0.55946,0.63287,4576.18506,8919.37423,0.48694,4201.0,4203.0,0.0,3929.31112,5514.03329,5116.03588
