Omega,Tolerance,Step Size Rule,Iterations,Converged?,Gap LR,Gap Naive,Obj. Naive,Obj. LR (UB),"Obj. LR (LB),",Gap,Time Naive,Time LR,Final Lambda,LB Heuristic,BBP,Best iter,Lambda best iter,Gamma best iter
600.0,0.05,1.0,5.0,0.0,0.564,0.63287,4576.18506,12646.79893,10564.99692,0.564,4201.0,55007.0,393.1797,5514.02955,0.0,1.0,132.1797,-570.0
600.0,0.05,2.0,5.0,0.0,0.55701,0.63287,4576.18506,12447.32456,10564.99692,0.55701,4201.0,55011.0,332.1797,5514.02955,0.0,3.0,132.1797,-570.0
600.0,0.05,3.0,5.0,0.0,0.564,0.63287,4576.18506,12646.79893,10564.99692,0.564,4201.0,55005.0,633.82256,5514.02955,0.0,1.0,132.1797,-570.0
600.0,0.05,4.0,5.0,0.0,0.564,0.63287,4576.18506,12646.79893,10564.99692,0.564,4201.0,55008.0,635.22958,5514.02955,0.0,1.0,132.1797,-570.0
600.0,0.05,5.0,6.0,0.0,0.564,0.63287,4576.18506,12646.79893,10564.99692,0.564,4201.0,55025.0,117.1797,5514.02955,0.0,1.0,132.1797,-570.0
600.0,0.05,6.0,10.0,0.0,0.56301,0.63287,4576.18506,12618.15881,8628.74209,0.56301,4201.0,40085.0,114.62384,5514.02955,0.0,4.0,143.76187,30.0
