Omega,Tolerance,Step Size Rule,Iterations,Converged?,Gap LR,Gap Naive,Obj. Naive,Obj. LR (UB),"Obj. LR (LB),",Gap,Time Naive,Time LR,Final Lambda,LB Heuristic,BBP,Best iter,Lambda best iter,Gamma best iter
600.0,0.05,1.0,2.0,0.0,0.56809,0.63287,4576.18506,12766.47473,10564.99692,0.56809,4201.0,4202.0,445.3797,5514.02955,0.0,1.0,132.1797,-570.0
600.0,0.05,2.0,2.0,0.0,0.56809,0.63287,4576.18506,12766.47473,10564.99692,0.56809,4201.0,4202.0,132.1797,5514.02955,0.0,1.0,132.1797,-570.0
600.0,0.05,3.0,2.0,0.0,0.56809,0.63287,4576.18506,12766.47473,10564.99692,0.56809,4201.0,4202.0,679.6797,5514.02955,0.0,1.0,132.1797,-570.0
600.0,0.05,4.0,2.0,0.0,0.56809,0.63287,4576.18506,12766.47473,10564.99692,0.56809,4201.0,4202.0,680.9665,5514.02955,0.0,1.0,132.1797,-570.0
600.0,0.05,5.0,2.0,0.0,0.56809,0.63287,4576.18506,12766.47473,10564.99692,0.56809,4201.0,4202.0,282.1797,5514.02955,0.0,1.0,132.1797,-570.0
600.0,0.05,6.0,2.0,0.0,0.56809,0.63287,4576.18506,12766.47473,10564.99692,0.56809,4201.0,4202.0,0.0,5514.02955,0.0,1.0,132.1797,-570.0
