"Omega","Tolerance","Step Size Rule","Iterations","Converged?","Gap LR","Gap Naive","Obj. Naive","Obj. LR","Gap","Time Naive","Time LR","Final Lambda","LB Heuristic"
600.00000,0.05000,1.00000,2.00000,0.00000,0.58453,0.72106,3645.02116,10564.99692,0.58453,4250.00000,4291.00000,445.37970,4389.43555
600.00000,0.05000,2.00000,2.00000,0.00000,0.57651,0.72106,3645.02116,10364.99692,0.57651,4250.00000,4299.00000,132.88145,4389.43555
600.00000,0.05000,3.00000,2.00000,0.00000,0.58453,0.72106,3645.02116,10564.99692,0.58453,4250.00000,4326.00000,679.67970,4389.43555
600.00000,0.05000,4.00000,2.00000,0.00000,0.58453,0.72106,3645.02116,10564.99692,0.58453,4250.00000,4369.00000,680.96650,4389.43555
600.00000,0.05000,5.00000,2.00000,0.00000,0.57239,0.72106,3645.02116,10264.99692,0.57239,4250.00000,4319.00000,132.96917,4389.43555
600.00000,0.05000,6.00000,2.00000,0.00000,0.46561,0.72106,3645.02116,8213.97615,0.46561,4250.00000,4247.00000,0.00000,4389.43555
