"Omega","Tolerance","Step Size Rule","Iterations","Converged?","Gap LR","Gap Naive","Obj. Naive","Obj. LR","Gap","Time Naive","Time LR","Final Lambda","LB Heuristic"
600.00000,0.05000,1.00000,2.00000,0.00000,0.61737,0.64299,4665.07214,10564.99692,0.55844,4347.00000,4316.00000,445.37970,4042.44881
600.00000,0.05000,2.00000,2.00000,0.00000,0.60999,0.64299,4665.07214,10364.99692,0.54992,4347.00000,4325.00000,132.88145,4042.44881
600.00000,0.05000,3.00000,2.00000,0.00000,0.61737,0.64299,4665.07214,10564.99692,0.55844,4347.00000,4356.00000,679.67970,4042.44881
600.00000,0.05000,4.00000,2.00000,0.00000,0.61737,0.64299,4665.07214,10564.99692,0.55844,4347.00000,4353.00000,680.96650,4042.44881
600.00000,0.05000,5.00000,2.00000,0.00000,0.60619,0.64299,4665.07214,10264.99692,0.54554,4347.00000,4318.00000,132.96917,4042.44881
600.00000,0.05000,6.00000,2.00000,0.00000,0.52042,0.64299,4665.07214,8429.21483,0.44656,4347.00000,4267.00000,0.00000,4042.44881
