Omega,Tolerance,Step Size Rule,Iterations,Converged?,Gap LR,Gap Naive,Obj. Naive,Obj. LR (UB),"Obj. LR (LB),",Gap,Time Naive,Time LR,Final Lambda,LB Heuristic,BBP,Best iter,Lambda best iter,Gamma best iter
1500.0,0.01,1.0,10.0,0.0,0.1009,0.0963,241.25439,267.20035,250.8909,0.0971,4210.0,5405.0,791.7,240.23865,0.0,1.0,0.50484,3.0
1500.0,0.01,2.0,10.0,0.0,0.1009,0.0963,241.25439,267.20035,250.8909,0.0971,4210.0,6166.0,200.0,240.23865,0.0,1.0,0.50484,3.0
1500.0,0.01,3.0,10.0,0.0,0.1009,0.0963,241.25439,267.20035,250.8909,0.0971,4210.0,5402.0,1067.85552,240.23865,0.0,1.0,0.50484,3.0
1500.0,0.01,4.0,10.0,0.0,0.1009,0.0963,241.25439,267.20035,250.8909,0.0971,4210.0,5401.0,1000.3452,240.23865,0.0,1.0,0.50484,3.0
1500.0,0.01,5.0,10.0,0.0,0.1009,0.0963,241.25439,267.20035,250.8909,0.0971,4210.0,6430.0,0.0,240.23865,0.0,1.0,0.50484,3.0
1500.0,0.01,6.0,8.0,0.0,0.07798,0.0963,241.25439,260.55707,260.55707,0.07408,4210.0,45942.0,0.1734,240.23865,0.0,7.0,1.46268,15.0
