Omega,Tolerance,Step Size Rule,Iterations,Converged?,Gap LR,Gap Naive,Obj. Naive,Obj. LR (UB),"Obj. LR (LB),",Gap,Time Naive,Time LR,Final Lambda,LB Heuristic,BBP,Best iter,Lambda best iter,Gamma best iter
1500.0,0.01,1.0,9.0,0.0,0.10495,0.0963,241.25439,268.4074,250.8909,0.10116,4210.0,2403.0,800.4,240.23865,0.0,1.0,0.50484,3.0
1500.0,0.01,2.0,3.0,0.0,0.10495,0.0963,241.25439,268.4074,250.8909,0.10116,4210.0,2410.0,0.0,240.23865,0.0,1.0,0.50484,3.0
1500.0,0.01,3.0,4.0,0.0,0.10495,0.0963,241.25439,268.4074,250.8909,0.10116,4210.0,2404.0,1097.25,240.23865,0.0,1.0,0.50484,3.0
1500.0,0.01,4.0,4.0,0.0,0.10495,0.0963,241.25439,268.4074,250.8909,0.10116,4210.0,2407.0,1033.89332,240.23865,0.0,1.0,0.50484,3.0
1500.0,0.01,5.0,4.0,0.0,0.10495,0.0963,241.25439,268.4074,250.8909,0.10116,4210.0,2410.0,0.0,240.23865,0.0,1.0,0.50484,3.0
1500.0,0.01,6.0,2.0,0.0,0.10495,0.0963,241.25439,268.4074,250.8909,0.10116,4210.0,2412.0,0.34679,240.23865,0.0,1.0,0.50484,3.0
