Omega,Tolerance,Step Size Rule,Iterations,Converged?,Gap LR,Gap Naive,Obj. Naive,Obj. LR (UB),"Obj. LR (LB),",Gap,Time Naive,Time LR,Final Lambda,LB Heuristic,BBP,Best iter,Lambda best iter,Gamma best iter
1500.0,0.01,1.0,10.0,0.0,0.1009,0.0963,241.25439,267.20035,250.8909,0.0971,4210.0,5404.0,791.7,240.23865,0.0,1.0,0.50484,3.0
1500.0,0.01,2.0,10.0,0.0,0.1009,0.0963,241.25439,267.20035,250.8909,0.0971,4210.0,6178.0,200.0,240.23865,0.0,1.0,0.50484,3.0
1500.0,0.01,3.0,10.0,0.0,0.1009,0.0963,241.25439,267.20035,250.8909,0.0971,4210.0,5396.0,1067.85552,240.23865,0.0,1.0,0.50484,3.0
1500.0,0.01,4.0,10.0,0.0,0.1009,0.0963,241.25439,267.20035,250.8909,0.0971,4210.0,5402.0,1000.3452,240.23865,0.0,1.0,0.50484,3.0
1500.0,0.01,5.0,10.0,0.0,0.1009,0.0963,241.25439,267.20035,250.8909,0.0971,4210.0,6434.0,0.0,240.23865,0.0,1.0,0.50484,3.0
1500.0,0.01,6.0,3.0,0.0,0.09918,0.0963,241.25439,266.68808,251.26207,0.09537,4210.0,20325.0,13.57151,240.23865,0.0,3.0,0.34679,-4.0
