,Omega,Tolerance,Step Size Rule,Iterations,Converged?,Gap LR,Gap Naive,Obj. Naive,Obj. LR,Gap,Time Naive,Time LR,Final Lambda,LB Heuristic,Heuristic Time,IR,AP
0,1500.0,0.01,1.0,2.0,0.0,0.04246,0.0963,241.25439,250.8909,0.03841,4210.0,2279.0,861.3,240.23865,,-238.3164,0.0
1,1500.0,0.01,2.0,2.0,0.0,0.04246,0.0963,241.25439,250.8909,0.03841,4210.0,2334.0,0.13468,240.23865,,-238.3164,0.0
2,1500.0,0.01,3.0,2.0,0.0,0.04246,0.0963,241.25439,250.8909,0.03841,4210.0,2313.0,1113.75,240.23865,,-238.3164,0.0
3,1500.0,0.01,4.0,2.0,0.0,0.04246,0.0963,241.25439,250.8909,0.03841,4210.0,2312.0,1050.05357,240.23865,,-238.3164,0.0
4,1500.0,0.01,5.0,2.0,0.0,0.04246,0.0963,241.25439,250.8909,0.03841,4210.0,2311.0,0.10101,240.23865,,-238.3164,0.0
5,1500.0,0.01,6.0,2.0,0.0,0.04246,0.0963,241.25439,250.8909,0.03841,4210.0,2345.0,0.34679,240.23865,79.0,-238.3164,0.0
