Omega,Tolerance,Step Size Rule,Iterations,Converged?,Gap LR,Gap Naive,Obj. Naive,Obj. LR,Gap,Time Naive,Time LR,Final Lambda,LB Heuristic
100.0,0.05,1.0,10.0,0.0,0.06033,0.00073,279.18201,297.10673,0.06033,390.0,367.0,31.77858,279.18201
100.0,0.05,2.0,10.0,0.0,0.0346,0.00073,279.18201,289.18771,0.0346,390.0,824.0,4.21053,279.18201
100.0,0.05,3.0,10.0,0.0,0.06033,0.00073,279.18201,297.10673,0.06033,390.0,319.0,78.73042,279.18201
100.0,0.05,4.0,10.0,0.0,0.06033,0.00073,279.18201,297.10673,0.06033,390.0,316.0,77.67359,279.18201
100.0,0.05,5.0,10.0,0.0,0.01396,0.00073,279.18201,283.13508,0.01396,390.0,704.0,1.0614,279.18201
100.0,0.05,6.0,10.0,0.0,0.01339,0.00073,279.18201,282.97141,0.01339,390.0,1836.0,2.58833,279.18201
,,,,,,,,,,,,,0.0
,,,,,,,,,,,,,0.0
