Omega,Tolerance,Step Size Rule,Iterations,Converged?,Gap LR,Gap Naive,Obj. Naive,Obj. LR (UB),"Obj. LR (LB),",Gap,Time Naive,Time LR,Final Lambda,LB Heuristic,BBP,Best iter,Lambda best iter,Gamma best iter
100.0,0.05,1.0,10.0,0.0,0.06033,0.00073,279.18201,297.10673,297.10673,0.06033,348.0,34.0,31.77858,279.18201,0.0,1.0,2.77858,-95.0
100.0,0.05,2.0,10.0,0.0,0.06033,0.00073,279.18201,297.10673,297.10673,0.06033,348.0,131.0,2.77858,279.18201,0.0,3.0,2.77858,-95.0
100.0,0.05,3.0,10.0,0.0,0.06033,0.00073,279.18201,297.10673,297.10673,0.06033,348.0,30.0,78.73042,279.18201,0.0,1.0,2.77858,-95.0
100.0,0.05,4.0,10.0,0.0,0.06033,0.00073,279.18201,297.10673,297.10673,0.06033,348.0,30.0,77.67359,279.18201,0.0,1.0,2.77858,-95.0
100.0,0.05,5.0,10.0,0.0,0.03387,0.00073,279.18201,288.96842,288.96842,0.03387,348.0,51.0,0.0,279.18201,0.0,10.0,4.16667,5.0
100.0,0.05,6.0,10.0,0.0,0.01339,0.00073,279.18201,282.97141,282.97141,0.01339,348.0,149.0,2.82516,279.18201,0.0,6.0,2.96727,5.0
