"Omega","Tolerance","Step Size Rule","Iterations","Converged?","Gap LR","Gap Naive","Obj. Naive","Obj. LR","Gap","Time Naive","Time LR","Final Lambda","LB Heuristic"
100.00000,0.03000,1.00000,2.00000,0.00000,0.20998,0.39188,6007.45253,7922.79986,0.20998,4203.00000,4204.00000,800.37054,6259.18496
100.00000,0.03000,2.00000,10.00000,0.00000,0.21411,0.39188,6007.45253,7964.49398,0.21411,4203.00000,2282.00000,755.74058,6259.18496
100.00000,0.03000,3.00000,2.00000,0.00000,0.21362,0.39188,6007.45253,7959.46673,0.21362,4203.00000,4208.00000,798.60054,6259.18496
100.00000,0.03000,4.00000,2.00000,0.00000,0.21533,0.39188,6007.45253,7976.88554,0.21533,4203.00000,4210.00000,798.72922,6259.18496
100.00000,0.03000,5.00000,10.00000,0.00000,0.21635,0.39188,6007.45253,7987.21190,0.21635,4203.00000,2269.00000,709.81643,6259.18496
100.00000,0.03000,6.00000,3.00000,0.00000,0.21411,0.39188,6007.45253,7964.49399,0.21411,4203.00000,4214.00000,223.77484,6259.18496
