"Omega","Tolerance","Step Size Rule","Iterations","Converged?","Gap LR","Gap Naive","Obj. Naive","Obj. LR","Gap","Time Naive","Time LR","Final Lambda","LB Heuristic"
100.00000,0.03000,1.00000,2.00000,0.00000,0.25249,0.43023,5879.66320,8161.58957,0.25249,4204.00000,4208.00000,858.37054,6100.90861
100.00000,0.03000,2.00000,2.00000,0.00000,0.19487,0.43023,5879.66320,7577.53440,0.19487,4204.00000,4206.00000,807.97426,6100.90861
100.00000,0.03000,3.00000,2.00000,0.00000,0.26024,0.43023,5879.66320,8247.18276,0.26024,4204.00000,4214.00000,898.60054,6100.90861
100.00000,0.03000,4.00000,2.00000,0.00000,0.26024,0.43023,5879.66320,8247.18276,0.26024,4204.00000,4208.00000,898.72922,6100.90861
100.00000,0.03000,5.00000,2.00000,0.00000,0.18410,0.43023,5879.66320,7477.53440,0.18410,4204.00000,4208.00000,808.48972,6100.90861
100.00000,0.03000,6.00000,2.00000,0.00000,0.25591,0.43023,5879.66320,8199.16017,0.25591,4204.00000,4203.00000,0.00000,6100.90861
