,Omega,Tolerance,Step Size Rule,Iterations,Converged?,Gap LR,Gap Naive,Obj. Naive,Obj. LR,Gap,Time Naive,Time LR,Final Lambda,LB Heuristic,Heuristic Time,IR,AP
0,1500.0,0.01,1.0,2.0,0.0,0.05334,0.09017,243.69871,250.91812,0.02877,4212.0,2379.0,861.3,237.53506,,0.0,0.0
1,1500.0,0.01,2.0,2.0,0.0,0.05334,0.09017,243.69871,250.91812,0.02877,4212.0,2378.0,0.13468,237.53506,,0.0,0.0
2,1500.0,0.01,3.0,2.0,0.0,0.05334,0.09017,243.69871,250.91812,0.02877,4212.0,2387.0,1113.75,237.53506,,0.0,0.0
3,1500.0,0.01,4.0,2.0,0.0,0.05334,0.09017,243.69871,250.91812,0.02877,4212.0,2378.0,1050.05357,237.53506,,0.0,0.0
4,1500.0,0.01,5.0,2.0,0.0,0.05334,0.09017,243.69871,250.91812,0.02877,4212.0,2381.0,0.10101,237.53506,,0.0,0.0
5,1500.0,0.01,6.0,2.0,0.0,0.05334,0.09017,243.69871,250.91812,0.02877,4212.0,2383.0,0.35435,237.53506,50.0,0.0,0.0
