Omega,Tolerance,Step Size Rule,Iterations,Converged?,Gap LR,Gap Naive,Obj. Naive,Obj. LR (UB),"Obj. LR (LB),",Gap,Time Naive,Time LR,Final Lambda,LB Heuristic,BBP,Best iter,Lambda best iter,Gamma best iter
1500.0,0.01,1.0,3.0,0.0,0.11332,0.09017,243.69871,267.89209,250.91812,0.09031,4212.0,2417.0,852.6,237.53506,0.0,1.0,0.50702,12.0
1500.0,0.01,2.0,2.0,0.0,0.11332,0.09017,243.69871,267.89209,250.91812,0.09031,4212.0,2404.0,200.0,237.53506,0.0,1.0,0.50702,12.0
1500.0,0.01,3.0,2.0,0.0,0.11332,0.09017,243.69871,267.89209,250.91812,0.09031,4212.0,2408.0,1113.75,237.53506,0.0,1.0,0.50702,12.0
1500.0,0.01,4.0,2.0,0.0,0.11332,0.09017,243.69871,267.89209,250.91812,0.09031,4212.0,2401.0,1050.05357,237.53506,0.0,1.0,0.50702,12.0
1500.0,0.01,5.0,2.0,0.0,0.11332,0.09017,243.69871,267.89209,250.91812,0.09031,4212.0,2406.0,150.0,237.53506,0.0,1.0,0.50702,12.0
1500.0,0.01,6.0,2.0,0.0,0.11332,0.09017,243.69871,267.89209,250.91812,0.09031,4212.0,2413.0,0.35435,237.53506,0.0,1.0,0.50702,12.0
