Omega,Tolerance,Step Size Rule,Iterations,Converged?,Gap LR,Gap Naive,Obj. Naive,Obj. LR (UB),"Obj. LR (LB),",Gap,Time Naive,Time LR,Final Lambda,LB Heuristic,BBP,Best iter,Lambda best iter,Gamma best iter
1500.0,0.01,1.0,10.0,0.0,0.10862,0.09017,243.69871,266.47991,250.91812,0.08549,4212.0,5443.0,791.7,237.53506,0.0,1.0,0.50702,12.0
1500.0,0.01,2.0,10.0,0.0,0.10862,0.09017,243.69871,266.47991,250.91812,0.08549,4212.0,6397.0,200.0,237.53506,0.0,1.0,0.50702,12.0
1500.0,0.01,3.0,10.0,0.0,0.10862,0.09017,243.69871,266.47991,250.91812,0.08549,4212.0,5451.0,1067.85552,237.53506,0.0,1.0,0.50702,12.0
1500.0,0.01,4.0,10.0,0.0,0.10862,0.09017,243.69871,266.47991,250.91812,0.08549,4212.0,5462.0,1000.3452,237.53506,0.0,1.0,0.50702,12.0
1500.0,0.01,5.0,10.0,0.0,0.10862,0.09017,243.69871,266.47991,250.91812,0.08549,4212.0,6476.0,0.0,237.53506,0.0,1.0,0.50702,12.0
1500.0,0.01,6.0,3.0,0.0,0.10862,0.09017,243.69871,266.47991,250.91812,0.08549,4212.0,20317.0,0.0,237.53506,0.0,1.0,0.50702,12.0
