Omega,Tolerance,Step Size Rule,Iterations,Converged?,Gap LR,Gap Naive,Obj. Naive,Obj. LR,Gap,Time Naive,Time LR,Final Lambda,LB Heuristic
600.0,0.03,1.0,2.0,0.0,0.51983,0.73409,2013.54643,7553.1599,0.51983,4204.0,4203.0,460.32417,3626.80912
600.0,0.03,2.0,2.0,0.0,0.50677,0.73409,2013.54643,7353.1599,0.50677,4204.0,4202.0,133.89145,3626.80912
600.0,0.03,2.0,2.0,0.0,0.50677,0.73409,2013.54643,7353.1599,0.50677,4204.0,4202.0,133.89145,3626.80912
600.0,0.03,4.0,2.0,0.0,0.51983,0.73409,2013.54643,7553.1599,0.51983,4204.0,4201.0,702.47624,3626.80912
600.0,0.03,5.0,2.0,0.0,0.49997,0.73409,2013.54643,7253.1599,0.49997,4204.0,4202.0,133.97736,3626.80912
600.0,0.03,6.0,2.0,0.0,0.48059,0.73409,2013.54643,6982.51014,0.48059,4204.0,4203.0,0.0,3626.80912
