,Omega,Tolerance,Step Size Rule,Iterations,Converged?,Gap LR,Gap Naive,Obj. Naive,Obj. LR,Gap,Time Naive,Time LR,Final Lambda,LB Heuristic,IR,AP
0,600.0,0.05,1.0,2.0,0.0,0.62401,0.63762,4573.72684,10746.68114,0.57441,4201.0,4202.0,445.00455,4040.66612,5600.0034,5358.64262
1,600.0,0.05,2.0,2.0,0.0,0.61688,0.63762,4573.72684,10546.68114,0.56633,4201.0,4203.0,132.5063,4040.66612,5600.0034,5358.64262
2,600.0,0.05,3.0,2.0,0.0,0.62401,0.63762,4573.72684,10746.68114,0.57441,4201.0,4202.0,679.30455,4040.66612,5600.0034,5358.64262
3,600.0,0.05,4.0,2.0,0.0,0.62401,0.63762,4573.72684,10746.68114,0.57441,4201.0,4203.0,680.59134,4040.66612,5600.0034,5358.64262
4,600.0,0.05,5.0,2.0,0.0,0.61321,0.63762,4573.72684,10446.68114,0.56218,4201.0,4202.0,132.59402,4040.66612,5600.0034,5358.64262
5,600.0,0.05,6.0,2.0,0.0,0.55353,0.63762,4573.72684,9050.30672,0.49463,4201.0,4201.0,0.0,4040.66612,5600.0034,5358.64262
