Omega,Tolerance,Step Size Rule,Iterations,Converged?,Gap LR,Gap Naive,Obj. Naive,Obj. LR (UB),"Obj. LR (LB),",Gap,Time Naive,Time LR,Final Lambda,LB Heuristic,BBP,Best iter,Lambda best iter,Gamma best iter
600.0,0.05,1.0,2.0,0.0,0.56623,0.63762,4573.72684,12910.17805,10746.68114,0.56623,4201.0,4202.0,445.00455,5599.98663,0.0,1.0,131.80455,-570.0
600.0,0.05,2.0,2.0,0.0,0.56623,0.63762,4573.72684,12910.17805,10746.68114,0.56623,4201.0,4202.0,131.80455,5599.98663,0.0,1.0,131.80455,-570.0
600.0,0.05,3.0,2.0,0.0,0.56623,0.63762,4573.72684,12910.17805,10746.68114,0.56623,4201.0,4202.0,679.30455,5599.98663,0.0,1.0,131.80455,-570.0
600.0,0.05,4.0,2.0,0.0,0.56623,0.63762,4573.72684,12910.17805,10746.68114,0.56623,4201.0,4202.0,680.59134,5599.98663,0.0,1.0,131.80455,-570.0
600.0,0.05,5.0,2.0,0.0,0.56623,0.63762,4573.72684,12910.17805,10746.68114,0.56623,4201.0,4203.0,281.80455,5599.98663,0.0,1.0,131.80455,-570.0
600.0,0.05,6.0,2.0,0.0,0.56623,0.63762,4573.72684,12910.17805,10746.68114,0.56623,4201.0,4202.0,0.0,5599.98663,0.0,1.0,131.80455,-570.0
