Omega,Tolerance,Step Size Rule,Iterations,Converged?,Gap LR,Gap Naive,Obj. Naive,Obj. LR (UB),"Obj. LR (LB),",Gap,Time Naive,Time LR,Final Lambda,LB Heuristic,BBP,Best iter,Lambda best iter,Gamma best iter
600.0,0.05,1.0,3.0,0.0,0.56077,0.63762,4573.72684,12749.56329,10746.68114,0.56077,4201.0,20004.0,427.60455,5599.98663,0.0,1.0,131.80455,-570.0
600.0,0.05,2.0,3.0,0.0,0.55648,0.63762,4573.72684,12626.16451,10751.21474,0.55648,4201.0,20004.0,331.80455,5599.98663,0.0,3.0,131.80455,-570.0
600.0,0.05,3.0,3.0,0.0,0.56077,0.63762,4573.72684,12749.56329,10746.68114,0.56077,4201.0,20003.0,661.30455,5599.98663,0.0,1.0,131.80455,-570.0
600.0,0.05,4.0,3.0,0.0,0.56077,0.63762,4573.72684,12749.56329,10746.68114,0.56077,4201.0,20004.0,663.27083,5599.98663,0.0,1.0,131.80455,-570.0
600.0,0.05,5.0,3.0,0.0,0.56077,0.63762,4573.72684,12749.56329,10746.68114,0.56077,4201.0,20003.0,181.80455,5599.98663,0.0,1.0,131.80455,-570.0
600.0,0.05,6.0,4.0,0.0,0.56077,0.63762,4573.72684,12749.56329,10746.68114,0.56077,4201.0,20013.0,0.0,5599.98663,0.0,1.0,131.80455,-570.0
