Omega,Tolerance,Step Size Rule,Iterations,Converged?,Gap LR,Gap Naive,Obj. Naive,Obj. LR (UB),"Obj. LR (LB),",Gap,Time Naive,Time LR,Final Lambda,LB Heuristic,BBP,Best iter,Lambda best iter,Gamma best iter
600.0,0.05,1.0,3.0,0.0,0.56077,0.63762,4573.72684,12749.56329,10746.68114,0.56077,4201.0,25003.0,427.60455,5599.98663,0.0,1.0,131.80455,-570.0
600.0,0.05,2.0,3.0,0.0,0.55393,0.63762,4573.72684,12554.1053,10752.88141,0.55393,4201.0,25003.0,331.80455,5599.98663,0.0,3.0,131.80455,-570.0
600.0,0.05,3.0,3.0,0.0,0.56077,0.63762,4573.72684,12749.56329,10746.68114,0.56077,4201.0,25003.0,661.30455,5599.98663,0.0,1.0,131.80455,-570.0
600.0,0.05,4.0,3.0,0.0,0.56058,0.63762,4573.72684,12744.06757,10746.68114,0.56058,4201.0,25009.0,663.27083,5599.98663,0.0,1.0,131.80455,-570.0
600.0,0.05,5.0,3.0,0.0,0.56058,0.63762,4573.72684,12744.06757,10746.68114,0.56058,4201.0,25003.0,181.80455,5599.98663,0.0,1.0,131.80455,-570.0
600.0,0.05,6.0,4.0,0.0,0.5601,0.63762,4573.72684,12730.05557,9005.10209,0.5601,4201.0,25011.0,0.0,5599.98663,0.0,4.0,143.55466,30.0
