"Omega","Tolerance","Step Size Rule","Iterations","Converged?","Gap LR","Gap Naive","Obj. Naive","Obj. LR","Gap","Time Naive","Time LR","Final Lambda","LB Heuristic"
600.00000,0.05000,1.00000,2.00000,0.00000,0.56156,0.73264,3536.64868,10746.68114,0.56156,4266.00000,4321.00000,445.00455,4711.78847
600.00000,0.05000,2.00000,2.00000,0.00000,0.55324,0.73264,3536.64868,10546.68114,0.55324,4266.00000,4332.00000,132.50630,4711.78847
600.00000,0.05000,3.00000,2.00000,0.00000,0.56156,0.73264,3536.64868,10746.68114,0.56156,4266.00000,4346.00000,679.30455,4711.78847
600.00000,0.05000,4.00000,2.00000,0.00000,0.56156,0.73264,3536.64868,10746.68114,0.56156,4266.00000,4344.00000,680.59134,4711.78847
600.00000,0.05000,5.00000,2.00000,0.00000,0.54897,0.73264,3536.64868,10446.68114,0.54897,4266.00000,4300.00000,132.59402,4711.78847
600.00000,0.05000,6.00000,2.00000,0.00000,0.41139,0.73264,3536.64868,8004.92171,0.41139,4266.00000,4238.00000,0.00000,4711.78847
