"Omega","Tolerance","Step Size Rule","Iterations","Converged?","Gap LR","Gap Naive","Obj. Naive","Obj. LR","Gap","Time Naive","Time LR","Final Lambda","LB Heuristic"
100.00000,0.05000,1.00000,2.00000,0.00000,0.28831,0.45157,6316.16078,9441.36908,0.28831,4203.00000,3462.00000,847.41661,6719.36071
100.00000,0.05000,2.00000,10.00000,0.00000,0.29834,0.45157,6316.16078,9576.44477,0.29834,4203.00000,2379.00000,774.16398,6719.36071
100.00000,0.05000,3.00000,2.00000,0.00000,0.29875,0.45157,6316.16078,9581.91950,0.29875,4203.00000,3032.00000,861.46661,6719.36071
100.00000,0.05000,4.00000,2.00000,0.00000,0.29834,0.45157,6316.16078,9576.44477,0.29834,4203.00000,3030.00000,857.39176,6719.36071
100.00000,0.05000,5.00000,10.00000,0.00000,0.29834,0.45157,6316.16078,9576.44477,0.29834,4203.00000,2370.00000,741.30809,6719.36071
100.00000,0.05000,6.00000,3.00000,0.00000,0.29834,0.45157,6316.16078,9576.44477,0.29834,4203.00000,4224.00000,211.61228,6719.36071
