"Omega","Tolerance","Step Size Rule","Iterations","Converged?","Gap LR","Gap Naive","Obj. Naive","Obj. LR","Gap","Time Naive","Time LR","Final Lambda","LB Heuristic"
100.00000,0.05000,1.00000,2.00000,0.00000,0.34119,0.46752,6340.83239,9824.84324,0.34119,4205.00000,4207.00000,847.41661,6472.71477
100.00000,0.05000,2.00000,2.00000,0.00000,0.44146,0.46752,6340.83239,11588.56253,0.44146,4205.00000,4208.00000,799.42714,6472.71477
100.00000,0.05000,3.00000,2.00000,0.00000,0.35753,0.46752,6340.83239,10074.75201,0.35753,4205.00000,4208.00000,886.46661,6472.71477
100.00000,0.05000,4.00000,2.00000,0.00000,0.35753,0.46752,6340.83239,10074.75201,0.35753,4205.00000,4210.00000,886.68108,6472.71477
100.00000,0.05000,5.00000,2.00000,0.00000,0.35708,0.46752,6340.83239,10067.69046,0.35708,4205.00000,4210.00000,799.95345,6472.71477
100.00000,0.05000,6.00000,2.00000,0.00000,0.36376,0.46752,6340.83239,10173.43836,0.36376,4205.00000,4205.00000,0.00000,6472.71477
