"Omega","Tolerance","Step Size Rule","Iterations","Converged?","Gap LR","Gap Naive","Obj. Naive","Obj. LR","Gap","Time Naive","Time LR","Final Lambda","LB Heuristic"
600.00000,0.07000,1.00000,2.00000,0.00000,0.07950,0.83829,2366.67049,4587.12347,0.07950,4205.00000,2438.00000,452.01332,4222.42781
600.00000,0.07000,2.00000,3.00000,0.00000,0.53363,0.83829,2366.67049,9053.77649,0.53363,4205.00000,2667.00000,127.57017,4222.42781
600.00000,0.07000,3.00000,3.00000,0.00000,0.53363,0.83829,2366.67049,9053.77649,0.53363,4205.00000,4431.00000,485.15332,4222.42781
600.00000,0.07000,4.00000,3.00000,0.00000,0.53087,0.83829,2366.67049,9000.63226,0.53087,4205.00000,4409.00000,463.17019,4222.42781
600.00000,0.07000,5.00000,3.00000,0.00000,0.54609,0.83829,2366.67049,9302.36543,0.54609,4205.00000,2503.00000,124.98428,4222.42781
600.00000,0.07000,6.00000,3.00000,0.00000,0.53363,0.83829,2366.67049,9053.77649,0.53363,4205.00000,4385.00000,20.40986,4222.42781
