"Omega","Tolerance","Step Size Rule","Iterations","Converged?","Gap LR","Gap Naive","Obj. Naive","Obj. LR","Gap","Time Naive","Time LR","Final Lambda","LB Heuristic"
600.00000,0.07000,1.00000,2.00000,0.00000,0.59901,1.00000,232.19129,13011.53812,0.59901,4231.00000,4244.00000,431.13332,5217.44166
600.00000,0.07000,2.00000,2.00000,0.00000,0.59275,1.00000,232.19129,12811.53812,0.59275,4231.00000,4244.00000,132.57017,5217.44166
600.00000,0.07000,3.00000,2.00000,0.00000,0.59901,1.00000,232.19129,13011.53812,0.59901,4231.00000,4248.00000,658.35332,5217.44166
600.00000,0.07000,4.00000,2.00000,0.00000,0.59901,1.00000,232.19129,13011.53812,0.59901,4231.00000,4292.00000,660.15483,5217.44166
600.00000,0.07000,5.00000,2.00000,0.00000,0.58955,1.00000,232.19129,12711.53812,0.58955,4231.00000,4240.00000,132.65977,5217.44166
600.00000,0.07000,6.00000,2.00000,0.00000,0.52354,1.00000,232.19129,10950.36683,0.52354,4231.00000,4224.00000,0.00000,5217.44166
