"Omega","Tolerance","Step Size Rule","Iterations","Converged?","Gap LR","Gap Naive","Obj. Naive","Obj. LR","Gap","Time Naive","Time LR","Final Lambda","LB Heuristic"
900.00000,0.03000,1.00000,1.00000,1.00000,0.00000,0.12321,246.94783,246.94783,0.00000,4283.00000,2171.00000,0.37660,246.94783
900.00000,0.03000,2.00000,1.00000,1.00000,0.00000,0.12321,246.94783,246.94783,0.00000,4283.00000,2166.00000,0.37660,246.94783
900.00000,0.03000,3.00000,1.00000,1.00000,0.00000,0.12321,246.94783,246.94783,0.00000,4283.00000,2153.00000,0.37660,246.94783
900.00000,0.03000,4.00000,1.00000,1.00000,0.00000,0.12321,246.94783,246.94783,0.00000,4283.00000,2161.00000,0.37660,246.94783
900.00000,0.03000,5.00000,1.00000,1.00000,0.00000,0.12321,246.94783,246.94783,0.00000,4283.00000,2152.00000,0.37660,246.94783
900.00000,0.03000,6.00000,1.00000,1.00000,0.00000,0.12321,246.94783,246.94783,0.00000,4283.00000,2142.00000,0.37660,246.94783
