,Omega,Tolerance,Step Size Rule,Iterations,Converged?,Gap LR,Gap Naive,Obj. Naive,Obj. LR,Gap,Time Naive,Time LR,Final Lambda,LB Heuristic,IR,AP
0,100.0,0.05,1.0,10.0,0.0,0.05868,0.0,280.75729,298.2583,0.05868,424.0,357.0,31.76724,280.75729,-276.79073,-278.10319
1,100.0,0.05,2.0,10.0,0.0,0.03301,0.0,280.75729,290.34099,0.03301,424.0,862.0,4.21053,280.75729,-276.79073,-278.10319
2,100.0,0.05,3.0,10.0,0.0,0.05868,0.0,280.75729,298.2583,0.05868,424.0,324.0,78.71908,280.75729,-276.79073,-278.10319
3,100.0,0.05,4.0,10.0,0.0,0.05868,0.0,280.75729,298.2583,0.05868,424.0,364.0,77.66225,280.75729,-276.79073,-278.10319
4,100.0,0.05,5.0,10.0,0.0,0.01661,0.0,280.75729,285.49889,0.01661,424.0,728.0,1.0614,280.75729,-276.79073,-278.10319
5,100.0,0.05,6.0,10.0,0.0,0.01594,0.0,280.75729,285.30474,0.01594,424.0,1644.0,2.7383,280.75729,-276.79073,-278.10319
