"Omega","Tolerance","Step Size Rule","Iterations","Converged?","Gap LR","Gap Naive","Obj. Naive","Obj. LR","Gap","Time Naive","Time LR","Final Lambda","LB Heuristic"
100.00000,0.05000,1.00000,10.00000,0.00000,0.05868,0.00000,280.75729,298.25830,0.05868,619.00000,733.00000,31.76724,280.75729
100.00000,0.05000,2.00000,10.00000,0.00000,0.03301,0.00000,280.75729,290.34099,0.03301,619.00000,1723.00000,4.21053,280.75729
100.00000,0.05000,3.00000,10.00000,0.00000,0.05868,0.00000,280.75729,298.25830,0.05868,619.00000,797.00000,78.71908,280.75729
100.00000,0.05000,4.00000,10.00000,0.00000,0.05868,0.00000,280.75729,298.25830,0.05868,619.00000,791.00000,77.66225,280.75729
100.00000,0.05000,5.00000,10.00000,0.00000,0.01661,0.00000,280.75729,285.49889,0.01661,619.00000,1400.00000,1.06140,280.75729
100.00000,0.05000,6.00000,10.00000,0.00000,0.01594,0.00000,280.75729,285.30474,0.01594,619.00000,2305.00000,2.73830,280.75729
