"Omega","Tolerance","Step Size Rule","Iterations","Converged?","Gap LR","Gap Naive","Obj. Naive","Obj. LR","Gap","Time Naive","Time LR","Final Lambda","LB Heuristic"
600.00000,0.07000,1.00000,2.00000,0.00000,0.64473,0.72078,4119.34220,13005.50214,0.64473,4248.00000,4304.00000,430.91533,4620.45316
600.00000,0.07000,2.00000,2.00000,0.00000,0.63918,0.72078,4119.34220,12805.50214,0.63918,4248.00000,4316.00000,132.35218,4620.45316
600.00000,0.07000,3.00000,2.00000,0.00000,0.64473,0.72078,4119.34220,13005.50214,0.64473,4248.00000,4328.00000,658.13533,4620.45316
600.00000,0.07000,4.00000,2.00000,0.00000,0.64473,0.72078,4119.34220,13005.50214,0.64473,4248.00000,4332.00000,659.93685,4620.45316
600.00000,0.07000,5.00000,2.00000,0.00000,0.63634,0.72078,4119.34220,12705.50214,0.63634,4248.00000,4302.00000,132.44179,4620.45316
600.00000,0.07000,6.00000,2.00000,0.00000,0.55625,0.72078,4119.34220,10412.39443,0.55625,4248.00000,4277.00000,0.00000,4620.45316
