"Omega","Tolerance","Step Size Rule","Iterations","Converged?","Gap LR","Gap Naive","Obj. Naive","Obj. LR","Gap","Time Naive","Time LR","Final Lambda","LB Heuristic"
600.00000,0.07000,1.00000,2.00000,0.00000,0.64797,0.68967,4578.34459,13005.50214,0.64797,4301.00000,4353.00000,430.91533,4578.34459
600.00000,0.07000,2.00000,2.00000,0.00000,0.64247,0.68967,4578.34459,12805.50214,0.64247,4301.00000,4343.00000,132.35218,4578.34459
600.00000,0.07000,3.00000,2.00000,0.00000,0.64797,0.68967,4578.34459,13005.50214,0.64797,4301.00000,4341.00000,658.13533,4578.34459
600.00000,0.07000,4.00000,2.00000,0.00000,0.64797,0.68967,4578.34459,13005.50214,0.64797,4301.00000,4344.00000,659.93685,4578.34459
600.00000,0.07000,5.00000,2.00000,0.00000,0.63966,0.68967,4578.34459,12705.50214,0.63966,4301.00000,4330.00000,132.44179,4578.34459
600.00000,0.07000,6.00000,2.00000,0.00000,0.58386,0.68967,4578.34459,11002.00943,0.58386,4301.00000,4303.00000,0.00000,4578.34459
