Omega,Tolerance,Step Size Rule,Iterations,Converged?,Gap LR,Gap Naive,Obj. Naive,Obj. LR (UB),"Obj. LR (LB),",Gap,Time Naive,Time LR,Final Lambda,LB Heuristic,BBP,Best iter,Lambda best iter,Gamma best iter
600.0,0.01,1.0,10.0,0.0,0.03934,0.07084,243.84789,252.70669,252.70669,0.03506,4239.0,2386.0,320.16,242.765,0.0,2.0,1.83835,4.0
600.0,0.01,2.0,3.0,0.0,0.03475,0.07084,243.84789,251.50399,251.50399,0.03044,4239.0,2600.0,0.0,242.765,0.0,3.0,1.25835,2.0
600.0,0.01,3.0,10.0,0.0,0.04693,0.07084,243.84789,254.71976,254.71976,0.04268,4239.0,2239.0,341.64221,242.765,0.0,2.0,2.25835,6.0
600.0,0.01,4.0,10.0,0.0,0.04693,0.07084,243.84789,254.71976,254.71976,0.04268,4239.0,2239.0,326.52681,242.765,0.0,2.0,2.25835,6.0
600.0,0.01,5.0,10.0,0.0,0.05496,0.07084,243.84789,256.88257,250.98035,0.05074,4239.0,2271.0,0.0,242.765,0.0,1.0,1.25835,-1.0
600.0,0.01,6.0,4.0,0.0,0.05534,0.07084,243.84789,256.98592,250.98035,0.05112,4239.0,4272.0,3.54304,242.765,0.0,1.0,1.25835,-1.0
