Omega,Tolerance,Step Size Rule,Iterations,Converged?,Gap LR,Gap Naive,Obj. Naive,Obj. LR (UB),"Obj. LR (LB),",Gap,Time Naive,Time LR,Final Lambda,LB Heuristic,BBP,Best iter,Lambda best iter,Gamma best iter
600.0,0.01,1.0,10.0,0.0,0.03475,0.07084,243.84789,251.50399,251.50399,0.03044,4239.0,2978.0,316.77835,242.765,0.0,1.0,1.25835,2.0
600.0,0.01,2.0,10.0,0.0,0.03475,0.07084,243.84789,251.50399,251.50399,0.03044,4239.0,3132.0,200.0,242.765,0.0,1.0,1.25835,2.0
600.0,0.01,3.0,10.0,0.0,0.03475,0.07084,243.84789,251.50399,251.50399,0.03044,4239.0,2934.0,427.14221,242.765,0.0,1.0,1.25835,2.0
600.0,0.01,4.0,10.0,0.0,0.03475,0.07084,243.84789,251.50399,251.50399,0.03044,4239.0,2963.0,400.13808,242.765,0.0,1.0,1.25835,2.0
600.0,0.01,5.0,10.0,0.0,0.03475,0.07084,243.84789,251.50399,251.50399,0.03044,4239.0,3126.0,0.0,242.765,0.0,1.0,1.25835,2.0
600.0,0.01,6.0,8.0,0.0,0.03475,0.07084,243.84789,251.50399,251.50399,0.03044,4239.0,43386.0,0.41088,242.765,0.0,1.0,1.25835,2.0
