Omega,Tolerance,Step Size Rule,Iterations,Converged?,Gap LR,Gap Naive,Obj. Naive,Obj. LR,Gap,Time Naive,Time LR,Final Lambda,LB Heuristic
600.0,0.01,1.0,2.0,0.0,0.02538,0.07084,243.84789,249.08739,0.02103,4239.0,2595.0,344.52,242.765
600.0,0.01,2.0,2.0,0.0,0.02538,0.07084,243.84789,249.08739,0.02103,4239.0,2604.0,0.3367,242.765
600.0,0.01,3.0,2.0,0.0,0.02538,0.07084,243.84789,249.08739,0.02103,4239.0,2594.0,445.5,242.765
600.0,0.01,4.0,2.0,0.0,0.02538,0.07084,243.84789,249.08739,0.02103,4239.0,2619.0,420.02143,242.765
600.0,0.01,5.0,2.0,0.0,0.02538,0.07084,243.84789,249.08739,0.02103,4239.0,2619.0,0.25253,242.765
600.0,0.01,6.0,2.0,0.0,0.02538,0.07084,243.84789,249.08739,0.02103,4239.0,2657.0,0.86627,242.765
,,,,,,,,,,,,,0.0
,,,,,,,,,,,,,0.0
