,Omega,Tolerance,Step Size Rule,Iterations,Converged?,Gap LR,Gap Naive,Obj. Naive,Obj. LR,Gap,Time Naive,Time LR,Final Lambda,LB Heuristic,IR,AP
0,900.0,0.05,1.0,2.0,0.0,0.62319,0.66571,4315.34442,10636.83456,0.5943,4202.0,4203.0,557.92268,4008.02854,5663.51038,5311.05714
1,900.0,0.05,2.0,2.0,0.0,0.50048,0.66571,4315.34442,10636.83456,0.50048,4202.0,4204.0,88.12268,5313.29506,5663.51038,5311.05714
2,900.0,0.05,3.0,2.0,0.0,0.62319,0.66571,4315.34442,10636.83456,0.5943,4202.0,4204.0,909.37268,4008.02854,5663.51038,5311.05714
3,900.0,0.05,4.0,2.0,0.0,0.62319,0.66571,4315.34442,10636.83456,0.5943,4202.0,4204.0,911.30288,4008.02854,5663.51038,5311.05714
4,900.0,0.05,5.0,2.0,0.0,0.50048,0.66571,4315.34442,10636.83456,0.50048,4202.0,4202.0,238.12268,5313.29506,5663.51038,5311.05714
5,900.0,0.05,6.0,2.0,0.0,0.55047,0.66571,4315.34442,8916.08603,0.516,4202.0,4203.0,0.0,4008.02854,5663.51038,5311.05714
