Omega,Tolerance,Step Size Rule,Iterations,Converged?,Gap LR,Gap Naive,Obj. Naive,Obj. LR,Gap,Time Naive,Time LR,Final Lambda,LB Heuristic
900.0,0.05,1.0,2.0,0.0,0.62319,0.66571,4315.34442,10636.83456,0.5943,4202.0,4203.0,557.92268,4008.02854
900.0,0.05,2.0,2.0,0.0,0.61597,0.66571,4315.34442,10436.83456,0.58653,4202.0,4203.0,88.59052,4008.02854
900.0,0.05,3.0,2.0,0.0,0.62319,0.66571,4315.34442,10636.83456,0.5943,4202.0,4204.0,909.37268,4008.02854
900.0,0.05,4.0,2.0,0.0,0.62319,0.66571,4315.34442,10636.83456,0.5943,4202.0,4204.0,911.30288,4008.02854
900.0,0.05,5.0,2.0,0.0,0.61226,0.66571,4315.34442,10336.83456,0.58253,4202.0,4203.0,88.649,4008.02854
900.0,0.05,6.0,2.0,0.0,0.55047,0.66571,4315.34442,8916.08603,0.516,4202.0,4203.0,0.0,4008.02854
,,,,,,,,,,,,,5663.51038
,,,,,,,,,,,,,5311.05714
