Omega,Tolerance,Step Size Rule,Iterations,Converged?,Gap LR,Gap Naive,Obj. Naive,Obj. LR (UB),"Obj. LR (LB),",Gap,Time Naive,Time LR,Final Lambda,LB Heuristic,BBP,Best iter,Lambda best iter,Gamma best iter
900.0,0.05,1.0,2.0,0.0,0.56735,0.66571,4315.34442,13090.39227,10636.83456,0.56735,4202.0,4204.0,557.92268,5663.52047,0.0,1.0,88.12268,-855.0
900.0,0.05,2.0,2.0,0.0,0.56735,0.66571,4315.34442,13090.39227,10636.83456,0.56735,4202.0,4202.0,88.12268,5663.52047,0.0,1.0,88.12268,-855.0
900.0,0.05,3.0,2.0,0.0,0.56783,0.66571,4315.34442,13104.87452,10636.83456,0.56783,4202.0,4203.0,909.37268,5663.52047,0.0,1.0,88.12268,-855.0
900.0,0.05,4.0,2.0,0.0,0.56783,0.66571,4315.34442,13104.87452,10636.83456,0.56783,4202.0,4202.0,911.30288,5663.52047,0.0,1.0,88.12268,-855.0
900.0,0.05,5.0,2.0,0.0,0.56783,0.66571,4315.34442,13104.87452,10636.83456,0.56783,4202.0,4202.0,238.12268,5663.52047,0.0,1.0,88.12268,-855.0
900.0,0.05,6.0,2.0,0.0,0.56783,0.66571,4315.34442,13104.87452,10636.83456,0.56783,4202.0,4203.0,0.0,5663.52047,0.0,1.0,88.12268,-855.0
