Omega,Tolerance,Step Size Rule,Iterations,Converged?,Gap LR,Gap Naive,Obj. Naive,Obj. LR (UB),"Obj. LR (LB),",Gap,Time Naive,Time LR,Final Lambda,LB Heuristic,BBP,Best iter,Lambda best iter,Gamma best iter
900.0,0.01,1.0,10.0,0.0,0.0861,0.09696,244.13369,267.17729,252.32183,0.0861,4251.0,2332.0,480.24,244.17348,0.0,1.0,0.80623,-6.0
900.0,0.01,2.0,3.0,0.0,0.07862,0.09696,244.13369,265.00953,253.24146,0.07862,4251.0,4215.0,0.0,244.17348,0.0,3.0,0.80623,6.0
900.0,0.01,3.0,10.0,0.0,0.0861,0.09696,244.13369,267.17729,252.32183,0.0861,4251.0,2298.0,512.51954,244.17348,0.0,1.0,0.80623,-6.0
900.0,0.01,4.0,3.0,0.0,0.0861,0.09696,244.13369,267.17729,252.32183,0.0861,4251.0,4300.0,2.75167,244.17348,0.0,1.0,0.80623,-6.0
900.0,0.01,5.0,10.0,0.0,0.0861,0.09696,244.13369,267.17729,252.32183,0.0861,4251.0,2536.0,0.0,244.17348,0.0,1.0,0.80623,-6.0
900.0,0.01,6.0,4.0,0.0,0.0861,0.09696,244.13369,267.17729,252.32183,0.0861,4251.0,4346.0,3.5264,244.17348,0.0,1.0,0.80623,-6.0
