Omega,Tolerance,Step Size Rule,Iterations,Converged?,Gap LR,Gap Naive,Obj. Naive,Obj. LR (UB),"Obj. LR (LB),",Gap,Time Naive,Time LR,Final Lambda,LB Heuristic,BBP,Best iter,Lambda best iter,Gamma best iter
900.0,0.01,1.0,10.0,0.0,0.06232,0.09696,244.13369,260.40087,253.50674,0.06232,4251.0,6017.0,480.24,244.17348,0.0,1.0,0.80623,-2.0
900.0,0.01,2.0,10.0,0.0,0.03868,0.09696,244.13369,253.99682,253.99682,0.03868,4251.0,12220.0,200.0,244.17348,0.0,3.0,0.80623,3.0
900.0,0.01,3.0,10.0,0.0,0.06232,0.09696,244.13369,260.40087,253.50674,0.06232,4251.0,5500.0,512.46331,244.17348,0.0,1.0,0.80623,-2.0
900.0,0.01,4.0,10.0,0.0,0.06232,0.09696,244.13369,260.40087,253.50674,0.06232,4251.0,5502.0,489.79022,244.17348,0.0,1.0,0.80623,-2.0
900.0,0.01,5.0,10.0,0.0,0.06232,0.09696,244.13369,260.40087,253.50674,0.06232,4251.0,5624.0,0.0,244.17348,0.0,1.0,0.80623,-2.0
900.0,0.01,6.0,4.0,0.0,0.06232,0.09696,244.13369,260.40087,253.50674,0.06232,4251.0,20173.0,3.42641,244.17348,0.0,1.0,0.80623,-2.0
