,Omega,Tolerance,Step Size Rule,Iterations,Converged?,Gap LR,Gap Naive,Obj. Naive,Obj. LR,Gap,Time Naive,Time LR,Final Lambda,LB Heuristic,IR,AP
0,900.0,0.01,1.0,2.0,0.0,0.02367,0.09696,244.13369,250.09219,0.02367,4251.0,2440.0,516.78,244.17348,0.0,0.0
1,900.0,0.01,2.0,2.0,0.0,0.02367,0.09696,244.13369,250.09219,0.02367,4251.0,2473.0,0.22447,244.17348,0.0,0.0
2,900.0,0.01,3.0,2.0,0.0,0.02367,0.09696,244.13369,250.09219,0.02367,4251.0,2410.0,668.25,244.17348,0.0,0.0
3,900.0,0.01,4.0,2.0,0.0,0.02367,0.09696,244.13369,250.09219,0.02367,4251.0,2433.0,630.03214,244.17348,0.0,0.0
4,900.0,0.01,5.0,2.0,0.0,0.02367,0.09696,244.13369,250.09219,0.02367,4251.0,2411.0,0.16835,244.17348,0.0,0.0
5,900.0,0.01,6.0,2.0,0.0,0.02367,0.09696,244.13369,250.09219,0.02367,4251.0,2535.0,0.56984,244.17348,0.0,0.0
