"Omega","Tolerance","Step Size Rule","Iterations","Converged?","Gap LR","Gap Naive","Obj. Naive","Obj. LR","Gap","Time Naive","Time LR","Final Lambda","LB Heuristic"
900.00000,0.01000,1.00000,2.00000,0.00000,0.02367,0.09511,244.17348,250.09219,0.02367,4305.00000,4007.00000,516.78000,244.17348
900.00000,0.01000,2.00000,2.00000,0.00000,0.02367,0.09511,244.17348,250.09219,0.02367,4305.00000,3596.00000,0.22447,244.17348
900.00000,0.01000,3.00000,2.00000,0.00000,0.02367,0.09511,244.17348,250.09219,0.02367,4305.00000,3610.00000,668.25000,244.17348
900.00000,0.01000,4.00000,2.00000,0.00000,0.02367,0.09511,244.17348,250.09219,0.02367,4305.00000,2806.00000,630.03214,244.17348
900.00000,0.01000,5.00000,2.00000,0.00000,0.02367,0.09511,244.17348,250.09219,0.02367,4305.00000,2530.00000,0.16835,244.17348
900.00000,0.01000,6.00000,3.00000,0.00000,0.03057,0.09511,244.17348,251.87450,0.03057,4305.00000,4327.00000,1.21880,244.17348
