Omega,Tolerance,Step Size Rule,Iterations,Converged?,Gap LR,Gap Naive,Obj. Naive,Obj. LR,Gap,Time Naive,Time LR,Final Lambda,LB Heuristic
900.0,0.05,1.0,2.0,0.0,0.62487,0.65113,4488.43407,10549.88467,0.57455,4202.0,4206.0,557.87854,3957.58903
900.0,0.05,2.0,2.0,0.0,0.61762,0.65113,4488.43407,10349.88467,0.56633,4202.0,4205.0,88.54638,3957.58903
900.0,0.05,3.0,2.0,0.0,0.62487,0.65113,4488.43407,10549.88467,0.57455,4202.0,4203.0,909.32854,3957.58903
900.0,0.05,4.0,2.0,0.0,0.62487,0.65113,4488.43407,10549.88467,0.57455,4202.0,4204.0,911.25874,3957.58903
900.0,0.05,5.0,2.0,0.0,0.61389,0.65113,4488.43407,10249.88467,0.5621,4202.0,4203.0,88.60486,3957.58903
900.0,0.05,6.0,2.0,0.0,0.53877,0.65113,4488.43407,8580.47676,0.4769,4202.0,4205.0,0.0,3957.58903
,,,,,,,,,,,,,5610.29464
,,,,,,,,,,,,,5309.68222
