Omega,Tolerance,Step Size Rule,Iterations,Converged?,Gap LR,Gap Naive,Obj. Naive,Obj. LR (UB),"Obj. LR (LB),",Gap,Time Naive,Time LR,Final Lambda,LB Heuristic,BBP,Best iter,Lambda best iter,Gamma best iter
900.0,0.05,1.0,2.0,0.0,0.57064,0.65113,4488.43407,13061.4249,10549.88467,0.57064,4202.0,4204.0,557.87854,5608.0648,0.0,1.0,88.07854,-855.0
900.0,0.05,2.0,2.0,0.0,0.57064,0.65113,4488.43407,13061.4249,10549.88467,0.57064,4202.0,4208.0,88.07854,5608.0648,0.0,1.0,88.07854,-855.0
900.0,0.05,3.0,2.0,0.0,0.57064,0.65113,4488.43407,13061.4249,10549.88467,0.57064,4202.0,4205.0,909.32854,5608.0648,0.0,1.0,88.07854,-855.0
900.0,0.05,4.0,2.0,0.0,0.57064,0.65113,4488.43407,13061.4249,10549.88467,0.57064,4202.0,4205.0,911.25874,5608.0648,0.0,1.0,88.07854,-855.0
900.0,0.05,5.0,2.0,0.0,0.57064,0.65113,4488.43407,13061.4249,10549.88467,0.57064,4202.0,4207.0,238.07854,5608.0648,0.0,1.0,88.07854,-855.0
900.0,0.05,6.0,2.0,0.0,0.57064,0.65113,4488.43407,13061.4249,10549.88467,0.57064,4202.0,4206.0,0.0,5608.0648,0.0,1.0,88.07854,-855.0
