Omega,Tolerance,Step Size Rule,Iterations,Converged?,Gap LR,Gap Naive,Obj. Naive,Obj. LR,Gap,Time Naive,Time LR,Final Lambda,LB Heuristic
900.0,0.03,1.0,2.0,0.0,0.43067,0.77201,2096.16877,6515.49416,0.43067,4203.0,4255.0,580.71571,3709.49537
900.0,0.03,2.0,2.0,0.0,0.41264,0.77201,2096.16877,6315.49416,0.41264,4203.0,4254.0,90.4939,3709.49537
900.0,0.03,3.0,2.0,0.0,0.43067,0.77201,2096.16877,6515.49416,0.43067,4203.0,4203.0,942.78571,3709.49537
900.0,0.03,4.0,2.0,0.0,0.43067,0.77201,2096.16877,6515.49416,0.43067,4203.0,4203.0,943.94383,3709.49537
900.0,0.03,5.0,2.0,0.0,0.40319,0.62663,4198.66536,6215.49416,0.32448,4202.0,4215.0,90.55117,3709.49537
900.0,0.03,6.0,2.0,0.0,0.43067,0.62663,4198.66536,6515.49416,0.35559,4202.0,4203.0,0.0,3709.49537
