"Omega","Tolerance","Step Size Rule","Iterations","Converged?","Gap LR","Gap Naive","Obj. Naive","Obj. LR","Gap","Time Naive","Time LR","Final Lambda","LB Heuristic"
600.00000,0.05000,1.00000,2.00000,0.00000,0.65925,1.00000,362.21413,10665.99962,0.65925,4233.00000,4248.00000,444.96952,3634.42620
600.00000,0.05000,2.00000,2.00000,0.00000,0.65274,1.00000,362.21413,10465.99962,0.65274,4233.00000,4247.00000,132.47127,3634.42620
600.00000,0.05000,3.00000,2.00000,0.00000,0.65925,1.00000,362.21413,10665.99962,0.65925,4233.00000,4249.00000,679.26952,3634.42620
600.00000,0.05000,4.00000,2.00000,0.00000,0.65925,1.00000,362.21413,10665.99962,0.65925,4233.00000,4268.00000,680.55632,3634.42620
600.00000,0.05000,5.00000,2.00000,0.00000,0.64939,1.00000,362.21413,10365.99962,0.64939,4233.00000,4242.00000,132.55899,3634.42620
600.00000,0.05000,6.00000,2.00000,0.00000,0.52239,1.00000,362.21413,7609.57287,0.52239,4233.00000,4224.00000,0.00000,3634.42620
