"Omega","Tolerance","Step Size Rule","Iterations","Converged?","Gap LR","Gap Naive","Obj. Naive","Obj. LR","Gap","Time Naive","Time LR","Final Lambda","LB Heuristic"
600.00000,0.05000,1.00000,3.00000,0.00000,0.30394,0.94377,719.49590,5547.15139,0.30394,4206.00000,4485.00000,438.58952,3861.13973
600.00000,0.05000,2.00000,3.00000,0.00000,0.48667,0.94377,719.49590,7521.68664,0.48667,4206.00000,2556.00000,125.32842,3861.13973
600.00000,0.05000,3.00000,3.00000,0.00000,0.45891,0.94377,719.49590,7135.90104,0.45891,4206.00000,4379.00000,516.26952,3861.13973
600.00000,0.05000,4.00000,3.00000,0.00000,0.46079,0.94377,719.49590,7160.72648,0.46079,4206.00000,4363.00000,492.49988,3861.13973
600.00000,0.05000,5.00000,3.00000,0.00000,0.48679,0.94377,719.49590,7523.45561,0.48679,4206.00000,2445.00000,121.49383,3861.13973
600.00000,0.05000,6.00000,3.00000,0.00000,0.48549,0.94377,719.49590,7504.55101,0.48549,4206.00000,4343.00000,3.35254,3861.13973
