"Omega","Tolerance","Step Size Rule","Iterations","Converged?","Gap LR","Gap Naive","Obj. Naive","Obj. LR","Gap","Time Naive","Time LR","Final Lambda","LB Heuristic"
600.00000,0.07000,1.00000,1.00000,1.00000,0.00000,0.15178,249.12182,249.12182,0.00000,4250.00000,2150.00000,0.46007,249.12182
600.00000,0.07000,2.00000,2.00000,0.00000,0.04513,0.15178,249.12182,260.89486,0.04513,4250.00000,2750.00000,0.35842,249.12182
600.00000,0.07000,3.00000,2.00000,0.00000,0.04513,0.15178,249.12182,260.89486,0.04513,4250.00000,2732.00000,418.50000,249.12182
600.00000,0.07000,4.00000,2.00000,0.00000,0.04513,0.15178,249.12182,260.89486,0.04513,4250.00000,2728.00000,394.56558,249.12182
600.00000,0.07000,5.00000,2.00000,0.00000,0.04513,0.15178,249.12182,260.89486,0.04513,4250.00000,2684.00000,0.26882,249.12182
600.00000,0.07000,6.00000,3.00000,0.00000,0.04513,0.15178,249.12182,260.89486,0.04513,4250.00000,4470.00000,0.14363,249.12182
