"Omega","Tolerance","Step Size Rule","Iterations","Converged?","Gap LR","Gap Naive","Obj. Naive","Obj. LR","Gap","Time Naive","Time LR","Final Lambda","LB Heuristic"
600.00000,0.03000,1.00000,2.00000,0.00000,0.02013,0.10687,249.91245,255.04551,0.02013,4254.00000,2952.00000,337.56000,249.91245
600.00000,0.03000,2.00000,2.00000,0.00000,0.02013,0.10687,249.91245,255.04551,0.02013,4254.00000,2853.00000,0.34364,249.91245
600.00000,0.03000,3.00000,2.00000,0.00000,0.02013,0.10687,249.91245,255.04551,0.02013,4254.00000,2780.00000,436.50000,249.91245
600.00000,0.03000,4.00000,2.00000,0.00000,0.02013,0.10687,249.91245,255.04551,0.02013,4254.00000,2778.00000,411.53615,249.91245
600.00000,0.03000,5.00000,2.00000,0.00000,0.02013,0.10687,249.91245,255.04551,0.02013,4254.00000,2464.00000,0.25773,249.91245
600.00000,0.03000,6.00000,3.00000,0.00000,0.02249,0.10687,249.91245,255.66240,0.02249,4254.00000,4477.00000,0.00000,249.91245
