Omega,Tolerance,Step Size Rule,Iterations,Converged?,Gap LR,Gap Naive,Obj. Naive,Obj. LR,Gap,Time Naive,Time LR,Final Lambda,LB Heuristic
900.0,0.03,1.0,2.0,0.0,0.44474,0.75295,2201.70503,6596.92014,0.44474,4203.0,4202.0,580.59671,3662.9897
900.0,0.03,2.0,2.0,0.0,0.42738,0.75295,2201.70503,6396.92014,0.42738,4203.0,4202.0,90.3749,3662.9897
900.0,0.03,3.0,2.0,0.0,0.44474,0.75295,2201.70503,6596.92014,0.44474,4203.0,4203.0,942.66671,3662.9897
900.0,0.03,4.0,2.0,0.0,0.44474,0.75295,2201.70503,6596.92014,0.44474,4203.0,4203.0,943.82483,3662.9897
900.0,0.03,5.0,2.0,0.0,0.41829,0.61925,4281.52044,6296.92014,0.32006,4202.0,4203.0,90.43218,3662.9897
900.0,0.03,6.0,2.0,0.0,0.44474,0.61925,4281.52044,6596.92014,0.35098,4202.0,4234.0,0.0,3662.9897
