,Omega,Tolerance,Step Size Rule,Iterations,Converged?,Gap LR,Gap Naive,Obj. Naive,Obj. LR,Gap,Time Naive,Time LR,Final Lambda,LB Heuristic,IR,AP
0,900.0,0.05,1.0,2.0,0.0,0.62157,0.67109,4230.12889,10334.91288,0.5907,4202.0,4209.0,558.10968,3911.06931,5575.08608,5163.82641
1,900.0,0.05,2.0,2.0,0.0,0.6141,0.67109,4230.12889,10134.91288,0.58262,4202.0,4203.0,88.77752,3911.06931,5575.08608,5163.82641
2,900.0,0.05,3.0,2.0,0.0,0.62157,0.67109,4230.12889,10334.91288,0.5907,4202.0,4206.0,909.55968,3911.06931,5575.08608,5163.82641
3,900.0,0.05,4.0,2.0,0.0,0.62157,0.67109,4230.12889,10334.91288,0.5907,4202.0,4204.0,911.48988,3911.06931,5575.08608,5163.82641
4,900.0,0.05,5.0,2.0,0.0,0.61025,0.67109,4230.12889,10034.91288,0.57846,4202.0,4202.0,88.836,3911.06931,5575.08608,5163.82641
5,900.0,0.05,6.0,2.0,0.0,0.54632,0.67109,4230.12889,8620.81927,0.50931,4202.0,4202.0,0.0,3911.06931,5575.08608,5163.82641
