Omega,Tolerance,Step Size Rule,Iterations,Converged?,Gap LR,Gap Naive,Obj. Naive,Obj. LR (UB),"Obj. LR (LB),",Gap,Time Naive,Time LR,Final Lambda,LB Heuristic,BBP,Best iter,Lambda best iter,Gamma best iter
900.0,0.05,1.0,2.0,0.0,0.57354,0.67109,4230.12889,13072.97956,10334.91288,0.57354,4202.0,4204.0,558.10968,5575.05352,0.0,1.0,88.30968,-855.0
900.0,0.05,2.0,2.0,0.0,0.57354,0.67109,4230.12889,13072.97956,10334.91288,0.57354,4202.0,4203.0,88.30968,5575.05352,0.0,1.0,88.30968,-855.0
900.0,0.05,3.0,2.0,0.0,0.57354,0.67109,4230.12889,13072.97956,10334.91288,0.57354,4202.0,4204.0,909.55968,5575.05352,0.0,1.0,88.30968,-855.0
900.0,0.05,4.0,2.0,0.0,0.57354,0.67109,4230.12889,13072.97956,10334.91288,0.57354,4202.0,4202.0,911.48988,5575.05352,0.0,1.0,88.30968,-855.0
900.0,0.05,5.0,2.0,0.0,0.57354,0.67109,4230.12889,13072.97956,10334.91288,0.57354,4202.0,4202.0,238.30968,5575.05352,0.0,1.0,88.30968,-855.0
900.0,0.05,6.0,2.0,0.0,0.57354,0.67109,4230.12889,13072.97956,10334.91288,0.57354,4202.0,4203.0,0.0,5575.05352,0.0,1.0,88.30968,-855.0
