"Omega","Tolerance","Step Size Rule","Iterations","Converged?","Gap LR","Gap Naive","Obj. Naive","Obj. LR","Gap","Time Naive","Time LR","Final Lambda","LB Heuristic"
600.00000,0.07000,1.00000,2.00000,0.00000,0.62305,0.67435,4789.84550,12706.98524,0.62305,4272.00000,4319.00000,431.37318,4789.84550
600.00000,0.07000,2.00000,2.00000,0.00000,0.61703,0.67435,4789.84550,12506.98524,0.61703,4272.00000,4316.00000,132.81003,4789.84550
600.00000,0.07000,3.00000,2.00000,0.00000,0.62305,0.67435,4789.84550,12706.98524,0.62305,4272.00000,4332.00000,658.59318,4789.84550
600.00000,0.07000,4.00000,2.00000,0.00000,0.62305,0.67435,4789.84550,12706.98524,0.62305,4272.00000,4328.00000,660.39470,4789.84550
600.00000,0.07000,5.00000,2.00000,0.00000,0.61394,0.67435,4789.84550,12406.98524,0.61394,4272.00000,4310.00000,132.89963,4789.84550
600.00000,0.07000,6.00000,2.00000,0.00000,0.46914,0.67435,4789.84550,9022.75876,0.46914,4272.00000,4256.00000,0.00000,4789.84550
