"Omega","Tolerance","Step Size Rule","Iterations","Converged?","Gap LR","Gap Naive","Obj. Naive","Obj. LR","Gap","Time Naive","Time LR","Final Lambda","LB Heuristic"
600.00000,0.07000,1.00000,2.00000,0.00000,0.64728,0.71856,4141.22196,12706.98524,0.64728,4247.00000,4319.00000,431.37318,4481.97147
600.00000,0.07000,2.00000,2.00000,0.00000,0.64164,0.71856,4141.22196,12506.98524,0.64164,4247.00000,4326.00000,132.81003,4481.97147
600.00000,0.07000,3.00000,2.00000,0.00000,0.64728,0.71856,4141.22196,12706.98524,0.64728,4247.00000,4326.00000,658.59318,4481.97147
600.00000,0.07000,4.00000,2.00000,0.00000,0.64728,0.71856,4141.22196,12706.98524,0.64728,4247.00000,4337.00000,660.39470,4481.97147
600.00000,0.07000,5.00000,2.00000,0.00000,0.63875,0.71856,4141.22196,12406.98524,0.63875,4247.00000,4302.00000,132.89963,4481.97147
600.00000,0.07000,6.00000,2.00000,0.00000,0.55799,0.71856,4141.22196,10140.04472,0.55799,4247.00000,4283.00000,0.00000,4481.97147
