Omega,Tolerance,Step Size Rule,Iterations,Converged?,Gap LR,Gap Naive,Obj. Naive,Obj. LR,Gap,Time Naive,Time LR,Final Lambda,LB Heuristic
600.0,0.05,1.0,10.0,0.0,0.08092,0.16969,237.57219,260.90153,0.08092,4235.0,2203.0,191.4,239.7901
600.0,0.05,2.0,3.0,0.0,0.08092,0.16969,237.57219,260.90153,0.08092,4235.0,2400.0,0.70175,239.7901
600.0,0.05,3.0,10.0,0.0,0.08092,0.16969,237.57219,260.90153,0.08092,4235.0,2202.0,335.71104,239.7901
600.0,0.05,4.0,10.0,0.0,0.08092,0.16969,237.57219,260.90153,0.08092,4235.0,2201.0,303.63413,239.7901
600.0,0.05,5.0,3.0,0.0,0.08092,0.16969,237.57219,260.90153,0.08092,4235.0,2346.0,0.4386,239.7901
600.0,0.05,6.0,3.0,0.0,0.08092,0.16969,237.57219,260.90153,0.08092,4235.0,4248.0,0.0,239.7901
,,,,,,,,,,,,,0.0
,,,,,,,,,,,,,0.0
