,Omega,Tolerance,Step Size Rule,Iterations,Converged?,Gap LR,Gap Naive,Obj. Naive,Obj. LR,Gap,Time Naive,Time LR,Final Lambda,LB Heuristic,IR,AP
0,600.0,0.05,1.0,10.0,0.0,0.08092,0.16969,237.57219,260.90153,0.08092,4235.0,2190.0,191.4,239.7901,-253.5414,0.0
1,600.0,0.05,2.0,10.0,0.0,0.08092,0.16969,237.57219,260.90153,0.08092,4235.0,2293.0,200.0,239.7901,-253.5414,0.0
2,600.0,0.05,3.0,10.0,0.0,0.08092,0.16969,237.57219,260.90153,0.08092,4235.0,2187.0,335.71104,239.7901,-253.5414,0.0
3,600.0,0.05,4.0,10.0,0.0,0.08092,0.16969,237.57219,260.90153,0.08092,4235.0,2189.0,303.63413,239.7901,-253.5414,0.0
4,600.0,0.05,5.0,10.0,0.0,0.08092,0.16969,237.57219,260.90153,0.08092,4235.0,2443.0,0.0,239.7901,-253.5414,0.0
5,600.0,0.05,6.0,5.0,0.0,0.0808,0.16969,237.57219,260.86858,0.0808,4235.0,6376.0,0.0,239.7901,-253.5414,0.0
