Omega,Tolerance,Step Size Rule,Iterations,Converged?,Gap LR,Gap Naive,Obj. Naive,Obj. LR,Gap,Time Naive,Time LR,Final Lambda,LB Heuristic
600.0,0.05,1.0,2.0,0.0,0.04444,0.16969,237.57219,250.94068,0.04444,4235.0,2501.0,330.6,239.7901
600.0,0.05,2.0,2.0,0.0,0.04444,0.16969,237.57219,250.94068,0.04444,4235.0,2503.0,0.35088,239.7901
600.0,0.05,3.0,2.0,0.0,0.04444,0.16969,237.57219,250.94068,0.04444,4235.0,2489.0,427.5,239.7901
600.0,0.05,4.0,2.0,0.0,0.04444,0.16969,237.57219,250.94068,0.04444,4235.0,2478.0,403.05087,239.7901
600.0,0.05,5.0,2.0,0.0,0.04444,0.16969,237.57219,250.94068,0.04444,4235.0,2478.0,0.26316,239.7901
600.0,0.05,6.0,1.0,1.0,0.0,0.16969,237.57219,239.7901,0.0,4235.0,2139.0,0.45566,239.7901
