Omega,Tolerance,Step Size Rule,Iterations,Converged?,Gap LR,Gap Naive,Obj. Naive,Obj. LR (UB),"Obj. LR (LB),",Gap,Time Naive,Time LR,Final Lambda,LB Heuristic,BBP,Best iter,Lambda best iter,Gamma best iter
600.0,0.05,1.0,10.0,0.0,0.15681,0.16969,237.57219,284.38423,260.90153,0.15681,4235.0,2195.0,191.4,239.7901,0.0,1.0,0.45566,3.0
600.0,0.05,2.0,10.0,0.0,0.15681,0.16969,237.57219,284.38423,260.90153,0.15681,4235.0,2296.0,200.0,239.7901,0.0,1.0,0.45566,3.0
600.0,0.05,3.0,10.0,0.0,0.15681,0.16969,237.57219,284.38423,260.90153,0.15681,4235.0,2196.0,335.71104,239.7901,0.0,1.0,0.45566,3.0
600.0,0.05,4.0,10.0,0.0,0.15684,0.16969,237.57219,284.39434,260.90153,0.15684,4235.0,2197.0,303.63413,239.7901,0.0,1.0,0.45566,3.0
600.0,0.05,5.0,10.0,0.0,0.15681,0.16969,237.57219,284.38423,260.90153,0.15681,4235.0,2441.0,0.0,239.7901,0.0,1.0,0.45566,3.0
600.0,0.05,6.0,3.0,0.0,0.15681,0.16969,237.57219,284.38423,260.90153,0.15681,4235.0,4240.0,0.0,239.7901,0.0,1.0,0.45566,3.0
