Omega,Tolerance,Step Size Rule,Iterations,Converged?,Gap LR,Gap Naive,Obj. Naive,Obj. LR (UB),"Obj. LR (LB),",Gap,Time Naive,Time LR,Final Lambda,LB Heuristic,BBP,Best iter,Lambda best iter,Gamma best iter
600.0,0.05,1.0,10.0,0.0,0.15541,0.16969,237.57219,283.91257,272.41301,0.15541,4235.0,5074.0,174.45566,239.7901,0.0,1.0,0.45566,-570.0
600.0,0.05,2.0,7.0,0.0,0.12751,0.16969,237.57219,274.83519,272.41301,0.12751,4235.0,50019.0,200.45566,239.7901,0.0,3.0,0.45566,-570.0
600.0,0.05,3.0,10.0,0.0,0.15539,0.16969,237.57219,283.90607,272.41301,0.15539,4235.0,5073.0,456.1667,239.7901,0.0,1.0,0.45566,-570.0
600.0,0.05,4.0,10.0,0.0,0.15541,0.16969,237.57219,283.91257,272.41301,0.15541,4235.0,5072.0,449.82573,239.7901,0.0,1.0,0.45566,-570.0
600.0,0.05,5.0,10.0,0.0,0.15541,0.16969,237.57219,283.91257,272.41301,0.15541,4235.0,5324.0,0.0,239.7901,0.0,1.0,0.45566,-570.0
600.0,0.05,6.0,10.0,0.0,0.14628,0.16969,237.57219,280.87606,262.77157,0.14628,4235.0,40622.0,0.38668,239.7901,0.0,4.0,0.5129,14.0
