"Omega","Tolerance","Step Size Rule","Iterations","Converged?","Gap LR","Gap Naive","Obj. Naive","Obj. LR","Gap","Time Naive","Time LR","Final Lambda","LB Heuristic"
100.00000,0.01000,1.00000,2.00000,0.00000,0.11139,0.35672,5870.92539,6606.89945,0.11139,4212.00000,4218.00000,867.13314,5870.92539
100.00000,0.01000,2.00000,7.00000,0.00000,0.10964,0.35672,5870.92539,6593.85828,0.10964,4212.00000,2419.00000,680.41435,5870.92539
100.00000,0.01000,3.00000,2.00000,0.00000,0.10068,0.35672,5870.92539,6528.15271,0.10068,4212.00000,4228.00000,866.54314,5870.92539
100.00000,0.01000,4.00000,2.00000,0.00000,0.10523,0.35672,5870.92539,6561.40264,0.10523,4212.00000,4227.00000,866.58604,5870.92539
100.00000,0.01000,5.00000,8.00000,0.00000,0.11091,0.35672,5870.92539,6603.26878,0.11091,4212.00000,2433.00000,573.49877,5870.92539
100.00000,0.01000,6.00000,3.00000,0.00000,0.10068,0.35672,5870.92539,6528.15271,0.10068,4212.00000,4279.00000,309.95438,5870.92539
