"Omega","Tolerance","Step Size Rule","Iterations","Converged?","Gap LR","Gap Naive","Obj. Naive","Obj. LR","Gap","Time Naive","Time LR","Final Lambda","LB Heuristic"
100.00000,0.01000,1.00000,2.00000,0.00000,0.11224,0.27841,6034.54307,6612.12998,0.08735,4203.00000,4204.00000,867.13314,5869.97480
100.00000,0.01000,2.00000,10.00000,0.00000,0.11262,0.27841,6034.54307,6614.93653,0.08774,4203.00000,2271.00000,686.47496,5869.97480
100.00000,0.01000,3.00000,2.00000,0.00000,0.10950,0.27841,6034.54307,6591.79285,0.08454,4203.00000,4208.00000,866.54314,5869.97480
100.00000,0.01000,4.00000,2.00000,0.00000,0.11247,0.27841,6034.54307,6613.85829,0.08759,4203.00000,4208.00000,866.58604,5869.97480
100.00000,0.01000,5.00000,10.00000,0.00000,0.11262,0.27841,6034.54307,6614.93653,0.08774,4203.00000,2278.00000,574.13850,5869.97480
100.00000,0.01000,6.00000,3.00000,0.00000,0.11185,0.27841,6034.54307,6609.24992,0.08695,4203.00000,4212.00000,129.57325,5869.97480
