Omega,Tolerance,Step Size Rule,Iterations,Converged?,Gap LR,Gap Naive,Obj. Naive,Obj. LR (UB),"Obj. LR (LB),",Gap,Time Naive,Time LR,Final Lambda,LB Heuristic,BBP,Best iter,Lambda best iter,Gamma best iter
1500.0,0.01,1.0,10.0,0.0,0.11005,0.11549,236.53405,266.29451,243.47599,0.11005,4211.0,5384.0,791.7,236.98925,0.0,1.0,0.51814,12.0
1500.0,0.01,2.0,10.0,0.0,0.11005,0.11549,236.53405,266.29451,243.47599,0.11005,4211.0,5914.0,200.0,236.98925,0.0,1.0,0.51814,12.0
1500.0,0.01,3.0,10.0,0.0,0.11005,0.11549,236.53405,266.29451,243.47599,0.11005,4211.0,5385.0,1067.85552,236.98925,0.0,1.0,0.51814,12.0
1500.0,0.01,4.0,10.0,0.0,0.11005,0.11549,236.53405,266.29451,243.47599,0.11005,4211.0,5383.0,1000.3452,236.98925,0.0,1.0,0.51814,12.0
1500.0,0.01,5.0,10.0,0.0,0.11005,0.11549,236.53405,266.29451,243.47599,0.11005,4211.0,6401.0,0.0,236.98925,0.0,1.0,0.51814,12.0
1500.0,0.01,6.0,6.0,0.0,0.09584,0.11549,236.53405,262.10861,262.10861,0.09584,4211.0,42479.0,0.78101,236.98925,0.0,6.0,1.74714,13.0
