Omega,Tolerance,Step Size Rule,Iterations,Converged?,Gap LR,Gap Naive,Obj. Naive,Obj. LR (UB),"Obj. LR (LB),",Gap,Time Naive,Time LR,Final Lambda,LB Heuristic,BBP,Best iter,Lambda best iter,Gamma best iter
1500.0,0.01,1.0,7.0,0.0,0.11566,0.11549,236.53405,267.985,243.47599,0.11566,4211.0,2404.0,817.8,236.98925,0.0,1.0,0.51814,12.0
1500.0,0.01,2.0,4.0,0.0,0.11566,0.11549,236.53405,267.985,243.47599,0.11566,4211.0,2432.0,200.0,236.98925,0.0,1.0,0.51814,12.0
1500.0,0.01,3.0,7.0,0.0,0.11566,0.11549,236.53405,267.985,243.47599,0.11566,4211.0,2411.0,1080.19643,236.98925,0.0,1.0,0.51814,12.0
1500.0,0.01,4.0,8.0,0.0,0.11566,0.11549,236.53405,267.985,243.47599,0.11566,4211.0,2403.0,1010.08862,236.98925,0.0,1.0,0.51814,12.0
1500.0,0.01,5.0,5.0,0.0,0.11566,0.11549,236.53405,267.985,243.47599,0.11566,4211.0,2446.0,60.0,236.98925,0.0,1.0,0.51814,12.0
1500.0,0.01,6.0,3.0,0.0,0.11566,0.11549,236.53405,267.985,243.47599,0.11566,4211.0,4388.0,0.0,236.98925,0.0,1.0,0.51814,12.0
