Omega,Tolerance,Step Size Rule,Iterations,Converged?,Gap LR,Gap Naive,Obj. Naive,Obj. LR,Gap,Time Naive,Time LR,Final Lambda,LB Heuristic,Heuristic Time
1500.0,0.01,1.0,2.0,0.0,0.02664,0.11549,236.53405,243.47599,0.02664,4211.0,2273.0,861.3,236.98925,
1500.0,0.01,2.0,2.0,0.0,0.02664,0.11549,236.53405,243.47599,0.02664,4211.0,2274.0,0.13468,236.98925,
1500.0,0.01,3.0,2.0,0.0,0.02664,0.11549,236.53405,243.47599,0.02664,4211.0,2272.0,1113.75,236.98925,
1500.0,0.01,4.0,2.0,0.0,0.02664,0.11549,236.53405,243.47599,0.02664,4211.0,2270.0,1050.05357,236.98925,
1500.0,0.01,5.0,2.0,0.0,0.02664,0.11549,236.53405,243.47599,0.02664,4211.0,2271.0,0.10101,236.98925,
1500.0,0.01,6.0,2.0,0.0,0.02664,0.11549,236.53405,243.47599,0.02664,4211.0,2284.0,0.35429,236.98925,58.0
