"Omega","Tolerance","Step Size Rule","Iterations","Converged?","Gap LR","Gap Naive","Obj. Naive","Obj. LR","Gap","Time Naive","Time LR","Final Lambda","LB Heuristic"
100.00000,0.05000,1.00000,10.00000,0.00000,0.05427,0.00000,280.49160,296.04456,0.05254,2971.00000,814.00000,31.78731,279.97857
100.00000,0.05000,2.00000,10.00000,0.00000,0.02847,0.00000,280.49160,288.18205,0.02669,2971.00000,1435.00000,4.21053,279.97857
100.00000,0.05000,3.00000,10.00000,0.00000,0.05427,0.00000,280.49160,296.04456,0.05254,2971.00000,593.00000,78.73915,279.97857
100.00000,0.05000,4.00000,10.00000,0.00000,0.05427,0.00000,280.49160,296.04456,0.05254,2971.00000,589.00000,77.68232,279.97857
100.00000,0.05000,5.00000,10.00000,0.00000,0.01917,0.00000,280.49160,285.45004,0.01737,2971.00000,1190.00000,1.06140,279.97857
100.00000,0.05000,6.00000,10.00000,0.00000,0.01887,0.00000,280.49160,285.36289,0.01707,2971.00000,2061.00000,1.61034,279.97857
