,Omega,Tolerance,Step Size Rule,Iterations,Converged?,Gap LR,Gap Naive,Obj. Naive,Obj. LR,Gap,Time Naive,Time LR,Final Lambda,LB Heuristic,IR,AP
0,1500.0,0.05,1.0,2.0,0.0,0.47286,0.80804,2543.36795,10715.06286,0.47286,4204.0,4207.0,835.88527,5648.34517,5648.34375,5207.96454
1,1500.0,0.05,2.0,2.0,0.0,0.47286,0.80804,2543.36795,10715.06286,0.47286,4204.0,4208.0,52.88527,5648.34517,5648.34375,5207.96454
2,1500.0,0.05,3.0,2.0,0.0,0.47286,0.80804,2543.36795,10715.06286,0.47286,4204.0,4210.0,1421.63527,5648.34517,5648.34375,5207.96454
3,1500.0,0.05,4.0,2.0,0.0,0.47286,0.80804,2543.36795,10715.06286,0.47286,4204.0,4219.0,1424.85226,5648.34517,5648.34375,5207.96454
4,1500.0,0.05,5.0,2.0,0.0,0.47286,0.80804,2543.36795,10715.06286,0.47286,4204.0,4208.0,202.88527,5648.34517,5648.34375,5207.96454
5,1500.0,0.05,6.0,2.0,0.0,0.2621,0.80804,2543.36795,7654.64746,0.2621,4204.0,4207.0,5.77206,5648.34517,5648.34375,5207.96454
