Omega,Tolerance,Step Size Rule,Iterations,Converged?,Gap LR,Gap Naive,Obj. Naive,Obj. LR (UB),"Obj. LR (LB),",Gap,Time Naive,Time LR,Final Lambda,LB Heuristic,BBP,Best iter,Lambda best iter,Gamma best iter
1500.0,0.05,1.0,2.0,0.0,0.57243,0.80804,2543.36795,13210.43155,10715.06286,0.57243,4204.0,4207.0,835.88527,5648.34517,0.0,1.0,52.88527,-1425.0
1500.0,0.05,2.0,2.0,0.0,0.57243,0.80804,2543.36795,13210.43155,10715.06286,0.57243,4204.0,4220.0,52.88527,5648.34517,0.0,1.0,52.88527,-1425.0
1500.0,0.05,3.0,2.0,0.0,0.57243,0.80804,2543.36795,13210.43155,10715.06286,0.57243,4204.0,4207.0,1421.63527,5648.34517,0.0,1.0,52.88527,-1425.0
1500.0,0.05,4.0,2.0,0.0,0.57243,0.80804,2543.36795,13210.43155,10715.06286,0.57243,4204.0,4211.0,1424.85226,5648.34517,0.0,1.0,52.88527,-1425.0
1500.0,0.05,5.0,2.0,0.0,0.57243,0.80804,2543.36795,13210.43155,10715.06286,0.57243,4204.0,4213.0,202.88527,5648.34517,0.0,1.0,52.88527,-1425.0
1500.0,0.05,6.0,2.0,0.0,0.57243,0.80804,2543.36795,13210.43155,10715.06286,0.57243,4204.0,4205.0,0.0,5648.34517,0.0,1.0,52.88527,-1425.0
