"Omega","Tolerance","Step Size Rule","Iterations","Converged?","Gap LR","Gap Naive","Obj. Naive","Obj. LR","Gap","Time Naive","Time LR","Final Lambda","LB Heuristic"
600.00000,0.05000,1.00000,2.00000,0.00000,0.58841,1.00000,385.83568,10427.06407,0.58841,4234.00000,4261.00000,445.39830,4291.64025
600.00000,0.05000,2.00000,2.00000,0.00000,0.58036,1.00000,385.83568,10227.06407,0.58036,4234.00000,4244.00000,132.90006,4291.64025
600.00000,0.05000,3.00000,2.00000,0.00000,0.58841,1.00000,385.83568,10427.06407,0.58841,4234.00000,4250.00000,679.69830,4291.64025
600.00000,0.05000,4.00000,2.00000,0.00000,0.58841,1.00000,385.83568,10427.06407,0.58841,4234.00000,4247.00000,680.98510,4291.64025
600.00000,0.05000,5.00000,2.00000,0.00000,0.57622,1.00000,385.83568,10127.06407,0.57622,4234.00000,4241.00000,132.98778,4291.64025
600.00000,0.05000,6.00000,2.00000,0.00000,0.50341,1.00000,385.83568,8642.27961,0.50341,4234.00000,4225.00000,0.00000,4291.64025
