"Omega","Tolerance","Step Size Rule","Iterations","Converged?","Gap LR","Gap Naive","Obj. Naive","Obj. LR","Gap","Time Naive","Time LR","Final Lambda","LB Heuristic"
600.00000,0.05000,1.00000,2.00000,0.00000,0.25859,0.96997,385.83568,4649.88241,0.25859,4205.00000,2515.00000,460.47830,3447.45479
600.00000,0.05000,2.00000,3.00000,0.00000,0.53173,0.96997,385.83568,7362.17272,0.53173,4205.00000,2573.00000,125.49265,3447.45479
600.00000,0.05000,3.00000,3.00000,0.00000,0.53173,0.96997,385.83568,7362.17272,0.53173,4205.00000,4397.00000,517.09830,3447.45479
600.00000,0.05000,4.00000,3.00000,0.00000,0.53296,0.96997,385.83568,7381.45348,0.53296,4205.00000,4405.00000,490.92866,3447.45479
600.00000,0.05000,5.00000,3.00000,0.00000,0.54135,0.96997,385.83568,7516.60782,0.54135,4205.00000,2484.00000,121.92262,3447.45479
600.00000,0.05000,6.00000,3.00000,0.00000,0.53173,0.96997,385.83568,7362.17272,0.53173,4205.00000,4381.00000,0.00000,3447.45479
