,Omega,Tolerance,Step Size Rule,Iterations,Converged?,Gap LR,Gap Naive,Obj. Naive,Obj. LR,Gap,Time Naive,Time LR,Final Lambda,LB Heuristic,Heuristic Time,IR,AP
0,1500.0,0.07,1.0,2.0,0.0,0.01953,0.19641,236.06075,247.12082,0.01953,4212.0,2455.0,809.1,242.29565,,-255.20735,0.0
1,1500.0,0.07,2.0,2.0,0.0,0.01953,0.19641,236.06075,247.12082,0.01953,4212.0,2463.0,0.14337,242.29565,,-255.20735,0.0
2,1500.0,0.07,3.0,2.0,0.0,0.01953,0.19641,236.06075,247.12082,0.01953,4212.0,2464.0,1046.25,242.29565,,-255.20735,0.0
3,1500.0,0.07,4.0,2.0,0.0,0.01953,0.19641,236.06075,247.12082,0.01953,4212.0,2466.0,986.41396,242.29565,,-255.20735,0.0
4,1500.0,0.07,5.0,2.0,0.0,0.01953,0.19641,236.06075,247.12082,0.01953,4212.0,2466.0,0.10753,242.29565,,-255.20735,0.0
5,1500.0,0.07,6.0,2.0,0.0,0.01953,0.19641,236.06075,247.12082,0.01953,4212.0,2808.0,0.33599,242.29565,91.0,-255.20735,0.0
