"Omega","Tolerance","Step Size Rule","Iterations","Converged?","Gap LR","Gap Naive","Obj. Naive","Obj. LR","Gap","Time Naive","Time LR","Final Lambda","LB Heuristic"
100.00000,0.05000,1.00000,10.00000,0.00000,0.06033,0.00000,279.18201,297.10673,0.06033,511.00000,567.00000,31.77858,279.18201
100.00000,0.05000,2.00000,10.00000,0.00000,0.03460,0.00000,279.18201,289.18771,0.03460,511.00000,1690.00000,4.21053,279.18201
100.00000,0.05000,3.00000,10.00000,0.00000,0.06033,0.00000,279.18201,297.10673,0.06033,511.00000,680.00000,78.73042,279.18201
100.00000,0.05000,4.00000,10.00000,0.00000,0.06033,0.00000,279.18201,297.10673,0.06033,511.00000,646.00000,77.67359,279.18201
100.00000,0.05000,5.00000,10.00000,0.00000,0.01396,0.00000,279.18201,283.13508,0.01396,511.00000,1378.00000,1.06140,279.18201
100.00000,0.05000,6.00000,10.00000,0.00000,0.01339,0.00000,279.18201,282.97141,0.01339,511.00000,2794.00000,2.58833,279.18201
