"Omega","Tolerance","Step Size Rule","Iterations","Converged?","Gap LR","Gap Naive","Obj. Naive","Obj. LR","Gap","Time Naive","Time LR","Final Lambda","LB Heuristic"
600.00000,0.03000,1.00000,2.00000,0.00000,0.11225,0.93380,742.40105,4379.15508,0.11225,4207.00000,4212.00000,130.01341,3887.59461
600.00000,0.03000,2.00000,3.00000,0.00000,0.32226,0.93380,742.40105,5736.12703,0.32226,4207.00000,2439.00000,115.34070,3887.59461
600.00000,0.03000,3.00000,3.00000,0.00000,0.36894,0.93380,742.40105,6160.43506,0.36894,4207.00000,4381.00000,543.35341,3887.59461
600.00000,0.03000,4.00000,3.00000,0.00000,0.37419,0.93380,742.40105,6212.06715,0.37419,4207.00000,4366.00000,517.79725,3887.59461
600.00000,0.03000,5.00000,3.00000,0.00000,0.30642,0.93380,742.40105,5605.11909,0.30642,4207.00000,2438.00000,113.65439,3887.59461
600.00000,0.03000,6.00000,3.00000,0.00000,0.36894,0.93380,742.40105,6160.43506,0.36894,4207.00000,4356.00000,14.66577,3887.59461
