"Omega","Tolerance","Step Size Rule","Iterations","Converged?","Gap LR","Gap Naive","Obj. Naive","Obj. LR","Gap","Time Naive","Time LR","Final Lambda","LB Heuristic"
600.00000,0.03000,1.00000,2.00000,0.00000,0.32482,0.96198,437.92388,6761.16479,0.32482,4233.00000,4245.00000,461.77341,4564.97528
600.00000,0.03000,2.00000,2.00000,0.00000,0.30424,0.96198,437.92388,6561.16479,0.30424,4233.00000,4247.00000,135.34070,4564.97528
600.00000,0.03000,3.00000,2.00000,0.00000,0.32482,0.96198,437.92388,6761.16479,0.32482,4233.00000,4250.00000,703.15341,4564.97528
600.00000,0.03000,4.00000,2.00000,0.00000,0.32482,0.96198,437.92388,6761.16479,0.32482,4233.00000,4298.00000,703.92549,4564.97528
600.00000,0.03000,5.00000,2.00000,0.00000,0.29347,0.96198,437.92388,6461.16479,0.29347,4233.00000,4241.00000,135.42661,4564.97528
600.00000,0.03000,6.00000,2.00000,0.00000,0.25136,0.96198,437.92388,6097.65654,0.25136,4233.00000,4224.00000,0.00000,4564.97528
