"Omega","Tolerance","Step Size Rule","Iterations","Converged?","Gap LR","Gap Naive","Obj. Naive","Obj. LR","Gap","Time Naive","Time LR","Final Lambda","LB Heuristic"
600.00000,0.03000,1.00000,2.00000,0.00000,0.32947,0.59026,4708.20474,6761.16479,0.30364,4274.00000,4350.00000,461.77341,4533.56106
600.00000,0.03000,2.00000,2.00000,0.00000,0.30903,0.59026,4708.20474,6561.16479,0.28241,4274.00000,4320.00000,135.34070,4533.56106
600.00000,0.03000,3.00000,2.00000,0.00000,0.32947,0.59026,4708.20474,6761.16479,0.30364,4274.00000,4333.00000,703.15341,4533.56106
600.00000,0.03000,4.00000,2.00000,0.00000,0.32947,0.59026,4708.20474,6761.16479,0.30364,4274.00000,4323.00000,703.92549,4533.56106
600.00000,0.03000,5.00000,2.00000,0.00000,0.29834,0.59026,4708.20474,6461.16479,0.27131,4274.00000,4300.00000,135.42661,4533.56106
600.00000,0.03000,6.00000,2.00000,0.00000,0.25259,0.59026,4708.20474,6065.72215,0.22380,4274.00000,4261.00000,0.00000,4533.56106
