Omega,Tolerance,Step Size Rule,Iterations,Converged?,Gap LR,Gap Naive,Obj. Naive,Obj. LR (UB),"Obj. LR (LB),",Gap,Time Naive,Time LR,Final Lambda,LB Heuristic,BBP,Best iter,Lambda best iter,Gamma best iter
600.0,0.05,1.0,5.0,0.0,0.55984,0.62067,4755.1837,12723.61791,10556.44339,0.55984,4201.0,55008.0,393.21494,5600.4193,0.0,1.0,132.21494,-570.0
600.0,0.05,2.0,5.0,0.0,0.55253,0.62067,4755.1837,12515.88188,10556.44339,0.55253,4201.0,55010.0,332.21494,5600.4193,0.0,3.0,132.21494,-570.0
600.0,0.05,3.0,5.0,0.0,0.55984,0.62067,4755.1837,12723.61791,10556.44339,0.55984,4201.0,55013.0,633.8578,5600.4193,0.0,1.0,132.21494,-570.0
600.0,0.05,4.0,5.0,0.0,0.55984,0.62067,4755.1837,12723.61791,10556.44339,0.55984,4201.0,55016.0,635.26482,5600.4193,0.0,1.0,132.21494,-570.0
600.0,0.05,5.0,6.0,0.0,0.55984,0.62067,4755.1837,12723.61791,10556.44339,0.55984,4201.0,55028.0,117.21494,5600.4193,0.0,1.0,132.21494,-570.0
600.0,0.05,6.0,8.0,0.0,0.55788,0.62067,4755.1837,12667.23104,8902.84508,0.55788,4201.0,55055.0,25.85035,5600.4193,0.0,6.0,143.63055,30.0
