Omega,Tolerance,Step Size Rule,Iterations,Converged?,Gap LR,Gap Naive,Obj. Naive,Obj. LR,Gap,Time Naive,Time LR,Final Lambda,LB Heuristic
600.0,0.05,1.0,2.0,0.0,0.6312,0.62067,4755.1837,10556.44339,0.54955,4201.0,4203.0,445.41494,3893.18095
600.0,0.05,2.0,2.0,0.0,0.62408,0.62067,4755.1837,10356.44339,0.54085,4201.0,4202.0,132.91669,3893.18095
600.0,0.05,3.0,2.0,0.0,0.6312,0.62067,4755.1837,10556.44339,0.54955,4201.0,4203.0,679.71494,3893.18095
600.0,0.05,4.0,2.0,0.0,0.6312,0.62067,4755.1837,10556.44339,0.54955,4201.0,4204.0,681.00174,3893.18095
600.0,0.05,5.0,2.0,0.0,0.62042,0.62067,4755.1837,10256.44339,0.53637,4201.0,4202.0,133.00441,3893.18095
600.0,0.05,6.0,2.0,0.0,0.57512,0.62067,4755.1837,9162.92624,0.48104,4201.0,4203.0,0.0,3893.18095
,,,,,,,,,,,,,5600.41931
,,,,,,,,,,,,,5102.38797
