"Omega","Tolerance","Step Size Rule","Iterations","Converged?","Gap LR","Gap Naive","Obj. Naive","Obj. LR","Gap","Time Naive","Time LR","Final Lambda","LB Heuristic"
600.00000,0.05000,1.00000,2.00000,0.00000,0.60204,0.63549,4787.42315,10556.44339,0.54649,4334.00000,4301.00000,445.41494,4200.99267
600.00000,0.05000,2.00000,2.00000,0.00000,0.59436,0.63549,4787.42315,10356.44339,0.53773,4334.00000,4308.00000,132.91669,4200.99267
600.00000,0.05000,3.00000,2.00000,0.00000,0.60204,0.63549,4787.42315,10556.44339,0.54649,4334.00000,4337.00000,679.71494,4200.99267
600.00000,0.05000,4.00000,2.00000,0.00000,0.60204,0.63549,4787.42315,10556.44339,0.54649,4334.00000,4319.00000,681.00174,4200.99267
600.00000,0.05000,5.00000,2.00000,0.00000,0.59040,0.63549,4787.42315,10256.44339,0.53323,4334.00000,4306.00000,133.00441,4200.99267
600.00000,0.05000,6.00000,2.00000,0.00000,0.43354,0.63549,4787.42315,7416.27741,0.35447,4334.00000,4273.00000,0.00000,4200.99267
