Omega,Tolerance,Step Size Rule,Iterations,Converged?,Gap LR,Gap Naive,Obj. Naive,Obj. LR,Gap,Time Naive,Time LR,Final Lambda,LB Heuristic
1500.0,0.05,1.0,2.0,0.0,0.45677,0.74656,3361.44448,10518.76211,0.45677,4204.0,4206.0,835.96802,5714.10593
1500.0,0.05,2.0,2.0,0.0,0.44624,0.74656,3361.44448,10318.76211,0.44624,4204.0,4205.0,53.24872,5714.10593
1500.0,0.05,3.0,2.0,0.0,0.45677,0.74656,3361.44448,10518.76211,0.45677,4204.0,4205.0,1421.71802,5714.10593
1500.0,0.05,4.0,2.0,0.0,0.45677,0.74656,3361.44448,10518.76211,0.45677,4204.0,4207.0,1424.93501,5714.10593
1500.0,0.05,5.0,2.0,0.0,0.44082,0.74656,3361.44448,10218.76211,0.44082,4204.0,4205.0,53.28381,5714.10593
1500.0,0.05,6.0,2.0,0.0,0.28346,0.74656,3361.44448,7974.60547,0.28346,4204.0,4207.0,0.0,5714.10593
,,,,,,,,,,,,,5713.43018
,,,,,,,,,,,,,5226.06618
