Omega,Tolerance,Step Size Rule,Iterations,Converged?,Gap LR,Gap Naive,Obj. Naive,Obj. LR (UB),"Obj. LR (LB),",Gap,Time Naive,Time LR,Final Lambda,LB Heuristic,BBP,Best iter,Lambda best iter,Gamma best iter
1500.0,0.05,1.0,2.0,0.0,0.57001,0.74656,3361.44448,13288.84384,10518.76211,0.57001,4204.0,4207.0,835.96802,5714.10593,0.0,1.0,52.96802,-1425.0
1500.0,0.05,2.0,2.0,0.0,0.57001,0.74656,3361.44448,13288.84384,10518.76211,0.57001,4204.0,4221.0,52.96802,5714.10593,0.0,1.0,52.96802,-1425.0
1500.0,0.05,3.0,2.0,0.0,0.57001,0.74656,3361.44448,13288.84384,10518.76211,0.57001,4204.0,4205.0,1421.71802,5714.10593,0.0,1.0,52.96802,-1425.0
1500.0,0.05,4.0,2.0,0.0,0.57001,0.74656,3361.44448,13288.84384,10518.76211,0.57001,4204.0,4207.0,1424.93501,5714.10593,0.0,1.0,52.96802,-1425.0
1500.0,0.05,5.0,2.0,0.0,0.57001,0.74656,3361.44448,13288.84384,10518.76211,0.57001,4204.0,4206.0,202.96802,5714.10593,0.0,1.0,52.96802,-1425.0
1500.0,0.05,6.0,2.0,0.0,0.57001,0.74656,3361.44448,13288.84384,10518.76211,0.57001,4204.0,4207.0,0.0,5714.10593,0.0,1.0,52.96802,-1425.0
