,Omega,Tolerance,Step Size Rule,Iterations,Converged?,Gap LR,Gap Naive,Obj. Naive,Obj. LR,Gap,Time Naive,Time LR,Final Lambda,LB Heuristic,IR,AP
0,1500.0,0.05,1.0,2.0,0.0,0.45677,0.74656,3361.44448,10518.76211,0.45677,4204.0,4206.0,835.96802,5714.10593,5713.43018,5226.06618
1,1500.0,0.05,2.0,2.0,0.0,0.45677,0.74656,3361.44448,10518.76211,0.45677,4204.0,4209.0,52.96802,5714.10593,5713.43018,5226.06618
2,1500.0,0.05,3.0,2.0,0.0,0.45677,0.74656,3361.44448,10518.76211,0.45677,4204.0,4205.0,1421.71802,5714.10593,5713.43018,5226.06618
3,1500.0,0.05,4.0,2.0,0.0,0.45677,0.74656,3361.44448,10518.76211,0.45677,4204.0,4207.0,1424.93501,5714.10593,5713.43018,5226.06618
4,1500.0,0.05,5.0,2.0,0.0,0.45677,0.74656,3361.44448,10518.76211,0.45677,4204.0,4206.0,202.96802,5714.10593,5713.43018,5226.06618
5,1500.0,0.05,6.0,2.0,0.0,0.28346,0.74656,3361.44448,7974.60547,0.28346,4204.0,4207.0,0.0,5714.10593,5713.43018,5226.06618
