"Omega","Tolerance","Step Size Rule","Iterations","Converged?","Gap LR","Gap Naive","Obj. Naive","Obj. LR","Gap","Time Naive","Time LR","Final Lambda","LB Heuristic"
600.00000,0.03000,1.00000,3.00000,0.00000,0.32381,0.65938,3824.39738,5905.65219,0.32381,4207.00000,4508.00000,452.17277,3993.37126
600.00000,0.03000,2.00000,3.00000,0.00000,0.33355,0.65938,3824.39738,5991.99905,0.33355,4207.00000,2518.00000,123.10006,3993.37126
600.00000,0.03000,3.00000,3.00000,0.00000,0.34660,0.65938,3824.39738,6111.71868,0.34660,4207.00000,4408.00000,543.61277,3993.37126
600.00000,0.03000,4.00000,3.00000,0.00000,0.30916,0.65938,3824.39738,5780.49896,0.30916,4207.00000,4407.00000,519.05661,3993.37126
600.00000,0.03000,5.00000,3.00000,0.00000,0.29015,0.65938,3824.39738,5625.62297,0.29015,4207.00000,2452.00000,118.67566,3993.37126
600.00000,0.03000,6.00000,3.00000,0.00000,0.34660,0.65938,3824.39738,6111.71868,0.34660,4207.00000,4361.00000,7.76218,3993.37126
