"Omega","Tolerance","Step Size Rule","Iterations","Converged?","Gap LR","Gap Naive","Obj. Naive","Obj. LR","Gap","Time Naive","Time LR","Final Lambda","LB Heuristic"
600.00000,0.03000,1.00000,2.00000,0.00000,0.26878,0.84195,1824.38583,6475.64063,0.26878,4234.00000,4269.00000,462.03277,4735.12562
600.00000,0.03000,2.00000,2.00000,0.00000,0.24548,0.84195,1824.38583,6275.64063,0.24548,4234.00000,4244.00000,135.60006,4735.12562
600.00000,0.03000,3.00000,2.00000,0.00000,0.26878,0.84195,1824.38583,6475.64063,0.26878,4234.00000,4247.00000,703.41277,4735.12562
600.00000,0.03000,4.00000,2.00000,0.00000,0.26878,0.84195,1824.38583,6475.64063,0.26878,4234.00000,4247.00000,704.18485,4735.12562
600.00000,0.03000,5.00000,2.00000,0.00000,0.23326,0.84195,1824.38583,6175.64063,0.23326,4234.00000,4241.00000,135.68597,4735.12562
600.00000,0.03000,6.00000,2.00000,0.00000,0.04798,0.84195,1824.38583,4973.76092,0.04798,4234.00000,4227.00000,114.37889,4735.12562
