Omega,Tolerance,Step Size Rule,Iterations,Converged?,Gap LR,Gap Naive,Obj. Naive,Obj. LR,Gap,Time Naive,Time LR,Final Lambda,LB Heuristic
900.0,0.03,1.0,2.0,0.0,0.44903,0.77043,2057.90125,6632.43544,0.44903,4203.0,4202.0,580.42211,3654.26753
900.0,0.03,2.0,2.0,0.0,0.4319,0.77043,2057.90125,6432.43544,0.4319,4203.0,4202.0,90.2003,3654.26753
900.0,0.03,2.0,2.0,0.0,0.4319,0.77043,2057.90125,6432.43544,0.4319,4203.0,4206.0,90.2003,3654.26753
900.0,0.03,4.0,2.0,0.0,0.44903,0.77043,2057.90125,6632.43544,0.44903,4203.0,4202.0,943.65023,3654.26753
900.0,0.03,5.0,2.0,0.0,0.42293,0.77043,2057.90125,6332.43544,0.42293,4203.0,4202.0,90.25758,3654.26753
900.0,0.03,6.0,2.0,0.0,0.44903,0.77043,2057.90125,6632.43544,0.44903,4203.0,4202.0,0.0,3654.26753
