"Omega","Tolerance","Step Size Rule","Iterations","Converged?","Gap LR","Gap Naive","Obj. Naive","Obj. LR","Gap","Time Naive","Time LR","Final Lambda","LB Heuristic"
600.00000,0.07000,1.00000,2.00000,0.00000,0.04083,0.86864,1905.96672,4549.96966,0.04083,4206.00000,2497.00000,453.53533,4364.18854
600.00000,0.07000,2.00000,3.00000,0.00000,0.51934,0.86864,1905.96672,9079.51343,0.51934,4206.00000,2749.00000,127.22398,4364.18854
600.00000,0.07000,3.00000,3.00000,0.00000,0.51934,0.86864,1905.96672,9079.51343,0.51934,4206.00000,4409.00000,485.93533,4364.18854
600.00000,0.07000,4.00000,3.00000,0.00000,0.50672,0.86864,1905.96672,8847.28767,0.50672,4206.00000,4395.00000,464.95221,4364.18854
600.00000,0.07000,5.00000,3.00000,0.00000,0.50277,0.86864,1905.96672,8777.04734,0.50277,4206.00000,2498.00000,123.97526,4364.18854
600.00000,0.07000,6.00000,3.00000,0.00000,0.51934,0.86864,1905.96672,9079.51343,0.51934,4206.00000,4366.00000,17.26504,4364.18854
