"Omega","Tolerance","Step Size Rule","Iterations","Converged?","Gap LR","Gap Naive","Obj. Naive","Obj. LR","Gap","Time Naive","Time LR","Final Lambda","LB Heuristic"
600.00000,0.07000,1.00000,2.00000,0.00000,0.63106,1.00000,383.68910,13005.50214,0.63106,4230.00000,4261.00000,430.91533,4798.27339
600.00000,0.07000,2.00000,2.00000,0.00000,0.62530,1.00000,383.68910,12805.50214,0.62530,4230.00000,4244.00000,132.35218,4798.27339
600.00000,0.07000,3.00000,2.00000,0.00000,0.63106,1.00000,383.68910,13005.50214,0.63106,4230.00000,4248.00000,658.13533,4798.27339
600.00000,0.07000,4.00000,2.00000,0.00000,0.63106,1.00000,383.68910,13005.50214,0.63106,4230.00000,4264.00000,659.93685,4798.27339
600.00000,0.07000,5.00000,2.00000,0.00000,0.62235,1.00000,383.68910,12705.50214,0.62235,4230.00000,4240.00000,132.44179,4798.27339
600.00000,0.07000,6.00000,2.00000,0.00000,0.55038,1.00000,383.68910,10671.83102,0.55038,4230.00000,4224.00000,0.00000,4798.27339
