,Omega,Tolerance,Step Size Rule,Iterations,Converged?,Gap LR,Gap Naive,Obj. Naive,Obj. LR (UB),"Obj. LR (LB),",Gap,Time Naive,Time LR,Final Lambda,LB Heuristic,BBP,Best iter,Lambda best iter,Gamma best iter,Obj. LR,Time,QP,IR,AP
0,900.0,0.01,1.0,2.0,0.0,0.4842,0.52538,4512.63358,9693.51605,4835.45178,0.4842,4202.0,4203.0,86.58374,4999.88481,0.0,1.0,97.02374,9.0,,,-4708.916,-4999.88481,-4475.51604
1,900.0,0.01,2.0,3.0,0.0,0.4842,0.52538,4512.63358,9693.51605,4809.89622,0.4842,4202.0,4215.0,0.0,4999.88481,0.0,1.0,97.02374,9.0,,,-4708.916,-4999.88481,-4475.51604
2,900.0,0.01,3.0,2.0,0.0,0.4842,0.52538,4512.63358,9693.51605,4835.45178,0.4842,4202.0,4204.0,756.27374,4999.88481,0.0,1.0,97.02374,9.0,,,-4708.916,-4999.88481,-4475.51604
3,900.0,0.01,4.0,2.0,0.0,0.4842,0.52538,4512.63358,9693.51605,4835.45178,0.4842,4202.0,4203.0,718.05589,4999.88481,0.0,1.0,97.02374,9.0,,,-4708.916,-4999.88481,-4475.51604
4,900.0,0.01,5.0,3.0,0.0,0.4842,0.52538,4512.63358,9693.51605,4835.45178,0.4842,4202.0,4215.0,50.0,4999.88481,0.0,1.0,97.02374,9.0,,,-4708.916,-4999.88481,-4475.51604
5,900.0,0.01,6.0,3.0,0.0,0.48468,0.52538,4512.63358,9702.39552,4809.89622,0.48468,4202.0,4219.0,0.0,4999.88481,0.0,1.0,97.02374,9.0,,,-4708.916,-4999.88481,-4475.51604
