"Omega","Tolerance","Step Size Rule","Iterations","Converged?","Gap LR","Gap Naive","Obj. Naive","Obj. LR","Gap","Time Naive","Time LR","Final Lambda","LB Heuristic"
100.00000,0.07000,1.00000,3.00000,0.00000,0.37050,0.47822,6967.06093,11362.24055,0.37050,4204.00000,4422.00000,840.13435,7152.53622
100.00000,0.07000,2.00000,5.00000,0.00000,0.48042,0.47822,6967.06093,13766.02988,0.48042,4204.00000,4314.00000,805.06704,7152.53622
100.00000,0.07000,3.00000,3.00000,0.00000,0.38416,0.47822,6967.06093,11614.20389,0.38416,4204.00000,4448.00000,877.86435,7152.53622
100.00000,0.07000,4.00000,3.00000,0.00000,0.38627,0.47822,6967.06093,11654.29536,0.38627,4204.00000,4471.00000,878.32315,7152.53622
100.00000,0.07000,5.00000,5.00000,0.00000,0.48694,0.47822,6967.06093,13941.02988,0.48694,4204.00000,2912.00000,801.67995,7152.53622
100.00000,0.07000,6.00000,4.00000,0.00000,0.41082,0.47822,6967.06093,12139.71888,0.41082,4204.00000,4389.00000,241.74897,7152.53622
