"Omega","Tolerance","Step Size Rule","Iterations","Converged?","Gap LR","Gap Naive","Obj. Naive","Obj. LR","Gap","Time Naive","Time LR","Final Lambda","LB Heuristic"
900.00000,0.05000,1.00000,1.00000,1.00000,0.00000,0.13894,247.66850,247.66850,0.00000,4292.00000,2170.00000,0.30638,247.66850
900.00000,0.05000,2.00000,1.00000,1.00000,0.00000,0.13894,247.66850,247.66850,0.00000,4292.00000,2164.00000,0.30638,247.66850
900.00000,0.05000,3.00000,1.00000,1.00000,0.00000,0.13894,247.66850,247.66850,0.00000,4292.00000,2154.00000,0.30638,247.66850
900.00000,0.05000,4.00000,1.00000,1.00000,0.00000,0.13894,247.66850,247.66850,0.00000,4292.00000,2149.00000,0.30638,247.66850
900.00000,0.05000,5.00000,1.00000,1.00000,0.00000,0.13894,247.66850,247.66850,0.00000,4292.00000,2147.00000,0.30638,247.66850
900.00000,0.05000,6.00000,1.00000,1.00000,0.00000,0.13894,247.66850,247.66850,0.00000,4292.00000,2141.00000,0.30638,247.66850
