Omega,Tolerance,Step Size Rule,Iterations,Converged?,Gap LR,Gap Naive,Obj. Naive,Obj. LR,Gap,Time Naive,Time LR,Final Lambda,LB Heuristic
100.0,0.01,1.0,1.0,1.0,0.0,0.0,280.63984,280.63984,0.0,48.0,22.0,4.34873,280.63984
100.0,0.01,2.0,1.0,1.0,0.0,0.0,280.63984,280.63984,0.0,48.0,21.0,4.34873,280.63984
100.0,0.01,3.0,1.0,1.0,0.0,0.0,280.63984,280.63984,0.0,48.0,21.0,4.34873,280.63984
100.0,0.01,4.0,1.0,1.0,0.0,0.0,280.63984,280.63984,0.0,48.0,22.0,4.34873,280.63984
100.0,0.01,5.0,1.0,1.0,0.0,0.0,280.63984,280.63984,0.0,48.0,22.0,4.34873,280.63984
100.0,0.01,6.0,1.0,1.0,0.0,0.0,280.63984,280.63984,0.0,48.0,22.0,4.34873,280.63984
,,,,,,,,,,,,,0.0
,,,,,,,,,,,,,0.0
