,Omega,Tolerance,Step Size Rule,Iterations,Converged?,Gap LR,Gap Naive,Obj. Naive,Obj. LR,Gap,Time Naive,Time LR,Final Lambda,LB Heuristic,IR,AP
0,100.0,0.01,1.0,1.0,1.0,0.0,0.0,280.63984,280.63984,0.0,48.0,22.0,4.34873,280.63984,-269.41343,-274.20839
1,100.0,0.01,2.0,1.0,1.0,0.0,0.0,280.63984,280.63984,0.0,48.0,21.0,4.34873,280.63984,-269.41343,-274.20839
2,100.0,0.01,3.0,1.0,1.0,0.0,0.0,280.63984,280.63984,0.0,48.0,21.0,4.34873,280.63984,-269.41343,-274.20839
3,100.0,0.01,4.0,1.0,1.0,0.0,0.0,280.63984,280.63984,0.0,48.0,22.0,4.34873,280.63984,-269.41343,-274.20839
4,100.0,0.01,5.0,1.0,1.0,0.0,0.0,280.63984,280.63984,0.0,48.0,22.0,4.34873,280.63984,-269.41343,-274.20839
5,100.0,0.01,6.0,1.0,1.0,0.0,0.0,280.63984,280.63984,0.0,48.0,22.0,4.34873,280.63984,-269.41343,-274.20839
