,Omega,Tolerance,Step Size Rule,Iterations,Converged?,Gap LR,Gap Naive,Obj. Naive,Obj. LR,Gap,Time Naive,Time LR,Final Lambda,LB Heuristic,IR,AP
0,600.0,0.05,1.0,10.0,0.0,0.026,0.1429,244.30515,256.58858,0.026,4233.0,2185.0,191.4,249.91777,-254.55148,0.0
1,600.0,0.05,2.0,8.0,0.0,0.026,0.1429,244.30515,256.58858,0.026,4233.0,2280.0,200.0,249.91777,-254.55148,0.0
2,600.0,0.05,3.0,10.0,0.0,0.026,0.1429,244.30515,256.58858,0.026,4233.0,2185.0,335.71104,249.91777,-254.55148,0.0
3,600.0,0.05,4.0,10.0,0.0,0.026,0.1429,244.30515,256.58858,0.026,4233.0,2183.0,303.63413,249.91777,-254.55148,0.0
4,600.0,0.05,5.0,8.0,0.0,0.026,0.1429,244.30515,256.58858,0.026,4233.0,2270.0,37.5,249.91777,-254.55148,0.0
5,600.0,0.05,6.0,5.0,0.0,0.026,0.1429,244.30515,256.58858,0.026,4233.0,6543.0,0.23456,249.91777,-254.55148,0.0
