Omega,Tolerance,Step Size Rule,Iterations,Converged?,Gap LR,Gap Naive,Obj. Naive,Obj. LR (UB),"Obj. LR (LB),",Gap,Time Naive,Time LR,Final Lambda,LB Heuristic,BBP,Best iter,Lambda best iter,Gamma best iter
600.0,0.05,1.0,10.0,0.0,0.11783,0.1429,244.30515,283.29943,270.51571,0.11783,4233.0,5067.0,174.45544,249.91777,0.0,1.0,0.45544,-570.0
600.0,0.05,2.0,7.0,0.0,0.09865,0.1429,244.30515,277.26919,270.51571,0.09865,4233.0,50029.0,200.45544,249.91777,0.0,7.0,0.45544,-570.0
600.0,0.05,3.0,10.0,0.0,0.11783,0.1429,244.30515,283.29943,270.51571,0.11783,4233.0,5066.0,456.16648,249.91777,0.0,1.0,0.45544,-570.0
600.0,0.05,4.0,10.0,0.0,0.11783,0.1429,244.30515,283.29943,270.51571,0.11783,4233.0,5067.0,449.8255,249.91777,0.0,1.0,0.45544,-570.0
600.0,0.05,5.0,10.0,0.0,0.11783,0.1429,244.30515,283.29943,270.51571,0.11783,4233.0,5282.0,0.0,249.91777,0.0,1.0,0.45544,-570.0
600.0,0.05,6.0,8.0,0.0,0.05042,0.1429,244.30515,263.18906,263.18906,0.05042,4233.0,54277.0,0.0,249.91777,0.0,8.0,0.49157,18.0
