Omega,Tolerance,Step Size Rule,Iterations,Converged?,Gap LR,Gap Naive,Obj. Naive,Obj. LR,Gap,Time Naive,Time LR,Final Lambda,LB Heuristic
600.0,0.05,1.0,2.0,0.0,0.02278,0.1429,244.30515,255.74231,0.02278,4233.0,2516.0,330.6,249.91777
600.0,0.05,2.0,2.0,0.0,0.02278,0.1429,244.30515,255.74231,0.02278,4233.0,2504.0,0.35088,249.91777
600.0,0.05,3.0,2.0,0.0,0.02278,0.1429,244.30515,255.74231,0.02278,4233.0,2491.0,427.5,249.91777
600.0,0.05,4.0,2.0,0.0,0.02278,0.1429,244.30515,255.74231,0.02278,4233.0,2492.0,403.05087,249.91777
600.0,0.05,5.0,1.0,1.0,0.0,0.1429,244.30515,249.91777,0.0,4233.0,2144.0,0.45544,249.91777
600.0,0.05,6.0,1.0,1.0,0.0,0.1429,244.30515,249.91777,0.0,4233.0,2142.0,0.45544,249.91777
