Omega,Tolerance,Step Size Rule,Iterations,Converged?,Gap LR,Gap Naive,Obj. Naive,Obj. LR,Gap,Time Naive,Time LR,Final Lambda,LB Heuristic
600.0,0.05,1.0,10.0,0.0,0.026,0.1429,244.30515,256.58858,0.026,4233.0,2205.0,191.4,249.91777
600.0,0.05,2.0,3.0,0.0,0.026,0.1429,244.30515,256.58858,0.026,4233.0,2475.0,0.70175,249.91777
600.0,0.05,3.0,10.0,0.0,0.026,0.1429,244.30515,256.58858,0.026,4233.0,2210.0,335.71104,249.91777
600.0,0.05,4.0,10.0,0.0,0.026,0.1429,244.30515,256.58858,0.026,4233.0,2209.0,303.63413,249.91777
600.0,0.05,5.0,3.0,0.0,0.026,0.1429,244.30515,256.58858,0.026,4233.0,2346.0,0.4386,249.91777
600.0,0.05,6.0,3.0,0.0,0.026,0.1429,244.30515,256.58858,0.026,4233.0,4251.0,0.23314,249.91777
,,,,,,,,,,,,,0.0
,,,,,,,,,,,,,0.0
