Omega,Tolerance,Step Size Rule,Iterations,Converged?,Gap LR,Gap Naive,Obj. Naive,Obj. LR (UB),"Obj. LR (LB),",Gap,Time Naive,Time LR,Final Lambda,LB Heuristic,BBP,Best iter,Lambda best iter,Gamma best iter
600.0,0.05,1.0,10.0,0.0,0.11921,0.1429,244.30515,283.74409,256.58858,0.11921,4233.0,2190.0,191.4,249.91777,0.0,1.0,0.45544,24.0
600.0,0.05,2.0,10.0,0.0,0.11921,0.1429,244.30515,283.74409,256.58858,0.11921,4233.0,2338.0,200.0,249.91777,0.0,1.0,0.45544,24.0
600.0,0.05,3.0,10.0,0.0,0.11921,0.1429,244.30515,283.74409,256.58858,0.11921,4233.0,2190.0,335.71104,249.91777,0.0,1.0,0.45544,24.0
600.0,0.05,4.0,10.0,0.0,0.11921,0.1429,244.30515,283.74409,256.58858,0.11921,4233.0,2189.0,303.63413,249.91777,0.0,1.0,0.45544,24.0
600.0,0.05,5.0,10.0,0.0,0.11921,0.1429,244.30515,283.74409,256.58858,0.11921,4233.0,2388.0,0.0,249.91777,0.0,1.0,0.45544,24.0
600.0,0.05,6.0,3.0,0.0,0.11921,0.1429,244.30515,283.74409,256.58858,0.11921,4233.0,4244.0,0.0,249.91777,0.0,1.0,0.45544,24.0
