"Omega","Tolerance","Step Size Rule","Iterations","Converged?","Gap LR","Gap Naive","Obj. Naive","Obj. LR","Gap","Time Naive","Time LR","Final Lambda","LB Heuristic"
600.00000,0.05000,1.00000,1.00000,1.00000,0.00000,0.12842,249.91777,249.91777,0.00000,4257.00000,2157.00000,0.45544,249.91777
600.00000,0.05000,2.00000,1.00000,1.00000,0.00000,0.12842,249.91777,249.91777,0.00000,4257.00000,2146.00000,0.45544,249.91777
600.00000,0.05000,3.00000,2.00000,0.00000,0.02278,0.12842,249.91777,255.74231,0.02278,4257.00000,2687.00000,427.50000,249.91777
600.00000,0.05000,4.00000,2.00000,0.00000,0.02278,0.12842,249.91777,255.74231,0.02278,4257.00000,2706.00000,403.05087,249.91777
600.00000,0.05000,5.00000,2.00000,0.00000,0.02278,0.12842,249.91777,255.74231,0.02278,4257.00000,2715.00000,0.26316,249.91777
600.00000,0.05000,6.00000,2.00000,0.00000,0.02278,0.12842,249.91777,255.74231,0.02278,4257.00000,2483.00000,0.91601,249.91777
