"Omega","Tolerance","Step Size Rule","Iterations","Converged?","Gap LR","Gap Naive","Obj. Naive","Obj. LR","Gap","Time Naive","Time LR","Final Lambda","LB Heuristic"
600.00000,0.07000,1.00000,2.00000,0.00000,0.66211,0.74101,3802.10745,12805.90602,0.66211,4250.00000,4309.00000,431.03000,4326.94665
600.00000,0.07000,2.00000,2.00000,0.00000,0.65675,0.74101,3802.10745,12605.90602,0.65675,4250.00000,4322.00000,132.46684,4326.94665
600.00000,0.07000,3.00000,2.00000,0.00000,0.66211,0.74101,3802.10745,12805.90602,0.66211,4250.00000,4335.00000,658.25000,4326.94665
600.00000,0.07000,4.00000,2.00000,0.00000,0.66211,0.74101,3802.10745,12805.90602,0.66211,4250.00000,4332.00000,660.05151,4326.94665
600.00000,0.07000,5.00000,2.00000,0.00000,0.65401,0.74101,3802.10745,12505.90602,0.65401,4250.00000,4300.00000,132.55645,4326.94665
600.00000,0.07000,6.00000,2.00000,0.00000,0.57454,0.74101,3802.10745,10170.07167,0.57454,4250.00000,4279.00000,0.00000,4326.94665
