Omega,Tolerance,Step Size Rule,Iterations,Converged?,Gap LR,Gap Naive,Obj. Naive,Obj. LR,Gap,Time Naive,Time LR,Final Lambda,LB Heuristic
900.0,0.03,1.0,1.0,1.0,0.0,0.19524,226.10668,246.21531,0.0,4252.0,2156.0,0.38278,246.21531
900.0,0.03,2.0,1.0,1.0,0.0,0.19524,226.10668,246.21531,0.0,4252.0,2144.0,0.38278,246.21531
900.0,0.03,3.0,1.0,1.0,0.0,0.19524,226.10668,246.21531,0.0,4252.0,2147.0,0.38278,246.21531
900.0,0.03,4.0,1.0,1.0,0.0,0.19524,226.10668,246.21531,0.0,4252.0,2156.0,0.38278,246.21531
900.0,0.03,5.0,1.0,1.0,0.0,0.19524,226.10668,246.21531,0.0,4252.0,2155.0,0.38278,246.21531
900.0,0.03,6.0,1.0,1.0,0.0,0.19524,226.10668,246.21531,0.0,4252.0,2156.0,0.38278,246.21531
