"Omega","Tolerance","Step Size Rule","Iterations","Converged?","Gap LR","Gap Naive","Obj. Naive","Obj. LR","Gap","Time Naive","Time LR","Final Lambda","LB Heuristic"
600.00000,0.05000,1.00000,2.00000,0.00000,0.57597,0.73581,3489.57753,10720.73337,0.57597,4250.00000,4312.00000,445.01974,4545.90610
600.00000,0.05000,2.00000,2.00000,0.00000,0.56791,0.73581,3489.57753,10520.73337,0.56791,4250.00000,4314.00000,132.52150,4545.90610
600.00000,0.05000,3.00000,2.00000,0.00000,0.57597,0.73581,3489.57753,10720.73337,0.57597,4250.00000,4325.00000,679.31974,4545.90610
600.00000,0.05000,4.00000,2.00000,0.00000,0.57597,0.73581,3489.57753,10720.73337,0.57597,4250.00000,4341.00000,680.60654,4545.90610
600.00000,0.05000,5.00000,2.00000,0.00000,0.56376,0.73581,3489.57753,10420.73337,0.56376,4250.00000,4303.00000,132.60922,4545.90610
600.00000,0.05000,6.00000,2.00000,0.00000,0.35459,0.73581,3489.57753,7043.47199,0.35459,4250.00000,4265.00000,0.00000,4545.90610
