"Omega","Tolerance","Step Size Rule","Iterations","Converged?","Gap LR","Gap Naive","Obj. Naive","Obj. LR","Gap","Time Naive","Time LR","Final Lambda","LB Heuristic"
600.00000,0.05000,1.00000,2.00000,0.00000,0.62053,1.00000,320.00089,10720.73337,0.62053,4232.00000,4248.00000,445.01974,4068.22331
600.00000,0.05000,2.00000,2.00000,0.00000,0.61331,1.00000,320.00089,10520.73337,0.61331,4232.00000,4246.00000,132.52150,4068.22331
600.00000,0.05000,3.00000,2.00000,0.00000,0.62053,1.00000,320.00089,10720.73337,0.62053,4232.00000,4251.00000,679.31974,4068.22331
600.00000,0.05000,4.00000,2.00000,0.00000,0.62053,1.00000,320.00089,10720.73337,0.62053,4232.00000,4275.00000,680.60654,4068.22331
600.00000,0.05000,5.00000,2.00000,0.00000,0.60960,1.00000,320.00089,10420.73337,0.60960,4232.00000,4243.00000,132.60922,4068.22331
600.00000,0.05000,6.00000,2.00000,0.00000,0.45561,1.00000,320.00089,7472.97355,0.45561,4232.00000,4225.00000,0.00000,4068.22331
