"Omega","Tolerance","Step Size Rule","Iterations","Converged?","Gap LR","Gap Naive","Obj. Naive","Obj. LR","Gap","Time Naive","Time LR","Final Lambda","LB Heuristic"
600.00000,0.05000,1.00000,2.00000,0.00000,0.19112,0.97522,320.00089,4772.64016,0.19112,4206.00000,2466.00000,459.51974,3860.49695
600.00000,0.05000,2.00000,3.00000,0.00000,0.40010,0.97522,320.00089,6435.19813,0.40010,4206.00000,2529.00000,122.52150,3860.49695
600.00000,0.05000,3.00000,3.00000,0.00000,0.40010,0.97522,320.00089,6435.19813,0.40010,4206.00000,4400.00000,521.31974,3860.49695
600.00000,0.05000,4.00000,3.00000,0.00000,0.44608,0.97522,320.00089,6969.44313,0.44608,4206.00000,4408.00000,492.55010,3860.49695
600.00000,0.05000,5.00000,3.00000,0.00000,0.41185,0.97522,320.00089,6563.77969,0.41185,4206.00000,2457.00000,118.62198,3860.49695
600.00000,0.05000,6.00000,3.00000,0.00000,0.40010,0.97522,320.00089,6435.19813,0.40010,4206.00000,4381.00000,26.75274,3860.49695
