,Omega,Tolerance,Step Size Rule,Iterations,Converged?,Gap LR,Gap Naive,Obj. Naive,Obj. LR (UB),"Obj. LR (LB),",Gap,Time Naive,Time LR,Final Lambda,LB Heuristic,BBP,Best iter,Lambda best iter,Gamma best iter,Obj. LR,Time,QP,IR,AP
0,900.0,0.01,1.0,2.0,0.0,0.4824,0.54438,4378.71815,9797.84295,4911.91186,0.4824,4202.0,4205.0,86.63456,5071.32364,0.0,1.0,97.07456,9.0,,,-4528.725,-5071.32364,-4578.40899
1,900.0,0.01,2.0,3.0,0.0,0.4824,0.54438,4378.71815,9797.84295,4911.91186,0.4824,4202.0,4216.0,0.0,5071.32364,0.0,1.0,97.07456,9.0,,,-4528.725,-5071.32364,-4578.40899
2,900.0,0.01,3.0,2.0,0.0,0.4824,0.54438,4378.71815,9797.84295,4911.91186,0.4824,4202.0,4203.0,756.32456,5071.32364,0.0,1.0,97.07456,9.0,,,-4528.725,-5071.32364,-4578.40899
3,900.0,0.01,4.0,2.0,0.0,0.48182,0.54438,4378.71815,9786.72797,4911.91186,0.48182,4202.0,4203.0,718.1067,5071.32364,0.0,1.0,97.07456,9.0,,,-4528.725,-5071.32364,-4578.40899
4,900.0,0.01,5.0,3.0,0.0,0.4824,0.54438,4378.71815,9797.84295,4911.91186,0.4824,4202.0,4217.0,50.0,5071.32364,0.0,1.0,97.07456,9.0,,,-4528.725,-5071.32364,-4578.40899
5,900.0,0.01,6.0,3.0,0.0,0.4824,0.54438,4378.71815,9797.84295,4911.91186,0.4824,4202.0,4219.0,0.0,5071.32364,0.0,1.0,97.07456,9.0,,,-4528.725,-5071.32364,-4578.40899
