Omega,Tolerance,Step Size Rule,Iterations,Converged?,Gap LR,Gap Naive,Obj. Naive,Obj. LR,Gap,Time Naive,Time LR,Final Lambda,LB Heuristic,Heuristic Time
1500.0,0.03,1.0,2.0,0.0,0.09848,0.17901,229.87427,255.51277,0.09848,4211.0,2498.0,843.9,230.35052,
1500.0,0.03,2.0,2.0,0.0,0.09848,0.17901,229.87427,255.51277,0.09848,4211.0,2488.0,0.13746,230.35052,
1500.0,0.03,3.0,2.0,0.0,0.09848,0.17901,229.87427,255.51277,0.09848,4211.0,2494.0,1091.25,230.35052,
1500.0,0.03,4.0,2.0,0.0,0.09848,0.17901,229.87427,255.51277,0.09848,4211.0,2489.0,1028.84037,230.35052,
1500.0,0.03,5.0,2.0,0.0,0.09848,0.17901,229.87427,255.51277,0.09848,4211.0,2493.0,0.10309,230.35052,
1500.0,0.03,6.0,2.0,0.0,0.09848,0.17901,229.87427,255.51277,0.09848,4211.0,2490.0,0.39845,230.35052,58.0
,,,,,,,,,,,,,0.0,
,,,,,,,,,,,,,0.0,
