,Omega,Tolerance,Step Size Rule,Iterations,Converged?,Gap LR,Gap Naive,Obj. Naive,Obj. LR,Gap,Time Naive,Time LR,Final Lambda,LB Heuristic,Heuristic Time,IR,AP
0,1500.0,0.05,1.0,2.0,0.0,0.01146,0.18626,233.26949,241.9442,0.01146,4211.0,2387.0,826.5,239.17051,,-253.43494,0.0
1,1500.0,0.05,2.0,2.0,0.0,0.01146,0.18626,233.26949,241.9442,0.01146,4211.0,2381.0,0.14035,239.17051,,-253.43494,0.0
2,1500.0,0.05,3.0,2.0,0.0,0.01146,0.18626,233.26949,241.9442,0.01146,4211.0,2391.0,1068.75,239.17051,,-253.43494,0.0
3,1500.0,0.05,4.0,2.0,0.0,0.01146,0.18626,233.26949,241.9442,0.01146,4211.0,2395.0,1007.62716,239.17051,,-253.43494,0.0
4,1500.0,0.05,5.0,2.0,0.0,0.01146,0.18626,233.26949,241.9442,0.01146,4211.0,2385.0,0.10526,239.17051,,-253.43494,0.0
5,1500.0,0.05,6.0,2.0,1.0,0.0,0.18626,233.26949,239.17051,0.0,4211.0,4213.0,0.10917,239.17051,64.0,-253.43494,0.0
