Omega,Tolerance,Step Size Rule,Iterations,Converged?,Gap LR,Gap Naive,Obj. Naive,Obj. LR (UB),"Obj. LR (LB),",Gap,Time Naive,Time LR,Final Lambda,LB Heuristic,BBP,Best iter,Lambda best iter,Gamma best iter
1500.0,0.05,1.0,10.0,0.0,0.16302,0.18626,233.26949,285.75322,241.9442,0.16302,4211.0,5572.0,478.5,239.17051,0.0,1.0,0.18314,75.0
1500.0,0.05,2.0,10.0,0.0,0.16302,0.18626,233.26949,285.75322,241.9442,0.16302,4211.0,6819.0,200.0,239.17051,0.0,1.0,0.18314,75.0
1500.0,0.05,3.0,10.0,0.0,0.16302,0.18626,233.26949,285.75322,241.9442,0.16302,4211.0,5557.0,839.2776,239.17051,0.0,1.0,0.18314,75.0
1500.0,0.05,4.0,10.0,0.0,0.16302,0.18626,233.26949,285.75322,241.9442,0.16302,4211.0,5566.0,759.08533,239.17051,0.0,1.0,0.18314,75.0
1500.0,0.05,5.0,10.0,0.0,0.16302,0.18626,233.26949,285.75322,241.9442,0.16302,4211.0,6844.0,0.0,239.17051,0.0,1.0,0.18314,75.0
1500.0,0.05,6.0,7.0,0.0,0.15759,0.18626,233.26949,283.9112,261.55865,0.15759,4211.0,51120.0,0.0,239.17051,0.0,5.0,0.20486,32.0
