Omega,Tolerance,Step Size Rule,Iterations,Converged?,Gap LR,Gap Naive,Obj. Naive,Obj. LR (UB),"Obj. LR (LB),",Gap,Time Naive,Time LR,Final Lambda,LB Heuristic,BBP,Best iter,Lambda best iter,Gamma best iter
1500.0,0.05,1.0,3.0,0.0,0.16516,0.18626,233.26949,286.48509,241.9442,0.16516,4211.0,2416.0,783.0,239.17051,0.0,1.0,0.18314,75.0
1500.0,0.05,2.0,3.0,0.0,0.16516,0.18626,233.26949,286.48509,241.9442,0.16516,4211.0,2410.0,0.0,239.17051,0.0,1.0,0.18314,75.0
1500.0,0.05,3.0,3.0,0.0,0.16516,0.18626,233.26949,286.48509,241.9442,0.16516,4211.0,2406.0,1023.75,239.17051,0.0,1.0,0.18314,75.0
1500.0,0.05,4.0,3.0,0.0,0.16516,0.18626,233.26949,286.48509,241.9442,0.16516,4211.0,2413.0,964.32589,239.17051,0.0,1.0,0.18314,75.0
1500.0,0.05,5.0,3.0,0.0,0.16516,0.18626,233.26949,286.48509,241.9442,0.16516,4211.0,2415.0,50.0,239.17051,0.0,1.0,0.18314,75.0
1500.0,0.05,6.0,3.0,0.0,0.16516,0.18626,233.26949,286.48509,241.9442,0.16516,4211.0,4484.0,0.0,239.17051,0.0,1.0,0.18314,75.0
