"Omega","Tolerance","Step Size Rule","Iterations","Converged?","Gap LR","Gap Naive","Obj. Naive","Obj. LR","Gap","Time Naive","Time LR","Final Lambda","LB Heuristic"
100.00000,0.03000,1.00000,10.00000,0.00000,0.02499,0.00000,278.14305,284.98566,0.02401,350.00000,670.00000,43.36504,277.86313
100.00000,0.03000,2.00000,10.00000,0.00000,0.01396,0.00000,278.14305,281.79774,0.01297,350.00000,1866.00000,4.12371,277.86313
100.00000,0.03000,3.00000,10.00000,0.00000,0.02499,0.00000,278.14305,284.98566,0.02401,350.00000,854.00000,88.33614,277.86313
100.00000,0.03000,4.00000,10.00000,0.00000,0.02499,0.00000,278.14305,284.98566,0.02401,350.00000,848.00000,87.70205,277.86313
100.00000,0.03000,5.00000,10.00000,0.00000,0.00980,0.00000,278.14305,280.61217,0.00880,350.00000,1506.00000,1.03952,277.86313
100.00000,0.03000,6.00000,10.00000,0.00000,0.00944,0.00000,278.14305,280.51249,0.00845,350.00000,2576.00000,1.51379,277.86313
