"Omega","Tolerance","Step Size Rule","Iterations","Converged?","Gap LR","Gap Naive","Obj. Naive","Obj. LR","Gap","Time Naive","Time LR","Final Lambda","LB Heuristic"
600.00000,0.07000,1.00000,2.00000,0.00000,0.63532,0.73397,3907.28265,12821.46700,0.63532,4248.00000,4322.00000,431.30959,4675.69531
600.00000,0.07000,2.00000,2.00000,0.00000,0.62954,0.73397,3907.28265,12621.46700,0.62954,4248.00000,4309.00000,132.74644,4675.69531
600.00000,0.07000,3.00000,2.00000,0.00000,0.63532,0.73397,3907.28265,12821.46700,0.63532,4248.00000,4330.00000,658.52959,4675.69531
600.00000,0.07000,4.00000,2.00000,0.00000,0.63532,0.73397,3907.28265,12821.46700,0.63532,4248.00000,4329.00000,660.33111,4675.69531
600.00000,0.07000,5.00000,2.00000,0.00000,0.62659,0.73397,3907.28265,12521.46700,0.62659,4248.00000,4297.00000,132.83605,4675.69531
600.00000,0.07000,6.00000,2.00000,0.00000,0.54501,0.73397,3907.28265,10276.58421,0.54501,4248.00000,4239.00000,0.00000,4675.69531
