"Omega","Tolerance","Step Size Rule","Iterations","Converged?","Gap LR","Gap Naive","Obj. Naive","Obj. LR","Gap","Time Naive","Time LR","Final Lambda","LB Heuristic"
600.00000,0.07000,1.00000,2.00000,0.00000,0.60126,0.65182,5112.44992,12821.46700,0.60126,4273.00000,4313.00000,431.30959,5112.44992
600.00000,0.07000,2.00000,2.00000,0.00000,0.59494,0.65182,5112.44992,12621.46700,0.59494,4273.00000,4317.00000,132.74644,5112.44992
600.00000,0.07000,3.00000,2.00000,0.00000,0.60126,0.65182,5112.44992,12821.46700,0.60126,4273.00000,4343.00000,658.52959,5112.44992
600.00000,0.07000,4.00000,2.00000,0.00000,0.60126,0.65182,5112.44992,12821.46700,0.60126,4273.00000,4331.00000,660.33111,5112.44992
600.00000,0.07000,5.00000,2.00000,0.00000,0.59171,0.65182,5112.44992,12521.46700,0.59171,4273.00000,4302.00000,132.83605,5112.44992
600.00000,0.07000,6.00000,2.00000,0.00000,0.49444,0.65182,5112.44992,10112.43028,0.49444,4273.00000,4258.00000,0.00000,5112.44992
