"Omega","Tolerance","Step Size Rule","Iterations","Converged?","Gap LR","Gap Naive","Obj. Naive","Obj. LR","Gap","Time Naive","Time LR","Final Lambda","LB Heuristic"
600.00000,0.05000,1.00000,2.00000,0.00000,0.58764,1.00000,231.72937,10906.77766,0.58764,4233.00000,4244.00000,444.59866,4497.48697
600.00000,0.05000,2.00000,2.00000,0.00000,0.57994,1.00000,231.72937,10706.77766,0.57994,4233.00000,4246.00000,132.10042,4497.48697
600.00000,0.05000,3.00000,2.00000,0.00000,0.58764,1.00000,231.72937,10906.77766,0.58764,4233.00000,4283.00000,678.89866,4497.48697
600.00000,0.05000,4.00000,2.00000,0.00000,0.58764,1.00000,231.72937,10906.77766,0.58764,4233.00000,4249.00000,680.18546,4497.48697
600.00000,0.05000,5.00000,2.00000,0.00000,0.57598,1.00000,231.72937,10606.77766,0.57598,4233.00000,4241.00000,132.18814,4497.48697
600.00000,0.05000,6.00000,2.00000,0.00000,0.48408,1.00000,231.72937,8717.43567,0.48408,4233.00000,4226.00000,0.00000,4497.48697
