"Omega","Tolerance","Step Size Rule","Iterations","Converged?","Gap LR","Gap Naive","Obj. Naive","Obj. LR","Gap","Time Naive","Time LR","Final Lambda","LB Heuristic"
600.00000,0.05000,1.00000,3.00000,0.00000,0.29668,0.98206,231.72937,5138.40384,0.29668,4205.00000,4491.00000,439.95866,3613.96238
600.00000,0.05000,2.00000,3.00000,0.00000,0.51242,0.98206,231.72937,7412.05603,0.51242,4205.00000,2539.00000,124.69301,3613.96238
600.00000,0.05000,3.00000,3.00000,0.00000,0.51260,0.98206,231.72937,7414.84306,0.51260,4205.00000,4378.00000,510.89866,3613.96238
600.00000,0.05000,4.00000,3.00000,0.00000,0.51456,0.98206,231.72937,7444.73800,0.51456,4205.00000,4395.00000,489.12902,3613.96238
600.00000,0.05000,5.00000,3.00000,0.00000,0.47170,0.98206,231.72937,6840.74071,0.47170,4205.00000,2470.00000,119.83726,3613.96238
600.00000,0.05000,6.00000,3.00000,0.00000,0.51260,0.98206,231.72937,7414.84306,0.51260,4205.00000,4374.00000,0.00000,3613.96238
