"Omega","Tolerance","Step Size Rule","Iterations","Converged?","Gap LR","Gap Naive","Obj. Naive","Obj. LR","Gap","Time Naive","Time LR","Final Lambda","LB Heuristic"
100.00000,0.07000,1.00000,10.00000,0.00000,0.06816,0.00368,283.28921,304.01157,0.06816,4211.00000,662.00000,20.22105,283.28921
100.00000,0.07000,2.00000,10.00000,0.00000,0.05839,0.00368,283.28921,300.85522,0.05839,4211.00000,1268.00000,4.30108,283.28921
100.00000,0.07000,3.00000,10.00000,0.00000,0.06816,0.00368,283.28921,304.01157,0.06816,4211.00000,615.00000,69.15362,283.28921
100.00000,0.07000,4.00000,10.00000,0.00000,0.06816,0.00368,283.28921,304.01157,0.06816,4211.00000,522.00000,67.67406,283.28921
100.00000,0.07000,5.00000,10.00000,0.00000,0.03292,0.00368,283.28921,292.93146,0.03292,4211.00000,1065.00000,1.08423,283.28921
100.00000,0.07000,6.00000,10.00000,0.00000,0.03259,0.00368,283.28921,292.83240,0.03259,4211.00000,1554.00000,2.59653,283.28921
