"Omega","Tolerance","Step Size Rule","Iterations","Converged?","Gap LR","Gap Naive","Obj. Naive","Obj. LR","Gap","Time Naive","Time LR","Final Lambda","LB Heuristic"
100.00000,0.05000,1.00000,2.00000,0.00000,0.31211,0.45878,6579.86756,10054.89820,0.31211,4205.00000,2989.00000,841.10795,6916.62902
100.00000,0.05000,2.00000,2.00000,0.00000,0.45157,0.45878,6579.86756,12611.61792,0.45157,4205.00000,2608.00000,793.11848,6916.62902
100.00000,0.05000,3.00000,2.00000,0.00000,0.32490,0.45878,6579.86756,10245.28085,0.32490,4205.00000,2941.00000,880.15795,6916.62902
100.00000,0.05000,4.00000,2.00000,0.00000,0.32424,0.45878,6579.86756,10235.28085,0.32424,4205.00000,2977.00000,880.37242,6916.62902
100.00000,0.05000,5.00000,2.00000,0.00000,0.36896,0.45878,6579.86756,10960.74585,0.36896,4205.00000,2960.00000,793.64479,6916.62902
100.00000,0.05000,6.00000,2.00000,0.00000,0.33276,0.45878,6579.86756,10366.03767,0.33276,4205.00000,2970.00000,0.00000,6916.62902
