"Omega","Tolerance","Step Size Rule","Iterations","Converged?","Gap LR","Gap Naive","Obj. Naive","Obj. LR","Gap","Time Naive","Time LR","Final Lambda","LB Heuristic"
600.00000,0.07000,1.00000,2.00000,0.00000,0.59253,1.00000,251.06710,12987.47920,0.59253,4231.00000,4267.00000,431.18704,5292.05120
600.00000,0.07000,2.00000,2.00000,0.00000,0.58615,1.00000,251.06710,12787.47920,0.58615,4231.00000,4245.00000,132.62389,5292.05120
600.00000,0.07000,3.00000,2.00000,0.00000,0.59253,1.00000,251.06710,12987.47920,0.59253,4231.00000,4249.00000,658.40704,5292.05120
600.00000,0.07000,4.00000,2.00000,0.00000,0.59253,1.00000,251.06710,12987.47920,0.59253,4231.00000,4247.00000,660.20856,5292.05120
600.00000,0.07000,5.00000,2.00000,0.00000,0.58289,1.00000,251.06710,12687.47920,0.58289,4231.00000,4243.00000,132.71350,5292.05120
600.00000,0.07000,6.00000,2.00000,0.00000,0.46732,1.00000,251.06710,9934.70615,0.46732,4231.00000,4225.00000,0.00000,5292.05120
