"Omega","Tolerance","Step Size Rule","Iterations","Converged?","Gap LR","Gap Naive","Obj. Naive","Obj. LR","Gap","Time Naive","Time LR","Final Lambda","LB Heuristic"
600.00000,0.07000,1.00000,2.00000,0.00000,0.64618,0.72802,4030.17474,12987.47920,0.64618,4250.00000,4329.00000,431.18704,4595.24374
600.00000,0.07000,2.00000,2.00000,0.00000,0.64065,0.72802,4030.17474,12787.47920,0.64065,4250.00000,4342.00000,132.62389,4595.24374
600.00000,0.07000,3.00000,2.00000,0.00000,0.64618,0.72802,4030.17474,12987.47920,0.64618,4250.00000,4347.00000,658.40704,4595.24374
600.00000,0.07000,4.00000,2.00000,0.00000,0.64618,0.72802,4030.17474,12987.47920,0.64618,4250.00000,4341.00000,660.20856,4595.24374
600.00000,0.07000,5.00000,2.00000,0.00000,0.63781,0.72802,4030.17474,12687.47920,0.63781,4250.00000,4301.00000,132.71350,4595.24374
600.00000,0.07000,6.00000,2.00000,0.00000,0.53173,0.72802,4030.17474,9813.24917,0.53173,4250.00000,4286.00000,0.00000,4595.24374
