Omega,Tolerance,Step Size Rule,Iterations,Converged?,Gap LR,Gap Naive,Obj. Naive,Obj. LR (UB),"Obj. LR (LB),",Gap,Time Naive,Time LR,Final Lambda,LB Heuristic,BBP,Best iter,Lambda best iter,Gamma best iter
100.0,0.05,1.0,2.0,0.0,0.5336,0.43722,6204.32836,11610.89634,9546.93968,0.46565,4201.0,3084.0,848.26183,5415.26913,0.0,2.0,851.16183,5.0
100.0,0.05,2.0,2.0,0.0,0.54124,0.43722,6204.32836,11804.22795,11804.19597,0.4744,4201.0,3086.0,796.06183,5415.26913,0.0,1.0,796.06183,-95.0
100.0,0.05,3.0,2.0,0.0,0.5364,0.43722,6204.32836,11680.87185,9730.25533,0.46885,4201.0,3091.0,887.31183,5415.26913,0.0,2.0,891.06183,5.0
100.0,0.05,4.0,2.0,0.0,0.5364,0.43722,6204.32836,11680.87185,9730.25533,0.46885,4201.0,3090.0,887.5263,5415.26913,0.0,2.0,891.06183,5.0
100.0,0.05,5.0,2.0,0.0,0.54124,0.43722,6204.32836,11804.22795,11804.19597,0.4744,4201.0,3088.0,946.06183,5415.26913,0.0,1.0,796.06183,-95.0
100.0,0.05,6.0,2.0,0.0,0.54124,0.43722,6204.32836,11804.22795,11804.19597,0.4744,4201.0,3083.0,0.0,5415.26913,0.0,1.0,796.06183,-95.0
