,Omega,Tolerance,Step Size Rule,Iterations,Converged?,Gap LR,Gap Naive,Obj. Naive,Obj. LR,Gap,Time Naive,Time LR,Final Lambda,LB Heuristic,IR,AP
0,100.0,0.05,1.0,2.0,0.0,0.61675,0.43722,6204.32836,9546.93968,0.35012,4201.0,3086.0,848.26183,3658.84171,5415.27274,5029.8848
1,100.0,0.05,2.0,2.0,0.0,0.51111,0.43722,6204.32836,10288.28356,0.39695,4201.0,3084.0,796.06183,5029.8774,5415.27274,5029.8848
2,100.0,0.05,3.0,2.0,0.0,0.62397,0.43722,6204.32836,9730.25533,0.36237,4201.0,3086.0,887.31183,3658.84171,5415.27274,5029.8848
3,100.0,0.05,4.0,2.0,0.0,0.62397,0.43722,6204.32836,9730.25533,0.36237,4201.0,3087.0,887.5263,3658.84171,5415.27274,5029.8848
4,100.0,0.05,5.0,2.0,0.0,0.53277,0.43722,6204.32836,10765.25533,0.42367,4201.0,3092.0,946.06183,5029.8774,5415.27274,5029.8848
5,100.0,0.05,6.0,2.0,0.0,0.63937,0.43722,6204.32836,10145.68927,0.38848,4201.0,3086.0,0.0,3658.84171,5415.27274,5029.8848
