Omega,Tolerance,Step Size Rule,Iterations,Converged?,Gap LR,Gap Naive,Obj. Naive,Obj. LR,Gap,Time Naive,Time LR,Final Lambda,LB Heuristic
600.0,0.07,1.0,2.0,0.0,0.03962,0.17417,242.70593,261.54019,0.03962,4241.0,2449.0,323.64,251.17857
600.0,0.07,2.0,2.0,0.0,0.03962,0.17417,242.70593,261.54019,0.03962,4241.0,2454.0,0.35842,251.17857
600.0,0.07,3.0,2.0,0.0,0.03962,0.17417,242.70593,261.54019,0.03962,4241.0,2448.0,418.5,251.17857
600.0,0.07,4.0,2.0,0.0,0.03962,0.17417,242.70593,261.54019,0.03962,4241.0,2476.0,394.56558,251.17857
600.0,0.07,5.0,2.0,0.0,0.03962,0.17417,242.70593,261.54019,0.03962,4241.0,2482.0,0.26882,251.17857
600.0,0.07,6.0,2.0,0.0,0.03962,0.17417,242.70593,261.54019,0.03962,4241.0,2487.0,1.03966,251.17857
,,,,,,,,,,,,,0.0
,,,,,,,,,,,,,0.0
