"Omega","Tolerance","Step Size Rule","Iterations","Converged?","Gap LR","Gap Naive","Obj. Naive","Obj. LR","Gap","Time Naive","Time LR","Final Lambda","LB Heuristic"
100.00000,0.01000,1.00000,1.00000,1.00000,0.00000,0.00000,280.63984,280.63984,0.00000,156.00000,114.00000,4.34873,280.63984
100.00000,0.01000,2.00000,1.00000,1.00000,0.00000,0.00000,280.63984,280.63984,0.00000,156.00000,96.00000,4.34873,280.63984
100.00000,0.01000,3.00000,1.00000,1.00000,0.00000,0.00000,280.63984,280.63984,0.00000,156.00000,82.00000,4.34873,280.63984
100.00000,0.01000,4.00000,1.00000,1.00000,0.00000,0.00000,280.63984,280.63984,0.00000,156.00000,86.00000,4.34873,280.63984
100.00000,0.01000,5.00000,1.00000,1.00000,0.00000,0.00000,280.63984,280.63984,0.00000,156.00000,119.00000,4.34873,280.63984
100.00000,0.01000,6.00000,1.00000,1.00000,0.00000,0.00000,280.63984,280.63984,0.00000,156.00000,137.00000,4.34873,280.63984
