Omega,Tolerance,Step Size Rule,Iterations,Converged?,Gap LR,Gap Naive,Obj. Naive,Obj. LR (UB),"Obj. LR (LB),",Gap,Time Naive,Time LR,Final Lambda,LB Heuristic,BBP,Best iter,Lambda best iter,Gamma best iter
100.0,0.05,1.0,10.0,0.0,0.06016,0.0,279.60035,297.49895,297.49895,0.06016,366.0,36.0,31.78271,279.60035,0.0,1.0,2.78271,-95.0
100.0,0.05,2.0,10.0,0.0,0.06016,0.0,279.60035,297.49895,297.49895,0.06016,366.0,122.0,2.78271,279.60035,0.0,3.0,2.78271,-95.0
100.0,0.05,3.0,10.0,0.0,0.06016,0.0,279.60035,297.49895,297.49895,0.06016,366.0,25.0,78.73455,279.60035,0.0,1.0,2.78271,-95.0
100.0,0.05,4.0,10.0,0.0,0.06016,0.0,279.60035,297.49895,297.49895,0.06016,366.0,28.0,77.67772,279.60035,0.0,1.0,2.78271,-95.0
100.0,0.05,5.0,10.0,0.0,0.03253,0.0,279.60035,289.00031,289.00031,0.03253,366.0,58.0,0.0,279.60035,0.0,10.0,4.16667,4.0
100.0,0.05,6.0,10.0,0.0,0.01988,0.0,279.60035,285.27284,285.27284,0.01988,366.0,159.0,2.61658,279.60035,0.0,6.0,2.97111,3.0
