,Omega,Tolerance,Step Size Rule,Iterations,Converged?,Gap LR,Gap Naive,Obj. Naive,Obj. LR,Gap,Time Naive,Time LR,Final Lambda,LB Heuristic,IR,AP
0,100.0,0.05,1.0,10.0,0.0,0.06016,0.0,279.60035,297.49895,0.06016,388.0,323.0,31.78271,279.60035,-275.3376,-276.11424
1,100.0,0.05,2.0,10.0,0.0,0.03311,0.0,279.60035,289.17574,0.03311,388.0,764.0,4.21053,279.60035,-275.3376,-276.11424
2,100.0,0.05,3.0,10.0,0.0,0.06016,0.0,279.60035,297.49895,0.06016,388.0,276.0,78.73455,279.60035,-275.3376,-276.11424
3,100.0,0.05,4.0,10.0,0.0,0.06016,0.0,279.60035,297.49895,0.06016,388.0,274.0,77.67772,279.60035,-275.3376,-276.11424
4,100.0,0.05,5.0,10.0,0.0,0.02018,0.0,279.60035,285.3595,0.02018,388.0,665.0,1.0614,279.60035,-275.3376,-276.11424
5,100.0,0.05,6.0,10.0,0.0,0.01988,0.0,279.60035,285.27284,0.01988,388.0,1406.0,2.61658,279.60035,-275.3376,-276.11424
