"Omega","Tolerance","Step Size Rule","Iterations","Converged?","Gap LR","Gap Naive","Obj. Naive","Obj. LR","Gap","Time Naive","Time LR","Final Lambda","LB Heuristic"
600.00000,0.05000,1.00000,2.00000,0.00000,0.60247,1.00000,301.24359,10564.99692,0.60247,4232.00000,4245.00000,445.37970,4199.88572
600.00000,0.05000,2.00000,2.00000,0.00000,0.59480,1.00000,301.24359,10364.99692,0.59480,4232.00000,4246.00000,132.88145,4199.88572
600.00000,0.05000,3.00000,2.00000,0.00000,0.60247,1.00000,301.24359,10564.99692,0.60247,4232.00000,4260.00000,679.67970,4199.88572
600.00000,0.05000,4.00000,2.00000,0.00000,0.60247,1.00000,301.24359,10564.99692,0.60247,4232.00000,4267.00000,680.96650,4199.88572
600.00000,0.05000,5.00000,2.00000,0.00000,0.59085,1.00000,301.24359,10264.99692,0.59085,4232.00000,4243.00000,132.96917,4199.88572
600.00000,0.05000,6.00000,2.00000,0.00000,0.49282,1.00000,301.24359,8280.86830,0.49282,4232.00000,4224.00000,0.00000,4199.88572
