"Omega","Tolerance","Step Size Rule","Iterations","Converged?","Gap LR","Gap Naive","Obj. Naive","Obj. LR","Gap","Time Naive","Time LR","Final Lambda","LB Heuristic"
600.00000,0.05000,1.00000,3.00000,0.00000,0.25397,0.57043,5203.03716,7952.03677,0.25397,4201.00000,4214.00000,427.97970,5932.48462
600.00000,0.05000,2.00000,10.00000,0.00000,0.26367,0.57043,5203.03716,8056.86134,0.26367,4201.00000,2256.00000,128.67093,5932.48462
600.00000,0.05000,3.00000,3.00000,0.00000,0.26346,0.57043,5203.03716,8054.55955,0.26346,4201.00000,4212.00000,511.67970,5932.48462
600.00000,0.05000,4.00000,3.00000,0.00000,0.26450,0.57043,5203.03716,8065.96488,0.26450,4201.00000,4211.00000,487.91006,5932.48462
600.00000,0.05000,5.00000,10.00000,0.00000,0.27760,0.57043,5203.03716,8212.21613,0.27760,4201.00000,2234.00000,123.19495,5932.48462
600.00000,0.05000,6.00000,3.00000,0.00000,0.26495,0.57043,5203.03716,8070.90699,0.26495,4201.00000,4210.00000,48.99689,5932.48462
