,Omega,Tolerance,Step Size Rule,Iterations,Converged?,Gap LR,Gap Naive,Obj. Naive,Obj. LR,Gap,Time Naive,Time LR,Final Lambda,LB Heuristic,IR,AP
0,1500.0,0.05,1.0,2.0,0.0,0.46763,0.74047,3420.90414,10583.93322,0.46763,4203.0,4213.0,835.91716,5634.56643,5633.90338,5139.47498
1,1500.0,0.05,2.0,2.0,0.0,0.45738,0.74047,3420.90414,10383.93322,0.45738,4203.0,4211.0,53.19787,5634.56643,5633.90338,5139.47498
2,1500.0,0.05,3.0,2.0,0.0,0.46763,0.74047,3420.90414,10583.93322,0.46763,4203.0,4212.0,1421.66716,5634.56643,5633.90338,5139.47498
3,1500.0,0.05,4.0,2.0,0.0,0.46763,0.74047,3420.90414,10583.93322,0.46763,4203.0,4213.0,1424.88415,5634.56643,5633.90338,5139.47498
4,1500.0,0.05,5.0,2.0,0.0,0.4521,0.74047,3420.90414,10283.93322,0.4521,4203.0,4212.0,53.23295,5634.56643,5633.90338,5139.47498
5,1500.0,0.05,6.0,2.0,0.0,0.28445,0.74047,3420.90414,7874.41235,0.28445,4203.0,4212.0,0.13442,5634.56643,5633.90338,5139.47498
