Omega,Tolerance,Step Size Rule,Iterations,Converged?,Gap LR,Gap Naive,Obj. Naive,Obj. LR (UB),"Obj. LR (LB),",Gap,Time Naive,Time LR,Final Lambda,LB Heuristic,BBP,Best iter,Lambda best iter,Gamma best iter
1500.0,0.05,1.0,2.0,0.0,0.57317,0.74047,3420.90414,13200.84991,10583.93322,0.57317,4203.0,4213.0,835.91716,5634.56643,0.0,1.0,52.91716,-1425.0
1500.0,0.05,2.0,2.0,0.0,0.57317,0.74047,3420.90414,13200.84991,10583.93322,0.57317,4203.0,4210.0,52.91716,5634.56643,0.0,1.0,52.91716,-1425.0
1500.0,0.05,3.0,2.0,0.0,0.57317,0.74047,3420.90414,13200.84991,10583.93322,0.57317,4203.0,4212.0,1421.66716,5634.56643,0.0,1.0,52.91716,-1425.0
1500.0,0.05,4.0,2.0,0.0,0.57286,0.74047,3420.90414,13191.22902,10583.93322,0.57286,4203.0,4210.0,1424.88415,5634.56643,0.0,1.0,52.91716,-1425.0
1500.0,0.05,5.0,2.0,0.0,0.57317,0.74047,3420.90414,13200.84991,10583.93322,0.57317,4203.0,4212.0,202.91716,5634.56643,0.0,1.0,52.91716,-1425.0
1500.0,0.05,6.0,2.0,0.0,0.57317,0.74047,3420.90414,13200.84991,10583.93322,0.57317,4203.0,4212.0,0.0,5634.56643,0.0,1.0,52.91716,-1425.0
