Omega,Tolerance,Step Size Rule,Iterations,Converged?,Gap LR,Gap Naive,Obj. Naive,Obj. LR (UB),"Obj. LR (LB),",Gap,Time Naive,Time LR,Final Lambda,LB Heuristic,BBP,Best iter,Lambda best iter,Gamma best iter
1500.0,0.05,1.0,2.0,0.0,0.58003,0.79062,2780.76188,13240.30316,10485.63679,0.58003,4204.0,4208.0,835.97937,5560.5442,0.0,1.0,52.97937,-1425.0
1500.0,0.05,2.0,2.0,0.0,0.58003,0.79062,2780.76188,13240.30316,10485.63679,0.58003,4204.0,4221.0,52.97937,5560.5442,0.0,1.0,52.97937,-1425.0
1500.0,0.05,3.0,2.0,0.0,0.58003,0.79062,2780.76188,13240.30316,10485.63679,0.58003,4204.0,4210.0,1421.72937,5560.5442,0.0,1.0,52.97937,-1425.0
1500.0,0.05,4.0,2.0,0.0,0.58003,0.79062,2780.76188,13240.30316,10485.63679,0.58003,4204.0,4206.0,1424.94636,5560.5442,0.0,1.0,52.97937,-1425.0
1500.0,0.05,5.0,2.0,0.0,0.5797,0.79062,2780.76188,13229.96274,10485.63679,0.5797,4204.0,4206.0,202.97937,5560.5442,0.0,1.0,52.97937,-1425.0
1500.0,0.05,6.0,2.0,0.0,0.58003,0.79062,2780.76188,13240.30316,10485.63679,0.58003,4204.0,4208.0,0.0,5560.5442,0.0,1.0,52.97937,-1425.0
