,Omega,Tolerance,Step Size Rule,Iterations,Converged?,Gap LR,Gap Naive,Obj. Naive,Obj. LR,Gap,Time Naive,Time LR,Final Lambda,LB Heuristic,IR,AP
0,1500.0,0.05,1.0,2.0,0.0,0.4697,0.79062,2780.76188,10485.63679,0.4697,4204.0,4208.0,835.97937,5560.5442,5561.11493,5288.58442
1,1500.0,0.05,2.0,2.0,0.0,0.4697,0.79062,2780.76188,10485.63679,0.4697,4204.0,4213.0,52.97937,5560.5442,5561.11493,5288.58442
2,1500.0,0.05,3.0,2.0,0.0,0.4697,0.79062,2780.76188,10485.63679,0.4697,4204.0,4206.0,1421.72937,5560.5442,5561.11493,5288.58442
3,1500.0,0.05,4.0,2.0,0.0,0.4697,0.79062,2780.76188,10485.63679,0.4697,4204.0,4206.0,1424.94636,5560.5442,5561.11493,5288.58442
4,1500.0,0.05,5.0,2.0,0.0,0.4697,0.79062,2780.76188,10485.63679,0.4697,4204.0,4209.0,202.97937,5560.5442,5561.11493,5288.58442
5,1500.0,0.05,6.0,2.0,0.0,0.29011,0.79062,2780.76188,7832.95004,0.29011,4204.0,4208.0,0.0,5560.5442,5561.11493,5288.58442
