"Omega","Tolerance","Step Size Rule","Iterations","Converged?","Gap LR","Gap Naive","Obj. Naive","Obj. LR","Gap","Time Naive","Time LR","Final Lambda","LB Heuristic"
100.00000,0.07000,1.00000,2.00000,0.00000,0.35920,0.48430,7133.55209,11565.08974,0.35920,4216.00000,2420.00000,840.91371,7410.95839
100.00000,0.07000,2.00000,4.00000,0.00000,0.47780,0.48430,7133.55209,14191.82612,0.47780,4216.00000,3715.00000,799.63586,7410.95839
100.00000,0.07000,3.00000,3.00000,0.00000,0.37310,0.48430,7133.55209,11821.59667,0.37310,4216.00000,4509.00000,874.58371,7410.95839
100.00000,0.07000,4.00000,3.00000,0.00000,0.37346,0.48430,7133.55209,11828.33847,0.37346,4216.00000,4513.00000,875.04251,7410.95839
100.00000,0.07000,5.00000,4.00000,0.00000,0.47963,0.48430,7133.55209,14241.82612,0.47963,4216.00000,3713.00000,797.75414,7410.95839
100.00000,0.07000,6.00000,3.00000,0.00000,0.39926,0.48430,7133.55209,12336.33636,0.39926,4216.00000,2422.00000,1740.79576,7410.95839
