"Omega","Tolerance","Step Size Rule","Iterations","Converged?","Gap LR","Gap Naive","Obj. Naive","Obj. LR","Gap","Time Naive","Time LR","Final Lambda","LB Heuristic"
100.00000,0.05000,1.00000,2.00000,0.00000,0.31267,0.44913,6673.71366,9660.16574,0.30915,4208.00000,3529.00000,844.48583,6639.76713
100.00000,0.05000,2.00000,2.00000,0.00000,0.38613,0.44913,6673.71366,10816.20671,0.38299,4208.00000,3616.00000,796.49636,6639.76713
100.00000,0.05000,3.00000,2.00000,0.00000,0.32800,0.44913,6673.71366,9880.60637,0.32456,4208.00000,3593.00000,883.53583,6639.76713
100.00000,0.05000,4.00000,2.00000,0.00000,0.32800,0.44913,6673.71366,9880.60637,0.32456,4208.00000,3604.00000,883.75030,6639.76713
100.00000,0.05000,5.00000,2.00000,0.00000,0.38040,0.44913,6673.71366,10716.20671,0.37723,4208.00000,3676.00000,797.02268,6639.76713
100.00000,0.05000,6.00000,2.00000,0.00000,0.33834,0.44913,6673.71366,10034.95219,0.33495,4208.00000,3376.00000,0.00000,6639.76713
