"Omega","Tolerance","Step Size Rule","Iterations","Converged?","Gap LR","Gap Naive","Obj. Naive","Obj. LR","Gap","Time Naive","Time LR","Final Lambda","LB Heuristic"
600.00000,0.07000,1.00000,2.00000,0.00000,0.63080,0.67758,4779.82732,12946.61352,0.63080,4346.00000,4302.00000,431.09091,4779.82732
600.00000,0.07000,2.00000,2.00000,0.00000,0.62501,0.67758,4779.82732,12746.61352,0.62501,4346.00000,4329.00000,132.52776,4779.82732
600.00000,0.07000,3.00000,2.00000,0.00000,0.63080,0.67758,4779.82732,12946.61352,0.63080,4346.00000,4351.00000,658.31091,4779.82732
600.00000,0.07000,4.00000,2.00000,0.00000,0.63080,0.67758,4779.82732,12946.61352,0.63080,4346.00000,4371.00000,660.11243,4779.82732
600.00000,0.07000,5.00000,2.00000,0.00000,0.62205,0.67758,4779.82732,12646.61352,0.62205,4346.00000,4309.00000,132.61736,4779.82732
600.00000,0.07000,6.00000,2.00000,0.00000,0.50339,0.67758,4779.82732,9624.96856,0.50339,4346.00000,4348.00000,0.00000,4779.82732
