"Omega","Tolerance","Step Size Rule","Iterations","Converged?","Gap LR","Gap Naive","Obj. Naive","Obj. LR","Gap","Time Naive","Time LR","Final Lambda","LB Heuristic"
600.00000,0.07000,1.00000,2.00000,0.00000,0.66902,0.75706,3601.55953,12946.61352,0.66902,4249.00000,4326.00000,431.09091,4285.04928
600.00000,0.07000,2.00000,2.00000,0.00000,0.66383,0.75706,3601.55953,12746.61352,0.66383,4249.00000,4325.00000,132.52776,4285.04928
600.00000,0.07000,3.00000,2.00000,0.00000,0.66902,0.75706,3601.55953,12946.61352,0.66902,4249.00000,4353.00000,658.31091,4285.04928
600.00000,0.07000,4.00000,2.00000,0.00000,0.66902,0.75706,3601.55953,12946.61352,0.66902,4249.00000,4346.00000,660.11243,4285.04928
600.00000,0.07000,5.00000,2.00000,0.00000,0.66117,0.75706,3601.55953,12646.61352,0.66117,4249.00000,4311.00000,132.61736,4285.04928
600.00000,0.07000,6.00000,2.00000,0.00000,0.55151,0.75706,3601.55953,9554.31219,0.55151,4249.00000,4243.00000,0.00000,4285.04928
