Omega,Tolerance,Step Size Rule,Iterations,Converged?,Gap LR,Gap Naive,Obj. Naive,Obj. LR,Gap,Time Naive,Time LR,Final Lambda,LB Heuristic
100.0,0.07,1.0,10.0,0.0,0.06885,0.00513,284.15595,304.38726,0.06647,476.0,343.0,20.23524,283.43129
100.0,0.07,2.0,10.0,0.0,0.04454,0.00513,284.15595,296.64313,0.04209,476.0,855.0,4.30108,283.43129
100.0,0.07,3.0,10.0,0.0,0.06885,0.00513,284.15595,304.38726,0.06647,476.0,300.0,69.16781,283.43129
100.0,0.07,4.0,10.0,0.0,0.06885,0.00513,284.15595,304.38726,0.06647,476.0,336.0,67.68825,283.43129
100.0,0.07,5.0,10.0,0.0,0.02566,0.00513,284.15595,290.89715,0.02317,476.0,682.0,1.08423,283.43129
100.0,0.07,6.0,10.0,0.0,0.02563,0.00513,284.15595,290.88531,0.02313,476.0,1535.0,2.59469,283.43129
,,,,,,,,,,,,,0.0
,,,,,,,,,,,,,0.0
