"Omega","Tolerance","Step Size Rule","Iterations","Converged?","Gap LR","Gap Naive","Obj. Naive","Obj. LR","Gap","Time Naive","Time LR","Final Lambda","LB Heuristic"
100.00000,0.07000,1.00000,10.00000,0.00000,0.06885,0.00269,284.15595,304.38726,0.06647,4211.00000,688.00000,20.23524,283.43129
100.00000,0.07000,2.00000,10.00000,0.00000,0.04454,0.00269,284.15595,296.64313,0.04209,4211.00000,1486.00000,4.30108,283.43129
100.00000,0.07000,3.00000,10.00000,0.00000,0.06885,0.00269,284.15595,304.38726,0.06647,4211.00000,568.00000,69.16781,283.43129
100.00000,0.07000,4.00000,10.00000,0.00000,0.06885,0.00269,284.15595,304.38726,0.06647,4211.00000,509.00000,67.68825,283.43129
100.00000,0.07000,5.00000,10.00000,0.00000,0.02566,0.00269,284.15595,290.89715,0.02317,4211.00000,1163.00000,1.08423,283.43129
100.00000,0.07000,6.00000,10.00000,0.00000,0.02563,0.00269,284.15595,290.88531,0.02313,4211.00000,1725.00000,2.59469,283.43129
