,Omega,Tolerance,Step Size Rule,Iterations,Converged?,Gap LR,Gap Naive,Obj. Naive,Obj. LR,Gap,Time Naive,Time LR,Final Lambda,LB Heuristic,IR,AP
0,100.0,0.07,1.0,10.0,0.0,0.06679,0.00939,283.90147,305.29795,0.06679,541.0,360.0,20.22063,284.90623,-278.63286,-280.91229
1,100.0,0.07,2.0,10.0,0.0,0.04814,0.00939,283.90147,299.31622,0.04814,541.0,840.0,4.30108,284.90623,-278.63286,-280.91229
2,100.0,0.07,3.0,10.0,0.0,0.06679,0.00939,283.90147,305.29795,0.06679,541.0,293.0,69.1532,284.90623,-278.63286,-280.91229
3,100.0,0.07,4.0,10.0,0.0,0.06679,0.00939,283.90147,305.29795,0.06679,541.0,313.0,67.67364,284.90623,-278.63286,-280.91229
4,100.0,0.07,5.0,10.0,0.0,0.03126,0.00939,283.90147,294.099,0.03126,541.0,734.0,1.08423,284.90623,-278.63286,-280.91229
5,100.0,0.07,6.0,10.0,0.0,0.03093,0.00939,283.90147,294.00051,0.03093,541.0,1459.0,2.6136,284.90623,-278.63286,-280.91229
