"Omega","Tolerance","Step Size Rule","Iterations","Converged?","Gap LR","Gap Naive","Obj. Naive","Obj. LR","Gap","Time Naive","Time LR","Final Lambda","LB Heuristic"
600.00000,0.03000,1.00000,2.00000,0.00000,0.00899,0.12929,242.21200,244.40910,0.00899,4255.00000,2726.00000,337.56000,242.21200
600.00000,0.03000,2.00000,2.00000,0.00000,0.00899,0.12929,242.21200,244.40910,0.00899,4255.00000,2595.00000,0.34364,242.21200
600.00000,0.03000,3.00000,2.00000,0.00000,0.00899,0.12929,242.21200,244.40910,0.00899,4255.00000,2610.00000,436.50000,242.21200
600.00000,0.03000,4.00000,2.00000,0.00000,0.00899,0.12929,242.21200,244.40910,0.00899,4255.00000,2629.00000,411.53615,242.21200
600.00000,0.03000,5.00000,2.00000,0.00000,0.00899,0.12929,242.21200,244.40910,0.00899,4255.00000,2608.00000,0.25773,242.21200
600.00000,0.03000,6.00000,3.00000,0.00000,0.03542,0.12929,242.21200,251.10601,0.03542,4255.00000,4477.00000,0.00000,242.21200
