"Omega","Tolerance","Step Size Rule","Iterations","Converged?","Gap LR","Gap Naive","Obj. Naive","Obj. LR","Gap","Time Naive","Time LR","Final Lambda","LB Heuristic"
100.00000,0.05000,1.00000,2.00000,0.00000,0.33878,0.49051,6262.87303,9688.20453,0.33878,4209.00000,3067.00000,842.33866,6406.05622
100.00000,0.05000,2.00000,2.00000,0.00000,0.49239,0.49051,6262.87303,12619.93192,0.49239,4209.00000,2794.00000,794.34919,6406.05622
100.00000,0.05000,3.00000,2.00000,0.00000,0.34770,0.49051,6262.87303,9820.73500,0.34770,4209.00000,3094.00000,881.38866,6406.05622
100.00000,0.05000,4.00000,2.00000,0.00000,0.34770,0.49051,6262.87303,9820.73500,0.34770,4209.00000,3040.00000,881.60313,6406.05622
100.00000,0.05000,5.00000,2.00000,0.00000,0.47448,0.49051,6262.87303,12189.93192,0.47448,4209.00000,3113.00000,794.87550,6406.05622
100.00000,0.05000,6.00000,2.00000,0.00000,0.36982,0.49051,6262.87303,10165.44296,0.36982,4209.00000,3091.00000,0.00000,6406.05622
