"Omega","Tolerance","Step Size Rule","Iterations","Converged?","Gap LR","Gap Naive","Obj. Naive","Obj. LR","Gap","Time Naive","Time LR","Final Lambda","LB Heuristic"
100.00000,0.05000,1.00000,2.00000,0.00000,0.32293,0.43132,6566.46282,9745.86316,0.32293,4203.00000,2426.00000,842.33866,6598.60954
100.00000,0.05000,2.00000,4.00000,0.00000,0.46001,0.43132,6566.46282,12219.93192,0.46001,4203.00000,3223.00000,798.55972,6598.60954
100.00000,0.05000,3.00000,2.00000,0.00000,0.33353,0.43132,6566.46282,9900.87099,0.33353,4203.00000,2475.00000,881.38866,6598.60954
100.00000,0.05000,4.00000,2.00000,0.00000,0.33431,0.43132,6566.46282,9912.37715,0.33431,4203.00000,2439.00000,881.60313,6598.60954
100.00000,0.05000,5.00000,4.00000,0.00000,0.46221,0.43132,6566.46282,12269.93192,0.46221,4203.00000,3286.00000,796.71761,6598.60954
100.00000,0.05000,6.00000,2.00000,0.00000,0.34931,0.43132,6566.46282,10141.01645,0.34931,4203.00000,2436.00000,0.00000,6598.60954
