"Omega","Tolerance","Step Size Rule","Iterations","Converged?","Gap LR","Gap Naive","Obj. Naive","Obj. LR","Gap","Time Naive","Time LR","Final Lambda","LB Heuristic"
600.00000,0.01000,1.00000,2.00000,0.00000,319.13697,0.66080,3345.29097,-13.67140,319.13697,4275.00000,4283.00000,486.07099,4349.37631
600.00000,0.01000,2.00000,2.00000,0.00000,-0.59045,0.66080,3345.29097,2734.67567,-0.59045,4275.00000,3147.00000,112.03436,4349.37631
600.00000,0.01000,3.00000,2.00000,0.00000,-1.93241,0.66080,3345.29097,1483.20860,-1.93241,4275.00000,4266.00000,584.53099,4349.37631
600.00000,0.01000,4.00000,2.00000,0.00000,-1.93241,0.66080,3345.29097,1483.20860,-1.93241,4275.00000,4251.00000,559.05242,4349.37631
600.00000,0.01000,5.00000,2.00000,0.00000,-0.59045,0.66080,3345.29097,2734.67567,-0.59045,4275.00000,2512.00000,95.28351,4349.37631
600.00000,0.01000,6.00000,2.00000,0.00000,-0.48066,0.66080,3345.29097,2937.46461,-0.48066,4275.00000,4237.00000,0.00000,4349.37631
