"Omega","Tolerance","Step Size Rule","Iterations","Converged?","Gap LR","Gap Naive","Obj. Naive","Obj. LR","Gap","Time Naive","Time LR","Final Lambda","LB Heuristic"
600.00000,0.01000,1.00000,2.00000,0.00000,0.07302,0.92121,754.22322,4127.84487,0.07302,4206.00000,4213.00000,143.29099,3826.41347
600.00000,0.01000,2.00000,3.00000,0.00000,0.20558,0.92121,754.22322,4816.63531,0.20558,4206.00000,2476.00000,95.70439,3826.41347
600.00000,0.01000,3.00000,2.00000,0.00000,0.12308,0.92121,754.22322,4363.45323,0.12308,4206.00000,4220.00000,137.03099,3826.41347
600.00000,0.01000,4.00000,2.00000,0.00000,0.19864,0.92121,754.22322,4774.90943,0.19864,4206.00000,4219.00000,136.49546,3826.41347
600.00000,0.01000,5.00000,3.00000,0.00000,0.23667,0.92121,754.22322,5012.78466,0.23667,4206.00000,2456.00000,95.45186,3826.41347
600.00000,0.01000,6.00000,3.00000,0.00000,0.15276,0.92121,754.22322,4516.31970,0.15276,4206.00000,4363.00000,0.00000,3826.41347
