"Omega","Tolerance","Step Size Rule","Iterations","Converged?","Gap LR","Gap Naive","Obj. Naive","Obj. LR","Gap","Time Naive","Time LR","Final Lambda","LB Heuristic"
900.00000,0.07000,1.00000,1.00000,1.00000,0.00000,0.14243,252.16697,252.16697,0.00000,4305.00000,2186.00000,0.30406,252.16697
900.00000,0.07000,2.00000,1.00000,1.00000,0.00000,0.14243,252.16697,252.16697,0.00000,4305.00000,2170.00000,0.30406,252.16697
900.00000,0.07000,3.00000,1.00000,1.00000,0.00000,0.14243,252.16697,252.16697,0.00000,4305.00000,2165.00000,0.30406,252.16697
900.00000,0.07000,4.00000,1.00000,1.00000,0.00000,0.14243,252.16697,252.16697,0.00000,4305.00000,2167.00000,0.30406,252.16697
900.00000,0.07000,5.00000,1.00000,1.00000,0.00000,0.14243,252.16697,252.16697,0.00000,4305.00000,2166.00000,0.30406,252.16697
900.00000,0.07000,6.00000,1.00000,1.00000,0.00000,0.14243,252.16697,252.16697,0.00000,4305.00000,2138.00000,0.30406,252.16697
