Omega,Tolerance,Step Size Rule,Iterations,Converged?,Gap LR,Gap Naive,Obj. Naive,Obj. LR (UB),"Obj. LR (LB),",Gap,Time Naive,Time LR,Final Lambda,LB Heuristic,BBP,Best iter,Lambda best iter,Gamma best iter
900.0,0.05,1.0,10.0,0.0,0.13246,0.14631,244.06667,284.79579,258.57724,0.13246,4208.0,5204.0,287.1,247.07077,0.0,1.0,0.29785,43.0
900.0,0.05,2.0,10.0,0.0,0.13246,0.14631,244.06667,284.79579,258.57724,0.13246,4208.0,5509.0,200.0,247.07077,0.0,1.0,0.29785,43.0
900.0,0.05,3.0,10.0,0.0,0.13246,0.14631,244.06667,284.79579,258.57724,0.13246,4208.0,5190.0,503.56656,247.07077,0.0,1.0,0.29785,43.0
900.0,0.05,4.0,10.0,0.0,0.13246,0.14631,244.06667,284.79579,258.57724,0.13246,4208.0,5195.0,455.4512,247.07077,0.0,1.0,0.29785,43.0
900.0,0.05,5.0,10.0,0.0,0.13246,0.14631,244.06667,284.79579,258.57724,0.13246,4208.0,5500.0,0.0,247.07077,0.0,1.0,0.29785,43.0
900.0,0.05,6.0,7.0,0.0,0.13027,0.14631,244.06667,284.07876,263.98568,0.13027,4208.0,50318.0,0.0,247.07077,0.0,5.0,0.33158,33.0
