Omega,Tolerance,Step Size Rule,Iterations,Converged?,Gap LR,Gap Naive,Obj. Naive,Obj. LR (UB),"Obj. LR (LB),",Gap,Time Naive,Time LR,Final Lambda,LB Heuristic,BBP,Best iter,Lambda best iter,Gamma best iter
900.0,0.05,1.0,10.0,0.0,0.13453,0.14631,244.06667,285.47552,258.57724,0.13453,4208.0,2300.0,287.1,247.07077,0.0,1.0,0.29785,43.0
900.0,0.05,2.0,6.0,0.0,0.13453,0.14631,244.06667,285.47552,258.57724,0.13453,4208.0,2411.0,200.0,247.07077,0.0,1.0,0.29785,43.0
900.0,0.05,3.0,10.0,0.0,0.13453,0.14631,244.06667,285.47552,258.57724,0.13453,4208.0,2292.0,503.56656,247.07077,0.0,1.0,0.29785,43.0
900.0,0.05,4.0,10.0,0.0,0.13453,0.14631,244.06667,285.47552,258.57724,0.13453,4208.0,2297.0,455.4512,247.07077,0.0,1.0,0.29785,43.0
900.0,0.05,5.0,8.0,0.0,0.13453,0.14631,244.06667,285.47552,258.57724,0.13453,4208.0,2440.0,37.5,247.07077,0.0,1.0,0.29785,43.0
900.0,0.05,6.0,3.0,0.0,0.13453,0.14631,244.06667,285.47552,258.57724,0.13453,4208.0,4308.0,0.0,247.07077,0.0,1.0,0.29785,43.0
