,Omega,Tolerance,Step Size Rule,Iterations,Converged?,Gap LR,Gap Naive,Obj. Naive,Obj. LR,Gap,Time Naive,Time LR,Final Lambda,LB Heuristic,IR,AP
0,900.0,0.05,1.0,2.0,0.0,0.03888,1.0,243.661,257.06432,0.03888,4251.0,2271.0,495.9,247.07077,0.0,0.0
1,900.0,0.05,2.0,2.0,0.0,0.03888,1.0,243.661,257.06432,0.03888,4251.0,2275.0,0.23392,247.07077,0.0,0.0
2,900.0,0.05,3.0,2.0,0.0,0.03888,1.0,243.661,257.06432,0.03888,4251.0,2268.0,641.25,247.07077,0.0,0.0
3,900.0,0.05,4.0,2.0,0.0,0.03888,1.0,243.661,257.06432,0.03888,4251.0,2266.0,604.5763,247.07077,0.0,0.0
4,900.0,0.05,5.0,2.0,0.0,0.03888,1.0,243.661,257.06432,0.03888,4251.0,2275.0,0.17544,247.07077,0.0,0.0
5,900.0,0.05,6.0,2.0,0.0,0.03888,1.0,243.661,257.06432,0.03888,4251.0,2284.0,0.66316,247.07077,0.0,0.0
