"Omega","Tolerance","Step Size Rule","Iterations","Converged?","Gap LR","Gap Naive","Obj. Naive","Obj. LR","Gap","Time Naive","Time LR","Final Lambda","LB Heuristic"
600.00000,0.01000,1.00000,2.00000,0.00000,4.82074,0.62552,3649.86193,-1054.16839,4.82074,4233.00000,4253.00000,484.27905,4027.70618
600.00000,0.01000,2.00000,2.00000,0.00000,4.21146,0.62552,3649.86193,-1254.16839,4.21146,4233.00000,4248.00000,143.91245,4027.70618
600.00000,0.01000,3.00000,2.00000,0.00000,4.82074,0.62552,3649.86193,-1054.16839,4.82074,4233.00000,4248.00000,732.73905,4027.70618
600.00000,0.01000,4.00000,2.00000,0.00000,4.82074,0.62552,3649.86193,-1054.16839,4.82074,4233.00000,4303.00000,732.99641,4027.70618
600.00000,0.01000,5.00000,2.00000,0.00000,4.82074,0.62552,3649.86193,-1054.16839,4.82074,4233.00000,4245.00000,118.74410,4027.70618
600.00000,0.01000,6.00000,2.00000,0.00000,-0.47812,0.62552,3649.86193,2724.88798,-0.47812,4233.00000,4225.00000,0.00000,4027.70618
