"Omega","Tolerance","Step Size Rule","Iterations","Converged?","Gap LR","Gap Naive","Obj. Naive","Obj. LR","Gap","Time Naive","Time LR","Final Lambda","LB Heuristic"
600.00000,0.01000,1.00000,2.00000,0.00000,0.13692,0.56861,4092.00247,4559.02827,0.10244,4205.00000,4212.00000,139.17905,3934.80843
600.00000,0.01000,2.00000,3.00000,0.00000,0.21139,0.56861,4092.00247,4989.55895,0.17989,4205.00000,2507.00000,93.91245,3934.80843
600.00000,0.01000,3.00000,2.00000,0.00000,0.17590,0.56861,4092.00247,4774.67534,0.14298,4205.00000,4223.00000,133.73905,3934.80843
600.00000,0.01000,4.00000,2.00000,0.00000,0.18598,0.56861,4092.00247,4833.77024,0.15346,4205.00000,4223.00000,133.70351,3934.80843
600.00000,0.01000,5.00000,3.00000,0.00000,0.17918,0.56861,4092.00247,4793.76621,0.14639,4205.00000,2477.00000,68.65992,3934.80843
600.00000,0.01000,6.00000,3.00000,0.00000,0.17590,0.56861,4092.00247,4774.67534,0.14298,4205.00000,4376.00000,1.01674,3934.80843
