,Omega,Tolerance,Step Size Rule,Iterations,Converged?,Gap LR,Gap Naive,Obj. Naive,Obj. LR,Gap,Time Naive,Time LR,Final Lambda,LB Heuristic,IR,AP
0,600.0,0.01,1.0,10.0,0.0,0.01604,0.06849,246.57188,252.54939,0.01604,4243.0,1820.0,316.68,248.49909,-238.3917,0.0
1,600.0,0.01,2.0,4.0,0.0,0.01436,0.06849,246.57188,252.11832,0.01436,4243.0,4063.0,40.6734,248.49909,-238.3917,0.0
2,600.0,0.01,3.0,10.0,0.0,0.01604,0.06849,246.57188,252.54939,0.01604,4243.0,1805.0,427.14221,248.49909,-238.3917,0.0
3,600.0,0.01,4.0,10.0,0.0,0.01604,0.06849,246.57188,252.54939,0.01604,4243.0,1798.0,400.13808,248.49909,-238.3917,0.0
4,600.0,0.01,5.0,4.0,0.0,0.01604,0.06849,246.57188,252.54939,0.01604,4243.0,3984.0,4.36824,248.49909,-238.3917,0.0
5,600.0,0.01,6.0,3.0,0.0,0.00876,0.06849,246.57188,250.69617,0.00876,4243.0,3826.0,0.0,248.49909,-238.3917,0.0
