Omega,Tolerance,Step Size Rule,Iterations,Converged?,Gap LR,Gap Naive,Obj. Naive,Obj. LR,Gap,Time Naive,Time LR,Final Lambda,LB Heuristic
600.0,0.01,1.0,1.0,1.0,0.0,0.06849,246.57188,248.49909,0.0,4243.0,2127.0,1.21176,248.49909
600.0,0.01,2.0,1.0,1.0,0.0,0.06849,246.57188,248.49909,0.0,4243.0,2141.0,1.21176,248.49909
600.0,0.01,3.0,1.0,1.0,0.0,0.06849,246.57188,248.49909,0.0,4243.0,2129.0,1.21176,248.49909
600.0,0.01,4.0,1.0,1.0,0.0,0.06849,246.57188,248.49909,0.0,4243.0,2130.0,1.21176,248.49909
600.0,0.01,5.0,1.0,1.0,0.0,0.06849,246.57188,248.49909,0.0,4243.0,2130.0,1.21176,248.49909
600.0,0.01,6.0,1.0,1.0,0.0,0.06849,246.57188,248.49909,0.0,4243.0,2144.0,1.21176,248.49909
