Omega,Tolerance,Step Size Rule,Iterations,Converged?,Gap LR,Gap Naive,Obj. Naive,Obj. LR (UB),"Obj. LR (LB),",Gap,Time Naive,Time LR,Final Lambda,LB Heuristic,BBP,Best iter,Lambda best iter,Gamma best iter
600.0,0.01,1.0,10.0,0.0,0.01604,0.06849,246.57188,252.54939,252.54939,0.01604,4243.0,1699.0,316.68,248.49909,0.0,1.0,1.21176,5.0
600.0,0.01,2.0,10.0,0.0,0.01604,0.06849,246.57188,252.54939,252.54939,0.01604,4243.0,1787.0,200.0,248.49909,0.0,1.0,1.21176,5.0
600.0,0.01,3.0,10.0,0.0,0.01604,0.06849,246.57188,252.54939,252.54939,0.01604,4243.0,1647.0,427.14221,248.49909,0.0,1.0,1.21176,5.0
600.0,0.01,4.0,10.0,0.0,0.01604,0.06849,246.57188,252.54939,252.54939,0.01604,4243.0,1648.0,400.13808,248.49909,0.0,1.0,1.21176,5.0
600.0,0.01,5.0,10.0,0.0,0.01604,0.06849,246.57188,252.54939,252.54939,0.01604,4243.0,1907.0,0.0,248.49909,0.0,1.0,1.21176,5.0
600.0,0.01,6.0,3.0,1.0,0.01604,0.06849,246.57188,252.54939,252.54939,0.01604,4243.0,3830.0,0.84111,248.49909,0.0,1.0,1.21176,5.0
