Omega,Tolerance,Step Size Rule,Iterations,Converged?,Gap LR,Gap Naive,Obj. Naive,Obj. LR (UB),"Obj. LR (LB),",Gap,Time Naive,Time LR,Final Lambda,LB Heuristic,BBP,Best iter,Lambda best iter,Gamma best iter
1500.0,0.05,1.0,10.0,0.0,0.18134,0.18348,235.21122,287.49461,251.89965,0.18134,4211.0,5586.0,478.5,235.36029,0.0,1.0,0.18178,72.0
1500.0,0.05,2.0,10.0,0.0,0.18134,0.18348,235.21122,287.49461,251.89965,0.18134,4211.0,6939.0,200.0,235.36029,0.0,1.0,0.18178,72.0
1500.0,0.05,3.0,10.0,0.0,0.18134,0.18348,235.21122,287.49461,251.89965,0.18134,4211.0,5578.0,839.2776,235.36029,0.0,1.0,0.18178,72.0
1500.0,0.05,4.0,10.0,0.0,0.18134,0.18348,235.21122,287.49461,251.89965,0.18134,4211.0,5570.0,759.08533,235.36029,0.0,1.0,0.18178,72.0
1500.0,0.05,5.0,10.0,0.0,0.18134,0.18348,235.21122,287.49461,251.89965,0.18134,4211.0,6720.0,0.0,235.36029,0.0,1.0,0.18178,72.0
1500.0,0.05,6.0,7.0,0.0,0.17686,0.18348,235.21122,285.93044,263.89864,0.17686,4211.0,51367.0,0.0,235.36029,0.0,7.0,0.20861,41.0
