Omega,Tolerance,Step Size Rule,Iterations,Converged?,Gap LR,Gap Naive,Obj. Naive,Obj. LR (UB),"Obj. LR (LB),",Gap,Time Naive,Time LR,Final Lambda,LB Heuristic,BBP,Best iter,Lambda best iter,Gamma best iter
1500.0,0.05,1.0,2.0,0.0,0.18295,0.18348,235.21122,288.0617,248.84506,0.18295,4211.0,2520.0,826.5,235.36029,0.0,1.0,0.18178,75.0
1500.0,0.05,2.0,2.0,0.0,0.18295,0.18348,235.21122,288.0617,248.84506,0.18295,4211.0,2522.0,200.0,235.36029,0.0,1.0,0.18178,75.0
1500.0,0.05,3.0,2.0,0.0,0.18295,0.18348,235.21122,288.0617,248.84506,0.18295,4211.0,2519.0,1068.75,235.36029,0.0,1.0,0.18178,75.0
1500.0,0.05,4.0,2.0,0.0,0.18295,0.18348,235.21122,288.0617,248.84506,0.18295,4211.0,2515.0,1007.62716,235.36029,0.0,1.0,0.18178,75.0
1500.0,0.05,5.0,2.0,0.0,0.18295,0.18348,235.21122,288.0617,248.84506,0.18295,4211.0,2511.0,150.0,235.36029,0.0,1.0,0.18178,75.0
1500.0,0.05,6.0,2.0,0.0,0.18295,0.18348,235.21122,288.0617,248.84506,0.18295,4211.0,2535.0,0.41721,235.36029,0.0,1.0,0.18178,75.0
