,Omega,Tolerance,Step Size Rule,Iterations,Converged?,Gap LR,Gap Naive,Obj. Naive,Obj. LR,Gap,Time Naive,Time LR,Final Lambda,LB Heuristic,Heuristic Time,IR,AP
0,1500.0,0.05,1.0,2.0,0.0,0.05419,0.18348,235.21122,248.84506,0.05419,4211.0,2505.0,826.5,235.36029,,-258.60739,0.0
1,1500.0,0.05,2.0,2.0,0.0,0.05419,0.18348,235.21122,248.84506,0.05419,4211.0,2513.0,0.14035,235.36029,,-258.60739,0.0
2,1500.0,0.05,3.0,2.0,0.0,0.05419,0.18348,235.21122,248.84506,0.05419,4211.0,2515.0,1068.75,235.36029,,-258.60739,0.0
3,1500.0,0.05,4.0,2.0,0.0,0.05419,0.18348,235.21122,248.84506,0.05419,4211.0,2519.0,1007.62716,235.36029,,-258.60739,0.0
4,1500.0,0.05,5.0,2.0,0.0,0.05419,0.18348,235.21122,248.84506,0.05419,4211.0,2514.0,0.10526,235.36029,,-258.60739,0.0
5,1500.0,0.05,6.0,2.0,0.0,0.05419,0.18348,235.21122,248.84506,0.05419,4211.0,2518.0,0.41721,235.36029,61.0,-258.60739,0.0
