Omega,Tolerance,Step Size Rule,Iterations,Converged?,Gap LR,Gap Naive,Obj. Naive,Obj. LR (UB),"Obj. LR (LB),",Gap,Time Naive,Time LR,Final Lambda,LB Heuristic,BBP,Best iter,Lambda best iter,Gamma best iter
1500.0,0.05,1.0,10.0,0.0,0.20439,1.0,228.08615,287.00932,241.69085,0.20439,4210.0,5578.0,478.5,228.34869,0.0,1.0,0.1814,75.0
1500.0,0.05,2.0,10.0,0.0,0.20439,1.0,228.08615,287.00932,241.69085,0.20439,4210.0,6920.0,200.0,228.34869,0.0,1.0,0.1814,75.0
1500.0,0.05,3.0,10.0,0.0,0.20439,1.0,228.08615,287.00932,241.69085,0.20439,4210.0,5568.0,839.2776,228.34869,0.0,1.0,0.1814,75.0
1500.0,0.05,4.0,10.0,0.0,0.20439,1.0,228.08615,287.00932,241.69085,0.20439,4210.0,5561.0,759.08533,228.34869,0.0,1.0,0.1814,75.0
1500.0,0.05,5.0,10.0,0.0,0.20439,1.0,228.08615,287.00932,241.69085,0.20439,4210.0,6717.0,0.0,228.34869,0.0,1.0,0.1814,75.0
1500.0,0.05,6.0,7.0,0.0,0.19929,1.0,228.08615,285.18418,262.7797,0.19929,4210.0,51349.0,0.0,228.34869,0.0,7.0,0.21295,50.0
