Omega,Tolerance,Step Size Rule,Iterations,Converged?,Gap LR,Gap Naive,Obj. Naive,Obj. LR (UB),"Obj. LR (LB),",Gap,Time Naive,Time LR,Final Lambda,LB Heuristic,BBP,Best iter,Lambda best iter,Gamma best iter
1500.0,0.05,1.0,2.0,0.0,0.2049,1.0,228.08615,287.19642,241.69085,0.2049,4210.0,2503.0,826.5,228.34869,0.0,1.0,0.1814,75.0
1500.0,0.05,2.0,2.0,0.0,0.2049,1.0,228.08615,287.19642,241.69085,0.2049,4210.0,2514.0,200.0,228.34869,0.0,1.0,0.1814,75.0
1500.0,0.05,3.0,2.0,0.0,0.2049,1.0,228.08615,287.19642,241.69085,0.2049,4210.0,2506.0,1068.75,228.34869,0.0,1.0,0.1814,75.0
1500.0,0.05,4.0,2.0,0.0,0.2049,1.0,228.08615,287.19642,241.69085,0.2049,4210.0,2509.0,1007.62716,228.34869,0.0,1.0,0.1814,75.0
1500.0,0.05,5.0,2.0,0.0,0.2049,1.0,228.08615,287.19642,241.69085,0.2049,4210.0,2503.0,150.0,228.34869,0.0,1.0,0.1814,75.0
1500.0,0.05,6.0,2.0,0.0,0.2049,1.0,228.08615,287.19642,241.69085,0.2049,4210.0,2526.0,0.4259,228.34869,0.0,1.0,0.1814,75.0
