Omega,Tolerance,Step Size Rule,Iterations,Converged?,Gap LR,Gap Naive,Obj. Naive,Obj. LR,Gap,Time Naive,Time LR,Final Lambda,LB Heuristic,Heuristic Time
1500.0,0.05,1.0,2.0,0.0,0.0552,1.0,228.08615,241.69085,0.0552,4210.0,2495.0,826.5,228.34869,
1500.0,0.05,2.0,2.0,0.0,0.0552,1.0,228.08615,241.69085,0.0552,4210.0,2501.0,0.14035,228.34869,
1500.0,0.05,3.0,2.0,0.0,0.0552,1.0,228.08615,241.69085,0.0552,4210.0,2504.0,1068.75,228.34869,
1500.0,0.05,4.0,2.0,0.0,0.0552,1.0,228.08615,241.69085,0.0552,4210.0,2508.0,1007.62716,228.34869,
1500.0,0.05,5.0,2.0,0.0,0.0552,1.0,228.08615,241.69085,0.0552,4210.0,2505.0,0.10526,228.34869,
1500.0,0.05,6.0,2.0,0.0,0.0552,1.0,228.08615,241.69085,0.0552,4210.0,2522.0,0.4259,228.34869,70.0
,,,,,,,,,,,,,0.0,
,,,,,,,,,,,,,0.0,
