,Omega,Tolerance,Step Size Rule,Iterations,Converged?,Gap LR,Gap Naive,Obj. Naive,Obj. LR,Gap,Time Naive,Time LR,Final Lambda,LB Heuristic,Heuristic Time,IR,AP
0,1500.0,0.05,1.0,2.0,0.0,0.0552,1.0,228.08615,241.69085,0.0552,4210.0,2495.0,826.5,228.34869,,-253.64876,0.0
1,1500.0,0.05,2.0,2.0,0.0,0.0552,1.0,228.08615,241.69085,0.0552,4210.0,2503.0,200.0,228.34869,,-253.64876,0.0
2,1500.0,0.05,3.0,2.0,0.0,0.0552,1.0,228.08615,241.69085,0.0552,4210.0,2504.0,1068.75,228.34869,,-253.64876,0.0
3,1500.0,0.05,4.0,2.0,0.0,0.0552,1.0,228.08615,241.69085,0.0552,4210.0,2508.0,1007.62716,228.34869,,-253.64876,0.0
4,1500.0,0.05,5.0,2.0,0.0,0.0552,1.0,228.08615,241.69085,0.0552,4210.0,2503.0,150.0,228.34869,,-253.64876,0.0
5,1500.0,0.05,6.0,2.0,0.0,0.0552,1.0,228.08615,241.69085,0.0552,4210.0,2522.0,0.4259,228.34869,70.0,-253.64876,0.0
