Omega,Tolerance,Step Size Rule,Iterations,Converged?,Gap LR,Gap Naive,Obj. Naive,Obj. LR (UB),"Obj. LR (LB),",Gap,Time Naive,Time LR,Final Lambda,LB Heuristic,BBP,Best iter,Lambda best iter,Gamma best iter
100.0,0.05,1.0,10.0,0.0,0.06497,0.00087,280.9816,299.91693,299.91693,0.06314,570.0,33.0,31.7765,280.43067,0.0,1.0,2.7765,-95.0
100.0,0.05,2.0,10.0,0.0,0.06497,0.00087,280.9816,299.91693,299.91693,0.06314,570.0,132.0,2.7765,280.43067,0.0,1.0,2.7765,-95.0
100.0,0.05,3.0,10.0,0.0,0.06497,0.00087,280.9816,299.91693,299.91693,0.06314,570.0,32.0,78.72834,280.43067,0.0,1.0,2.7765,-95.0
100.0,0.05,4.0,10.0,0.0,0.06497,0.00087,280.9816,299.91693,299.91693,0.06314,570.0,31.0,77.67151,280.43067,0.0,1.0,2.7765,-95.0
100.0,0.05,5.0,10.0,0.0,0.0518,0.00087,280.9816,295.75141,295.75141,0.04994,570.0,49.0,0.0,280.43067,0.0,10.0,4.16667,5.0
100.0,0.05,6.0,10.0,0.0,0.03455,0.00087,280.9816,290.46523,290.46523,0.03265,570.0,139.0,2.51125,280.43067,0.0,6.0,2.98162,4.0
