,Omega,Tolerance,Step Size Rule,Iterations,Converged?,Gap LR,Gap Naive,Obj. Naive,Obj. LR,Gap,Time Naive,Time LR,Final Lambda,LB Heuristic,IR,AP
0,100.0,0.05,1.0,10.0,0.0,0.06497,0.00722,280.48587,299.91693,0.06479,401.0,338.0,31.7765,280.43067,-276.30582,-278.02606
1,100.0,0.05,2.0,10.0,0.0,0.05251,0.00722,280.48587,295.97071,0.05232,401.0,746.0,4.21053,280.43067,-276.30582,-278.02606
2,100.0,0.05,3.0,10.0,0.0,0.06497,0.00722,280.48587,299.91693,0.06479,401.0,315.0,78.72834,280.43067,-276.30582,-278.02606
3,100.0,0.05,4.0,10.0,0.0,0.06497,0.00722,280.48587,299.91693,0.06479,401.0,333.0,77.67151,280.43067,-276.30582,-278.02606
4,100.0,0.05,5.0,10.0,0.0,0.03479,0.00722,280.48587,290.53877,0.0346,401.0,643.0,1.0614,280.43067,-276.30582,-278.02606
5,100.0,0.05,6.0,10.0,0.0,0.03455,0.00722,280.48587,290.46523,0.03436,401.0,1240.0,2.51125,280.43067,-276.30582,-278.02606
