"Omega","Tolerance","Step Size Rule","Iterations","Converged?","Gap LR","Gap Naive","Obj. Naive","Obj. LR","Gap","Time Naive","Time LR","Final Lambda","LB Heuristic"
600.00000,0.07000,1.00000,1.00000,1.00000,0.00000,0.13334,253.98108,253.98108,0.00000,4257.00000,2155.00000,0.45946,253.98108
600.00000,0.07000,2.00000,1.00000,1.00000,0.00000,0.13334,253.98108,253.98108,0.00000,4257.00000,2146.00000,0.45946,253.98108
600.00000,0.07000,3.00000,1.00000,1.00000,0.00000,0.13334,253.98108,253.98108,0.00000,4257.00000,2144.00000,0.45946,253.98108
600.00000,0.07000,4.00000,2.00000,0.00000,0.02829,0.13334,253.98108,261.37652,0.02829,4257.00000,2648.00000,394.56558,253.98108
600.00000,0.07000,5.00000,2.00000,0.00000,0.02829,0.13334,253.98108,261.37652,0.02829,4257.00000,2612.00000,0.26882,253.98108
600.00000,0.07000,6.00000,2.00000,0.00000,0.02829,0.13334,253.98108,261.37652,0.02829,4257.00000,2684.00000,0.91511,253.98108
