"Omega","Tolerance","Step Size Rule","Iterations","Converged?","Gap LR","Gap Naive","Obj. Naive","Obj. LR","Gap","Time Naive","Time LR","Final Lambda","LB Heuristic"
600.00000,0.03000,1.00000,2.00000,0.00000,0.02256,0.11392,248.63152,254.37057,0.02256,4253.00000,2849.00000,337.56000,248.63152
600.00000,0.03000,2.00000,2.00000,0.00000,0.02256,0.11392,248.63152,254.37057,0.02256,4253.00000,2696.00000,0.34364,248.63152
600.00000,0.03000,3.00000,2.00000,0.00000,0.02256,0.11392,248.63152,254.37057,0.02256,4253.00000,2711.00000,436.50000,248.63152
600.00000,0.03000,4.00000,2.00000,0.00000,0.02256,0.11392,248.63152,254.37057,0.02256,4253.00000,2748.00000,411.53615,248.63152
600.00000,0.03000,5.00000,2.00000,0.00000,0.02256,0.11392,248.63152,254.37057,0.02256,4253.00000,2642.00000,0.25773,248.63152
600.00000,0.03000,6.00000,3.00000,0.00000,0.02256,0.11392,248.63152,254.37057,0.02256,4253.00000,4503.00000,0.02357,248.63152
