Omega,Tolerance,Step Size Rule,Iterations,Converged?,Gap LR,Gap Naive,Obj. Naive,Obj. LR (UB),"Obj. LR (LB),",Gap,Time Naive,Time LR,Final Lambda,LB Heuristic,BBP,Best iter,Lambda best iter,Gamma best iter
600.0,0.05,1.0,10.0,0.0,0.14507,0.15458,243.64015,284.9009,273.00269,0.14482,4240.0,5072.0,174.456,243.57159,0.0,1.0,0.456,-570.0
600.0,0.05,2.0,7.0,0.0,0.13843,0.15458,243.64015,282.70742,273.00269,0.13819,4240.0,50030.0,200.456,243.57159,0.0,3.0,0.456,-570.0
600.0,0.05,3.0,10.0,0.0,0.14507,0.15458,243.64015,284.9009,273.00269,0.14482,4240.0,5071.0,456.16704,243.57159,0.0,1.0,0.456,-570.0
600.0,0.05,4.0,10.0,0.0,0.14507,0.15458,243.64015,284.9009,273.00269,0.14482,4240.0,5067.0,449.82606,243.57159,0.0,1.0,0.456,-570.0
600.0,0.05,5.0,10.0,0.0,0.14507,0.15458,243.64015,284.9009,273.00269,0.14482,4240.0,5291.0,0.0,243.57159,0.0,1.0,0.456,-570.0
600.0,0.05,6.0,10.0,0.0,0.12991,0.15458,243.64015,279.93981,279.93981,0.12967,4240.0,34140.0,0.31727,243.57159,0.0,4.0,1.01527,28.0
