,Omega,Tolerance,Step Size Rule,Iterations,Converged?,Gap LR,Gap Naive,Obj. Naive,Obj. LR,Gap,Time Naive,Time LR,Final Lambda,LB Heuristic,IR,AP
0,600.0,0.05,1.0,10.0,0.0,0.08366,0.15458,243.64015,265.80893,0.0834,4240.0,2190.0,191.4,243.57159,-253.74944,0.0
1,600.0,0.05,2.0,7.0,0.0,0.08366,0.15458,243.64015,265.80893,0.0834,4240.0,2253.0,0.0,243.57159,-253.74944,0.0
2,600.0,0.05,3.0,10.0,0.0,0.08366,0.15458,243.64015,265.80893,0.0834,4240.0,2197.0,335.71104,243.57159,-253.74944,0.0
3,600.0,0.05,4.0,10.0,0.0,0.08366,0.15458,243.64015,265.80893,0.0834,4240.0,2196.0,303.63413,243.57159,-253.74944,0.0
4,600.0,0.05,5.0,7.0,0.0,0.08366,0.15458,243.64015,265.80893,0.0834,4240.0,2268.0,0.0,243.57159,-253.74944,0.0
5,600.0,0.05,6.0,5.0,0.0,0.08366,0.15458,243.64015,265.80893,0.0834,4240.0,6392.0,0.0,243.57159,-253.74944,0.0
