Omega,Tolerance,Step Size Rule,Iterations,Converged?,Gap LR,Gap Naive,Obj. Naive,Obj. LR,Gap,Time Naive,Time LR,Final Lambda,LB Heuristic
600.0,0.05,1.0,10.0,0.0,0.08138,0.15458,243.64015,265.15003,0.08112,4240.0,2212.0,191.4,243.57159
600.0,0.05,2.0,3.0,0.0,0.08138,0.15458,243.64015,265.15003,0.08112,4240.0,2415.0,0.70175,243.57159
600.0,0.05,3.0,10.0,0.0,0.08138,0.15458,243.64015,265.15003,0.08112,4240.0,2213.0,335.71104,243.57159
600.0,0.05,4.0,10.0,0.0,0.08138,0.15458,243.64015,265.15003,0.08112,4240.0,2211.0,303.63413,243.57159
600.0,0.05,5.0,3.0,0.0,0.08138,0.15458,243.64015,265.15003,0.08112,4240.0,2399.0,0.4386,243.57159
600.0,0.05,6.0,3.0,0.0,0.08138,0.15458,243.64015,265.15003,0.08112,4240.0,4259.0,0.0,243.57159
