Omega,Tolerance,Step Size Rule,Iterations,Converged?,Gap LR,Gap Naive,Obj. Naive,Obj. LR (UB),"Obj. LR (LB),",Gap,Time Naive,Time LR,Final Lambda,LB Heuristic,BBP,Best iter,Lambda best iter,Gamma best iter
600.0,0.05,1.0,10.0,0.0,0.14584,0.15458,243.64015,285.16067,265.80893,0.1456,4240.0,2202.0,191.4,243.57159,0.0,1.0,0.456,16.99999
600.0,0.05,2.0,10.0,0.0,0.14584,0.15458,243.64015,285.16067,265.80893,0.1456,4240.0,2336.0,200.0,243.57159,0.0,1.0,0.456,16.99999
600.0,0.05,3.0,10.0,0.0,0.14584,0.15458,243.64015,285.16067,265.80893,0.1456,4240.0,2204.0,335.71104,243.57159,0.0,1.0,0.456,16.99999
600.0,0.05,4.0,10.0,0.0,0.14584,0.15458,243.64015,285.16067,265.80893,0.1456,4240.0,2204.0,303.63413,243.57159,0.0,1.0,0.456,16.99999
600.0,0.05,5.0,10.0,0.0,0.14584,0.15458,243.64015,285.16067,265.80893,0.1456,4240.0,2433.0,0.0,243.57159,0.0,1.0,0.456,16.99999
600.0,0.05,6.0,3.0,0.0,0.14584,0.15458,243.64015,285.16067,265.80893,0.1456,4240.0,4248.0,0.0,243.57159,0.0,1.0,0.456,16.99999
