Omega,Tolerance,Step Size Rule,Iterations,Converged?,Gap LR,Gap Naive,Obj. Naive,Obj. LR,Gap,Time Naive,Time LR,Final Lambda,LB Heuristic
600.0,0.05,1.0,2.0,0.0,0.05212,0.15458,243.64015,256.96522,0.05186,4240.0,2522.0,330.6,243.57159
600.0,0.05,2.0,1.0,1.0,0.0,0.15458,243.64015,243.57159,-0.00028,4240.0,2134.0,0.456,243.57159
600.0,0.05,3.0,2.0,0.0,0.05212,0.15458,243.64015,256.96522,0.05186,4240.0,2502.0,427.5,243.57159
600.0,0.05,4.0,2.0,0.0,0.05212,0.15458,243.64015,256.96522,0.05186,4240.0,2480.0,403.05087,243.57159
600.0,0.05,5.0,2.0,0.0,0.05212,0.15458,243.64015,256.96522,0.05186,4240.0,2496.0,0.26316,243.57159
600.0,0.05,6.0,1.0,1.0,0.0,0.15458,243.64015,243.57159,-0.00028,4240.0,2134.0,0.456,243.57159
