Omega,Tolerance,Step Size Rule,Iterations,Converged?,Gap LR,Gap Naive,Obj. Naive,Obj. LR (UB),"Obj. LR (LB),",Gap,Time Naive,Time LR,Final Lambda,LB Heuristic,BBP,Best iter,Lambda best iter,Gamma best iter
1500.0,0.05,1.0,2.0,0.0,0.56987,0.74229,3398.3337,13212.2883,10583.2547,0.56987,4204.0,4209.0,835.94315,5683.04407,0.0,1.0,52.94315,-1425.0
1500.0,0.05,2.0,2.0,0.0,0.56995,0.74229,3398.3337,13214.88342,10583.2547,0.56995,4204.0,4209.0,52.94315,5683.04407,0.0,1.0,52.94315,-1425.0
1500.0,0.05,3.0,2.0,0.0,0.56995,0.74229,3398.3337,13214.88342,10583.2547,0.56995,4204.0,4208.0,1421.69315,5683.04407,0.0,1.0,52.94315,-1425.0
1500.0,0.05,4.0,2.0,0.0,0.56987,0.74229,3398.3337,13212.2883,10583.2547,0.56987,4204.0,4222.0,1424.91014,5683.04407,0.0,1.0,52.94315,-1425.0
1500.0,0.05,5.0,2.0,0.0,0.56995,0.74229,3398.3337,13214.88342,10583.2547,0.56995,4204.0,4208.0,202.94315,5683.04407,0.0,1.0,52.94315,-1425.0
1500.0,0.05,6.0,2.0,0.0,0.56995,0.74229,3398.3337,13214.88342,10583.2547,0.56995,4204.0,4206.0,0.0,5683.04407,0.0,1.0,52.94315,-1425.0
