Omega,Tolerance,Step Size Rule,Iterations,Converged?,Gap LR,Gap Naive,Obj. Naive,Obj. LR,Gap,Time Naive,Time LR,Final Lambda,LB Heuristic
1500.0,0.05,1.0,2.0,0.0,0.46302,0.74229,3398.3337,10583.2547,0.46302,4204.0,4207.0,835.94315,5683.04407
1500.0,0.05,2.0,2.0,0.0,0.45267,0.74229,3398.3337,10383.2547,0.45267,4204.0,4213.0,53.22385,5683.04407
1500.0,0.05,3.0,2.0,0.0,0.46302,0.74229,3398.3337,10583.2547,0.46302,4204.0,4219.0,1421.69315,5683.04407
1500.0,0.05,4.0,2.0,0.0,0.46302,0.74229,3398.3337,10583.2547,0.46302,4204.0,4219.0,1424.91014,5683.04407
1500.0,0.05,5.0,2.0,0.0,0.44735,0.74229,3398.3337,10283.2547,0.44735,4204.0,4207.0,53.25893,5683.04407
1500.0,0.05,6.0,2.0,0.0,0.27141,0.74229,3398.3337,7800.01499,0.27141,4204.0,4206.0,3.36808,5683.04407
,,,,,,,,,,,,,5683.04315
,,,,,,,,,,,,,5173.03372
