Omega,Tolerance,Step Size Rule,Iterations,Converged?,Gap LR,Gap Naive,Obj. Naive,Obj. LR (UB),"Obj. LR (LB),",Gap,Time Naive,Time LR,Final Lambda,LB Heuristic,BBP,Best iter,Lambda best iter,Gamma best iter
1500.0,0.05,1.0,5.0,0.0,0.56699,0.74229,3398.3337,13124.41442,10583.2547,0.56699,4204.0,55027.0,705.44315,5683.04407,0.0,1.0,52.94315,-1425.0
1500.0,0.05,2.0,2.0,0.0,0.56995,0.74229,3398.3337,13214.88342,10583.2547,0.56995,4204.0,4209.0,52.94315,5683.04407,0.0,1.0,52.94315,-1425.0
1500.0,0.05,3.0,5.0,0.0,0.56699,0.74229,3398.3337,13124.41442,10583.2547,0.56699,4204.0,55020.0,1307.05029,5683.04407,0.0,1.0,52.94315,-1425.0
1500.0,0.05,4.0,5.0,0.0,0.56699,0.74229,3398.3337,13124.41442,10583.2547,0.56699,4204.0,55024.0,1310.56785,5683.04407,0.0,1.0,52.94315,-1425.0
1500.0,0.05,5.0,6.0,0.0,0.56699,0.74229,3398.3337,13124.41442,10583.2547,0.56699,4204.0,55065.0,37.94315,5683.04407,0.0,1.0,52.94315,-1425.0
1500.0,0.05,6.0,10.0,0.0,0.56699,0.74229,3398.3337,13124.41442,10583.2547,0.56699,4204.0,25474.0,51.28263,5683.04407,0.0,1.0,52.94315,-1425.0
