Omega,Tolerance,Step Size Rule,Iterations,Converged?,Gap LR,Gap Naive,Obj. Naive,Obj. LR,Gap,Time Naive,Time LR,Final Lambda,LB Heuristic
900.0,0.07,1.0,1.0,1.0,0.0,1.0,241.78757,248.15346,0.0,4251.0,2122.0,0.30577,248.15346
900.0,0.07,2.0,1.0,1.0,0.0,1.0,241.78757,248.15346,0.0,4251.0,2119.0,0.30577,248.15346
900.0,0.07,3.0,1.0,1.0,0.0,1.0,241.78757,248.15346,0.0,4251.0,2124.0,0.30577,248.15346
900.0,0.07,4.0,1.0,1.0,0.0,1.0,241.78757,248.15346,0.0,4251.0,2127.0,0.30577,248.15346
900.0,0.07,5.0,1.0,1.0,0.0,1.0,241.78757,248.15346,0.0,4251.0,2126.0,0.30577,248.15346
900.0,0.07,6.0,1.0,1.0,0.0,1.0,241.78757,248.15346,0.0,4251.0,2127.0,0.30577,248.15346
