Omega,Tolerance,Step Size Rule,Iterations,Converged?,Gap LR,Gap Naive,Obj. Naive,Obj. LR,Gap,Time Naive,Time LR,Final Lambda,LB Heuristic
900.0,0.03,1.0,2.0,0.0,0.48816,0.80186,1815.21521,7240.01634,0.48816,4205.0,4253.0,579.87291,3705.73109
900.0,0.03,2.0,2.0,0.0,0.47362,0.80186,1815.21521,7040.01634,0.47362,4205.0,4249.0,89.6511,3705.73109
900.0,0.03,3.0,2.0,0.0,0.48816,0.80186,1815.21521,7240.01634,0.48816,4205.0,4202.0,941.94291,3705.73109
900.0,0.03,4.0,2.0,0.0,0.48816,0.80186,1815.21521,7240.01634,0.48816,4205.0,4203.0,943.10102,3705.73109
900.0,0.03,5.0,2.0,0.0,0.46603,0.80186,1815.21521,6940.01634,0.46603,4205.0,4224.0,89.70837,3705.73109
900.0,0.03,6.0,2.0,0.0,0.46077,0.80186,1815.21521,6872.29171,0.46077,4205.0,4202.0,0.0,3705.73109
