"Omega","Tolerance","Step Size Rule","Iterations","Converged?","Gap LR","Gap Naive","Obj. Naive","Obj. LR","Gap","Time Naive","Time LR","Final Lambda","LB Heuristic"
100.00000,0.05000,1.00000,2.00000,0.00000,0.29310,0.45321,6551.85811,10130.08108,0.29310,4204.00000,4207.00000,846.34696,7160.94725
100.00000,0.05000,2.00000,2.00000,0.00000,0.30917,0.45321,6551.85811,10365.65826,0.30917,4204.00000,4206.00000,798.35748,7160.94725
100.00000,0.05000,3.00000,2.00000,0.00000,0.30617,0.45321,6551.85811,10320.85291,0.30617,4204.00000,4208.00000,885.39696,7160.94725
100.00000,0.05000,4.00000,2.00000,0.00000,0.30617,0.45321,6551.85811,10320.85291,0.30617,4204.00000,4207.00000,885.61142,7160.94725
100.00000,0.05000,5.00000,2.00000,0.00000,0.32224,0.45321,6551.85811,10565.65826,0.32224,4204.00000,4206.00000,798.88380,7160.94725
100.00000,0.05000,6.00000,2.00000,0.00000,0.30908,0.45321,6551.85811,10364.29633,0.30908,4204.00000,4206.00000,0.00000,7160.94725
