"Omega","Tolerance","Step Size Rule","Iterations","Converged?","Gap LR","Gap Naive","Obj. Naive","Obj. LR","Gap","Time Naive","Time LR","Final Lambda","LB Heuristic"
100.00000,0.05000,1.00000,2.00000,0.00000,0.27811,0.41435,6788.42185,9708.34902,0.27811,4203.00000,3214.00000,846.34696,7008.35246
100.00000,0.05000,2.00000,2.00000,0.00000,0.28246,0.41435,6788.42185,9767.12983,0.28246,4203.00000,4057.00000,756.25222,7008.35246
100.00000,0.05000,3.00000,2.00000,0.00000,0.30289,0.41435,6788.42185,10053.48756,0.30289,4203.00000,4007.00000,885.39696,7008.35246
100.00000,0.05000,4.00000,2.00000,0.00000,0.31608,0.41435,6788.42185,10247.28186,0.31608,4203.00000,4184.00000,885.61142,7008.35246
100.00000,0.05000,5.00000,10.00000,0.00000,0.28819,0.41435,6788.42185,9845.85291,0.28819,4203.00000,2339.00000,740.23844,7008.35246
100.00000,0.05000,6.00000,2.00000,0.00000,0.31873,0.41435,6788.42185,10287.23065,0.31873,4203.00000,3619.00000,0.00000,7008.35246
