"Omega","Tolerance","Step Size Rule","Iterations","Converged?","Gap LR","Gap Naive","Obj. Naive","Obj. LR","Gap","Time Naive","Time LR","Final Lambda","LB Heuristic"
100.00000,0.05000,1.00000,1.00000,1.00000,0.00000,0.00950,149070.00000,150500.00000,0.00000,4.00000,3.00000,0.00000,150500.00000
100.00000,0.05000,2.00000,1.00000,1.00000,0.00000,0.00950,149070.00000,150500.00000,0.00000,4.00000,3.00000,0.00000,150500.00000
100.00000,0.05000,3.00000,1.00000,1.00000,0.00000,0.00950,149070.00000,150500.00000,0.00000,4.00000,3.00000,0.00000,150500.00000
100.00000,0.05000,4.00000,1.00000,1.00000,0.00000,0.00950,149070.00000,150500.00000,0.00000,4.00000,2.00000,0.00000,150500.00000
100.00000,0.05000,5.00000,1.00000,1.00000,0.00000,0.00950,149070.00000,150500.00000,0.00000,4.00000,2.00000,0.00000,150500.00000
100.00000,0.05000,6.00000,1.00000,1.00000,0.00000,0.00950,149070.00000,150500.00000,0.00000,4.00000,1.00000,0.00000,150500.00000
