"Omega","Tolerance","Step Size Rule","Iterations","Converged?","Gap LR","Gap Naive","Obj. Naive","Obj. LR","Gap","Time Naive","Time LR","Final Lambda","LB Heuristic"
600.00000,0.03000,1.00000,2.00000,0.00000,0.03122,0.10713,249.38501,257.42275,0.03122,4240.00000,2775.00000,337.56000,249.38501
600.00000,0.03000,2.00000,2.00000,0.00000,0.03122,0.10713,249.38501,257.42275,0.03122,4240.00000,2675.00000,0.34364,249.38501
600.00000,0.03000,3.00000,2.00000,0.00000,0.03122,0.10713,249.38501,257.42275,0.03122,4240.00000,2645.00000,436.50000,249.38501
600.00000,0.03000,4.00000,2.00000,0.00000,0.03122,0.10713,249.38501,257.42275,0.03122,4240.00000,2639.00000,411.53615,249.38501
600.00000,0.03000,5.00000,2.00000,0.00000,0.03122,0.10713,249.38501,257.42275,0.03122,4240.00000,2618.00000,0.25773,249.38501
600.00000,0.03000,6.00000,3.00000,0.00000,0.03122,0.10713,249.38501,257.42275,0.03122,4240.00000,4484.00000,0.10907,249.38501
