Omega,Tolerance,Step Size Rule,Iterations,Converged?,Gap LR,Gap Naive,Obj. Naive,Obj. LR,Gap,Time Naive,Time LR,Final Lambda,LB Heuristic
600.0,0.03,1.0,2.0,0.0,0.44832,0.73119,2033.80343,7105.54323,0.44832,4205.0,4201.0,461.31658,3919.96862
600.0,0.03,2.0,2.0,0.0,0.43234,0.73119,2033.80343,6905.54323,0.43234,4205.0,4205.0,134.88387,3919.96862
600.0,0.03,2.0,2.0,0.0,0.43234,0.73119,2033.80343,6905.54323,0.43234,4205.0,4201.0,134.88387,3919.96862
600.0,0.03,4.0,2.0,0.0,0.44832,0.73119,2033.80343,7105.54323,0.44832,4205.0,4204.0,703.46866,3919.96862
600.0,0.03,5.0,2.0,0.0,0.424,0.73119,2033.80343,6805.54323,0.424,4205.0,4205.0,134.96978,3919.96862
600.0,0.03,6.0,2.0,0.0,0.44692,0.73119,2033.80343,7087.48493,0.44692,4205.0,4231.0,0.0,3919.96862
