,Omega,Tolerance,Step Size Rule,Iterations,Converged?,Gap LR,Gap Naive,Obj. Naive,Obj. LR,Gap,Time Naive,Time LR,Final Lambda,LB Heuristic,IR,AP
0,900.0,0.05,1.0,2.0,0.0,0.02993,1.0,240.56914,255.62446,0.02993,4249.0,2312.0,495.9,247.9728,-254.33944,0.0
1,900.0,0.05,2.0,2.0,0.0,0.02993,1.0,240.56914,255.62446,0.02993,4249.0,2327.0,0.23392,247.9728,-254.33944,0.0
2,900.0,0.05,3.0,2.0,0.0,0.02993,1.0,240.56914,255.62446,0.02993,4249.0,2308.0,641.25,247.9728,-254.33944,0.0
3,900.0,0.05,4.0,2.0,0.0,0.02993,1.0,240.56914,255.62446,0.02993,4249.0,2306.0,604.5763,247.9728,-254.33944,0.0
4,900.0,0.05,5.0,2.0,0.0,0.02993,1.0,240.56914,255.62446,0.02993,4249.0,2323.0,0.17544,247.9728,-254.33944,0.0
5,900.0,0.05,6.0,2.0,0.0,0.02993,1.0,240.56914,255.62446,0.02993,4249.0,2343.0,0.65962,247.9728,-254.33944,0.0
