Omega,Tolerance,Step Size Rule,Iterations,Converged?,Gap LR,Gap Naive,Obj. Naive,Obj. LR (UB),"Obj. LR (LB),",Gap,Time Naive,Time LR,Final Lambda,LB Heuristic,BBP,Best iter,Lambda best iter,Gamma best iter
900.0,0.05,1.0,10.0,0.0,0.13222,0.15619,240.94833,285.75613,255.81581,0.13222,4208.0,2325.0,287.1,247.9728,0.0,1.0,0.3008,39.0
900.0,0.05,2.0,6.0,0.0,0.13222,0.15619,240.94833,285.75613,255.81581,0.13222,4208.0,2469.0,200.0,247.9728,0.0,1.0,0.3008,39.0
900.0,0.05,3.0,10.0,0.0,0.13222,0.15619,240.94833,285.75613,255.81581,0.13222,4208.0,2320.0,503.56656,247.9728,0.0,1.0,0.3008,39.0
900.0,0.05,4.0,10.0,0.0,0.13222,0.15619,240.94833,285.75613,255.81581,0.13222,4208.0,2323.0,455.4512,247.9728,0.0,1.0,0.3008,39.0
900.0,0.05,5.0,5.0,0.0,0.13222,0.15619,240.94833,285.75613,255.81581,0.13222,4208.0,2407.0,60.0,247.9728,0.0,1.0,0.3008,39.0
900.0,0.05,6.0,3.0,0.0,0.13222,0.15619,240.94833,285.75613,255.81581,0.13222,4208.0,4344.0,0.0,247.9728,0.0,1.0,0.3008,39.0
