Omega,Tolerance,Step Size Rule,Iterations,Converged?,Gap LR,Gap Naive,Obj. Naive,Obj. LR (UB),"Obj. LR (LB),",Gap,Time Naive,Time LR,Final Lambda,LB Heuristic,BBP,Best iter,Lambda best iter,Gamma best iter
900.0,0.05,1.0,10.0,0.0,0.12984,0.15619,240.94833,284.97268,260.58341,0.12984,4208.0,5232.0,287.1,247.9728,0.0,1.0,0.3008,38.0
900.0,0.05,2.0,10.0,0.0,0.12984,0.15619,240.94833,284.97268,260.58341,0.12984,4208.0,5579.0,200.0,247.9728,0.0,1.0,0.3008,38.0
900.0,0.05,3.0,10.0,0.0,0.12984,0.15619,240.94833,284.97268,260.58341,0.12984,4208.0,5216.0,503.56656,247.9728,0.0,1.0,0.3008,38.0
900.0,0.05,4.0,10.0,0.0,0.12984,0.15619,240.94833,284.97268,260.58341,0.12984,4208.0,5216.0,455.4512,247.9728,0.0,1.0,0.3008,38.0
900.0,0.05,5.0,10.0,0.0,0.12984,0.15619,240.94833,284.97268,260.58341,0.12984,4208.0,5651.0,0.0,247.9728,0.0,1.0,0.3008,38.0
900.0,0.05,6.0,7.0,0.0,0.12686,0.15619,240.94833,284.00144,263.02627,0.12686,4208.0,50455.0,0.0,247.9728,0.0,5.0,0.32981,35.0
