Omega,Tolerance,Step Size Rule,Iterations,Converged?,Gap LR,Gap Naive,Obj. Naive,Obj. LR,Gap,Time Naive,Time LR,Final Lambda,LB Heuristic
900.0,0.05,1.0,1.0,1.0,0.0,1.0,240.56914,247.9728,0.0,4249.0,2144.0,0.3008,247.9728
900.0,0.05,2.0,1.0,1.0,0.0,1.0,240.56914,247.9728,0.0,4249.0,2128.0,0.3008,247.9728
900.0,0.05,3.0,1.0,1.0,0.0,1.0,240.56914,247.9728,0.0,4249.0,2135.0,0.3008,247.9728
900.0,0.05,4.0,1.0,1.0,0.0,1.0,240.56914,247.9728,0.0,4249.0,2136.0,0.3008,247.9728
900.0,0.05,5.0,1.0,1.0,0.0,1.0,240.56914,247.9728,0.0,4249.0,2133.0,0.3008,247.9728
900.0,0.05,6.0,1.0,1.0,0.0,1.0,240.56914,247.9728,0.0,4249.0,2135.0,0.3008,247.9728
