"Omega","Tolerance","Step Size Rule","Iterations","Converged?","Gap LR","Gap Naive","Obj. Naive","Obj. LR","Gap","Time Naive","Time LR","Final Lambda","LB Heuristic"
100.00000,0.01000,1.00000,10.00000,0.00000,0.00377,0.00000,268.85066,269.86895,0.00377,283.00000,1926.00000,4.36203,268.85066
100.00000,0.01000,2.00000,10.00000,0.00000,0.00417,0.00000,268.85066,269.97680,0.00417,283.00000,1326.00000,0.00000,268.85066
100.00000,0.01000,3.00000,10.00000,0.00000,0.00340,0.00000,268.85066,269.76895,0.00340,283.00000,2400.00000,3.97629,268.85066
100.00000,0.01000,4.00000,10.00000,0.00000,0.00361,0.00000,268.85066,269.82528,0.00361,283.00000,2432.00000,3.88577,268.85066
100.00000,0.01000,5.00000,10.00000,0.00000,0.00745,0.00000,268.85066,270.86734,0.00745,283.00000,748.00000,1.45142,268.85066
100.00000,0.01000,6.00000,10.00000,0.00000,0.00612,0.00000,268.85066,270.50520,0.00612,283.00000,907.00000,4.25387,268.85066
