"Omega","Tolerance","Step Size Rule","Iterations","Converged?","Gap LR","Gap Naive","Obj. Naive","Obj. LR","Gap","Time Naive","Time LR","Final Lambda","LB Heuristic"
900.00000,0.05000,1.00000,1.00000,1.00000,0.00000,0.13232,249.22043,249.22043,0.00000,4287.00000,2171.00000,0.29718,249.22043
900.00000,0.05000,2.00000,1.00000,1.00000,0.00000,0.13232,249.22043,249.22043,0.00000,4287.00000,2167.00000,0.29718,249.22043
900.00000,0.05000,3.00000,1.00000,1.00000,0.00000,0.13232,249.22043,249.22043,0.00000,4287.00000,2157.00000,0.29718,249.22043
900.00000,0.05000,4.00000,1.00000,1.00000,0.00000,0.13232,249.22043,249.22043,0.00000,4287.00000,2153.00000,0.29718,249.22043
900.00000,0.05000,5.00000,1.00000,1.00000,0.00000,0.13232,249.22043,249.22043,0.00000,4287.00000,2160.00000,0.29718,249.22043
900.00000,0.05000,6.00000,1.00000,1.00000,0.00000,0.13232,249.22043,249.22043,0.00000,4287.00000,2138.00000,0.29718,249.22043
