Omega,Tolerance,Step Size Rule,Iterations,Converged?,Gap LR,Gap Naive,Obj. Naive,Obj. LR,Gap,Time Naive,Time LR,Final Lambda,LB Heuristic
100.0,0.03,1.0,2.0,0.0,0.54817,1.0,-562.67364,8179.87045,0.54817,4204.0,4200.0,807.82397,3695.93087
100.0,0.03,2.0,10.0,0.0,0.54817,1.0,-562.67364,8179.87045,0.54817,4204.0,2110.0,763.19401,3695.93087
100.0,0.03,3.0,2.0,0.0,0.54805,0.35813,6230.56983,8177.75135,0.23811,4205.0,4200.0,806.05397,3695.93087
100.0,0.03,4.0,2.0,0.0,0.54805,1.0,-562.67364,8177.75135,0.54805,4204.0,4201.0,806.18265,3695.93087
100.0,0.03,5.0,10.0,0.0,0.54817,1.0,-562.67364,8179.87045,0.54817,4204.0,2109.0,717.26985,3695.93087
100.0,0.03,6.0,3.0,0.0,0.54817,1.0,-562.67364,8179.87045,0.54817,4204.0,4200.0,0.0,3695.93087
