"Omega","Tolerance","Step Size Rule","Iterations","Converged?","Gap LR","Gap Naive","Obj. Naive","Obj. LR","Gap","Time Naive","Time LR","Final Lambda","LB Heuristic"
100.00000,0.05000,1.00000,2.00000,0.00000,0.33617,0.49187,6246.41871,9890.05772,0.33617,4215.00000,3851.00000,843.04480,6565.36646
100.00000,0.05000,2.00000,2.00000,0.00000,0.39548,0.49187,6246.41871,10860.43255,0.39548,4215.00000,3800.00000,795.05532,6565.36646
100.00000,0.05000,3.00000,2.00000,0.00000,0.34982,0.49187,6246.41871,10097.79978,0.34982,4215.00000,3868.00000,882.09480,6565.36646
100.00000,0.05000,4.00000,2.00000,0.00000,0.34982,0.49187,6246.41871,10097.79978,0.34982,4215.00000,3777.00000,882.30926,6565.36646
100.00000,0.05000,5.00000,2.00000,0.00000,0.38986,0.49187,6246.41871,10760.43255,0.38986,4215.00000,3816.00000,795.58164,6565.36646
100.00000,0.05000,6.00000,2.00000,0.00000,0.35905,0.49187,6246.41871,10243.24840,0.35905,4215.00000,3634.00000,0.00000,6565.36646
