Omega,Tolerance,Step Size Rule,Iterations,Converged?,Gap LR,Gap Naive,Obj. Naive,Obj. LR,Gap,Time Naive,Time LR,Final Lambda,LB Heuristic
900.0,0.05,1.0,2.0,0.0,0.61443,0.6554,4401.22196,10634.01397,0.58612,4202.0,4203.0,557.9305,4100.12993
900.0,0.05,2.0,2.0,0.0,0.60704,0.6554,4401.22196,10434.01397,0.57819,4202.0,4203.0,88.59834,4100.12993
900.0,0.05,3.0,2.0,0.0,0.61443,0.6554,4401.22196,10634.01397,0.58612,4202.0,4204.0,909.3805,4100.12993
900.0,0.05,4.0,2.0,0.0,0.61443,0.6554,4401.22196,10634.01397,0.58612,4202.0,4208.0,911.3107,4100.12993
900.0,0.05,5.0,2.0,0.0,0.60324,0.6554,4401.22196,10334.01397,0.5741,4202.0,4204.0,88.65682,4100.12993
900.0,0.05,6.0,2.0,0.0,0.53007,0.6554,4401.22196,8725.03728,0.49556,4202.0,4203.0,0.0,4100.12993
