,Omega,Tolerance,Step Size Rule,Iterations,Converged?,Gap LR,Gap Naive,Obj. Naive,Obj. LR,Gap,Time Naive,Time LR,Final Lambda,LB Heuristic,IR,AP
0,900.0,0.05,1.0,2.0,0.0,0.61443,0.6554,4401.22196,10634.01397,0.58612,4202.0,4203.0,557.9305,4100.12993,5587.44584,5204.866
1,900.0,0.05,2.0,2.0,0.0,0.51065,0.6554,4401.22196,10634.01397,0.51065,4202.0,4210.0,88.1305,5203.76501,5587.44584,5204.866
2,900.0,0.05,3.0,2.0,0.0,0.61443,0.6554,4401.22196,10634.01397,0.58612,4202.0,4204.0,909.3805,4100.12993,5587.44584,5204.866
3,900.0,0.05,4.0,2.0,0.0,0.61443,0.6554,4401.22196,10634.01397,0.58612,4202.0,4208.0,911.3107,4100.12993,5587.44584,5204.866
4,900.0,0.05,5.0,2.0,0.0,0.51065,0.6554,4401.22196,10634.01397,0.51065,4202.0,4204.0,238.1305,5203.76501,5587.44584,5204.866
5,900.0,0.05,6.0,2.0,0.0,0.53007,0.6554,4401.22196,8725.03728,0.49556,4202.0,4203.0,0.0,4100.12993,5587.44584,5204.866
