Omega,Tolerance,Step Size Rule,Iterations,Converged?,Gap LR,Gap Naive,Obj. Naive,Obj. LR (UB),"Obj. LR (LB),",Gap,Time Naive,Time LR,Final Lambda,LB Heuristic,BBP,Best iter,Lambda best iter,Gamma best iter
900.0,0.05,1.0,2.0,0.0,0.56943,0.6554,4401.22196,12976.73667,10634.01397,0.56943,4202.0,4208.0,557.9305,5587.45447,0.0,1.0,88.1305,-855.0
900.0,0.05,2.0,2.0,0.0,0.56955,0.6554,4401.22196,12980.60163,10634.01397,0.56955,4202.0,4205.0,88.1305,5587.45447,0.0,1.0,88.1305,-855.0
900.0,0.05,3.0,2.0,0.0,0.56955,0.6554,4401.22196,12980.60163,10634.01397,0.56955,4202.0,4203.0,909.3805,5587.45447,0.0,1.0,88.1305,-855.0
900.0,0.05,4.0,2.0,0.0,0.56955,0.6554,4401.22196,12980.60163,10634.01397,0.56955,4202.0,4203.0,911.3107,5587.45447,0.0,1.0,88.1305,-855.0
900.0,0.05,5.0,2.0,0.0,0.56955,0.6554,4401.22196,12980.60163,10634.01397,0.56955,4202.0,4204.0,238.1305,5587.45447,0.0,1.0,88.1305,-855.0
900.0,0.05,6.0,2.0,0.0,0.56943,0.6554,4401.22196,12976.73667,10634.01397,0.56943,4202.0,4209.0,0.0,5587.45447,0.0,1.0,88.1305,-855.0
