"Omega","Tolerance","Step Size Rule","Iterations","Converged?","Gap LR","Gap Naive","Obj. Naive","Obj. LR","Gap","Time Naive","Time LR","Final Lambda","LB Heuristic"
100.00000,0.01000,1.00000,2.00000,0.00000,0.10042,0.29759,5783.46629,6390.88567,0.09504,4203.00000,4206.00000,855.02729,5749.10164
100.00000,0.01000,2.00000,10.00000,0.00000,0.10874,0.29759,5783.46629,6450.53174,0.10341,4203.00000,2315.00000,674.36910,5749.10164
100.00000,0.01000,3.00000,2.00000,0.00000,0.10513,0.29759,5783.46629,6424.51848,0.09978,4203.00000,4207.00000,854.43729,5749.10164
100.00000,0.01000,4.00000,2.00000,0.00000,0.10447,0.29759,5783.46629,6419.75568,0.09911,4203.00000,4208.00000,854.48018,5749.10164
100.00000,0.01000,5.00000,10.00000,0.00000,0.11068,0.29759,5783.46629,6464.57288,0.10536,4203.00000,2292.00000,562.03264,5749.10164
100.00000,0.01000,6.00000,3.00000,0.00000,0.10513,0.29759,5783.46629,6424.51848,0.09978,4203.00000,4215.00000,120.05959,5749.10164
