"Omega","Tolerance","Step Size Rule","Iterations","Converged?","Gap LR","Gap Naive","Obj. Naive","Obj. LR","Gap","Time Naive","Time LR","Final Lambda","LB Heuristic"
600.00000,0.05000,1.00000,1.00000,1.00000,0.00000,0.16637,239.79010,239.79010,0.00000,4250.00000,2147.00000,0.45566,239.79010
600.00000,0.05000,2.00000,1.00000,1.00000,0.00000,0.16637,239.79010,239.79010,0.00000,4250.00000,2138.00000,0.45566,239.79010
600.00000,0.05000,3.00000,2.00000,0.00000,0.04444,0.16637,239.79010,250.94068,0.04444,4250.00000,2726.00000,427.50000,239.79010
600.00000,0.05000,4.00000,2.00000,0.00000,0.04444,0.16637,239.79010,250.94068,0.04444,4250.00000,2724.00000,403.05087,239.79010
600.00000,0.05000,5.00000,2.00000,0.00000,0.04444,0.16637,239.79010,250.94068,0.04444,4250.00000,2763.00000,0.26316,239.79010
600.00000,0.05000,6.00000,3.00000,0.00000,0.04444,0.16637,239.79010,250.94068,0.04444,4250.00000,4483.00000,0.00000,239.79010
