"Omega","Tolerance","Step Size Rule","Iterations","Converged?","Gap LR","Gap Naive","Obj. Naive","Obj. LR","Gap","Time Naive","Time LR","Final Lambda","LB Heuristic"
20.00000,0.05000,1.00000,1.00000,1.00000,0.00000,0.49028,6806.08856,8050.56157,0.00000,1.00000,0.00000,4026.88164,8050.56157
20.00000,0.05000,2.00000,1.00000,1.00000,0.00000,0.49028,6806.08856,8050.56157,0.00000,1.00000,0.00000,4026.88164,8050.56157
20.00000,0.05000,3.00000,1.00000,1.00000,0.00000,0.49028,6806.08856,8050.56157,0.00000,1.00000,0.00000,4026.88164,8050.56157
20.00000,0.05000,4.00000,2.00000,1.00000,-0.33360,0.49028,6806.08856,6036.73474,-0.33360,1.00000,0.00000,4020.88164,8050.56157
20.00000,0.05000,5.00000,1.00000,1.00000,-0.33360,0.49028,6806.08856,6036.73474,-0.33360,1.00000,0.00000,4026.88164,8050.56157
20.00000,0.05000,6.00000,1.00000,1.00000,-0.33360,0.49028,6806.08856,6036.73474,-0.33360,1.00000,0.00000,4026.88164,8050.56157
