"Omega","Tolerance","Step Size Rule","Iterations","Converged?","Gap LR","Gap Naive","Obj. Naive","Obj. LR","Gap","Time Naive","Time LR","Final Lambda","LB Heuristic"
600.00000,0.07000,1.00000,2.00000,0.00000,0.04326,0.17119,242.80502,253.78338,0.04326,4259.00000,2743.00000,323.64000,242.80502
600.00000,0.07000,2.00000,2.00000,0.00000,0.04326,0.17119,242.80502,253.78338,0.04326,4259.00000,2624.00000,0.35842,242.80502
600.00000,0.07000,3.00000,2.00000,0.00000,0.04326,0.17119,242.80502,253.78338,0.04326,4259.00000,2621.00000,418.50000,242.80502
600.00000,0.07000,4.00000,2.00000,0.00000,0.04326,0.17119,242.80502,253.78338,0.04326,4259.00000,2610.00000,394.56558,242.80502
600.00000,0.07000,5.00000,2.00000,0.00000,0.04326,0.17119,242.80502,253.78338,0.04326,4259.00000,2565.00000,0.26882,242.80502
600.00000,0.07000,6.00000,3.00000,0.00000,0.04723,0.17119,242.80502,254.84051,0.04723,4259.00000,4468.00000,0.00000,242.80502
