"Omega","Tolerance","Step Size Rule","Iterations","Converged?","Gap LR","Gap Naive","Obj. Naive","Obj. LR","Gap","Time Naive","Time LR","Final Lambda","LB Heuristic"
100.00000,0.07000,1.00000,2.00000,0.00000,0.37834,0.45692,7117.80629,11545.68605,0.37834,4203.00000,2450.00000,843.84464,7177.51808
100.00000,0.07000,2.00000,4.00000,0.00000,0.48303,0.45692,7117.80629,13883.81036,0.48303,4203.00000,3239.00000,802.56679,7177.51808
100.00000,0.07000,3.00000,2.00000,0.00000,0.38831,0.45692,7117.80629,11733.83638,0.38831,4203.00000,2456.00000,881.71464,7177.51808
100.00000,0.07000,4.00000,2.00000,0.00000,0.38808,0.45692,7117.80629,11729.49239,0.38808,4203.00000,2459.00000,882.01490,7177.51808
100.00000,0.07000,5.00000,4.00000,0.00000,0.48488,0.45692,7117.80629,13933.81036,0.48488,4203.00000,3550.00000,800.68507,7177.51808
100.00000,0.07000,6.00000,2.00000,0.00000,0.41636,0.45692,7117.80629,12297.79557,0.41636,4203.00000,2525.00000,0.00000,7177.51808
