,Omega,Tolerance,Step Size Rule,Iterations,Converged?,Gap LR,Gap Naive,Obj. Naive,Obj. LR,Gap,Time Naive,Time LR,Final Lambda,LB Heuristic,IR,AP
0,100.0,0.03,1.0,10.0,0.0,0.02998,0.0,280.60425,289.27728,0.02998,184.0,374.0,43.31944,280.60425,-274.93054,-276.04666
1,100.0,0.03,2.0,10.0,0.0,0.01024,0.0,280.60425,283.50824,0.01024,184.0,780.0,4.12371,280.60425,-274.93054,-276.04666
2,100.0,0.03,3.0,10.0,0.0,0.02998,0.0,280.60425,289.27728,0.02998,184.0,329.0,88.29055,280.60425,-274.93054,-276.04666
3,100.0,0.03,4.0,10.0,0.0,0.02998,0.0,280.60425,289.27728,0.02998,184.0,333.0,87.65645,280.60425,-274.93054,-276.04666
4,100.0,0.03,5.0,7.0,1.0,0.0,0.0,280.60425,280.60425,0.0,184.0,700.0,2.93814,280.60425,-274.93054,-276.04666
5,100.0,0.03,6.0,2.0,1.0,0.0,0.0,280.60425,280.60425,0.0,184.0,429.0,2.89827,280.60425,-274.93054,-276.04666
