"Omega","Tolerance","Step Size Rule","Iterations","Converged?","Gap LR","Gap Naive","Obj. Naive","Obj. LR","Gap","Time Naive","Time LR","Final Lambda","LB Heuristic"
600.00000,0.05000,1.00000,2.00000,0.00000,0.62011,1.00000,388.45523,10382.27524,0.62011,4231.00000,4245.00000,445.31025,3944.10361
600.00000,0.05000,2.00000,2.00000,0.00000,0.61265,1.00000,388.45523,10182.27524,0.61265,4231.00000,4246.00000,132.81200,3944.10361
600.00000,0.05000,3.00000,2.00000,0.00000,0.62011,1.00000,388.45523,10382.27524,0.62011,4231.00000,4274.00000,679.61025,3944.10361
600.00000,0.05000,4.00000,2.00000,0.00000,0.62011,1.00000,388.45523,10382.27524,0.62011,4231.00000,4271.00000,680.89705,3944.10361
600.00000,0.05000,5.00000,2.00000,0.00000,0.60881,1.00000,388.45523,10082.27524,0.60881,4231.00000,4240.00000,132.89972,3944.10361
600.00000,0.05000,6.00000,2.00000,0.00000,0.52019,1.00000,388.45523,8220.13168,0.52019,4231.00000,4224.00000,0.00000,3944.10361
