"Omega","Tolerance","Step Size Rule","Iterations","Converged?","Gap LR","Gap Naive","Obj. Naive","Obj. LR","Gap","Time Naive","Time LR","Final Lambda","LB Heuristic"
600.00000,0.05000,1.00000,2.00000,0.00000,0.15075,0.95597,563.20048,4991.71502,0.15075,4204.00000,2502.00000,459.23025,4239.22236
600.00000,0.05000,2.00000,3.00000,0.00000,0.37125,0.95597,563.20048,6742.33725,0.37125,4204.00000,2537.00000,123.72109,4239.22236
600.00000,0.05000,3.00000,3.00000,0.00000,0.37125,0.95597,563.20048,6742.33725,0.37125,4204.00000,4398.00000,525.01025,4239.22236
600.00000,0.05000,4.00000,3.00000,0.00000,0.32163,0.95597,563.20048,6249.08753,0.32163,4204.00000,4399.00000,499.84061,4239.22236
600.00000,0.05000,5.00000,3.00000,0.00000,0.43765,0.95597,563.20048,7538.42700,0.43765,4204.00000,2473.00000,122.54885,4239.22236
600.00000,0.05000,6.00000,3.00000,0.00000,0.37125,0.95597,563.20048,6742.33725,0.37125,4204.00000,4372.00000,15.96411,4239.22236
