Omega,Tolerance,Step Size Rule,Iterations,Converged?,Gap LR,Gap Naive,Obj. Naive,Obj. LR (UB),"Obj. LR (LB),",Gap,Time Naive,Time LR,Final Lambda,LB Heuristic,BBP,Best iter,Lambda best iter,Gamma best iter
1500.0,0.05,1.0,10.0,0.0,0.17067,0.20934,227.69521,287.31147,257.37511,0.17067,4211.0,5596.0,478.5,238.27527,0.0,1.0,0.18336,56.0
1500.0,0.05,2.0,10.0,0.0,0.17067,0.20934,227.69521,287.31147,257.37511,0.17067,4211.0,7009.0,200.0,238.27527,0.0,1.0,0.18336,56.0
1500.0,0.05,3.0,10.0,0.0,0.17065,0.20934,227.69521,287.30477,257.37511,0.17065,4211.0,5592.0,839.2776,238.27527,0.0,1.0,0.18336,56.0
1500.0,0.05,4.0,10.0,0.0,0.17065,0.20934,227.69521,287.30477,257.37511,0.17065,4211.0,5591.0,759.08533,238.27527,0.0,1.0,0.18336,56.0
1500.0,0.05,5.0,10.0,0.0,0.17065,0.20934,227.69521,287.30477,257.37511,0.17065,4211.0,7038.0,0.0,238.27527,0.0,1.0,0.18336,56.0
1500.0,0.05,6.0,7.0,0.0,0.16663,0.20934,227.69521,285.91767,263.2753,0.16663,4211.0,51223.0,0.0,238.27527,0.0,5.0,0.20592,22.0
