Omega,Tolerance,Step Size Rule,Iterations,Converged?,Gap LR,Gap Naive,Obj. Naive,Obj. LR (UB),"Obj. LR (LB),",Gap,Time Naive,Time LR,Final Lambda,LB Heuristic,BBP,Best iter,Lambda best iter,Gamma best iter
1500.0,0.05,1.0,2.0,0.0,0.17241,0.20934,227.69521,287.91351,241.44717,0.17241,4211.0,2497.0,826.5,238.27527,0.0,1.0,0.18336,75.0
1500.0,0.05,2.0,2.0,0.0,0.17241,0.20934,227.69521,287.91351,241.44717,0.17241,4211.0,2502.0,200.0,238.27527,0.0,1.0,0.18336,75.0
1500.0,0.05,3.0,2.0,0.0,0.17241,0.20934,227.69521,287.91351,241.44717,0.17241,4211.0,2497.0,1068.75,238.27527,0.0,1.0,0.18336,75.0
1500.0,0.05,4.0,2.0,0.0,0.17241,0.20934,227.69521,287.91351,241.44717,0.17241,4211.0,2496.0,1007.62716,238.27527,0.0,1.0,0.18336,75.0
1500.0,0.05,5.0,2.0,0.0,0.17241,0.20934,227.69521,287.91351,241.44717,0.17241,4211.0,2500.0,150.0,238.27527,0.0,1.0,0.18336,75.0
1500.0,0.05,6.0,2.0,0.0,0.17241,0.20934,227.69521,287.91351,241.44717,0.17241,4211.0,2501.0,0.41185,238.27527,0.0,1.0,0.18336,75.0
