,Omega,Tolerance,Step Size Rule,Iterations,Converged?,Gap LR,Gap Naive,Obj. Naive,Obj. LR,Gap,Time Naive,Time LR,Final Lambda,LB Heuristic,Heuristic Time,IR,AP
0,1500.0,0.05,1.0,2.0,0.0,0.01314,0.20934,227.69521,241.44717,0.01314,4211.0,2495.0,826.5,238.27527,,-254.78462,0.0
1,1500.0,0.05,2.0,2.0,0.0,0.01314,0.20934,227.69521,241.44717,0.01314,4211.0,2500.0,200.0,238.27527,,-254.78462,0.0
2,1500.0,0.05,3.0,2.0,0.0,0.01314,0.20934,227.69521,241.44717,0.01314,4211.0,2501.0,1068.75,238.27527,,-254.78462,0.0
3,1500.0,0.05,4.0,2.0,0.0,0.01314,0.20934,227.69521,241.44717,0.01314,4211.0,2492.0,1007.62716,238.27527,,-254.78462,0.0
4,1500.0,0.05,5.0,2.0,0.0,0.01314,0.20934,227.69521,241.44717,0.01314,4211.0,2496.0,150.0,238.27527,,-254.78462,0.0
5,1500.0,0.05,6.0,2.0,1.0,0.0,0.20934,227.69521,238.27527,0.0,4211.0,4219.0,0.09878,238.27527,60.0,-254.78462,0.0
