,Omega,Tolerance,Step Size Rule,Iterations,Converged?,Gap LR,Gap Naive,Obj. Naive,Obj. LR,Gap,Time Naive,Time LR,Final Lambda,LB Heuristic,IR,AP
0,900.0,0.03,1.0,5.0,0.0,0.03202,0.1326,244.30124,255.11642,0.03202,4252.0,2254.0,475.02,246.94783,-239.9999,0.0
1,900.0,0.03,2.0,4.0,0.0,0.03202,0.1326,244.30124,255.11642,0.03202,4252.0,3360.0,0.0,246.94783,-239.9999,0.0
2,900.0,0.03,3.0,10.0,0.0,0.03202,0.1326,244.30124,255.11642,0.03202,4252.0,2248.0,457.38994,246.94783,-239.9999,0.0
3,900.0,0.03,4.0,6.0,0.0,0.03202,0.1326,244.30124,255.11642,0.03202,4252.0,2253.0,467.42931,246.94783,-239.9999,0.0
4,900.0,0.03,5.0,6.0,0.0,0.03202,0.1326,244.30124,255.11642,0.03202,4252.0,2311.0,9.26549,246.94783,-239.9999,0.0
5,900.0,0.03,6.0,2.0,0.0,0.03202,0.1326,244.30124,255.11642,0.03202,4252.0,3640.0,0.0,246.94783,-239.9999,0.0
