Omega,Tolerance,Step Size Rule,Iterations,Converged?,Gap LR,Gap Naive,Obj. Naive,Obj. LR,Gap,Time Naive,Time LR,Final Lambda,LB Heuristic
900.0,0.03,1.0,1.0,1.0,0.0,0.1326,244.30124,246.94783,0.0,4252.0,2143.0,0.3766,246.94783
900.0,0.03,2.0,1.0,1.0,0.0,0.1326,244.30124,246.94783,0.0,4252.0,2131.0,0.3766,246.94783
900.0,0.03,3.0,1.0,1.0,0.0,0.1326,244.30124,246.94783,0.0,4252.0,2137.0,0.3766,246.94783
900.0,0.03,4.0,1.0,1.0,0.0,0.1326,244.30124,246.94783,0.0,4252.0,2134.0,0.3766,246.94783
900.0,0.03,5.0,1.0,1.0,0.0,0.1326,244.30124,246.94783,0.0,4252.0,2134.0,0.3766,246.94783
900.0,0.03,6.0,1.0,1.0,0.0,0.1326,244.30124,246.94783,0.0,4252.0,2144.0,0.3766,246.94783
