Omega,Tolerance,Step Size Rule,Iterations,Converged?,Gap LR,Gap Naive,Obj. Naive,Obj. LR (UB),"Obj. LR (LB),",Gap,Time Naive,Time LR,Final Lambda,LB Heuristic,BBP,Best iter,Lambda best iter,Gamma best iter
100.0,0.05,1.0,10.0,0.0,0.0657,0.0,282.66965,297.99169,297.99169,0.05142,312.0,42.0,31.75808,278.41299,0.0,1.0,2.75808,-95.0
100.0,0.05,2.0,10.0,0.0,0.0657,0.0,282.66965,297.99169,297.99169,0.05142,312.0,131.0,2.75808,278.41299,0.0,1.0,2.75808,-95.0
100.0,0.05,3.0,10.0,0.0,0.0657,0.0,282.66965,297.99169,297.99169,0.05142,312.0,31.0,78.70992,278.41299,0.0,1.0,2.75808,-95.0
100.0,0.05,4.0,10.0,0.0,0.0657,0.0,282.66965,297.99169,297.99169,0.05142,312.0,33.0,77.65309,278.41299,0.0,1.0,2.75808,-95.0
100.0,0.05,5.0,10.0,0.0,0.04053,0.0,282.66965,290.17402,290.17402,0.02586,312.0,61.0,0.0,278.41299,0.0,10.0,4.16667,3.0
100.0,0.05,6.0,10.0,0.0,0.02845,0.0,282.66965,286.56654,286.56654,0.0136,312.0,163.0,2.45457,278.41299,0.0,6.0,2.96417,3.0
