Omega,Tolerance,Step Size Rule,Iterations,Converged?,Gap LR,Gap Naive,Obj. Naive,Obj. LR,Gap,Time Naive,Time LR,Final Lambda,LB Heuristic
100.0,0.05,1.0,10.0,0.0,0.0657,0.0,282.66965,297.99169,0.05142,340.0,381.0,31.75808,278.41299
100.0,0.05,2.0,10.0,0.0,0.04097,0.0,282.66965,290.3056,0.0263,340.0,810.0,4.21053,278.41299
100.0,0.05,3.0,10.0,0.0,0.0657,0.0,282.66965,297.99169,0.05142,340.0,333.0,78.70992,278.41299
100.0,0.05,4.0,10.0,0.0,0.0657,0.0,282.66965,297.99169,0.05142,340.0,337.0,77.65309,278.41299
100.0,0.05,5.0,10.0,0.0,0.02882,0.0,282.66965,286.67402,0.01397,340.0,825.0,1.0614,278.41299
100.0,0.05,6.0,10.0,0.0,0.02845,0.0,282.66965,286.56654,0.0136,340.0,1603.0,2.45457,278.41299
,,,,,,,,,,,,,0.0
,,,,,,,,,,,,,0.0
