"Omega","Tolerance","Step Size Rule","Iterations","Converged?","Gap LR","Gap Naive","Obj. Naive","Obj. LR","Gap","Time Naive","Time LR","Final Lambda","LB Heuristic"
600.00000,0.03000,1.00000,2.00000,0.00000,0.33433,0.78539,2388.74368,5783.83216,0.33433,4205.00000,2520.00000,465.06264,3850.15181
600.00000,0.03000,2.00000,3.00000,0.00000,0.34820,0.78539,2388.74368,5906.95966,0.34820,4205.00000,2590.00000,123.96522,3850.15181
600.00000,0.03000,3.00000,3.00000,0.00000,0.34820,0.78539,2388.74368,5906.95966,0.34820,4205.00000,4379.00000,543.74264,3850.15181
600.00000,0.03000,4.00000,3.00000,0.00000,0.37239,0.78539,2388.74368,6134.61993,0.37239,4205.00000,4387.00000,519.18648,3850.15181
600.00000,0.03000,5.00000,3.00000,0.00000,0.36125,0.78539,2388.74368,6027.61172,0.36125,4205.00000,2457.00000,118.80553,3850.15181
600.00000,0.03000,6.00000,3.00000,0.00000,0.34820,0.78539,2388.74368,5906.95966,0.34820,4205.00000,4389.00000,0.00000,3850.15181
