,Omega,Tolerance,Step Size Rule,Iterations,Converged?,Gap LR,Gap Naive,Obj. Naive,Obj. LR,Gap,Time Naive,Time LR,Final Lambda,LB Heuristic,IR,AP
0,100.0,0.05,1.0,10.0,0.0,0.05322,0.00179,282.69468,298.58466,0.05322,384.0,346.0,31.77018,282.69468,-276.74988,-277.7313
1,100.0,0.05,2.0,10.0,0.0,0.04053,0.00179,282.69468,294.63688,0.04053,384.0,740.0,4.21053,282.69468,-276.74988,-277.7313
2,100.0,0.05,3.0,10.0,0.0,0.05322,0.00179,282.69468,298.58466,0.05322,384.0,309.0,78.72202,282.69468,-276.74988,-277.7313
3,100.0,0.05,4.0,10.0,0.0,0.05322,0.00179,282.69468,298.58466,0.05322,384.0,307.0,77.66519,282.69468,-276.74988,-277.7313
4,100.0,0.05,5.0,10.0,0.0,0.0245,0.00179,282.69468,289.79477,0.0245,384.0,666.0,1.0614,282.69468,-276.74988,-277.7313
5,100.0,0.05,6.0,10.0,0.0,0.02366,0.00179,282.69468,289.54455,0.02366,384.0,1454.0,2.08121,282.69468,-276.74988,-277.7313
