Omega,Tolerance,Step Size Rule,Iterations,Converged?,Gap LR,Gap Naive,Obj. Naive,Obj. LR (UB),"Obj. LR (LB),",Gap,Time Naive,Time LR,Final Lambda,LB Heuristic,BBP,Best iter,Lambda best iter,Gamma best iter
100.0,0.05,1.0,10.0,0.0,0.05322,0.0,282.69468,298.58466,298.58466,0.05322,348.0,37.0,31.77018,282.69468,0.0,1.0,2.77018,-95.0
100.0,0.05,2.0,10.0,0.0,0.05322,0.0,282.69468,298.58466,298.58466,0.05322,348.0,126.0,2.77018,282.69468,0.0,1.0,2.77018,-95.0
100.0,0.05,3.0,10.0,0.0,0.05322,0.0,282.69468,298.58466,298.58466,0.05322,348.0,27.0,78.72202,282.69468,0.0,1.0,2.77018,-95.0
100.0,0.05,4.0,10.0,0.0,0.05322,0.0,282.69468,298.58466,298.58466,0.05322,348.0,30.0,77.66519,282.69468,0.0,1.0,2.77018,-95.0
100.0,0.05,5.0,10.0,0.0,0.03996,0.0,282.69468,294.46144,294.46144,0.03996,348.0,56.0,0.0,282.69468,0.0,10.0,4.16667,4.0
100.0,0.05,6.0,10.0,0.0,0.02366,0.0,282.69468,289.54455,289.54455,0.02366,348.0,167.0,2.08121,282.69468,0.0,8.0,2.93745,4.0
