"Omega","Tolerance","Step Size Rule","Iterations","Converged?","Gap LR","Gap Naive","Obj. Naive","Obj. LR","Gap","Time Naive","Time LR","Final Lambda","LB Heuristic"
100.00000,0.03000,1.00000,2.00000,0.00000,0.25444,0.44268,5892.21720,7847.75260,0.24918,4218.00000,4228.00000,808.53888,5850.95218
100.00000,0.03000,2.00000,7.00000,0.00000,0.25700,0.44268,5892.21720,7874.76609,0.25176,4218.00000,2425.00000,757.72334,5850.95218
100.00000,0.03000,3.00000,2.00000,0.00000,0.25486,0.44268,5892.21720,7852.16201,0.24961,4218.00000,4240.00000,806.76888,5850.95218
100.00000,0.03000,4.00000,2.00000,0.00000,0.25391,0.44268,5892.21720,7842.16201,0.24865,4218.00000,4243.00000,806.89756,5850.95218
100.00000,0.03000,5.00000,7.00000,0.00000,0.25700,0.44268,5892.21720,7874.76609,0.25176,4218.00000,2427.00000,716.94524,5850.95218
100.00000,0.03000,6.00000,3.00000,0.00000,0.25700,0.44268,5892.21720,7874.76609,0.25176,4218.00000,4269.00000,132.61910,5850.95218
