"Omega","Tolerance","Step Size Rule","Iterations","Converged?","Gap LR","Gap Naive","Obj. Naive","Obj. LR","Gap","Time Naive","Time LR","Final Lambda","LB Heuristic"
600.00000,0.07000,1.00000,2.00000,0.00000,0.63441,0.73616,3912.50485,12876.61143,0.63441,4250.00000,4331.00000,431.22865,4707.56102
600.00000,0.07000,2.00000,2.00000,0.00000,0.62864,0.73616,3912.50485,12676.61143,0.62864,4250.00000,4336.00000,132.66550,4707.56102
600.00000,0.07000,3.00000,2.00000,0.00000,0.63441,0.73616,3912.50485,12876.61143,0.63441,4250.00000,4332.00000,658.44865,4707.56102
600.00000,0.07000,4.00000,2.00000,0.00000,0.63441,0.73616,3912.50485,12876.61143,0.63441,4250.00000,4349.00000,660.25016,4707.56102
600.00000,0.07000,5.00000,2.00000,0.00000,0.62569,0.73616,3912.50485,12576.61143,0.62569,4250.00000,4318.00000,132.75510,4707.56102
600.00000,0.07000,6.00000,2.00000,0.00000,0.54147,0.73616,3912.50485,10266.66546,0.54147,4250.00000,4283.00000,0.00000,4707.56102
