"Omega","Tolerance","Step Size Rule","Iterations","Converged?","Gap LR","Gap Naive","Obj. Naive","Obj. LR","Gap","Time Naive","Time LR","Final Lambda","LB Heuristic"
900.00000,0.07000,1.00000,1.00000,1.00000,0.00000,0.15584,248.15346,248.15346,0.00000,4302.00000,2174.00000,0.30577,248.15346
900.00000,0.07000,2.00000,1.00000,1.00000,0.00000,0.15584,248.15346,248.15346,0.00000,4302.00000,2156.00000,0.30577,248.15346
900.00000,0.07000,3.00000,1.00000,1.00000,0.00000,0.15584,248.15346,248.15346,0.00000,4302.00000,2155.00000,0.30577,248.15346
900.00000,0.07000,4.00000,1.00000,1.00000,0.00000,0.15584,248.15346,248.15346,0.00000,4302.00000,2168.00000,0.30577,248.15346
900.00000,0.07000,5.00000,1.00000,1.00000,0.00000,0.15584,248.15346,248.15346,0.00000,4302.00000,2164.00000,0.30577,248.15346
900.00000,0.07000,6.00000,1.00000,1.00000,0.00000,0.15584,248.15346,248.15346,0.00000,4302.00000,2145.00000,0.30577,248.15346
