Omega,Tolerance,Step Size Rule,Iterations,Converged?,Gap LR,Gap Naive,Obj. Naive,Obj. LR (UB),"Obj. LR (LB),",Gap,Time Naive,Time LR,Final Lambda,LB Heuristic,BBP,Best iter,Lambda best iter,Gamma best iter
900.0,0.05,1.0,2.0,0.0,0.5804,0.67486,4115.14071,12863.85826,10443.26091,0.5804,4202.0,4205.0,557.90884,5397.71552,0.0,1.0,88.10884,-855.0
900.0,0.05,2.0,2.0,0.0,0.5804,0.67486,4115.14071,12863.85826,10443.26091,0.5804,4202.0,4203.0,88.10884,5397.71552,0.0,1.0,88.10884,-855.0
900.0,0.05,3.0,2.0,0.0,0.5804,0.67486,4115.14071,12863.85826,10443.26091,0.5804,4202.0,4203.0,909.35884,5397.71552,0.0,1.0,88.10884,-855.0
900.0,0.05,4.0,2.0,0.0,0.5804,0.67486,4115.14071,12863.85826,10443.26091,0.5804,4202.0,4205.0,911.28903,5397.71552,0.0,1.0,88.10884,-855.0
900.0,0.05,5.0,2.0,0.0,0.5804,0.67486,4115.14071,12863.85826,10443.26091,0.5804,4202.0,4203.0,238.10884,5397.71552,0.0,1.0,88.10884,-855.0
900.0,0.05,6.0,2.0,0.0,0.5804,0.67486,4115.14071,12863.85826,10443.26091,0.5804,4202.0,4206.0,0.0,5397.71552,0.0,1.0,88.10884,-855.0
