,Omega,Tolerance,Step Size Rule,Iterations,Converged?,Gap LR,Gap Naive,Obj. Naive,Obj. LR,Gap,Time Naive,Time LR,Final Lambda,LB Heuristic,IR,AP
0,900.0,0.05,1.0,2.0,0.0,0.63348,0.67486,4115.14071,10443.26091,0.60595,4202.0,4204.0,557.90884,3827.68987,5397.60863,5095.07173
1,900.0,0.05,2.0,2.0,0.0,0.51211,0.67486,4115.14071,10443.26091,0.51211,4202.0,4204.0,88.10884,5095.18012,5397.60863,5095.07173
2,900.0,0.05,3.0,2.0,0.0,0.63348,0.67486,4115.14071,10443.26091,0.60595,4202.0,4204.0,909.35884,3827.68987,5397.60863,5095.07173
3,900.0,0.05,4.0,2.0,0.0,0.63348,0.67486,4115.14071,10443.26091,0.60595,4202.0,4204.0,911.28903,3827.68987,5397.60863,5095.07173
4,900.0,0.05,5.0,2.0,0.0,0.51211,0.67486,4115.14071,10443.26091,0.51211,4202.0,4205.0,238.10884,5095.18012,5397.60863,5095.07173
5,900.0,0.05,6.0,2.0,0.0,0.56149,0.67486,4115.14071,8728.89804,0.52856,4202.0,4204.0,0.0,3827.68987,5397.60863,5095.07173
