,Omega,Tolerance,Step Size Rule,Iterations,Converged?,Gap LR,Gap Naive,Obj. Naive,Obj. LR (UB),"Obj. LR (LB),",Gap,Time Naive,Time LR,Final Lambda,LB Heuristic,BBP,Best iter,Lambda best iter,Gamma best iter,Obj. LR,Time,QP,IR,AP
0,900.0,0.05,1.0,5.0,0.0,0.57669,0.67486,4115.14071,12751.11273,10443.26091,0.57669,4202.0,55011.0,479.60884,5397.71552,0.0,1.0,88.10884,-855.0,,,-4619.329,-5397.71552,-5095.18012
1,900.0,0.05,2.0,5.0,0.0,0.57053,0.67486,4115.14071,12568.19364,10443.26091,0.57053,4202.0,55011.0,288.10884,5397.71552,0.0,3.0,88.10884,-855.0,,,-4619.329,-5397.71552,-5095.18012
2,900.0,0.05,3.0,5.0,0.0,0.57669,0.67486,4115.14071,12751.11273,10443.26091,0.57669,4202.0,55008.0,840.57312,5397.71552,0.0,1.0,88.10884,-855.0,,,-4619.329,-5397.71552,-5095.18012
3,900.0,0.05,4.0,5.0,0.0,0.57669,0.67486,4115.14071,12751.11273,10443.26091,0.57669,4202.0,55010.0,842.68366,5397.71552,0.0,1.0,88.10884,-855.0,,,-4619.329,-5397.71552,-5095.18012
4,900.0,0.05,5.0,6.0,0.0,0.57669,0.67486,4115.14071,12751.11273,10443.26091,0.57669,4202.0,55034.0,73.10884,5397.71552,0.0,1.0,88.10884,-855.0,,,-4619.329,-5397.71552,-5095.18012
5,900.0,0.05,6.0,10.0,0.0,0.57669,0.67486,4115.14071,12751.11273,10443.26091,0.57669,4202.0,25199.0,85.50696,5397.71552,0.0,1.0,88.10884,-855.0,,,-4619.329,-5397.71552,-5095.18012
