Omega,Tolerance,Step Size Rule,Iterations,Converged?,Gap LR,Gap Naive,Obj. Naive,Obj. LR,Gap,Time Naive,Time LR,Final Lambda,LB Heuristic
600.0,0.07,1.0,1.0,1.0,0.0,0.15729,246.97857,253.07704,0.0,4243.0,2137.0,0.4593,253.07704
600.0,0.07,2.0,1.0,1.0,0.0,0.15729,246.97857,253.07704,0.0,4243.0,2131.0,0.4593,253.07704
600.0,0.07,3.0,1.0,1.0,0.0,0.15729,246.97857,253.07704,0.0,4243.0,2130.0,0.4593,253.07704
600.0,0.07,4.0,1.0,1.0,0.0,0.15729,246.97857,253.07704,0.0,4243.0,2130.0,0.4593,253.07704
600.0,0.07,5.0,1.0,1.0,0.0,0.15729,246.97857,253.07704,0.0,4243.0,2138.0,0.4593,253.07704
600.0,0.07,6.0,1.0,1.0,0.0,0.15729,246.97857,253.07704,0.0,4243.0,2133.0,0.4593,253.07704
