Omega,Tolerance,Step Size Rule,Iterations,Converged?,Gap LR,Gap Naive,Obj. Naive,Obj. LR,Gap,Time Naive,Time LR,Final Lambda,LB Heuristic
600.0,0.07,1.0,10.0,0.0,0.10663,0.15729,246.97857,283.28301,0.10663,4243.0,2184.0,104.8593,253.07704
600.0,0.07,2.0,2.0,0.0,0.09937,0.15729,246.97857,281.00028,0.09937,4243.0,4206.0,0.0,253.07704
600.0,0.07,3.0,10.0,0.0,0.10663,0.15729,246.97857,283.28301,0.10663,4243.0,2184.0,398.45475,253.07704
600.0,0.07,4.0,10.0,0.0,0.10663,0.15729,246.97857,283.28301,0.10663,4243.0,2184.0,389.57738,253.07704
600.0,0.07,5.0,2.0,0.0,0.10663,0.15729,246.97857,283.28301,0.10663,4243.0,4206.0,0.0,253.07704
600.0,0.07,6.0,2.0,0.0,0.06412,0.15729,246.97857,270.41531,0.06412,4243.0,4207.0,0.0,253.07704
,,,,,,,,,,,,,0.0
,,,,,,,,,,,,,0.0
