"Omega","Tolerance","Step Size Rule","Iterations","Converged?","Gap LR","Gap Naive","Obj. Naive","Obj. LR","Gap","Time Naive","Time LR","Final Lambda","LB Heuristic"
600.00000,0.07000,1.00000,1.00000,1.00000,0.00000,0.13842,253.07704,253.07704,0.00000,4253.00000,2154.00000,0.45930,253.07704
600.00000,0.07000,2.00000,1.00000,1.00000,0.00000,0.13842,253.07704,253.07704,0.00000,4253.00000,2155.00000,0.45930,253.07704
600.00000,0.07000,3.00000,1.00000,1.00000,0.00000,0.13842,253.07704,253.07704,0.00000,4253.00000,2139.00000,0.45930,253.07704
600.00000,0.07000,4.00000,1.00000,1.00000,0.00000,0.13842,253.07704,253.07704,0.00000,4253.00000,2134.00000,0.45930,253.07704
600.00000,0.07000,5.00000,1.00000,1.00000,0.00000,0.13842,253.07704,253.07704,0.00000,4253.00000,2140.00000,0.45930,253.07704
600.00000,0.07000,6.00000,1.00000,1.00000,0.00000,0.13842,253.07704,253.07704,0.00000,4253.00000,2141.00000,0.45930,253.07704
