Omega,Tolerance,Step Size Rule,Iterations,Converged?,Gap LR,Gap Naive,Obj. Naive,Obj. LR,Gap,Time Naive,Time LR,Final Lambda,LB Heuristic
600.0,0.01,1.0,1.0,1.0,0.0,0.10243,237.65901,245.72631,0.0,4238.0,2130.0,1.19131,245.72631
600.0,0.01,2.0,1.0,1.0,0.0,0.10243,237.65901,245.72631,0.0,4238.0,2133.0,1.19131,245.72631
600.0,0.01,3.0,1.0,1.0,0.0,0.10243,237.65901,245.72631,0.0,4238.0,2131.0,1.19131,245.72631
600.0,0.01,4.0,1.0,1.0,0.0,0.10243,237.65901,245.72631,0.0,4238.0,2133.0,1.19131,245.72631
600.0,0.01,5.0,1.0,1.0,0.0,0.10243,237.65901,245.72631,0.0,4238.0,2153.0,1.19131,245.72631
600.0,0.01,6.0,1.0,1.0,0.0,0.10243,237.65901,245.72631,0.0,4238.0,2148.0,1.19131,245.72631
