,Omega,Tolerance,Step Size Rule,Iterations,Converged?,Gap LR,Gap Naive,Obj. Naive,Obj. LR,Gap,Time Naive,Time LR,Final Lambda,LB Heuristic,IR,AP
0,600.0,0.01,1.0,10.0,0.0,0.02103,0.10243,237.65901,251.00465,0.02103,4238.0,1949.0,316.68,245.72631,-233.97421,0.0
1,600.0,0.01,2.0,4.0,0.0,0.01878,0.10243,237.65901,250.43034,0.01878,4238.0,4316.0,17.34007,245.72631,-233.97421,0.0
2,600.0,0.01,3.0,10.0,0.0,0.02103,0.10243,237.65901,251.00465,0.02103,4238.0,1970.0,427.14221,245.72631,-233.97421,0.0
3,600.0,0.01,4.0,10.0,0.0,0.02103,0.10243,237.65901,251.00465,0.02103,4238.0,1984.0,400.13808,245.72631,-233.97421,0.0
4,600.0,0.01,5.0,4.0,0.0,0.02103,0.10243,237.65901,251.00465,0.02103,4238.0,4246.0,4.17088,245.72631,-233.97421,0.0
5,600.0,0.01,6.0,3.0,0.0,0.01185,0.10243,237.65901,248.67204,0.01185,4238.0,3953.0,2.32009,245.72631,-233.97421,0.0
