"Omega","Tolerance","Step Size Rule","Iterations","Converged?","Gap LR","Gap Naive","Obj. Naive","Obj. LR","Gap","Time Naive","Time LR","Final Lambda","LB Heuristic"
600.00000,0.03000,1.00000,2.00000,0.00000,0.34383,0.70632,3453.40590,7105.54323,0.34383,4233.00000,4266.00000,461.31658,4662.46248
600.00000,0.03000,2.00000,2.00000,0.00000,0.32482,0.70632,3453.40590,6905.54323,0.32482,4233.00000,4244.00000,134.88387,4662.46248
600.00000,0.03000,3.00000,2.00000,0.00000,0.34383,0.70632,3453.40590,7105.54323,0.34383,4233.00000,4267.00000,702.69658,4662.46248
600.00000,0.03000,4.00000,2.00000,0.00000,0.34383,0.70632,3453.40590,7105.54323,0.34383,4233.00000,4246.00000,703.46866,4662.46248
600.00000,0.03000,5.00000,2.00000,0.00000,0.31490,0.70632,3453.40590,6805.54323,0.31490,4233.00000,4239.00000,134.96978,4662.46248
600.00000,0.03000,6.00000,2.00000,0.00000,0.21823,0.70632,3453.40590,5963.99630,0.21823,4233.00000,4224.00000,0.00000,4662.46248
