"Omega","Tolerance","Step Size Rule","Iterations","Converged?","Gap LR","Gap Naive","Obj. Naive","Obj. LR","Gap","Time Naive","Time LR","Final Lambda","LB Heuristic"
600.00000,0.03000,1.00000,2.00000,0.00000,0.26087,0.87132,1467.70100,5112.11637,0.26087,4205.00000,4210.00000,123.17658,3778.49844
600.00000,0.03000,2.00000,3.00000,0.00000,0.37812,0.87132,1467.70100,6075.93675,0.37812,4205.00000,2484.00000,119.49925,3778.49844
600.00000,0.03000,3.00000,3.00000,0.00000,0.39962,0.87132,1467.70100,6293.49696,0.39962,4205.00000,4393.00000,541.89658,3778.49844
600.00000,0.03000,4.00000,3.00000,0.00000,0.40677,0.87132,1467.70100,6369.37850,0.40677,4205.00000,4365.00000,518.34043,3778.49844
600.00000,0.03000,5.00000,3.00000,0.00000,0.39590,0.87132,1467.70100,6254.73371,0.39590,4205.00000,2413.00000,116.97908,3778.49844
600.00000,0.03000,6.00000,3.00000,0.00000,0.39962,0.87132,1467.70100,6293.49696,0.39962,4205.00000,4354.00000,0.00000,3778.49844
