Omega,Tolerance,Step Size Rule,Iterations,Converged?,Gap LR,Gap Naive,Obj. Naive,Obj. LR (UB),"Obj. LR (LB),",Gap,Time Naive,Time LR,Final Lambda,LB Heuristic,BBP,Best iter,Lambda best iter,Gamma best iter
1500.0,0.05,1.0,2.0,0.0,0.58112,0.86102,1822.22089,13068.71877,10285.40067,0.58112,4204.0,4212.0,836.04082,5474.26373,0.0,1.0,53.04082,-1425.0
1500.0,0.05,2.0,2.0,0.0,0.58112,0.86102,1822.22089,13068.71877,10285.40067,0.58112,4204.0,4211.0,53.04082,5474.26373,0.0,1.0,53.04082,-1425.0
1500.0,0.05,3.0,2.0,0.0,0.58112,0.86102,1822.22089,13068.71877,10285.40067,0.58112,4204.0,4209.0,1421.79082,5474.26373,0.0,1.0,53.04082,-1425.0
1500.0,0.05,4.0,2.0,0.0,0.58112,0.86102,1822.22089,13068.71877,10285.40067,0.58112,4204.0,4213.0,1425.00781,5474.26373,0.0,1.0,53.04082,-1425.0
1500.0,0.05,5.0,2.0,0.0,0.58112,0.86102,1822.22089,13068.71877,10285.40067,0.58112,4204.0,4215.0,203.04082,5474.26373,0.0,1.0,53.04082,-1425.0
1500.0,0.05,6.0,2.0,0.0,0.58112,0.86102,1822.22089,13068.71877,10285.40067,0.58112,4204.0,4209.0,0.0,5474.26373,0.0,1.0,53.04082,-1425.0
