,Omega,Tolerance,Step Size Rule,Iterations,Converged?,Gap LR,Gap Naive,Obj. Naive,Obj. LR,Gap,Time Naive,Time LR,Final Lambda,LB Heuristic,IR,AP
0,1500.0,0.05,1.0,2.0,0.0,0.46776,0.86102,1822.22089,10285.40067,0.46776,4204.0,4214.0,836.04082,5474.26373,5474.93325,5078.63112
1,1500.0,0.05,2.0,2.0,0.0,0.45721,0.86102,1822.22089,10085.40067,0.45721,4204.0,4210.0,53.32152,5474.26373,5474.93325,5078.63112
2,1500.0,0.05,3.0,2.0,0.0,0.46776,0.86102,1822.22089,10285.40067,0.46776,4204.0,4210.0,1421.79082,5474.26373,5474.93325,5078.63112
3,1500.0,0.05,4.0,2.0,0.0,0.46776,0.86102,1822.22089,10285.40067,0.46776,4204.0,4220.0,1425.00781,5474.26373,5474.93325,5078.63112
4,1500.0,0.05,5.0,2.0,0.0,0.45177,0.86102,1822.22089,9985.40067,0.45177,4204.0,4209.0,53.35661,5474.26373,5474.93325,5078.63112
5,1500.0,0.05,6.0,2.0,0.0,0.29574,0.86102,1822.22089,7773.0379,0.29574,4204.0,4208.0,0.0,5474.26373,5474.93325,5078.63112
