Omega,Tolerance,Step Size Rule,Iterations,Converged?,Gap LR,Gap Naive,Obj. Naive,Obj. LR,Gap,Time Naive,Time LR,Final Lambda,LB Heuristic,Heuristic Time
1500.0,0.03,1.0,2.0,0.0,0.03851,0.14422,238.81087,251.63168,0.03851,4211.0,2338.0,843.9,241.9413,
1500.0,0.03,2.0,2.0,0.0,0.03851,0.14422,238.81087,251.63168,0.03851,4211.0,2343.0,0.13746,241.9413,
1500.0,0.03,3.0,2.0,0.0,0.03851,0.14422,238.81087,251.63168,0.03851,4211.0,2339.0,1091.25,241.9413,
1500.0,0.03,4.0,2.0,0.0,0.03851,0.14422,238.81087,251.63168,0.03851,4211.0,2335.0,1028.84037,241.9413,
1500.0,0.03,5.0,2.0,0.0,0.03851,0.14422,238.81087,251.63168,0.03851,4211.0,2338.0,0.10309,241.9413,
1500.0,0.03,6.0,2.0,0.0,0.03851,0.14422,238.81087,251.63168,0.03851,4211.0,2337.0,0.38037,241.9413,52.0
,,,,,,,,,,,,,0.0,
,,,,,,,,,,,,,0.0,
