Omega,Tolerance,Step Size Rule,Iterations,Converged?,Gap LR,Gap Naive,Obj. Naive,Obj. LR (UB),"Obj. LR (LB),",Gap,Time Naive,Time LR,Final Lambda,LB Heuristic,BBP,Best iter,Lambda best iter,Gamma best iter
1500.0,0.05,1.0,2.0,0.0,0.12766,0.15933,241.96615,287.75344,255.52835,0.12766,4210.0,2465.0,826.5,251.01971,0.0,1.0,0.18083,75.0
1500.0,0.05,2.0,2.0,0.0,0.12729,0.15933,241.96615,287.63266,255.52835,0.12729,4210.0,2464.0,200.0,251.01971,0.0,1.0,0.18083,75.0
1500.0,0.05,3.0,2.0,0.0,0.12766,0.15933,241.96615,287.75344,255.52835,0.12766,4210.0,2458.0,1068.75,251.01971,0.0,1.0,0.18083,75.0
1500.0,0.05,4.0,2.0,0.0,0.12766,0.15933,241.96615,287.75344,255.52835,0.12766,4210.0,2457.0,1007.62716,251.01971,0.0,1.0,0.18083,75.0
1500.0,0.05,5.0,2.0,0.0,0.12729,0.15933,241.96615,287.63266,255.52835,0.12729,4210.0,2453.0,150.0,251.01971,0.0,1.0,0.18083,75.0
1500.0,0.05,6.0,2.0,0.0,0.12766,0.15933,241.96615,287.75344,255.52835,0.12766,4210.0,2473.0,0.3964,251.01971,0.0,1.0,0.18083,75.0
