Omega,Tolerance,Step Size Rule,Iterations,Converged?,Gap LR,Gap Naive,Obj. Naive,Obj. LR (UB),"Obj. LR (LB),",Gap,Time Naive,Time LR,Final Lambda,LB Heuristic,BBP,Best iter,Lambda best iter,Gamma best iter
1500.0,0.05,1.0,10.0,0.0,0.12649,0.15933,241.96615,287.36967,263.22814,0.12649,4210.0,5526.0,478.5,251.01971,0.0,1.0,0.18083,59.0
1500.0,0.05,2.0,10.0,0.0,0.12649,0.15933,241.96615,287.36967,263.22814,0.12649,4210.0,6770.0,200.0,251.01971,0.0,1.0,0.18083,59.0
1500.0,0.05,3.0,10.0,0.0,0.12649,0.15933,241.96615,287.36967,263.22814,0.12649,4210.0,5512.0,839.2776,251.01971,0.0,1.0,0.18083,59.0
1500.0,0.05,4.0,10.0,0.0,0.12649,0.15933,241.96615,287.36967,263.22814,0.12649,4210.0,5522.0,759.08533,251.01971,0.0,1.0,0.18083,59.0
1500.0,0.05,5.0,10.0,0.0,0.12649,0.15933,241.96615,287.36967,263.22814,0.12649,4210.0,6471.0,0.0,251.01971,0.0,1.0,0.18083,59.0
1500.0,0.05,6.0,7.0,0.0,0.12162,0.15933,241.96615,285.77469,264.02774,0.12162,4210.0,51149.0,0.0,251.01971,0.0,5.0,0.1982,49.0
