,Omega,Tolerance,Step Size Rule,Iterations,Converged?,Gap LR,Gap Naive,Obj. Naive,Obj. LR,Gap,Time Naive,Time LR,Final Lambda,LB Heuristic,Heuristic Time,IR,AP
0,1500.0,0.05,1.0,2.0,0.0,0.01764,0.15933,241.96615,255.52835,0.01764,4210.0,2454.0,826.5,251.01971,,0.0,0.0
1,1500.0,0.05,2.0,2.0,0.0,0.01764,0.15933,241.96615,255.52835,0.01764,4210.0,2454.0,0.14035,251.01971,,0.0,0.0
2,1500.0,0.05,3.0,2.0,0.0,0.01764,0.15933,241.96615,255.52835,0.01764,4210.0,2457.0,1068.75,251.01971,,0.0,0.0
3,1500.0,0.05,4.0,2.0,0.0,0.01764,0.15933,241.96615,255.52835,0.01764,4210.0,2461.0,1007.62716,251.01971,,0.0,0.0
4,1500.0,0.05,5.0,2.0,0.0,0.01764,0.15933,241.96615,255.52835,0.01764,4210.0,2456.0,0.10526,251.01971,,0.0,0.0
5,1500.0,0.05,6.0,2.0,0.0,0.01764,0.15933,241.96615,255.52835,0.01764,4210.0,2702.0,0.3358,251.01971,76.0,0.0,0.0
