"Omega","Tolerance","Step Size Rule","Iterations","Converged?","Gap LR","Gap Naive","Obj. Naive","Obj. LR","Gap","Time Naive","Time LR","Final Lambda","LB Heuristic"
900.00000,0.07000,1.00000,1.00000,1.00000,0.00000,0.16700,244.42336,244.42336,0.00000,4297.00000,2173.00000,0.30640,244.42336
900.00000,0.07000,2.00000,1.00000,1.00000,0.00000,0.16700,244.42336,244.42336,0.00000,4297.00000,2174.00000,0.30640,244.42336
900.00000,0.07000,3.00000,1.00000,1.00000,0.00000,0.16700,244.42336,244.42336,0.00000,4297.00000,2161.00000,0.30640,244.42336
900.00000,0.07000,4.00000,1.00000,1.00000,0.00000,0.16700,244.42336,244.42336,0.00000,4297.00000,2157.00000,0.30640,244.42336
900.00000,0.07000,5.00000,1.00000,1.00000,0.00000,0.16700,244.42336,244.42336,0.00000,4297.00000,2161.00000,0.30640,244.42336
900.00000,0.07000,6.00000,1.00000,1.00000,0.00000,0.16700,244.42336,244.42336,0.00000,4297.00000,2145.00000,0.30640,244.42336
