Omega,Tolerance,Step Size Rule,Iterations,Converged?,Gap LR,Gap Naive,Obj. Naive,Obj. LR,Gap,Time Naive,Time LR,Final Lambda,LB Heuristic
600.0,0.05,1.0,2.0,0.0,0.03263,0.1485,245.3923,258.68015,0.03263,4241.0,2593.0,330.6,250.24026
600.0,0.05,2.0,2.0,0.0,0.03263,0.1485,245.3923,258.68015,0.03263,4241.0,2624.0,0.35088,250.24026
600.0,0.05,3.0,2.0,0.0,0.03263,0.1485,245.3923,258.68015,0.03263,4241.0,2566.0,427.5,250.24026
600.0,0.05,4.0,2.0,0.0,0.03263,0.1485,245.3923,258.68015,0.03263,4241.0,2603.0,403.05087,250.24026
600.0,0.05,5.0,2.0,0.0,0.03263,0.1485,245.3923,258.68015,0.03263,4241.0,2593.0,0.26316,250.24026
600.0,0.05,6.0,2.0,0.0,0.03263,0.1485,245.3923,258.68015,0.03263,4241.0,2612.0,0.99208,250.24026
