Omega,Tolerance,Step Size Rule,Iterations,Converged?,Gap LR,Gap Naive,Obj. Naive,Obj. LR,Gap,Time Naive,Time LR,Final Lambda,LB Heuristic
600.0,0.05,1.0,10.0,0.0,0.05587,0.1485,245.3923,265.04943,0.05587,4241.0,2193.0,191.4,250.24026
600.0,0.05,2.0,7.0,0.0,0.05587,0.1485,245.3923,265.04943,0.05587,4241.0,6999.0,0.0,250.24026
600.0,0.05,3.0,10.0,0.0,0.05587,0.1485,245.3923,265.04943,0.05587,4241.0,2196.0,335.71104,250.24026
600.0,0.05,4.0,10.0,0.0,0.05587,0.1485,245.3923,265.04943,0.05587,4241.0,2194.0,303.63413,250.24026
600.0,0.05,5.0,5.0,0.0,0.05587,0.1485,245.3923,265.04943,0.05587,4241.0,6591.0,0.0,250.24026
600.0,0.05,6.0,5.0,0.0,0.05386,0.1485,245.3923,264.48624,0.05386,4241.0,6384.0,0.0,250.24026
