Omega,Tolerance,Step Size Rule,Iterations,Converged?,Gap LR,Gap Naive,Obj. Naive,Obj. LR (UB),"Obj. LR (LB),",Gap,Time Naive,Time LR,Final Lambda,LB Heuristic,BBP,Best iter,Lambda best iter,Gamma best iter
600.0,0.05,1.0,10.0,0.0,0.12234,0.1485,245.3923,285.12212,265.04943,0.12234,4241.0,5086.0,191.4,250.24026,0.0,1.0,0.45499,20.0
600.0,0.05,2.0,10.0,0.0,0.12234,0.1485,245.3923,285.12212,265.04943,0.12234,4241.0,5251.0,200.0,250.24026,0.0,1.0,0.45499,20.0
600.0,0.05,3.0,10.0,0.0,0.12234,0.1485,245.3923,285.12212,265.04943,0.12234,4241.0,5087.0,335.71104,250.24026,0.0,1.0,0.45499,20.0
600.0,0.05,4.0,10.0,0.0,0.12234,0.1485,245.3923,285.12212,265.04943,0.12234,4241.0,5086.0,303.63413,250.24026,0.0,1.0,0.45499,20.0
600.0,0.05,5.0,10.0,0.0,0.12234,0.1485,245.3923,285.12212,265.04943,0.12234,4241.0,5281.0,0.0,250.24026,0.0,1.0,0.45499,20.0
600.0,0.05,6.0,9.0,0.0,0.07955,0.1485,245.3923,271.86773,266.85058,0.07955,4241.0,47421.0,0.0,250.24026,0.0,9.0,0.49604,23.0
