Omega,Tolerance,Step Size Rule,Iterations,Converged?,Gap LR,Gap Naive,Obj. Naive,Obj. LR (UB),"Obj. LR (LB),",Gap,Time Naive,Time LR,Final Lambda,LB Heuristic,BBP,Best iter,Lambda best iter,Gamma best iter
600.0,0.05,1.0,10.0,0.0,0.12527,0.1485,245.3923,286.0783,265.04943,0.12527,4241.0,2202.0,191.4,250.24026,0.0,1.0,0.45499,20.0
600.0,0.05,2.0,10.0,0.0,0.12527,0.1485,245.3923,286.0783,265.04943,0.12527,4241.0,2303.0,200.0,250.24026,0.0,1.0,0.45499,20.0
600.0,0.05,3.0,10.0,0.0,0.12528,0.1485,245.3923,286.08175,265.04943,0.12528,4241.0,2201.0,335.71104,250.24026,0.0,1.0,0.45499,20.0
600.0,0.05,4.0,10.0,0.0,0.12527,0.1485,245.3923,286.0783,265.04943,0.12527,4241.0,2202.0,303.63413,250.24026,0.0,1.0,0.45499,20.0
600.0,0.05,5.0,10.0,0.0,0.12527,0.1485,245.3923,286.0783,265.04943,0.12527,4241.0,2381.0,0.0,250.24026,0.0,1.0,0.45499,20.0
600.0,0.05,6.0,3.0,0.0,0.12527,0.1485,245.3923,286.0783,265.04943,0.12527,4241.0,4244.0,0.0,250.24026,0.0,1.0,0.45499,20.0
