"Omega","Tolerance","Step Size Rule","Iterations","Converged?","Gap LR","Gap Naive","Obj. Naive","Obj. LR","Gap","Time Naive","Time LR","Final Lambda","LB Heuristic"
600.00000,0.05000,1.00000,1.00000,1.00000,0.00000,0.13309,250.24026,250.24026,0.00000,4246.00000,2145.00000,0.45499,250.24026
600.00000,0.05000,2.00000,1.00000,1.00000,0.00000,0.13309,250.24026,250.24026,0.00000,4246.00000,2148.00000,0.45499,250.24026
600.00000,0.05000,3.00000,2.00000,0.00000,0.03263,0.13309,250.24026,258.68015,0.03263,4246.00000,2892.00000,427.50000,250.24026
600.00000,0.05000,4.00000,2.00000,0.00000,0.03263,0.13309,250.24026,258.68015,0.03263,4246.00000,2890.00000,403.05087,250.24026
600.00000,0.05000,5.00000,2.00000,0.00000,0.03263,0.13309,250.24026,258.68015,0.03263,4246.00000,2933.00000,0.26316,250.24026
600.00000,0.05000,6.00000,2.00000,0.00000,0.03263,0.13309,250.24026,258.68015,0.03263,4246.00000,2434.00000,0.99208,250.24026
