Omega,Tolerance,Step Size Rule,Iterations,Converged?,Gap LR,Gap Naive,Obj. Naive,Obj. LR,Gap,Time Naive,Time LR,Final Lambda,LB Heuristic
1500.0,0.05,1.0,2.0,0.0,0.46434,0.75055,3283.67582,10337.89607,0.46434,4204.0,4206.0,836.06022,5537.57207
1500.0,0.05,2.0,2.0,0.0,0.45378,0.75055,3283.67582,10137.89607,0.45378,4204.0,4206.0,53.34092,5537.57207
1500.0,0.05,3.0,2.0,0.0,0.46434,0.75055,3283.67582,10337.89607,0.46434,4204.0,4205.0,1421.81022,5537.57207
1500.0,0.05,4.0,2.0,0.0,0.46434,0.75055,3283.67582,10337.89607,0.46434,4204.0,4206.0,1425.02721,5537.57207
1500.0,0.05,5.0,2.0,0.0,0.44833,0.75055,3283.67582,10037.89607,0.44833,4204.0,4207.0,53.37601,5537.57207
1500.0,0.05,6.0,2.0,0.0,0.31582,0.75055,3283.67582,8093.7053,0.31582,4204.0,4206.0,0.0,5537.57207
,,,,,,,,,,,,,5536.8968
,,,,,,,,,,,,,5079.06587
