Omega,Tolerance,Step Size Rule,Iterations,Converged?,Gap LR,Gap Naive,Obj. Naive,Obj. LR (UB),"Obj. LR (LB),",Gap,Time Naive,Time LR,Final Lambda,LB Heuristic,BBP,Best iter,Lambda best iter,Gamma best iter
1500.0,0.05,1.0,2.0,0.0,0.57806,0.75055,3283.67582,13123.98531,10337.89607,0.57806,4204.0,4216.0,836.06022,5537.57207,0.0,1.0,53.06022,-1425.0
1500.0,0.05,2.0,2.0,0.0,0.57806,0.75055,3283.67582,13123.98531,10337.89607,0.57806,4204.0,4218.0,53.06022,5537.57207,0.0,1.0,53.06022,-1425.0
1500.0,0.05,3.0,2.0,0.0,0.57806,0.75055,3283.67582,13123.98531,10337.89607,0.57806,4204.0,4209.0,1421.81022,5537.57207,0.0,1.0,53.06022,-1425.0
1500.0,0.05,4.0,2.0,0.0,0.57806,0.75055,3283.67582,13123.98531,10337.89607,0.57806,4204.0,4206.0,1425.02721,5537.57207,0.0,1.0,53.06022,-1425.0
1500.0,0.05,5.0,2.0,0.0,0.57806,0.75055,3283.67582,13123.98531,10337.89607,0.57806,4204.0,4214.0,203.06022,5537.57207,0.0,1.0,53.06022,-1425.0
1500.0,0.05,6.0,2.0,0.0,0.57806,0.75055,3283.67582,13123.98531,10337.89607,0.57806,4204.0,4206.0,0.0,5537.57207,0.0,1.0,53.06022,-1425.0
