Omega,Tolerance,Step Size Rule,Iterations,Converged?,Gap LR,Gap Naive,Obj. Naive,Obj. LR,Gap,Time Naive,Time LR,Final Lambda,LB Heuristic
900.0,0.05,1.0,1.0,1.0,0.0,1.0,244.30124,251.40796,0.0,4252.0,2133.0,0.29903,251.40796
900.0,0.05,2.0,1.0,1.0,0.0,1.0,244.30124,251.40796,0.0,4252.0,2132.0,0.29903,251.40796
900.0,0.05,3.0,1.0,1.0,0.0,1.0,244.30124,251.40796,0.0,4252.0,2139.0,0.29903,251.40796
900.0,0.05,4.0,1.0,1.0,0.0,1.0,244.30124,251.40796,0.0,4252.0,2135.0,0.29903,251.40796
900.0,0.05,5.0,1.0,1.0,0.0,1.0,244.30124,251.40796,0.0,4252.0,2136.0,0.29903,251.40796
900.0,0.05,6.0,1.0,1.0,0.0,1.0,244.30124,251.40796,0.0,4252.0,2143.0,0.29903,251.40796
