,Omega,Tolerance,Step Size Rule,Iterations,Converged?,Gap LR,Gap Naive,Obj. Naive,Obj. LR,Gap,Time Naive,Time LR,Final Lambda,LB Heuristic,IR,AP
0,900.0,0.05,1.0,5.0,0.0,0.02463,1.0,244.30124,257.75775,0.02463,4252.0,2256.0,417.6,251.40796,-254.6161,0.0
1,900.0,0.05,2.0,4.0,0.0,0.04046,0.14798,245.05362,262.01008,0.04046,4209.0,2287.0,200.0,251.40796,-254.6161,0.0
2,900.0,0.05,3.0,5.0,0.0,0.02463,1.0,244.30124,257.75775,0.02463,4252.0,2257.0,572.46429,251.40796,-254.6161,0.0
3,900.0,0.05,4.0,4.0,0.0,0.02463,1.0,244.30124,257.75775,0.02463,4252.0,2255.0,556.09554,251.40796,-254.6161,0.0
4,900.0,0.05,5.0,5.0,0.0,0.04046,0.14798,245.05362,262.01008,0.04046,4209.0,2299.0,60.0,251.40796,-254.6161,0.0
5,900.0,0.05,6.0,2.0,0.0,0.02463,1.0,244.30124,257.75775,0.02463,4252.0,2299.0,0.64075,251.40796,-254.6161,0.0
