Omega,Tolerance,Step Size Rule,Iterations,Converged?,Gap LR,Gap Naive,Obj. Naive,Obj. LR (UB),"Obj. LR (LB),",Gap,Time Naive,Time LR,Final Lambda,LB Heuristic,BBP,Best iter,Lambda best iter,Gamma best iter
900.0,0.05,1.0,10.0,0.0,0.12506,0.14798,245.05362,287.34161,262.01008,0.12506,4209.0,2291.0,287.1,251.40796,0.0,1.0,0.29903,19.0
900.0,0.05,2.0,8.0,0.0,0.12493,0.14798,245.05362,287.30054,262.01008,0.12493,4209.0,2458.0,200.0,251.40796,0.0,1.0,0.29903,19.0
900.0,0.05,3.0,10.0,0.0,0.12506,0.14798,245.05362,287.34161,262.01008,0.12506,4209.0,2289.0,503.56656,251.40796,0.0,1.0,0.29903,19.0
900.0,0.05,4.0,10.0,0.0,0.12493,0.14798,245.05362,287.30054,262.01008,0.12493,4209.0,2291.0,455.4512,251.40796,0.0,1.0,0.29903,19.0
900.0,0.05,5.0,8.0,0.0,0.12493,0.14798,245.05362,287.30054,262.01008,0.12493,4209.0,2456.0,37.5,251.40796,0.0,1.0,0.29903,19.0
900.0,0.05,6.0,3.0,0.0,0.12506,0.14798,245.05362,287.34161,262.01008,0.12506,4209.0,4300.0,0.0,251.40796,0.0,1.0,0.29903,19.0
