Omega,Tolerance,Step Size Rule,Iterations,Converged?,Gap LR,Gap Naive,Obj. Naive,Obj. LR (UB),"Obj. LR (LB),",Gap,Time Naive,Time LR,Final Lambda,LB Heuristic,BBP,Best iter,Lambda best iter,Gamma best iter
900.0,0.05,1.0,10.0,0.0,0.12094,0.14798,245.05362,285.99754,264.7478,0.12094,4209.0,5180.0,287.1,251.40796,0.0,1.0,0.29903,12.0
900.0,0.05,2.0,10.0,0.0,0.12099,0.14798,245.05362,286.01393,264.7478,0.12099,4209.0,5472.0,200.0,251.40796,0.0,1.0,0.29903,12.0
900.0,0.05,3.0,10.0,0.0,0.12099,0.14798,245.05362,286.01393,264.7478,0.12099,4209.0,5173.0,503.56656,251.40796,0.0,1.0,0.29903,12.0
900.0,0.05,4.0,10.0,0.0,0.12094,0.14798,245.05362,285.99754,264.7478,0.12094,4209.0,5176.0,455.4512,251.40796,0.0,1.0,0.29903,12.0
900.0,0.05,5.0,10.0,0.0,0.12094,0.14798,245.05362,285.99754,264.7478,0.12094,4209.0,5565.0,0.0,251.40796,0.0,1.0,0.29903,12.0
900.0,0.05,6.0,7.0,0.0,0.1178,0.14798,245.05362,284.97776,264.49728,0.1178,4209.0,50293.0,0.0,251.40796,0.0,5.0,0.32879,8.0
