Omega,Tolerance,Step Size Rule,Iterations,Converged?,Gap LR,Gap Naive,Obj. Naive,Obj. LR,Gap,Time Naive,Time LR,Final Lambda,LB Heuristic
900.0,0.05,1.0,2.0,0.0,0.63026,0.67102,4258.25544,10641.31967,0.59984,4204.0,4203.0,557.80529,3934.54498
900.0,0.05,2.0,2.0,0.0,0.62318,0.67102,4258.25544,10441.31967,0.59217,4204.0,4202.0,88.47313,3934.54498
900.0,0.05,3.0,2.0,0.0,0.63026,0.67102,4258.25544,10641.31967,0.59984,4204.0,4202.0,909.25529,3934.54498
900.0,0.05,4.0,2.0,0.0,0.63026,0.67102,4258.25544,10641.31967,0.59984,4204.0,4202.0,911.18549,3934.54498
900.0,0.05,5.0,2.0,0.0,0.61953,0.67102,4258.25544,10341.31967,0.58823,4204.0,4208.0,88.53161,3934.54498
900.0,0.05,6.0,2.0,0.0,0.53256,0.67102,4258.25544,8417.25813,0.4941,4204.0,4202.0,0.0,3934.54498
,,,,,,,,,,,,,5641.66863
,,,,,,,,,,,,,5217.23384
