Omega,Tolerance,Step Size Rule,Iterations,Converged?,Gap LR,Gap Naive,Obj. Naive,Obj. LR (UB),"Obj. LR (LB),",Gap,Time Naive,Time LR,Final Lambda,LB Heuristic,BBP,Best iter,Lambda best iter,Gamma best iter
900.0,0.05,1.0,2.0,0.0,0.57113,0.67102,4258.25544,13159.78798,10641.31967,0.57113,4204.0,4204.0,557.80529,5643.89069,0.0,1.0,88.00529,-855.0
900.0,0.05,2.0,2.0,0.0,0.57113,0.67102,4258.25544,13159.78798,10641.31967,0.57113,4204.0,4203.0,88.00529,5643.89069,0.0,1.0,88.00529,-855.0
900.0,0.05,3.0,2.0,0.0,0.57113,0.67102,4258.25544,13159.78798,10641.31967,0.57113,4204.0,4206.0,909.25529,5643.89069,0.0,1.0,88.00529,-855.0
900.0,0.05,4.0,2.0,0.0,0.57113,0.67102,4258.25544,13159.78798,10641.31967,0.57113,4204.0,4202.0,911.18549,5643.89069,0.0,1.0,88.00529,-855.0
900.0,0.05,5.0,2.0,0.0,0.57113,0.67102,4258.25544,13159.78798,10641.31967,0.57113,4204.0,4202.0,238.00529,5643.89069,0.0,1.0,88.00529,-855.0
900.0,0.05,6.0,2.0,0.0,0.57113,0.67102,4258.25544,13159.78798,10641.31967,0.57113,4204.0,4206.0,0.0,5643.89069,0.0,1.0,88.00529,-855.0
