Omega,Tolerance,Step Size Rule,Iterations,Converged?,Gap LR,Gap Naive,Obj. Naive,Obj. LR,Gap,Time Naive,Time LR,Final Lambda,LB Heuristic
900.0,0.03,1.0,2.0,0.0,0.44749,0.60322,4443.47181,6667.33487,0.33355,4201.0,4203.0,580.46317,3683.80026
900.0,0.03,2.0,2.0,0.0,0.4304,0.60322,4443.47181,6467.33487,0.31294,4201.0,4202.0,90.24136,3683.80026
900.0,0.03,3.0,2.0,0.0,0.44749,0.60322,4443.47181,6667.33487,0.33355,4201.0,4202.0,942.53317,3683.80026
900.0,0.03,4.0,2.0,0.0,0.44749,0.60322,4443.47181,6667.33487,0.33355,4201.0,4203.0,943.69129,3683.80026
900.0,0.03,5.0,2.0,0.0,0.42145,0.62053,4298.16081,6367.33487,0.32497,4202.0,4202.0,90.29863,3683.80026
900.0,0.03,6.0,2.0,0.0,0.44749,0.62053,4298.16081,6667.33487,0.35534,4202.0,4234.0,0.0,3683.80026
