"Omega","Tolerance","Step Size Rule","Iterations","Converged?","Gap LR","Gap Naive","Obj. Naive","Obj. LR","Gap","Time Naive","Time LR","Final Lambda","LB Heuristic"
600.00000,0.03000,1.00000,2.00000,0.00000,0.31524,0.73467,3037.18696,6429.62762,0.31524,4248.00000,4320.00000,462.10703,4402.76859
600.00000,0.03000,2.00000,2.00000,0.00000,0.29325,0.73467,3037.18696,6229.62762,0.29325,4248.00000,4324.00000,135.67431,4402.76859
600.00000,0.03000,3.00000,2.00000,0.00000,0.31524,0.73467,3037.18696,6429.62762,0.31524,4248.00000,4330.00000,703.48703,4402.76859
600.00000,0.03000,4.00000,2.00000,0.00000,0.31524,0.73467,3037.18696,6429.62762,0.31524,4248.00000,4338.00000,704.25911,4402.76859
600.00000,0.03000,5.00000,2.00000,0.00000,0.28172,0.73467,3037.18696,6129.62762,0.28172,4248.00000,4308.00000,135.76023,4402.76859
600.00000,0.03000,6.00000,2.00000,0.00000,0.24546,0.73467,3037.18696,5835.05288,0.24546,4248.00000,4279.00000,0.00000,4402.76859
