,Omega,Tolerance,Step Size Rule,Iterations,Converged?,Gap LR,Gap Naive,Obj. Naive,Obj. LR,Gap,Time Naive,Time LR,Final Lambda,LB Heuristic,IR,AP
0,1500.0,0.05,1.0,2.0,0.0,0.47653,0.74033,3416.6918,10585.39549,0.47653,4204.0,4212.0,835.90459,5541.17637,5541.83534,5127.68678
1,1500.0,0.05,2.0,2.0,0.0,0.46645,0.74033,3416.6918,10385.39549,0.46645,4204.0,4214.0,53.18529,5541.17637,5541.83534,5127.68678
2,1500.0,0.05,3.0,2.0,0.0,0.47653,0.74033,3416.6918,10585.39549,0.47653,4204.0,4207.0,1421.65459,5541.17637,5541.83534,5127.68678
3,1500.0,0.05,4.0,2.0,0.0,0.47653,0.74033,3416.6918,10585.39549,0.47653,4204.0,4214.0,1424.87158,5541.17637,5541.83534,5127.68678
4,1500.0,0.05,5.0,2.0,0.0,0.46126,0.74033,3416.6918,10285.39549,0.46126,4204.0,4205.0,53.22038,5541.17637,5541.83534,5127.68678
5,1500.0,0.05,6.0,2.0,0.0,0.27152,0.74033,3416.6918,7606.50429,0.27152,4204.0,4207.0,4.90879,5541.17637,5541.83534,5127.68678
