Omega,Tolerance,Step Size Rule,Iterations,Converged?,Gap LR,Gap Naive,Obj. Naive,Obj. LR (UB),"Obj. LR (LB),",Gap,Time Naive,Time LR,Final Lambda,LB Heuristic,BBP,Best iter,Lambda best iter,Gamma best iter
1500.0,0.05,1.0,2.0,0.0,0.58039,0.74033,3416.6918,13205.39845,10585.39549,0.58039,4204.0,4207.0,835.90459,5541.17637,0.0,1.0,52.90459,-1425.0
1500.0,0.05,2.0,2.0,0.0,0.58039,0.74033,3416.6918,13205.39845,10585.39549,0.58039,4204.0,4208.0,52.90459,5541.17637,0.0,1.0,52.90459,-1425.0
1500.0,0.05,3.0,2.0,0.0,0.58039,0.74033,3416.6918,13205.39845,10585.39549,0.58039,4204.0,4208.0,1421.65459,5541.17637,0.0,1.0,52.90459,-1425.0
1500.0,0.05,4.0,2.0,0.0,0.58039,0.74033,3416.6918,13205.39845,10585.39549,0.58039,4204.0,4207.0,1424.87158,5541.17637,0.0,1.0,52.90459,-1425.0
1500.0,0.05,5.0,2.0,0.0,0.58039,0.74033,3416.6918,13205.39845,10585.39549,0.58039,4204.0,4207.0,202.90459,5541.17637,0.0,1.0,52.90459,-1425.0
1500.0,0.05,6.0,2.0,0.0,0.58039,0.74033,3416.6918,13205.39845,10585.39549,0.58039,4204.0,4209.0,0.0,5541.17637,0.0,1.0,52.90459,-1425.0
