"Omega","Tolerance","Step Size Rule","Iterations","Converged?","Gap LR","Gap Naive","Obj. Naive","Obj. LR","Gap","Time Naive","Time LR","Final Lambda","LB Heuristic"
600.00000,0.01000,1.00000,2.00000,0.00000,6.69414,0.60088,3963.83624,-796.87790,6.69414,4232.00000,4242.00000,487.46806,4537.53290
600.00000,0.01000,2.00000,2.00000,0.00000,-1.28897,0.60088,3963.83624,1982.34372,-1.28897,4232.00000,3081.00000,113.43143,4537.53290
600.00000,0.01000,3.00000,2.00000,0.00000,-5.48217,0.60088,3963.83624,700.00210,-5.48217,4232.00000,4259.00000,585.92806,4537.53290
600.00000,0.01000,4.00000,2.00000,0.00000,2.58434,0.60088,3963.83624,-2863.99790,2.58434,4232.00000,4252.00000,736.18542,4537.53290
600.00000,0.01000,5.00000,2.00000,0.00000,2.58434,0.60088,3963.83624,-2863.99790,2.58434,4232.00000,4286.00000,121.93311,4537.53290
600.00000,0.01000,6.00000,2.00000,0.00000,-0.07650,0.60088,3963.83624,4215.07883,-0.07650,4232.00000,4245.00000,0.00000,4537.53290
