"Omega","Tolerance","Step Size Rule","Iterations","Converged?","Gap LR","Gap Naive","Obj. Naive","Obj. LR","Gap","Time Naive","Time LR","Final Lambda","LB Heuristic"
600.00000,0.01000,1.00000,2.00000,0.00000,0.12459,0.80802,1861.17423,4532.99979,0.12459,4205.00000,4218.00000,140.04806,3968.22027
600.00000,0.01000,2.00000,3.00000,0.00000,0.17566,0.80802,1861.17423,4813.83915,0.17566,4205.00000,2467.00000,97.10146,3968.22027
600.00000,0.01000,3.00000,2.00000,0.00000,0.17152,0.80802,1861.17423,4789.73265,0.17152,4205.00000,4220.00000,135.92806,3968.22027
600.00000,0.01000,4.00000,2.00000,0.00000,0.19063,0.80802,1861.17423,4902.85358,0.19063,4205.00000,4215.00000,137.89253,3968.22027
600.00000,0.01000,5.00000,3.00000,0.00000,0.21909,0.80802,1861.17423,5081.51188,0.21909,4205.00000,2483.00000,86.84893,3968.22027
600.00000,0.01000,6.00000,3.00000,0.00000,0.17152,0.80802,1861.17423,4789.73265,0.17152,4205.00000,4389.00000,13.74043,3968.22027
