"Omega","Tolerance","Step Size Rule","Iterations","Converged?","Gap LR","Gap Naive","Obj. Naive","Obj. LR","Gap","Time Naive","Time LR","Final Lambda","LB Heuristic"
600.00000,0.01000,1.00000,2.00000,0.00000,0.10290,0.65938,3405.50847,5097.82627,0.10290,4249.00000,4323.00000,141.78806,4573.26496
600.00000,0.01000,2.00000,2.00000,0.00000,0.10424,0.65938,3405.50847,5105.43960,0.10424,4249.00000,2537.00000,96.76476,4573.26496
600.00000,0.01000,3.00000,2.00000,0.00000,0.11572,0.65938,3405.50847,5171.75932,0.11572,4249.00000,4374.00000,135.92806,4573.26496
600.00000,0.01000,4.00000,2.00000,0.00000,0.13673,0.65938,3405.50847,5297.57646,0.13673,4249.00000,4364.00000,136.18542,4573.26496
600.00000,0.01000,5.00000,2.00000,0.00000,0.14544,0.65938,3405.50847,5351.60878,0.14544,4249.00000,2621.00000,96.68058,4573.26496
600.00000,0.01000,6.00000,2.00000,0.00000,0.11582,0.65938,3405.50847,5172.31165,0.11582,4249.00000,2601.00000,273.03662,4573.26496
