Omega,Tolerance,Step Size Rule,Iterations,Converged?,Gap LR,Gap Naive,Obj. Naive,Obj. LR (UB),"Obj. LR (LB),",Gap,Time Naive,Time LR,Final Lambda,LB Heuristic,BBP,Best iter,Lambda best iter,Gamma best iter
600.0,0.05,1.0,10.0,0.0,0.12107,0.15632,242.28901,285.51435,265.59108,0.12107,4239.0,2193.0,191.4,250.94732,0.0,1.0,0.45155,22.0
600.0,0.05,2.0,10.0,0.0,0.12107,0.15632,242.28901,285.51435,265.59108,0.12107,4239.0,2285.0,200.0,250.94732,0.0,1.0,0.45155,22.0
600.0,0.05,3.0,10.0,0.0,0.12107,0.15632,242.28901,285.51435,265.59108,0.12107,4239.0,2193.0,335.71104,250.94732,0.0,1.0,0.45155,22.0
600.0,0.05,4.0,10.0,0.0,0.12107,0.15632,242.28901,285.51435,265.59108,0.12107,4239.0,2192.0,303.63413,250.94732,0.0,1.0,0.45155,22.0
600.0,0.05,5.0,10.0,0.0,0.12107,0.15632,242.28901,285.51435,265.59108,0.12107,4239.0,2436.0,0.0,250.94732,0.0,1.0,0.45155,22.0
600.0,0.05,6.0,3.0,0.0,0.12107,0.15632,242.28901,285.51435,265.59108,0.12107,4239.0,4237.0,0.0,250.94732,0.0,1.0,0.45155,22.0
