,Omega,Tolerance,Step Size Rule,Iterations,Converged?,Gap LR,Gap Naive,Obj. Naive,Obj. LR,Gap,Time Naive,Time LR,Final Lambda,LB Heuristic,IR,AP
0,600.0,0.05,1.0,2.0,0.0,0.01911,0.15632,242.28901,255.83538,0.01911,4239.0,2510.0,330.6,250.94732,0.0,0.0
1,600.0,0.05,2.0,2.0,0.0,0.01911,0.15632,242.28901,255.83538,0.01911,4239.0,2489.0,0.35088,250.94732,0.0,0.0
2,600.0,0.05,3.0,2.0,0.0,0.01911,0.15632,242.28901,255.83538,0.01911,4239.0,2478.0,427.5,250.94732,0.0,0.0
3,600.0,0.05,4.0,2.0,0.0,0.01911,0.15632,242.28901,255.83538,0.01911,4239.0,2539.0,403.05087,250.94732,0.0,0.0
4,600.0,0.05,5.0,2.0,0.0,0.01911,0.15632,242.28901,255.83538,0.01911,4239.0,2507.0,0.26316,250.94732,0.0,0.0
5,600.0,0.05,6.0,2.0,0.0,0.01911,0.15632,242.28901,255.83538,0.01911,4239.0,2742.0,0.86252,250.94732,0.0,0.0
