,Omega,Tolerance,Step Size Rule,Iterations,Converged?,Gap LR,Gap Naive,Obj. Naive,Obj. LR,Gap,Time Naive,Time LR,Final Lambda,LB Heuristic,IR,AP
0,600.0,0.05,1.0,10.0,0.0,0.05514,0.15632,242.28901,265.59108,0.05514,4239.0,2182.0,191.4,250.94732,-254.76214,0.0
1,600.0,0.05,2.0,9.0,0.0,0.05514,0.15632,242.28901,265.59108,0.05514,4239.0,2253.0,0.0,250.94732,-254.76214,0.0
2,600.0,0.05,3.0,10.0,0.0,0.05514,0.15632,242.28901,265.59108,0.05514,4239.0,2188.0,335.71104,250.94732,-254.76214,0.0
3,600.0,0.05,4.0,10.0,0.0,0.05514,0.15632,242.28901,265.59108,0.05514,4239.0,2190.0,303.63413,250.94732,-254.76214,0.0
4,600.0,0.05,5.0,7.0,0.0,0.05514,0.15632,242.28901,265.59108,0.05514,4239.0,2258.0,0.0,250.94732,-254.76214,0.0
5,600.0,0.05,6.0,5.0,0.0,0.05514,0.15632,242.28901,265.59108,0.05514,4239.0,6375.0,0.14911,250.94732,-254.76214,0.0
