"Omega","Tolerance","Step Size Rule","Iterations","Converged?","Gap LR","Gap Naive","Obj. Naive","Obj. LR","Gap","Time Naive","Time LR","Final Lambda","LB Heuristic"
100.00000,0.01000,1.00000,10.00000,0.00000,0.01099,0.00000,278.13221,279.67056,0.00550,222.00000,653.00000,56.58256,276.59790
100.00000,0.01000,2.00000,10.00000,0.00000,0.01387,0.00000,278.13221,280.48840,0.00840,222.00000,1010.00000,0.00000,276.59790
100.00000,0.01000,3.00000,10.00000,0.00000,0.01155,0.00000,278.13221,279.83056,0.00607,222.00000,905.00000,59.57293,276.59790
100.00000,0.01000,4.00000,10.00000,0.00000,0.01130,0.00000,278.13221,279.75908,0.00582,222.00000,937.00000,57.09659,276.59790
100.00000,0.01000,5.00000,10.00000,0.00000,0.01120,0.00000,278.13221,279.73083,0.00571,222.00000,759.00000,1.95647,276.59790
100.00000,0.01000,6.00000,10.00000,0.00000,0.00916,0.00000,278.13221,279.15539,0.00367,222.00000,1532.00000,2.06802,276.59790
