Omega,Tolerance,Step Size Rule,Iterations,Converged?,Gap LR,Gap Naive,Obj. Naive,Obj. LR,Gap,Time Naive,Time LR,Final Lambda,LB Heuristic
600.0,0.03,1.0,2.0,0.0,0.46608,0.74652,1926.46176,6761.16479,0.46608,4204.0,4202.0,461.77341,3609.89087
600.0,0.03,2.0,2.0,0.0,0.44981,0.74652,1926.46176,6561.16479,0.44981,4204.0,4202.0,135.3407,3609.89087
600.0,0.03,2.0,2.0,0.0,0.44981,0.74652,1926.46176,6561.16479,0.44981,4204.0,4201.0,135.3407,3609.89087
600.0,0.03,4.0,2.0,0.0,0.46608,0.74652,1926.46176,6761.16479,0.46608,4204.0,4202.0,703.92549,3609.89087
600.0,0.03,5.0,2.0,0.0,0.44129,0.74652,1926.46176,6461.16479,0.44129,4204.0,4201.0,135.42661,3609.89087
600.0,0.03,6.0,2.0,0.0,0.46608,0.74652,1926.46176,6761.16479,0.46608,4204.0,4205.0,0.0,3609.89087
