Omega,Tolerance,Step Size Rule,Iterations,Converged?,Gap LR,Gap Naive,Obj. Naive,Obj. LR,Gap,Time Naive,Time LR,Final Lambda,LB Heuristic
600.0,0.01,1.0,2.0,0.0,0.03639,0.07442,242.59375,248.4258,0.02348,4236.0,2653.0,344.52,239.38435
600.0,0.01,2.0,2.0,0.0,0.03639,0.07442,242.59375,248.4258,0.02348,4236.0,2650.0,0.3367,239.38435
600.0,0.01,3.0,2.0,0.0,0.03639,0.07442,242.59375,248.4258,0.02348,4236.0,2591.0,445.5,239.38435
600.0,0.01,4.0,2.0,0.0,0.03639,0.07442,242.59375,248.4258,0.02348,4236.0,2605.0,420.02143,239.38435
600.0,0.01,5.0,2.0,0.0,0.03639,0.07442,242.59375,248.4258,0.02348,4236.0,2627.0,0.25253,239.38435
600.0,0.01,6.0,2.0,0.0,0.03639,0.07442,242.59375,248.4258,0.02348,4236.0,2700.0,0.8729,239.38435
,,,,,,,,,,,,,0.0
,,,,,,,,,,,,,0.0
