Omega,Tolerance,Step Size Rule,Iterations,Converged?,Gap LR,Gap Naive,Obj. Naive,Obj. LR,Gap,Time Naive,Time LR,Final Lambda,LB Heuristic
600.0,0.03,1.0,2.0,0.0,0.44741,0.73778,1982.37114,6787.54644,0.44741,4210.0,4202.0,461.74264,3750.75903
600.0,0.03,2.0,2.0,0.0,0.43063,0.73778,1982.37114,6587.54644,0.43063,4210.0,4201.0,135.30992,3750.75903
600.0,0.03,2.0,2.0,0.0,0.43063,0.73778,1982.37114,6587.54644,0.43063,4210.0,4202.0,135.30992,3750.75903
600.0,0.03,4.0,2.0,0.0,0.44741,0.73778,1982.37114,6787.54644,0.44741,4210.0,4200.0,703.89471,3750.75903
600.0,0.03,5.0,2.0,0.0,0.42185,0.73778,1982.37114,6487.54644,0.42185,4210.0,4201.0,135.39583,3750.75903
600.0,0.03,6.0,2.0,0.0,0.44741,0.73778,1982.37114,6787.54644,0.44741,4210.0,4202.0,0.0,3750.75903
