Omega,Tolerance,Step Size Rule,Iterations,Converged?,Gap LR,Gap Naive,Obj. Naive,Obj. LR (UB),"Obj. LR (LB),",Gap,Time Naive,Time LR,Final Lambda,LB Heuristic,BBP,Best iter,Lambda best iter,Gamma best iter
600.0,0.05,1.0,10.0,0.0,0.10964,0.19203,232.29671,283.56609,273.41678,0.10964,4244.0,5072.0,174.45227,252.47711,0.0,1.0,0.45227,-570.0
600.0,0.05,2.0,7.0,0.0,0.09929,0.19203,232.29671,280.30878,273.41678,0.09929,4244.0,50024.0,200.45227,252.47711,0.0,3.0,0.45227,-570.0
600.0,0.05,3.0,10.0,0.0,0.10964,0.19203,232.29671,283.56609,273.41678,0.10964,4244.0,5076.0,456.16331,252.47711,0.0,1.0,0.45227,-570.0
600.0,0.05,4.0,10.0,0.0,0.10964,0.19203,232.29671,283.56609,273.41678,0.10964,4244.0,5074.0,449.82233,252.47711,0.0,1.0,0.45227,-570.0
600.0,0.05,5.0,10.0,0.0,0.10964,0.19203,232.29671,283.56609,273.41678,0.10964,4244.0,5324.0,0.0,252.47711,0.0,1.0,0.45227,-570.0
600.0,0.05,6.0,8.0,0.0,0.08202,0.19203,232.29671,275.03452,275.03452,0.08202,4244.0,45279.0,0.0,252.47711,0.0,4.0,0.978,24.0
