Omega,Tolerance,Step Size Rule,Iterations,Converged?,Gap LR,Gap Naive,Obj. Naive,Obj. LR,Gap,Time Naive,Time LR,Final Lambda,LB Heuristic
600.0,0.05,1.0,1.0,1.0,0.0,0.19203,232.29671,252.47711,0.0,4244.0,2130.0,0.45227,252.47711
600.0,0.05,2.0,1.0,1.0,0.0,0.19203,232.29671,252.47711,0.0,4244.0,2137.0,0.45227,252.47711
600.0,0.05,3.0,1.0,1.0,0.0,0.19203,232.29671,252.47711,0.0,4244.0,2130.0,0.45227,252.47711
600.0,0.05,4.0,1.0,1.0,0.0,0.19203,232.29671,252.47711,0.0,4244.0,2131.0,0.45227,252.47711
600.0,0.05,5.0,1.0,1.0,0.0,0.19203,232.29671,252.47711,0.0,4244.0,2140.0,0.45227,252.47711
600.0,0.05,6.0,1.0,1.0,0.0,0.19203,232.29671,252.47711,0.0,4244.0,2138.0,0.45227,252.47711
