Omega,Tolerance,Step Size Rule,Iterations,Converged?,Gap LR,Gap Naive,Obj. Naive,Obj. LR (UB),"Obj. LR (LB),",Gap,Time Naive,Time LR,Final Lambda,LB Heuristic,BBP,Best iter,Lambda best iter,Gamma best iter
600.0,0.05,1.0,10.0,0.0,0.11376,0.19203,232.29671,284.88413,261.58596,0.11376,4244.0,2196.0,191.4,252.47711,0.0,1.0,0.45227,13.0
600.0,0.05,2.0,10.0,0.0,0.11376,0.19203,232.29671,284.88413,261.58596,0.11376,4244.0,2282.0,200.0,252.47711,0.0,1.0,0.45227,13.0
600.0,0.05,3.0,10.0,0.0,0.11376,0.19203,232.29671,284.88413,261.58596,0.11376,4244.0,2198.0,335.71104,252.47711,0.0,1.0,0.45227,13.0
600.0,0.05,4.0,10.0,0.0,0.11376,0.19203,232.29671,284.88413,261.58596,0.11376,4244.0,2196.0,303.63413,252.47711,0.0,1.0,0.45227,13.0
600.0,0.05,5.0,10.0,0.0,0.11376,0.19203,232.29671,284.88413,261.58596,0.11376,4244.0,2439.0,0.0,252.47711,0.0,1.0,0.45227,13.0
600.0,0.05,6.0,3.0,0.0,0.11376,0.19203,232.29671,284.88413,261.58596,0.11376,4244.0,4235.0,0.0,252.47711,0.0,1.0,0.45227,13.0
