,Omega,Tolerance,Step Size Rule,Iterations,Converged?,Gap LR,Gap Naive,Obj. Naive,Obj. LR,Gap,Time Naive,Time LR,Final Lambda,LB Heuristic,IR,AP
0,600.0,0.05,1.0,10.0,0.0,0.03482,0.19203,232.29671,261.58596,0.03482,4244.0,2205.0,191.4,252.47711,-254.60989,0.0
1,600.0,0.05,2.0,3.0,0.0,0.03482,0.19203,232.29671,261.58596,0.03482,4244.0,2485.0,0.70175,252.47711,-254.60989,0.0
2,600.0,0.05,3.0,10.0,0.0,0.03482,0.19203,232.29671,261.58596,0.03482,4244.0,2206.0,335.71104,252.47711,-254.60989,0.0
3,600.0,0.05,4.0,10.0,0.0,0.03482,0.19203,232.29671,261.58596,0.03482,4244.0,2204.0,303.63413,252.47711,-254.60989,0.0
4,600.0,0.05,5.0,3.0,0.0,0.03482,0.19203,232.29671,261.58596,0.03482,4244.0,2389.0,0.4386,252.47711,-254.60989,0.0
5,600.0,0.05,6.0,3.0,0.0,0.03482,0.19203,232.29671,261.58596,0.03482,4244.0,4244.0,0.20643,252.47711,-254.60989,0.0
