"Omega","Tolerance","Step Size Rule","Iterations","Converged?","Gap LR","Gap Naive","Obj. Naive","Obj. LR","Gap","Time Naive","Time LR","Final Lambda","LB Heuristic"
600.00000,0.05000,1.00000,1.00000,1.00000,0.00000,0.12184,252.47711,252.47711,0.00000,4250.00000,2154.00000,0.45227,252.47711
600.00000,0.05000,2.00000,1.00000,1.00000,0.00000,0.12184,252.47711,252.47711,0.00000,4250.00000,2151.00000,0.45227,252.47711
600.00000,0.05000,3.00000,1.00000,1.00000,0.00000,0.12184,252.47711,252.47711,0.00000,4250.00000,2142.00000,0.45227,252.47711
600.00000,0.05000,4.00000,1.00000,1.00000,0.00000,0.12184,252.47711,252.47711,0.00000,4250.00000,2145.00000,0.45227,252.47711
600.00000,0.05000,5.00000,1.00000,1.00000,0.00000,0.12184,252.47711,252.47711,0.00000,4250.00000,2147.00000,0.45227,252.47711
600.00000,0.05000,6.00000,1.00000,1.00000,0.00000,0.12184,252.47711,252.47711,0.00000,4250.00000,2146.00000,0.45227,252.47711
