Omega,Tolerance,Step Size Rule,Iterations,Converged?,Gap LR,Gap Naive,Obj. Naive,Obj. LR (UB),"Obj. LR (LB),",Gap,Time Naive,Time LR,Final Lambda,LB Heuristic,BBP,Best iter,Lambda best iter,Gamma best iter
900.0,0.01,1.0,1.0,1.0,0.07839,0.16189,226.46315,265.68346,250.05751,0.07839,4251.0,5004.0,0.76924,244.85577,1.0,1.0,0.76924,0.0
900.0,0.01,2.0,1.0,1.0,0.07839,0.16189,226.46315,265.68346,250.05751,0.07839,4251.0,5003.0,0.76924,244.85577,1.0,1.0,0.76924,0.0
900.0,0.01,3.0,1.0,1.0,0.07839,0.16189,226.46315,265.68346,250.05751,0.07839,4251.0,5004.0,0.76924,244.85577,1.0,1.0,0.76924,0.0
900.0,0.01,4.0,1.0,1.0,0.07839,0.16189,226.46315,265.68346,250.05751,0.07839,4251.0,5003.0,0.76924,244.85577,1.0,1.0,0.76924,0.0
900.0,0.01,5.0,1.0,1.0,0.07839,0.16189,226.46315,265.68346,250.05751,0.07839,4251.0,5004.0,0.76924,244.85577,1.0,1.0,0.76924,0.0
900.0,0.01,6.0,1.0,1.0,0.07839,0.16189,226.46315,265.68346,250.05751,0.07839,4251.0,5003.0,0.76924,244.85577,1.0,1.0,0.76924,0.0
