Omega,Tolerance,Step Size Rule,Iterations,Converged?,Gap LR,Gap Naive,Obj. Naive,Obj. LR,Gap,Time Naive,Time LR,Final Lambda,LB Heuristic
900.0,0.01,1.0,1.0,1.0,0.0,0.16189,226.46315,244.85577,0.0,4251.0,2147.0,0.76924,244.85577
900.0,0.01,2.0,1.0,1.0,0.0,0.16189,226.46315,244.85577,0.0,4251.0,2153.0,0.76924,244.85577
900.0,0.01,3.0,1.0,1.0,0.0,0.16189,226.46315,244.85577,0.0,4251.0,2146.0,0.76924,244.85577
900.0,0.01,4.0,1.0,1.0,0.0,0.16189,226.46315,244.85577,0.0,4251.0,2152.0,0.76924,244.85577
900.0,0.01,5.0,1.0,1.0,0.0,0.16189,226.46315,244.85577,0.0,4251.0,2151.0,0.76924,244.85577
900.0,0.01,6.0,1.0,1.0,0.0,0.16189,226.46315,244.85577,0.0,4251.0,2141.0,0.76924,244.85577
