Omega,Tolerance,Step Size Rule,Iterations,Converged?,Gap LR,Gap Naive,Obj. Naive,Obj. LR,Gap,Time Naive,Time LR,Final Lambda,LB Heuristic
900.0,0.01,1.0,2.0,0.0,0.01385,0.16189,226.46315,248.29367,0.01385,4251.0,3253.0,0.0,244.85577
900.0,0.01,2.0,7.0,0.0,0.01385,0.16189,226.46315,248.29367,0.01385,4251.0,2251.0,67.43591,244.85577
900.0,0.01,3.0,2.0,0.0,0.01385,0.16189,226.46315,248.29367,0.01385,4251.0,2464.0,0.0,244.85577
900.0,0.01,4.0,2.0,0.0,0.01385,0.16189,226.46315,248.29367,0.01385,4251.0,2454.0,0.0,244.85577
900.0,0.01,5.0,10.0,0.0,0.01385,0.16189,226.46315,248.29367,0.01385,4251.0,2265.0,236.4703,244.85577
900.0,0.01,6.0,2.0,0.0,0.01385,0.16189,226.46315,248.29367,0.01385,4251.0,2335.0,0.0,244.85577
