Omega,Tolerance,Step Size Rule,Iterations,Converged?,Gap LR,Gap Naive,Obj. Naive,Obj. LR (UB),"Obj. LR (LB),",Gap,Time Naive,Time LR,Final Lambda,LB Heuristic,BBP,Best iter,Lambda best iter,Gamma best iter
900.0,0.01,1.0,2.0,0.0,0.03453,0.16189,226.46315,253.61217,253.61217,0.03453,4251.0,3170.0,0.0,244.85577,0.0,2.0,1.34924,3.0
900.0,0.01,2.0,3.0,0.0,0.07497,0.16189,226.46315,264.70062,251.10682,0.07497,4251.0,4219.0,0.0,244.85577,0.0,3.0,0.76924,2.0
900.0,0.01,3.0,2.0,0.0,0.04035,0.16189,226.46315,255.15156,255.15156,0.04035,4251.0,2857.0,0.0,244.85577,0.0,2.0,1.76924,6.0
900.0,0.01,4.0,2.0,0.0,0.04035,0.16189,226.46315,255.15156,255.15156,0.04035,4251.0,2806.0,0.0,244.85577,0.0,2.0,1.76924,6.0
900.0,0.01,5.0,7.0,0.0,0.08162,0.16189,226.46315,266.6171,248.29367,0.08162,4251.0,2438.0,0.0,244.85577,0.0,1.0,0.76924,-1.0
900.0,0.01,6.0,4.0,0.0,0.08162,0.16189,226.46315,266.6171,248.29367,0.08162,4251.0,4360.0,7.20105,244.85577,0.0,1.0,0.76924,-1.0
