Omega,Tolerance,Step Size Rule,Iterations,Converged?,Gap LR,Gap Naive,Obj. Naive,Obj. LR,Gap,Time Naive,Time LR,Final Lambda,LB Heuristic,Heuristic Time
1500.0,0.07,1.0,2.0,0.0,0.02776,1.0,234.87328,254.08938,0.02776,4211.0,2484.0,809.1,247.03578,
1500.0,0.07,2.0,2.0,0.0,0.02776,1.0,234.87328,254.08938,0.02776,4211.0,2477.0,0.14337,247.03578,
1500.0,0.07,3.0,2.0,0.0,0.02776,1.0,234.87328,254.08938,0.02776,4211.0,2484.0,1046.25,247.03578,
1500.0,0.07,4.0,2.0,0.0,0.02776,1.0,234.87328,254.08938,0.02776,4211.0,2486.0,986.41396,247.03578,
1500.0,0.07,5.0,2.0,0.0,0.02776,1.0,234.87328,254.08938,0.02776,4211.0,2484.0,0.10753,247.03578,
1500.0,0.07,6.0,2.0,0.0,0.02776,1.0,234.87328,254.08938,0.02776,4211.0,2519.0,0.36798,247.03578,51.0
,,,,,,,,,,,,,0.0,
,,,,,,,,,,,,,0.0,
