Omega,Tolerance,Step Size Rule,Iterations,Converged?,Gap LR,Gap Naive,Obj. Naive,Obj. LR (UB),"Obj. LR (LB),",Gap,Time Naive,Time LR,Final Lambda,LB Heuristic,BBP,Best iter,Lambda best iter,Gamma best iter
600.0,0.05,1.0,10.0,0.0,0.12441,0.17656,235.30489,283.57775,260.47541,0.12441,4237.0,2207.0,191.4,248.29647,0.0,1.0,0.45466,19.0
600.0,0.05,2.0,10.0,0.0,0.12441,0.17656,235.30489,283.57775,260.47541,0.12441,4237.0,2308.0,200.0,248.29647,0.0,1.0,0.45466,19.0
600.0,0.05,3.0,10.0,0.0,0.12441,0.17656,235.30489,283.57775,260.47541,0.12441,4237.0,2205.0,335.71104,248.29647,0.0,1.0,0.45466,19.0
600.0,0.05,4.0,10.0,0.0,0.12441,0.17656,235.30489,283.57775,260.47541,0.12441,4237.0,2206.0,303.63413,248.29647,0.0,1.0,0.45466,19.0
600.0,0.05,5.0,10.0,0.0,0.12441,0.17656,235.30489,283.57775,260.47541,0.12441,4237.0,2410.0,0.0,248.29647,0.0,1.0,0.45466,19.0
600.0,0.05,6.0,3.0,0.0,0.12441,0.17656,235.30489,283.57775,260.47541,0.12441,4237.0,4246.0,0.0,248.29647,0.0,1.0,0.45466,19.0
