Omega,Tolerance,Step Size Rule,Iterations,Converged?,Gap LR,Gap Naive,Obj. Naive,Obj. LR,Gap,Time Naive,Time LR,Final Lambda,LB Heuristic
600.0,0.05,1.0,2.0,0.0,0.0026,0.17656,235.30489,248.94457,0.0026,4237.0,2566.0,330.6,248.29647
600.0,0.05,2.0,1.0,1.0,0.0,0.17656,235.30489,248.29647,0.0,4237.0,2136.0,0.45466,248.29647
600.0,0.05,3.0,2.0,0.0,0.0026,0.17656,235.30489,248.94457,0.0026,4237.0,2544.0,427.5,248.29647
600.0,0.05,4.0,2.0,0.0,0.0026,0.17656,235.30489,248.94457,0.0026,4237.0,2553.0,403.05087,248.29647
600.0,0.05,5.0,2.0,0.0,0.0026,0.17656,235.30489,248.94457,0.0026,4237.0,2571.0,0.26316,248.29647
600.0,0.05,6.0,1.0,1.0,0.0,0.17656,235.30489,248.29647,0.0,4237.0,2131.0,0.45466,248.29647
