,Omega,Tolerance,Step Size Rule,Iterations,Converged?,Gap LR,Gap Naive,Obj. Naive,Obj. LR,Gap,Time Naive,Time LR,Final Lambda,LB Heuristic,IR,AP
0,600.0,0.05,1.0,10.0,0.0,0.04676,0.17656,235.30489,260.47541,0.04676,4237.0,2198.0,191.4,248.29647,-253.43606,0.0
1,600.0,0.05,2.0,10.0,0.0,0.04676,0.17656,235.30489,260.47541,0.04676,4237.0,2308.0,200.0,248.29647,-253.43606,0.0
2,600.0,0.05,3.0,10.0,0.0,0.04676,0.17656,235.30489,260.47541,0.04676,4237.0,2200.0,335.71104,248.29647,-253.43606,0.0
3,600.0,0.05,4.0,10.0,0.0,0.04676,0.17656,235.30489,260.47541,0.04676,4237.0,2201.0,303.63413,248.29647,-253.43606,0.0
4,600.0,0.05,5.0,10.0,0.0,0.04676,0.17656,235.30489,260.47541,0.04676,4237.0,2414.0,0.0,248.29647,-253.43606,0.0
5,600.0,0.05,6.0,5.0,0.0,0.04211,0.17656,235.30489,259.21316,0.04211,4237.0,6387.0,0.0,248.29647,-253.43606,0.0
