Omega,Tolerance,Step Size Rule,Iterations,Converged?,Gap LR,Gap Naive,Obj. Naive,Obj. LR,Gap,Time Naive,Time LR,Final Lambda,LB Heuristic
600.0,0.05,1.0,10.0,0.0,0.04676,0.17656,235.30489,260.47541,0.04676,4237.0,2214.0,191.4,248.29647
600.0,0.05,2.0,3.0,0.0,0.04676,0.17656,235.30489,260.47541,0.04676,4237.0,2528.0,0.70175,248.29647
600.0,0.05,3.0,10.0,0.0,0.04676,0.17656,235.30489,260.47541,0.04676,4237.0,2216.0,335.71104,248.29647
600.0,0.05,4.0,10.0,0.0,0.04676,0.17656,235.30489,260.47541,0.04676,4237.0,2214.0,303.63413,248.29647
600.0,0.05,5.0,3.0,0.0,0.04676,0.17656,235.30489,260.47541,0.04676,4237.0,2421.0,0.4386,248.29647
600.0,0.05,6.0,3.0,0.0,0.04676,0.17656,235.30489,260.47541,0.04676,4237.0,4254.0,0.0,248.29647
,,,,,,,,,,,,,0.0
,,,,,,,,,,,,,0.0
