"Omega","Tolerance","Step Size Rule","Iterations","Converged?","Gap LR","Gap Naive","Obj. Naive","Obj. LR","Gap","Time Naive","Time LR","Final Lambda","LB Heuristic"
600.00000,0.05000,1.00000,1.00000,1.00000,0.00000,0.13095,248.29647,248.29647,0.00000,4246.00000,2141.00000,0.45466,248.29647
600.00000,0.05000,2.00000,1.00000,1.00000,0.00000,0.13095,248.29647,248.29647,0.00000,4246.00000,2141.00000,0.45466,248.29647
600.00000,0.05000,3.00000,2.00000,0.00000,0.00260,0.13095,248.29647,248.94457,0.00260,4246.00000,2788.00000,427.50000,248.29647
600.00000,0.05000,4.00000,2.00000,0.00000,0.00260,0.13095,248.29647,248.94457,0.00260,4246.00000,2771.00000,403.05087,248.29647
600.00000,0.05000,5.00000,2.00000,0.00000,0.00260,0.13095,248.29647,248.94457,0.00260,4246.00000,2854.00000,0.26316,248.29647
600.00000,0.05000,6.00000,2.00000,0.00000,0.00260,0.13095,248.29647,248.94457,0.00260,4246.00000,3951.00000,0.58081,248.29647
