"Omega","Tolerance","Step Size Rule","Iterations","Converged?","Gap LR","Gap Naive","Obj. Naive","Obj. LR","Gap","Time Naive","Time LR","Final Lambda","LB Heuristic"
100.00000,0.07000,1.00000,3.00000,0.00000,0.35497,0.46770,7090.83681,11470.40943,0.35497,4203.00000,4479.00000,833.22074,7398.75189
100.00000,0.07000,2.00000,5.00000,0.00000,0.47403,0.46770,7090.83681,14066.93869,0.47403,4203.00000,3651.00000,798.15343,7398.75189
100.00000,0.07000,3.00000,3.00000,0.00000,0.36995,0.46770,7090.83681,11743.17711,0.36995,4203.00000,4461.00000,870.95074,7398.75189
100.00000,0.07000,4.00000,3.00000,0.00000,0.36978,0.46770,7090.83681,11739.92019,0.36978,4203.00000,4461.00000,871.40954,7398.75189
100.00000,0.07000,5.00000,5.00000,0.00000,0.48050,0.46770,7090.83681,14241.93870,0.48050,4203.00000,2525.00000,794.76633,7398.75189
100.00000,0.07000,6.00000,4.00000,0.00000,0.40508,0.46770,7090.83681,12436.52451,0.40508,4203.00000,4382.00000,242.05718,7398.75189
