Omega,Tolerance,Step Size Rule,Iterations,Converged?,Gap LR,Gap Naive,Obj. Naive,Obj. LR (UB),"Obj. LR (LB),",Gap,Time Naive,Time LR,Final Lambda,LB Heuristic,BBP,Best iter,Lambda best iter,Gamma best iter
100.0,0.05,1.0,2.0,0.0,0.52461,0.4209,6541.97553,11802.52551,9842.31604,0.44571,4200.0,2662.0,846.74553,5610.78063,0.0,2.0,849.64553,5.0
100.0,0.05,2.0,2.0,0.0,0.54077,0.4209,6541.97553,12217.82599,12217.82599,0.46455,4200.0,2668.0,794.54553,5610.78063,0.0,1.0,794.54553,-95.0
100.0,0.05,3.0,2.0,0.0,0.53168,0.4209,6541.97553,11980.7255,10142.74466,0.45396,4200.0,2666.0,885.79553,5610.78063,0.0,2.0,889.54553,5.0
100.0,0.05,4.0,2.0,0.0,0.53168,0.4209,6541.97553,11980.7255,10142.74466,0.45396,4200.0,2666.0,886.01,5610.78063,0.0,2.0,889.54553,5.0
100.0,0.05,5.0,2.0,0.0,0.54077,0.4209,6541.97553,12217.82599,12217.82599,0.46455,4200.0,2671.0,944.54553,5610.78063,0.0,1.0,794.54553,-95.0
100.0,0.05,6.0,2.0,0.0,0.53849,0.4209,6541.97553,12157.4762,10365.87973,0.4619,4200.0,2665.0,0.0,5610.78063,0.0,2.0,933.64122,5.0
