,Omega,Tolerance,Step Size Rule,Iterations,Converged?,Gap LR,Gap Naive,Obj. Naive,Obj. LR,Gap,Time Naive,Time LR,Final Lambda,LB Heuristic,IR,AP
0,100.0,0.05,1.0,2.0,0.0,0.58228,0.4209,6541.97553,9842.31604,0.33532,4200.0,2664.0,846.74553,4111.30371,5610.77231,5355.89328
1,100.0,0.05,2.0,3.0,0.0,0.65211,0.4209,6541.97553,11817.82599,0.44643,4200.0,3465.0,800.86132,4111.30371,5610.77231,5355.89328
2,100.0,0.05,3.0,2.0,0.0,0.59466,0.4209,6541.97553,10142.74466,0.35501,4200.0,2672.0,885.79553,4111.30371,5610.77231,5355.89328
3,100.0,0.05,4.0,2.0,0.0,0.59466,0.4209,6541.97553,10142.74466,0.35501,4200.0,2673.0,886.01,4111.30371,5610.77231,5355.89328
4,100.0,0.05,5.0,3.0,0.0,0.65063,0.4209,6541.97553,11767.82599,0.44408,4200.0,3745.0,800.33501,4111.30371,5610.77231,5355.89328
5,100.0,0.05,6.0,2.0,0.0,0.60915,0.4209,6541.97553,10518.86405,0.37807,4200.0,2666.0,0.0,4111.30371,5610.77231,5355.89328
