"Omega","Tolerance","Step Size Rule","Iterations","Converged?","Gap LR","Gap Naive","Obj. Naive","Obj. LR","Gap","Time Naive","Time LR","Final Lambda","LB Heuristic"
100.00000,0.05000,1.00000,2.00000,0.00000,0.29970,0.43355,6918.31870,9872.00247,0.29920,4216.00000,3734.00000,843.04480,6913.35324
100.00000,0.05000,2.00000,2.00000,0.00000,0.36344,0.43355,6918.31870,10860.43255,0.36298,4216.00000,3742.00000,795.05532,6913.35324
100.00000,0.05000,3.00000,2.00000,0.00000,0.31493,0.43355,6918.31870,10091.50247,0.31444,4216.00000,3742.00000,882.09480,6913.35324
100.00000,0.05000,4.00000,2.00000,0.00000,0.31493,0.43355,6918.31870,10091.50247,0.31444,4216.00000,3719.00000,882.30926,6913.35324
100.00000,0.05000,5.00000,2.00000,0.00000,0.35752,0.43355,6918.31870,10760.43255,0.35706,4216.00000,3742.00000,795.58164,6913.35324
100.00000,0.05000,6.00000,2.00000,0.00000,0.32443,0.43355,6918.31870,10233.35170,0.32394,4216.00000,3596.00000,0.00000,6913.35324
