"Omega","Tolerance","Step Size Rule","Iterations","Converged?","Gap LR","Gap Naive","Obj. Naive","Obj. LR","Gap","Time Naive","Time LR","Final Lambda","LB Heuristic"
100.00000,0.05000,1.00000,2.00000,0.00000,0.30443,0.46072,6361.49480,9939.06734,0.30443,4204.00000,2746.00000,843.04480,6913.35324
100.00000,0.05000,2.00000,3.00000,0.00000,0.43386,0.46072,6361.49480,12211.30461,0.43386,4204.00000,3899.00000,797.16059,6913.35324
100.00000,0.05000,3.00000,2.00000,0.00000,0.31809,0.46072,6361.49480,10138.23597,0.31809,4204.00000,2764.00000,882.09480,6913.35324
100.00000,0.05000,4.00000,2.00000,0.00000,0.31809,0.46072,6361.49480,10138.23597,0.31809,4204.00000,2774.00000,882.30926,6913.35324
100.00000,0.05000,5.00000,3.00000,0.00000,0.34844,0.46072,6361.49480,10610.43255,0.34844,4204.00000,4354.00000,796.63427,6913.35324
100.00000,0.05000,6.00000,2.00000,0.00000,0.32531,0.46072,6361.49480,10246.72075,0.32531,4204.00000,2910.00000,0.00000,6913.35324
