"Omega","Tolerance","Step Size Rule","Iterations","Converged?","Gap LR","Gap Naive","Obj. Naive","Obj. LR","Gap","Time Naive","Time LR","Final Lambda","LB Heuristic"
100.00000,0.05000,1.00000,2.00000,0.00000,0.29863,0.43216,6536.58999,9833.18416,0.29863,4203.00000,2793.00000,843.04480,6896.68141
100.00000,0.05000,2.00000,3.00000,0.00000,0.43522,0.43216,6536.58999,12211.30463,0.43522,4203.00000,2967.00000,797.16059,6896.68141
100.00000,0.05000,3.00000,2.00000,0.00000,0.32026,0.43216,6536.58999,10146.12448,0.32026,4203.00000,2669.00000,882.09480,6896.68141
100.00000,0.05000,4.00000,2.00000,0.00000,0.31910,0.43216,6536.58999,10128.78466,0.31910,4203.00000,2639.00000,882.30926,6896.68141
100.00000,0.05000,5.00000,3.00000,0.00000,0.43290,0.43216,6536.58999,12161.30456,0.43290,4203.00000,3545.00000,796.63427,6896.68141
100.00000,0.05000,6.00000,2.00000,0.00000,0.33058,0.43216,6536.58999,10302.50423,0.33058,4203.00000,2688.00000,0.00000,6896.68141
