"Omega","Tolerance","Step Size Rule","Iterations","Converged?","Gap LR","Gap Naive","Obj. Naive","Obj. LR","Gap","Time Naive","Time LR","Final Lambda","LB Heuristic"
100.00000,0.07000,1.00000,2.00000,0.00000,0.36483,0.47220,7224.51479,11583.73685,0.36483,4205.00000,2403.00000,837.28074,7357.59977
100.00000,0.07000,2.00000,4.00000,0.00000,0.48429,0.47220,7224.51479,14266.93869,0.48429,4205.00000,3184.00000,796.00289,7357.59977
100.00000,0.07000,3.00000,2.00000,0.00000,0.38103,0.47220,7224.51479,11886.83156,0.38103,4205.00000,2406.00000,875.15074,7357.59977
100.00000,0.07000,4.00000,2.00000,0.00000,0.38103,0.47220,7224.51479,11886.83156,0.38103,4205.00000,2413.00000,875.45100,7357.59977
100.00000,0.07000,5.00000,4.00000,0.00000,0.48609,0.47220,7224.51479,14316.93869,0.48609,4205.00000,3242.00000,794.12117,7357.59977
100.00000,0.07000,6.00000,2.00000,0.00000,0.40294,0.47220,7224.51479,12322.96349,0.40294,4205.00000,2410.00000,0.00000,7357.59977
