Omega,Tolerance,Step Size Rule,Iterations,Converged?,Gap LR,Gap Naive,Obj. Naive,Obj. LR (UB),"Obj. LR (LB),",Gap,Time Naive,Time LR,Final Lambda,LB Heuristic,BBP,Best iter,Lambda best iter,Gamma best iter
1500.0,0.05,1.0,5.0,0.0,0.5727,0.83251,2228.53729,13167.67148,10498.30805,0.5727,4204.0,55051.0,705.43219,5626.56897,0.0,1.0,52.93219,-1425.0
1500.0,0.05,2.0,2.0,0.0,0.57549,0.83251,2228.53729,13254.15682,10498.30805,0.57549,4204.0,4209.0,52.93219,5626.56897,0.0,1.0,52.93219,-1425.0
1500.0,0.05,3.0,5.0,0.0,0.5727,0.83251,2228.53729,13167.67148,10498.30805,0.5727,4204.0,55030.0,1307.03933,5626.56897,0.0,1.0,52.93219,-1425.0
1500.0,0.05,4.0,5.0,0.0,0.5727,0.83251,2228.53729,13167.67148,10498.30805,0.5727,4204.0,55028.0,1310.55689,5626.56897,0.0,1.0,52.93219,-1425.0
1500.0,0.05,5.0,6.0,0.0,0.5727,0.83251,2228.53729,13167.67148,10498.30805,0.5727,4204.0,55079.0,37.93219,5626.56897,0.0,1.0,52.93219,-1425.0
1500.0,0.05,6.0,10.0,0.0,0.5727,0.83251,2228.53729,13167.67148,10498.30805,0.5727,4204.0,25466.0,51.25503,5626.56897,0.0,1.0,52.93219,-1425.0
