,Omega,Tolerance,Step Size Rule,Iterations,Converged?,Gap LR,Gap Naive,Obj. Naive,Obj. LR,Gap,Time Naive,Time LR,Final Lambda,LB Heuristic,IR,AP
0,1500.0,0.05,1.0,2.0,0.0,0.46405,0.83251,2228.53729,10498.30805,0.46405,4204.0,4209.0,835.93219,5626.56897,5626.55621,5310.54787
1,1500.0,0.05,2.0,2.0,0.0,0.46405,0.83251,2228.53729,10498.30805,0.46405,4204.0,4208.0,52.93219,5626.56897,5626.55621,5310.54787
2,1500.0,0.05,3.0,2.0,0.0,0.46405,0.83251,2228.53729,10498.30805,0.46405,4204.0,4208.0,1421.68219,5626.56897,5626.55621,5310.54787
3,1500.0,0.05,4.0,2.0,0.0,0.46405,0.83251,2228.53729,10498.30805,0.46405,4204.0,4210.0,1424.89918,5626.56897,5626.55621,5310.54787
4,1500.0,0.05,5.0,2.0,0.0,0.46405,0.83251,2228.53729,10498.30805,0.46405,4204.0,4207.0,202.93219,5626.56897,5626.55621,5310.54787
5,1500.0,0.05,6.0,2.0,0.0,0.29412,0.83251,2228.53729,7970.98818,0.29412,4204.0,4209.0,0.0,5626.56897,5626.55621,5310.54787
