Omega,Tolerance,Step Size Rule,Iterations,Converged?,Gap LR,Gap Naive,Obj. Naive,Obj. LR (UB),"Obj. LR (LB),",Gap,Time Naive,Time LR,Final Lambda,LB Heuristic,BBP,Best iter,Lambda best iter,Gamma best iter
1500.0,0.05,1.0,2.0,0.0,0.5758,0.83251,2228.53729,13263.87264,10498.30805,0.5758,4204.0,4208.0,835.93219,5626.56897,0.0,1.0,52.93219,-1425.0
1500.0,0.05,2.0,2.0,0.0,0.57549,0.83251,2228.53729,13254.15682,10498.30805,0.57549,4204.0,4209.0,52.93219,5626.56897,0.0,1.0,52.93219,-1425.0
1500.0,0.05,3.0,2.0,0.0,0.5758,0.83251,2228.53729,13263.87264,10498.30805,0.5758,4204.0,4207.0,1421.68219,5626.56897,0.0,1.0,52.93219,-1425.0
1500.0,0.05,4.0,2.0,0.0,0.57549,0.83251,2228.53729,13254.15682,10498.30805,0.57549,4204.0,4208.0,1424.89918,5626.56897,0.0,1.0,52.93219,-1425.0
1500.0,0.05,5.0,2.0,0.0,0.57549,0.83251,2228.53729,13254.15682,10498.30805,0.57549,4204.0,4208.0,202.93219,5626.56897,0.0,1.0,52.93219,-1425.0
1500.0,0.05,6.0,2.0,0.0,0.5758,0.83251,2228.53729,13263.87264,10498.30805,0.5758,4204.0,4209.0,0.0,5626.56897,0.0,1.0,52.93219,-1425.0
