"Omega","Tolerance","Step Size Rule","Iterations","Converged?","Gap LR","Gap Naive","Obj. Naive","Obj. LR","Gap","Time Naive","Time LR","Final Lambda","LB Heuristic"
100.00000,0.05000,1.00000,3.00000,0.00000,0.32015,0.38752,6854.48558,9994.57125,0.31418,4200.00000,4482.00000,846.68557,6794.84289
100.00000,0.05000,2.00000,4.00000,0.00000,0.40456,0.38752,6854.48558,11411.38757,0.39933,4200.00000,3552.00000,805.80662,6794.84289
100.00000,0.05000,3.00000,2.00000,0.00000,0.33440,0.38752,6854.48558,10208.57125,0.32856,4200.00000,2494.00000,888.63557,6794.84289
100.00000,0.05000,4.00000,2.00000,0.00000,0.34107,0.38752,6854.48558,10311.90707,0.33528,4200.00000,2509.00000,888.85004,6794.84289
100.00000,0.05000,5.00000,4.00000,0.00000,0.40715,0.38752,6854.48558,11461.38761,0.40195,4200.00000,3224.00000,803.96452,6794.84289
100.00000,0.05000,6.00000,2.00000,0.00000,0.33863,0.38752,6854.48558,10273.82001,0.33282,4200.00000,2446.00000,0.00000,6794.84289
