"Omega","Tolerance","Step Size Rule","Iterations","Converged?","Gap LR","Gap Naive","Obj. Naive","Obj. LR","Gap","Time Naive","Time LR","Final Lambda","LB Heuristic"
100.00000,0.07000,1.00000,2.00000,0.00000,0.35855,0.47049,7189.47089,11550.28927,0.35855,4203.00000,2587.00000,843.84464,7408.88147
100.00000,0.07000,2.00000,3.00000,0.00000,0.47394,0.47049,7189.47089,14083.81035,0.47394,4203.00000,2418.00000,800.41625,7408.88147
100.00000,0.07000,3.00000,2.00000,0.00000,0.38029,0.47049,7189.47089,11955.39585,0.38029,4203.00000,2616.00000,881.71464,7408.88147
100.00000,0.07000,4.00000,2.00000,0.00000,0.38029,0.47049,7189.47089,11955.39585,0.38029,4203.00000,2616.00000,882.01489,7408.88147
100.00000,0.07000,5.00000,3.00000,0.00000,0.47207,0.47049,7189.47089,14033.81035,0.47207,4203.00000,2799.00000,799.87862,7408.88147
100.00000,0.07000,6.00000,2.00000,0.00000,0.39555,0.47049,7189.47089,12257.16968,0.39555,4203.00000,2598.00000,0.00000,7408.88147
