"Omega","Tolerance","Step Size Rule","Iterations","Converged?","Gap LR","Gap Naive","Obj. Naive","Obj. LR","Gap","Time Naive","Time LR","Final Lambda","LB Heuristic"
100.00000,0.07000,1.00000,2.00000,0.00000,0.37164,0.45692,7117.80629,11556.24123,0.37164,4203.00000,2419.00000,843.84464,7261.45806
100.00000,0.07000,2.00000,4.00000,0.00000,0.47698,0.45692,7117.80629,13883.81036,0.47698,4203.00000,3162.00000,802.56679,7261.45806
100.00000,0.07000,3.00000,2.00000,0.00000,0.38277,0.45692,7117.80629,11764.64583,0.38277,4203.00000,2435.00000,881.71464,7261.45806
100.00000,0.07000,4.00000,2.00000,0.00000,0.39162,0.45692,7117.80629,11935.71604,0.39162,4203.00000,2417.00000,882.01489,7261.45806
100.00000,0.07000,5.00000,4.00000,0.00000,0.47886,0.45692,7117.80629,13933.81035,0.47886,4203.00000,3294.00000,800.68507,7261.45806
100.00000,0.07000,6.00000,2.00000,0.00000,0.41321,0.45692,7117.80629,12374.96196,0.41321,4203.00000,2467.00000,0.00000,7261.45806
