"Omega","Tolerance","Step Size Rule","Iterations","Converged?","Gap LR","Gap Naive","Obj. Naive","Obj. LR","Gap","Time Naive","Time LR","Final Lambda","LB Heuristic"
100.00000,0.07000,1.00000,2.00000,0.00000,0.35776,0.46971,7408.88147,11536.01954,0.35776,4209.00000,3308.00000,843.84464,7408.88147
100.00000,0.07000,2.00000,2.00000,0.00000,0.48131,0.46971,7408.88147,14283.81035,0.48131,4209.00000,3060.00000,798.26571,7408.88147
100.00000,0.07000,3.00000,2.00000,0.00000,0.37867,0.46971,7408.88147,11924.20502,0.37867,4209.00000,3213.00000,881.71464,7408.88147
100.00000,0.07000,4.00000,2.00000,0.00000,0.37867,0.46971,7408.88147,11924.20502,0.37867,4209.00000,3278.00000,882.01489,7408.88147
100.00000,0.07000,5.00000,2.00000,0.00000,0.41353,0.46971,7408.88147,12632.93828,0.41353,4209.00000,3265.00000,798.80335,7408.88147
100.00000,0.07000,6.00000,2.00000,0.00000,0.39945,0.46971,7408.88147,12336.84395,0.39945,4209.00000,3274.00000,0.00000,7408.88147
