Omega,Tolerance,Step Size Rule,Iterations,Converged?,Gap LR,Gap Naive,Obj. Naive,Obj. LR,Gap,Time Naive,Time LR,Final Lambda,LB Heuristic
100.0,0.03,1.0,2.0,0.0,0.55978,1.0,-562.67364,7740.3325,0.55978,4204.0,4200.0,809.04603,3407.48571
100.0,0.03,2.0,10.0,0.0,0.56007,1.0,-562.67364,7745.5525,0.56007,4204.0,2109.0,764.41606,3407.48571
100.0,0.03,2.0,10.0,0.0,0.56007,1.0,-562.67364,7745.5525,0.56007,4204.0,2109.0,764.41606,3407.48571
100.0,0.03,4.0,2.0,0.0,0.55956,1.0,-562.67364,7736.5525,0.55956,4204.0,4200.0,807.40471,3407.48571
100.0,0.03,5.0,10.0,0.0,0.56007,1.0,-562.67364,7745.5525,0.56007,4204.0,2109.0,718.49191,3407.48571
100.0,0.03,6.0,3.0,0.0,0.56007,1.0,-562.67364,7745.5525,0.56007,4204.0,4201.0,0.0,3407.48571
