"Omega","Tolerance","Step Size Rule","Iterations","Converged?","Gap LR","Gap Naive","Obj. Naive","Obj. LR","Gap","Time Naive","Time LR","Final Lambda","LB Heuristic"
100.00000,0.03000,1.00000,2.00000,0.00000,0.24808,0.45557,5704.34167,7611.23000,0.24808,4208.00000,4219.00000,867.04603,5723.07118
100.00000,0.03000,2.00000,2.00000,0.00000,0.24808,0.45557,5704.34167,7611.23000,0.24808,4208.00000,4233.00000,747.92122,5723.07118
100.00000,0.03000,3.00000,2.00000,0.00000,0.24808,0.45557,5704.34167,7611.23000,0.24808,4208.00000,4225.00000,907.27603,5723.07118
100.00000,0.03000,4.00000,2.00000,0.00000,0.24808,0.45557,5704.34167,7611.23000,0.24808,4208.00000,4245.00000,907.40471,5723.07118
100.00000,0.03000,5.00000,2.00000,0.00000,0.24808,0.45557,5704.34167,7611.23000,0.24808,4208.00000,4243.00000,765.61881,5723.07118
100.00000,0.03000,6.00000,2.00000,0.00000,0.25590,0.45557,5704.34167,7691.23000,0.25590,4208.00000,4216.00000,0.00000,5723.07118
