Omega,Tolerance,Step Size Rule,Iterations,Converged?,Gap LR,Gap Naive,Obj. Naive,Obj. LR,Gap,Time Naive,Time LR,Final Lambda,LB Heuristic
100.0,0.03,1.0,2.0,0.0,0.50663,1.0,-562.67364,8356.92893,0.50663,4226.0,4200.0,803.158,4123.03421
100.0,0.03,2.0,10.0,0.0,0.50663,1.0,-562.67364,8356.92893,0.50663,4226.0,2115.0,758.52803,4123.03421
100.0,0.03,2.0,10.0,0.0,0.50663,1.0,-562.67364,8356.92893,0.50663,4226.0,2114.0,758.52803,4123.03421
100.0,0.03,4.0,2.0,0.0,0.50663,1.0,-562.67364,8356.92893,0.50663,4226.0,4200.0,801.51668,4123.03421
100.0,0.03,5.0,10.0,0.0,0.50663,1.0,-562.67364,8356.92893,0.50663,4226.0,2111.0,712.60388,4123.03421
100.0,0.03,6.0,3.0,0.0,0.50663,1.0,-562.67364,8356.92893,0.50663,4226.0,4201.0,0.0,4123.03421
