,Omega,Tolerance,Step Size Rule,Iterations,Converged?,Gap LR,Gap Naive,Obj. Naive,Obj. LR,Gap,Time Naive,Time LR,Final Lambda,LB Heuristic,Heuristic Time,IR,AP
0,1500.0,0.03,1.0,2.0,0.0,0.01397,0.17918,228.23433,241.37182,0.01397,4212.0,2504.0,843.9,238.00094,,-239.31487,0.0
1,1500.0,0.03,2.0,2.0,0.0,0.01397,0.17918,228.23433,241.37182,0.01397,4212.0,2520.0,0.13746,238.00094,,-239.31487,0.0
2,1500.0,0.03,3.0,2.0,0.0,0.01397,0.17918,228.23433,241.37182,0.01397,4212.0,2524.0,1091.25,238.00094,,-239.31487,0.0
3,1500.0,0.03,4.0,2.0,0.0,0.01397,0.17918,228.23433,241.37182,0.01397,4212.0,2529.0,1028.84037,238.00094,,-239.31487,0.0
4,1500.0,0.03,5.0,2.0,0.0,0.01397,0.17918,228.23433,241.37182,0.01397,4212.0,2527.0,0.10309,238.00094,,-239.31487,0.0
5,1500.0,0.03,6.0,2.0,0.0,0.01397,0.17918,228.23433,241.37182,0.01397,4212.0,2683.0,0.32085,238.00094,69.0,-239.31487,0.0
