Omega,Tolerance,Step Size Rule,Iterations,Converged?,Gap LR,Gap Naive,Obj. Naive,Obj. LR (UB),"Obj. LR (LB),",Gap,Time Naive,Time LR,Final Lambda,LB Heuristic,BBP,Best iter,Lambda best iter,Gamma best iter
1500.0,0.01,1.0,1.0,1.0,0.11395,0.10951,236.35611,265.25096,247.84476,0.10893,4212.0,5010.0,0.52559,235.02433,1.0,1.0,0.52559,0.0
1500.0,0.01,2.0,1.0,1.0,0.11398,0.10951,236.35611,265.25828,247.84476,0.10896,4212.0,5009.0,0.52559,235.02433,1.0,1.0,0.52559,0.0
1500.0,0.01,3.0,1.0,1.0,0.11398,0.10951,236.35611,265.25828,247.84476,0.10896,4212.0,5010.0,0.52559,235.02433,1.0,1.0,0.52559,0.0
1500.0,0.01,4.0,1.0,1.0,0.11391,0.10951,236.35611,265.23748,247.84476,0.10889,4212.0,5009.0,0.52559,235.02433,1.0,1.0,0.52559,0.0
1500.0,0.01,5.0,1.0,1.0,0.11398,0.10951,236.35611,265.25828,247.84476,0.10896,4212.0,5009.0,0.52559,235.02433,1.0,1.0,0.52559,0.0
1500.0,0.01,6.0,1.0,1.0,0.1139,0.10951,236.35611,265.23478,247.84476,0.10888,4212.0,5009.0,0.52559,235.02433,1.0,1.0,0.52559,0.0
