Omega,Tolerance,Step Size Rule,Iterations,Converged?,Gap LR,Gap Naive,Obj. Naive,Obj. LR,Gap,Time Naive,Time LR,Final Lambda,LB Heuristic,Heuristic Time
1500.0,0.01,1.0,2.0,0.0,0.03185,0.10951,236.35611,242.75714,0.02637,4212.0,2380.0,861.3,235.02433,
1500.0,0.01,2.0,2.0,0.0,0.03185,0.10951,236.35611,242.75714,0.02637,4212.0,2398.0,0.13468,235.02433,
1500.0,0.01,3.0,2.0,0.0,0.03185,0.10951,236.35611,242.75714,0.02637,4212.0,2385.0,1113.75,235.02433,
1500.0,0.01,4.0,2.0,0.0,0.03185,0.10951,236.35611,242.75714,0.02637,4212.0,2381.0,1050.05357,235.02433,
1500.0,0.01,5.0,2.0,0.0,0.03185,0.10951,236.35611,242.75714,0.02637,4212.0,2380.0,0.10101,235.02433,
1500.0,0.01,6.0,2.0,0.0,0.03185,0.10951,236.35611,242.75714,0.02637,4212.0,2380.0,0.35086,235.02433,51.0
,,,,,,,,,,,,,0.0,
,,,,,,,,,,,,,0.0,
