"Omega","Tolerance","Step Size Rule","Iterations","Converged?","Gap LR","Gap Naive","Obj. Naive","Obj. LR","Gap","Time Naive","Time LR","Final Lambda","LB Heuristic"
600.00000,0.07000,1.00000,1.00000,1.00000,0.00000,0.13360,254.28117,254.28117,0.00000,4259.00000,2151.00000,0.45807,254.28117
600.00000,0.07000,2.00000,2.00000,0.00000,0.04319,0.13360,254.28117,265.76019,0.04319,4259.00000,2832.00000,0.35842,254.28117
600.00000,0.07000,3.00000,2.00000,0.00000,0.04319,0.13360,254.28117,265.76019,0.04319,4259.00000,2785.00000,418.50000,254.28117
600.00000,0.07000,4.00000,2.00000,0.00000,0.04319,0.13360,254.28117,265.76019,0.04319,4259.00000,2800.00000,394.56558,254.28117
600.00000,0.07000,5.00000,2.00000,0.00000,0.04319,0.13360,254.28117,265.76019,0.04319,4259.00000,2700.00000,0.26882,254.28117
600.00000,0.07000,6.00000,3.00000,0.00000,0.04319,0.13360,254.28117,265.76019,0.04319,4259.00000,4494.00000,0.03275,254.28117
