"Omega","Tolerance","Step Size Rule","Iterations","Converged?","Gap LR","Gap Naive","Obj. Naive","Obj. LR","Gap","Time Naive","Time LR","Final Lambda","LB Heuristic"
600.00000,0.01000,1.00000,2.00000,0.00000,0.07478,0.59867,3833.79913,4423.01675,0.07478,4206.00000,4217.00000,140.82144,4092.26289
600.00000,0.01000,2.00000,3.00000,0.00000,0.17960,0.59867,3833.79913,4988.11709,0.17960,4206.00000,2459.00000,104.39484,4092.26289
600.00000,0.01000,3.00000,2.00000,0.00000,0.10809,0.59867,3833.79913,4588.21810,0.10809,4206.00000,4217.00000,134.22144,4092.26289
600.00000,0.01000,4.00000,2.00000,0.00000,0.11416,0.59867,3833.79913,4619.66572,0.11416,4206.00000,4218.00000,135.18591,4092.26289
600.00000,0.01000,5.00000,3.00000,0.00000,0.15557,0.59867,3833.79913,4846.17299,0.15557,4206.00000,2494.00000,94.14232,4092.26289
600.00000,0.01000,6.00000,3.00000,0.00000,0.10809,0.59867,3833.79913,4588.21810,0.10809,4206.00000,4381.00000,27.52483,4092.26289
