"Omega","Tolerance","Step Size Rule","Iterations","Converged?","Gap LR","Gap Naive","Obj. Naive","Obj. LR","Gap","Time Naive","Time LR","Final Lambda","LB Heuristic"
600.00000,0.01000,1.00000,2.00000,0.00000,-5.24706,0.65856,3345.10954,693.81097,-5.24706,4230.00000,4294.00000,484.76144,4334.28007
600.00000,0.01000,2.00000,2.00000,0.00000,-0.20932,0.65856,3345.10954,3584.06697,-0.20932,4230.00000,2911.00000,110.72481,4334.28007
600.00000,0.01000,3.00000,2.00000,0.00000,-0.97850,0.65856,3345.10954,2190.69097,-0.97850,4230.00000,4278.00000,583.22144,4334.28007
600.00000,0.01000,4.00000,2.00000,0.00000,4.15609,0.65856,3345.10954,-1373.30903,4.15609,4230.00000,4261.00000,733.47880,4334.28007
600.00000,0.01000,5.00000,2.00000,0.00000,4.15609,0.65856,3345.10954,-1373.30903,4.15609,4230.00000,4247.00000,119.22649,4334.28007
600.00000,0.01000,6.00000,2.00000,0.00000,-0.14730,0.65856,3345.10954,3777.81712,-0.14730,4230.00000,4240.00000,0.00000,4334.28007
