"Omega","Tolerance","Step Size Rule","Iterations","Converged?","Gap LR","Gap Naive","Obj. Naive","Obj. LR","Gap","Time Naive","Time LR","Final Lambda","LB Heuristic"
600.00000,0.03000,1.00000,2.00000,0.00000,0.32765,0.72316,3240.51007,6593.83152,0.32765,4232.00000,4267.00000,462.04712,4433.33885
600.00000,0.03000,2.00000,2.00000,0.00000,0.30662,0.72316,3240.51007,6393.83152,0.30662,4232.00000,4246.00000,135.61441,4433.33885
600.00000,0.03000,3.00000,2.00000,0.00000,0.32765,0.72316,3240.51007,6593.83152,0.32765,4232.00000,4267.00000,703.42712,4433.33885
600.00000,0.03000,4.00000,2.00000,0.00000,0.32765,0.72316,3240.51007,6593.83152,0.32765,4232.00000,4247.00000,704.19920,4433.33885
600.00000,0.03000,5.00000,2.00000,0.00000,0.29561,0.72316,3240.51007,6293.83152,0.29561,4232.00000,4239.00000,135.70032,4433.33885
600.00000,0.03000,6.00000,2.00000,0.00000,0.20021,0.72316,3240.51007,5543.15846,0.20021,4232.00000,4223.00000,19.03820,4433.33885
