"Omega","Tolerance","Step Size Rule","Iterations","Converged?","Gap LR","Gap Naive","Obj. Naive","Obj. LR","Gap","Time Naive","Time LR","Final Lambda","LB Heuristic"
600.00000,0.03000,1.00000,2.00000,0.00000,0.33829,0.96916,351.85621,5883.35472,0.33829,4204.00000,2404.00000,462.62712,3893.09775
600.00000,0.03000,2.00000,3.00000,0.00000,0.35715,0.96916,351.85621,6056.03568,0.35715,4204.00000,2548.00000,123.11441,3893.09775
600.00000,0.03000,3.00000,3.00000,0.00000,0.35715,0.96916,351.85621,6056.03568,0.35715,4204.00000,4407.00000,544.62712,3893.09775
600.00000,0.03000,4.00000,3.00000,0.00000,0.40713,0.96916,351.85621,6566.53594,0.40713,4204.00000,4401.00000,519.22566,3893.09775
600.00000,0.03000,5.00000,3.00000,0.00000,0.36205,0.96916,351.85621,6102.54125,0.36205,4204.00000,2433.00000,116.60667,3893.09775
600.00000,0.03000,6.00000,3.00000,0.00000,0.35715,0.96916,351.85621,6056.03568,0.35715,4204.00000,4388.00000,0.00000,3893.09775
