"Omega","Tolerance","Step Size Rule","Iterations","Converged?","Gap LR","Gap Naive","Obj. Naive","Obj. LR","Gap","Time Naive","Time LR","Final Lambda","LB Heuristic"
600.00000,0.05000,1.00000,2.00000,0.00000,0.55487,1.00000,351.85621,10351.11790,0.55487,4231.00000,4245.00000,445.65389,4607.63099
600.00000,0.05000,2.00000,2.00000,0.00000,0.54610,1.00000,351.85621,10151.11790,0.54610,4231.00000,4243.00000,133.15565,4607.63099
600.00000,0.05000,3.00000,2.00000,0.00000,0.55487,1.00000,351.85621,10351.11790,0.55487,4231.00000,4282.00000,679.95389,4607.63099
600.00000,0.05000,4.00000,2.00000,0.00000,0.55487,1.00000,351.85621,10351.11790,0.55487,4231.00000,4262.00000,681.24069,4607.63099
600.00000,0.05000,5.00000,2.00000,0.00000,0.54158,1.00000,351.85621,10051.11790,0.54158,4231.00000,4240.00000,133.24337,4607.63099
600.00000,0.05000,6.00000,2.00000,0.00000,0.48155,1.00000,351.85621,8887.25329,0.48155,4231.00000,4222.00000,0.00000,4607.63099
