"Omega","Tolerance","Step Size Rule","Iterations","Converged?","Gap LR","Gap Naive","Obj. Naive","Obj. LR","Gap","Time Naive","Time LR","Final Lambda","LB Heuristic"
600.00000,0.05000,1.00000,3.00000,0.00000,0.39995,0.92145,1022.84685,6551.98224,0.39995,4205.00000,4420.00000,428.25389,3931.51967
600.00000,0.05000,2.00000,2.00000,0.00000,0.39995,0.92145,1022.84685,6551.98224,0.39995,4205.00000,2459.00000,126.13810,3931.51967
600.00000,0.05000,3.00000,3.00000,0.00000,0.40143,0.92145,1022.84685,6568.19960,0.40143,4205.00000,4359.00000,521.95389,3931.51967
600.00000,0.05000,4.00000,3.00000,0.00000,0.34003,0.92145,1022.84685,5957.10281,0.34003,4205.00000,4350.00000,500.18425,3931.51967
600.00000,0.05000,5.00000,3.00000,0.00000,0.40548,0.92145,1022.84685,6612.89664,0.40548,4205.00000,2482.00000,122.17820,3931.51967
600.00000,0.05000,6.00000,3.00000,0.00000,0.46277,0.92145,1022.84685,7318.18068,0.46277,4205.00000,4355.00000,13.65335,3931.51967
