"Omega","Tolerance","Step Size Rule","Iterations","Converged?","Gap LR","Gap Naive","Obj. Naive","Obj. LR","Gap","Time Naive","Time LR","Final Lambda","LB Heuristic"
100.00000,0.01000,1.00000,2.00000,0.00000,0.10725,0.28416,6017.73167,6660.75745,0.09654,4203.00000,4204.00000,868.81136,5946.41958
100.00000,0.01000,2.00000,10.00000,0.00000,0.10928,0.28416,6017.73167,6675.99014,0.09860,4203.00000,2313.00000,688.15318,5946.41958
100.00000,0.01000,3.00000,2.00000,0.00000,0.08797,0.28416,6017.73167,6519.95321,0.07703,4203.00000,4209.00000,868.22136,5946.41958
100.00000,0.01000,4.00000,2.00000,0.00000,0.10142,0.28416,6017.73167,6617.57545,0.09064,4203.00000,4211.00000,868.26425,5946.41958
100.00000,0.01000,5.00000,10.00000,0.00000,0.10156,0.28416,6017.73167,6618.57545,0.09078,4203.00000,2293.00000,575.81672,5946.41958
100.00000,0.01000,6.00000,3.00000,0.00000,0.07886,0.28416,6017.73167,6455.50056,0.06781,4203.00000,4214.00000,164.66800,5946.41958
