"Omega","Tolerance","Step Size Rule","Iterations","Converged?","Gap LR","Gap Naive","Obj. Naive","Obj. LR","Gap","Time Naive","Time LR","Final Lambda","LB Heuristic"
100.00000,0.01000,1.00000,2.00000,0.00000,0.10611,0.35294,5847.29295,6562.38161,0.10611,4204.00000,4208.00000,868.81136,5866.04836
100.00000,0.01000,2.00000,10.00000,0.00000,0.10767,0.35294,5847.29295,6573.81982,0.10767,4204.00000,2372.00000,688.15318,5866.04836
100.00000,0.01000,3.00000,2.00000,0.00000,0.10754,0.35294,5847.29295,6572.92584,0.10754,4204.00000,4212.00000,868.22136,5866.04836
100.00000,0.01000,4.00000,2.00000,0.00000,0.10754,0.35294,5847.29295,6572.92584,0.10754,4204.00000,4209.00000,868.26425,5866.04836
100.00000,0.01000,5.00000,10.00000,0.00000,0.10767,0.35294,5847.29295,6573.81982,0.10767,4204.00000,2358.00000,575.81672,5866.04836
100.00000,0.01000,6.00000,3.00000,0.00000,0.10767,0.35294,5847.29295,6573.81982,0.10767,4204.00000,4215.00000,217.00894,5866.04836
