,Omega,Tolerance,Step Size Rule,Iterations,Converged?,Gap LR,Gap Naive,Obj. Naive,Obj. LR,Gap,Time Naive,Time LR,Final Lambda,LB Heuristic,IR,AP
0,900.0,0.07,1.0,10.0,0.0,0.05133,1.0,226.10668,263.01063,0.05133,4252.0,2237.0,193.14,249.51042,-261.99496,0.0
1,900.0,0.07,2.0,3.0,0.0,0.05133,1.0,226.10668,263.01063,0.05133,4252.0,3521.0,0.4779,249.51042,-261.99496,0.0
2,900.0,0.07,3.0,10.0,0.0,0.05133,1.0,226.10668,263.01063,0.05133,4252.0,2254.0,434.99318,249.51042,-261.99496,0.0
3,900.0,0.07,4.0,7.0,0.0,0.03768,1.0,226.10668,259.28002,0.03768,4252.0,2254.0,446.26945,249.51042,-261.99496,0.0
4,900.0,0.07,5.0,3.0,0.0,0.03768,1.0,226.10668,259.28002,0.03768,4252.0,3550.0,0.29869,249.51042,-261.99496,0.0
5,900.0,0.07,6.0,3.0,0.0,0.03768,1.0,226.10668,259.28002,0.03768,4252.0,4300.0,0.0,249.51042,-261.99496,0.0
