,Omega,Tolerance,Step Size Rule,Iterations,Converged?,Gap LR,Gap Naive,Obj. Naive,Obj. LR (UB),"Obj. LR (LB),",Gap,Time Naive,Time LR,Final Lambda,LB Heuristic,BBP,Best iter,Lambda best iter,Gamma best iter,Obj. LR,Time,QP,IR,AP
0,900.0,0.01,1.0,2.0,0.0,0.47701,0.54435,4382.51857,9814.29444,5176.79987,0.47701,4202.0,4203.0,86.70089,5132.75114,0.0,1.0,97.14089,9.0,,,-4649.648,-5132.75114,-4544.37011
1,900.0,0.01,2.0,3.0,0.0,0.47701,0.54435,4382.51857,9814.29444,5176.79987,0.47701,4202.0,4219.0,0.0,5132.75114,0.0,1.0,97.14089,9.0,,,-4649.648,-5132.75114,-4544.37011
2,900.0,0.01,3.0,2.0,0.0,0.47701,0.54435,4382.51857,9814.29444,5176.79987,0.47701,4202.0,4202.0,756.39089,5132.75114,0.0,1.0,97.14089,9.0,,,-4649.648,-5132.75114,-4544.37011
3,900.0,0.01,4.0,2.0,0.0,0.47701,0.54435,4382.51857,9814.29444,5176.79987,0.47701,4202.0,4204.0,718.17303,5132.75114,0.0,1.0,97.14089,9.0,,,-4649.648,-5132.75114,-4544.37011
4,900.0,0.01,5.0,3.0,0.0,0.47701,0.54435,4382.51857,9814.29444,5176.79987,0.47701,4202.0,4218.0,50.0,5132.75114,0.0,1.0,97.14089,9.0,,,-4649.648,-5132.75114,-4544.37011
5,900.0,0.01,6.0,3.0,0.0,0.47701,0.54435,4382.51857,9814.29444,5176.79987,0.47701,4202.0,4216.0,0.0,5132.75114,0.0,1.0,97.14089,9.0,,,-4649.648,-5132.75114,-4544.37011
