"Omega","Tolerance","Step Size Rule","Iterations","Converged?","Gap LR","Gap Naive","Obj. Naive","Obj. LR","Gap","Time Naive","Time LR","Final Lambda","LB Heuristic"
600.00000,0.07000,1.00000,2.00000,0.00000,0.62080,1.00000,385.83568,12857.07275,0.62080,4232.00000,4264.00000,431.12963,4875.39979
600.00000,0.07000,2.00000,2.00000,0.00000,0.61481,1.00000,385.83568,12657.07275,0.61481,4232.00000,4243.00000,132.56648,4875.39979
600.00000,0.07000,3.00000,2.00000,0.00000,0.62080,1.00000,385.83568,12857.07275,0.62080,4232.00000,4250.00000,658.34963,4875.39979
600.00000,0.07000,4.00000,2.00000,0.00000,0.62080,1.00000,385.83568,12857.07275,0.62080,4232.00000,4252.00000,660.15115,4875.39979
600.00000,0.07000,5.00000,2.00000,0.00000,0.61174,1.00000,385.83568,12557.07275,0.61174,4232.00000,4240.00000,132.65608,4875.39979
600.00000,0.07000,6.00000,2.00000,0.00000,0.55180,1.00000,385.83568,10877.79256,0.55180,4232.00000,4225.00000,0.00000,4875.39979
