"Omega","Tolerance","Step Size Rule","Iterations","Converged?","Gap LR","Gap Naive","Obj. Naive","Obj. LR","Gap","Time Naive","Time LR","Final Lambda","LB Heuristic"
600.00000,0.07000,1.00000,2.00000,0.00000,0.06117,0.97338,385.83568,4608.32086,0.06117,4206.00000,2449.00000,452.58963,4326.44235
600.00000,0.07000,2.00000,3.00000,0.00000,0.46356,0.97338,385.83568,8065.03672,0.46356,4206.00000,2533.00000,126.31648,4326.44235
600.00000,0.07000,3.00000,3.00000,0.00000,0.46356,0.97338,385.83568,8065.03672,0.46356,4206.00000,4415.00000,493.14963,4326.44235
600.00000,0.07000,4.00000,3.00000,0.00000,0.44144,0.97338,385.83568,7745.66486,0.44144,4206.00000,4460.00000,473.16651,4326.44235
600.00000,0.07000,5.00000,3.00000,0.00000,0.47438,0.97338,385.83568,8231.07210,0.47438,4206.00000,2499.00000,125.15480,4326.44235
600.00000,0.07000,6.00000,3.00000,0.00000,0.46356,0.97338,385.83568,8065.03672,0.46356,4206.00000,4390.00000,28.42157,4326.44235
