Omega,Tolerance,Step Size Rule,Iterations,Converged?,Gap LR,Gap Naive,Obj. Naive,Obj. LR,Gap,Time Naive,Time LR,Final Lambda,LB Heuristic
600.0,0.07,1.0,2.0,0.0,0.06483,0.18533,239.19291,256.64364,0.06483,4241.0,2461.0,323.64,240.0046
600.0,0.07,2.0,2.0,0.0,0.06483,0.18533,239.19291,256.64364,0.06483,4241.0,2432.0,0.35842,240.0046
600.0,0.07,3.0,2.0,0.0,0.06483,0.18533,239.19291,256.64364,0.06483,4241.0,2437.0,418.5,240.0046
600.0,0.07,4.0,2.0,0.0,0.06483,0.18533,239.19291,256.64364,0.06483,4241.0,2420.0,394.56558,240.0046
600.0,0.07,5.0,1.0,1.0,0.0,0.18533,239.19291,240.0046,0.0,4241.0,2138.0,0.46126,240.0046
600.0,0.07,6.0,1.0,1.0,0.0,0.18533,239.19291,240.0046,0.0,4241.0,2137.0,0.46126,240.0046
