,Omega,Tolerance,Step Size Rule,Iterations,Converged?,Gap LR,Gap Naive,Obj. Naive,Obj. LR,Gap,Time Naive,Time LR,Final Lambda,LB Heuristic,IR,AP
0,100.0,0.05,1.0,2.0,0.0,0.61301,0.43945,6458.49612,10027.26361,0.35591,4201.0,2807.0,841.34897,3880.46171,5906.97248,5598.91538
1,100.0,0.05,2.0,2.0,0.0,0.47899,0.43945,6458.49612,10746.22096,0.399,4201.0,2797.0,789.14897,5598.9034,5906.97248,5598.91538
2,100.0,0.05,3.0,2.0,0.0,0.62056,0.43945,6458.49612,10226.76361,0.36847,4201.0,2802.0,880.39897,3880.46171,5906.97248,5598.91538
3,100.0,0.05,4.0,2.0,0.0,0.62056,0.43945,6458.49612,10226.76361,0.36847,4201.0,2801.0,880.61343,3880.46171,5906.97248,5598.91538
4,100.0,0.05,5.0,2.0,0.0,0.49965,0.43945,6458.49612,11189.94267,0.42283,4201.0,2800.0,939.14897,5598.9034,5906.97248,5598.91538
5,100.0,0.05,6.0,2.0,0.0,0.63593,0.43945,6458.49612,10658.67561,0.39406,4201.0,2803.0,0.0,3880.46171,5906.97248,5598.91538
