Omega,Tolerance,Step Size Rule,Iterations,Converged?,Gap LR,Gap Naive,Obj. Naive,Obj. LR (UB),"Obj. LR (LB),",Gap,Time Naive,Time LR,Final Lambda,LB Heuristic,BBP,Best iter,Lambda best iter,Gamma best iter
100.0,0.05,1.0,5.0,0.0,0.48587,0.43945,6458.49612,11489.3122,9990.336,0.43787,4201.0,50708.0,832.64897,5906.96663,0.0,5.0,835.54897,5.0
100.0,0.05,2.0,8.0,0.0,0.49143,0.43945,6458.49612,11614.85031,10757.65407,0.44394,4201.0,52810.0,789.14897,5906.96663,0.0,8.0,989.14897,5.0
100.0,0.05,3.0,5.0,0.0,0.47196,0.43945,6458.49612,11186.628,10208.01361,0.42266,4201.0,50705.0,872.75611,5906.96663,0.0,3.0,880.39897,5.0
100.0,0.05,4.0,5.0,0.0,0.47074,0.43945,6458.49612,11160.85506,10182.15218,0.42133,4201.0,50707.0,872.99061,5906.96663,0.0,5.0,875.22668,5.0
100.0,0.05,5.0,6.0,0.0,0.48127,0.43945,6458.49612,11387.39882,10507.65407,0.43284,4201.0,50699.0,774.14897,5906.96663,0.0,3.0,939.14897,5.0
100.0,0.05,6.0,8.0,0.0,0.47014,0.43945,6458.49612,11148.25295,10095.61622,0.42067,4201.0,50708.0,0.0,5906.96663,0.0,8.0,857.91949,5.0
