Omega,Tolerance,Step Size Rule,Iterations,Converged?,Gap LR,Gap Naive,Obj. Naive,Obj. LR (UB),"Obj. LR (LB),",Gap,Time Naive,Time LR,Final Lambda,LB Heuristic,BBP,Best iter,Lambda best iter,Gamma best iter
100.0,0.05,1.0,2.0,0.0,0.51249,0.43945,6458.49612,12116.56044,10027.26361,0.46697,4201.0,2800.0,841.34897,5906.96663,0.0,2.0,844.24897,5.0
100.0,0.05,2.0,2.0,0.0,0.52517,0.43945,6458.49612,12440.16633,12440.16633,0.48084,4201.0,2805.0,789.14897,5906.96663,0.0,1.0,789.14897,-95.0
100.0,0.05,3.0,2.0,0.0,0.51851,0.43945,6458.49612,12268.09407,10226.76361,0.47355,4201.0,2807.0,880.39897,5906.96663,0.0,2.0,884.14897,5.0
100.0,0.05,4.0,2.0,0.0,0.51851,0.43945,6458.49612,12268.09407,10226.76361,0.47355,4201.0,2801.0,880.61343,5906.96663,0.0,2.0,884.14897,5.0
100.0,0.05,5.0,2.0,0.0,0.52517,0.43945,6458.49612,12440.16633,12440.16633,0.48084,4201.0,2804.0,939.14897,5906.96663,0.0,1.0,789.14897,-95.0
100.0,0.05,6.0,2.0,0.0,0.52166,0.43945,6458.49612,12348.80624,10387.59679,0.47699,4201.0,2801.0,0.0,5906.96663,0.0,2.0,926.69001,5.0
