,Omega,Tolerance,Step Size Rule,Iterations,Converged?,Gap LR,Gap Naive,Obj. Naive,Obj. LR,Gap,Time Naive,Time LR,Final Lambda,LB Heuristic,IR,AP
0,100.0,0.05,1.0,2.0,0.0,0.61301,0.43945,6458.49612,10027.26361,0.35591,4201.0,2807.0,841.34897,3880.46171,5906.97248,5598.91538
1,100.0,0.05,2.0,3.0,0.0,0.67771,0.43945,6458.49612,12040.16633,0.46359,4201.0,3747.0,795.46475,3880.46171,5906.97248,5598.91538
2,100.0,0.05,3.0,2.0,0.0,0.62056,0.43945,6458.49612,10226.76361,0.36847,4201.0,2802.0,880.39897,3880.46171,5906.97248,5598.91538
3,100.0,0.05,4.0,2.0,0.0,0.62056,0.43945,6458.49612,10226.76361,0.36847,4201.0,2801.0,880.61343,3880.46171,5906.97248,5598.91538
4,100.0,0.05,5.0,2.0,0.0,0.68036,0.43945,6458.49612,12140.16633,0.46801,4201.0,2472.0,793.88581,3880.46171,5906.97248,5598.91538
5,100.0,0.05,6.0,2.0,0.0,0.63593,0.43945,6458.49612,10658.67561,0.39406,4201.0,2803.0,0.0,3880.46171,5906.97248,5598.91538
