"Omega","Tolerance","Step Size Rule","Iterations","Converged?","Gap LR","Gap Naive","Obj. Naive","Obj. LR","Gap","Time Naive","Time LR","Final Lambda","LB Heuristic"
600.00000,0.01000,1.00000,2.00000,0.00000,0.13569,0.62813,3651.25469,5017.14560,0.13569,4248.00000,4336.00000,139.07583,4336.37583
600.00000,0.01000,2.00000,2.00000,0.00000,0.13818,0.62813,3651.25469,5031.64560,0.13818,4248.00000,2575.00000,105.21253,4336.37583
600.00000,0.01000,3.00000,2.00000,0.00000,0.13856,0.62813,3651.25469,5033.85913,0.13856,4248.00000,4368.00000,134.37583,4336.37583
600.00000,0.01000,4.00000,2.00000,0.00000,0.13799,0.62813,3651.25469,5030.52580,0.13799,4248.00000,4364.00000,134.63319,4336.37583
600.00000,0.01000,5.00000,2.00000,0.00000,0.14411,0.62813,3651.25469,5066.52580,0.14411,4248.00000,2627.00000,95.12836,4336.37583
600.00000,0.01000,6.00000,2.00000,0.00000,0.14465,0.62813,3651.25469,5069.72769,0.14465,4248.00000,2570.00000,273.94058,4336.37583
