"Omega","Tolerance","Step Size Rule","Iterations","Converged?","Gap LR","Gap Naive","Obj. Naive","Obj. LR","Gap","Time Naive","Time LR","Final Lambda","LB Heuristic"
600.00000,0.01000,1.00000,2.00000,0.00000,-26.35106,0.62861,3627.23200,156.73138,-26.35106,4238.00000,4259.00000,485.91583,4286.76977
600.00000,0.01000,2.00000,2.00000,0.00000,-1.18005,0.62861,3627.23200,1966.36562,-1.18005,4238.00000,3005.00000,111.87920,4286.76977
600.00000,0.01000,3.00000,2.00000,0.00000,-1.59237,0.62861,3627.23200,1653.61138,-1.59237,4238.00000,4264.00000,584.37583,4286.76977
600.00000,0.01000,4.00000,2.00000,0.00000,3.24393,0.62861,3627.23200,-1910.38862,3.24393,4238.00000,4249.00000,734.63319,4286.76977
600.00000,0.01000,5.00000,2.00000,0.00000,3.24393,0.62861,3627.23200,-1910.38862,3.24393,4238.00000,4252.00000,120.38088,4286.76977
600.00000,0.01000,6.00000,2.00000,0.00000,-1.18005,0.62861,3627.23200,1966.36562,-1.18005,4238.00000,4239.00000,0.00000,4286.76977
