"Omega","Tolerance","Step Size Rule","Iterations","Converged?","Gap LR","Gap Naive","Obj. Naive","Obj. LR","Gap","Time Naive","Time LR","Final Lambda","LB Heuristic"
600.00000,0.01000,1.00000,2.00000,0.00000,0.09481,0.66702,3173.02626,4402.83058,0.09481,4205.00000,4216.00000,141.97583,3985.37701
600.00000,0.01000,2.00000,3.00000,0.00000,0.16295,0.66702,3173.02626,4761.20793,0.16295,4205.00000,2535.00000,78.88257,3985.37701
600.00000,0.01000,3.00000,2.00000,0.00000,0.10201,0.66702,3173.02626,4438.12824,0.10201,4205.00000,4223.00000,138.87583,3985.37701
600.00000,0.01000,4.00000,2.00000,0.00000,0.08632,0.66702,3173.02626,4361.91308,0.08632,4205.00000,4221.00000,139.04741,3985.37701
600.00000,0.01000,5.00000,3.00000,0.00000,0.17821,0.66702,3173.02626,4849.61044,0.17821,4205.00000,2467.00000,95.29671,3985.37701
600.00000,0.01000,6.00000,3.00000,0.00000,0.10201,0.66702,3173.02626,4438.12824,0.10201,4205.00000,4399.00000,102.63920,3985.37701
