Omega,Tolerance,Step Size Rule,Iterations,Converged?,Gap LR,Gap Naive,Obj. Naive,Obj. LR,Gap,Time Naive,Time LR,Final Lambda,LB Heuristic
900.0,0.01,1.0,1.0,1.0,0.0,0.10678,240.44685,244.01279,0.0,4249.0,2145.0,0.92647,244.01279
900.0,0.01,2.0,1.0,1.0,0.0,0.10678,240.44685,244.01279,0.0,4249.0,2159.0,0.92647,244.01279
900.0,0.01,3.0,1.0,1.0,0.0,0.10678,240.44685,244.01279,0.0,4249.0,2143.0,0.92647,244.01279
900.0,0.01,4.0,1.0,1.0,0.0,0.10678,240.44685,244.01279,0.0,4249.0,2151.0,0.92647,244.01279
900.0,0.01,5.0,1.0,1.0,0.0,0.10678,240.44685,244.01279,0.0,4249.0,2150.0,0.92647,244.01279
900.0,0.01,6.0,1.0,1.0,0.0,0.10678,240.44685,244.01279,0.0,4249.0,2148.0,0.92647,244.01279
