Omega,Tolerance,Step Size Rule,Iterations,Converged?,Gap LR,Gap Naive,Obj. Naive,Obj. LR (UB),"Obj. LR (LB),",Gap,Time Naive,Time LR,Final Lambda,LB Heuristic,BBP,Best iter,Lambda best iter,Gamma best iter
900.0,0.01,1.0,10.0,0.0,0.08033,0.10678,240.44685,265.32757,247.65477,0.08033,4249.0,2357.0,475.02,244.01279,0.0,1.0,0.92647,4.0
900.0,0.01,2.0,6.0,0.0,0.08033,0.10678,240.44685,265.32757,247.65477,0.08033,4249.0,2469.0,200.0,244.01279,0.0,1.0,0.92647,4.0
900.0,0.01,3.0,10.0,0.0,0.08033,0.10678,240.44685,265.32757,247.65477,0.08033,4249.0,2304.0,640.71331,244.01279,0.0,1.0,0.92647,4.0
900.0,0.01,4.0,10.0,0.0,0.08033,0.10678,240.44685,265.32757,247.65477,0.08033,4249.0,2309.0,600.20712,244.01279,0.0,1.0,0.92647,4.0
900.0,0.01,5.0,6.0,0.0,0.08033,0.10678,240.44685,265.32757,247.65477,0.08033,4249.0,2410.0,10.0,244.01279,0.0,1.0,0.92647,4.0
900.0,0.01,6.0,3.0,0.0,0.08033,0.10678,240.44685,265.32757,247.65477,0.08033,4249.0,4318.0,0.0,244.01279,0.0,1.0,0.92647,4.0
