Omega,Tolerance,Step Size Rule,Iterations,Converged?,Gap LR,Gap Naive,Obj. Naive,Obj. LR,Gap,Time Naive,Time LR,Final Lambda,LB Heuristic
900.0,0.01,1.0,7.0,0.0,0.01471,0.10678,240.44685,247.65477,0.01471,4249.0,2254.0,490.68,244.01279
900.0,0.01,2.0,3.0,0.0,0.01471,0.10678,240.44685,247.65477,0.01471,4249.0,2731.0,0.44893,244.01279
900.0,0.01,3.0,7.0,0.0,0.01471,0.10678,240.44685,247.65477,0.01471,4249.0,2252.0,648.11786,244.01279
900.0,0.01,4.0,2.0,0.0,0.01518,0.10678,240.44685,247.77315,0.01518,4249.0,2385.0,0.0,244.01279
900.0,0.01,5.0,3.0,0.0,0.01471,0.10678,240.44685,247.65477,0.01471,4249.0,2714.0,0.28058,244.01279
900.0,0.01,6.0,2.0,0.0,0.01518,0.10678,240.44685,247.77315,0.01518,4249.0,2381.0,0.0,244.01279
,,,,,,,,,,,,,0.0
,,,,,,,,,,,,,0.0
