"Omega","Tolerance","Step Size Rule","Iterations","Converged?","Gap LR","Gap Naive","Obj. Naive","Obj. LR","Gap","Time Naive","Time LR","Final Lambda","LB Heuristic"
900.00000,0.01000,1.00000,1.00000,1.00000,0.00000,0.08653,244.01279,244.01279,0.00000,4295.00000,2172.00000,0.92647,244.01279
900.00000,0.01000,2.00000,1.00000,1.00000,0.00000,0.08653,244.01279,244.01279,0.00000,4295.00000,2165.00000,0.92647,244.01279
900.00000,0.01000,3.00000,1.00000,1.00000,0.00000,0.08653,244.01279,244.01279,0.00000,4295.00000,2162.00000,0.92647,244.01279
900.00000,0.01000,4.00000,1.00000,1.00000,0.00000,0.08653,244.01279,244.01279,0.00000,4295.00000,2153.00000,0.92647,244.01279
900.00000,0.01000,5.00000,1.00000,1.00000,0.00000,0.08653,244.01279,244.01279,0.00000,4295.00000,2159.00000,0.92647,244.01279
900.00000,0.01000,6.00000,1.00000,1.00000,0.00000,0.08653,244.01279,244.01279,0.00000,4295.00000,2156.00000,0.92647,244.01279
