"Omega","Tolerance","Step Size Rule","Iterations","Converged?","Gap LR","Gap Naive","Obj. Naive","Obj. LR","Gap","Time Naive","Time LR","Final Lambda","LB Heuristic"
100.00000,0.05000,1.00000,2.00000,0.00000,0.29936,0.43608,6952.28458,9908.55367,0.29836,4213.00000,4227.00000,849.58557,6942.28458
100.00000,0.05000,2.00000,2.00000,0.00000,0.32340,0.43608,6952.28458,10260.51553,0.32242,4213.00000,4233.00000,801.59610,6942.28458
100.00000,0.05000,3.00000,2.00000,0.00000,0.31394,0.43608,6952.28458,10119.13192,0.31296,4213.00000,4225.00000,888.63557,6942.28458
100.00000,0.05000,4.00000,2.00000,0.00000,0.31394,0.43608,6952.28458,10119.13192,0.31296,4213.00000,4223.00000,888.85004,6942.28458
100.00000,0.05000,5.00000,2.00000,0.00000,0.31674,0.43608,6952.28458,10160.51553,0.31575,4213.00000,4219.00000,802.12241,6942.28458
100.00000,0.05000,6.00000,2.00000,0.00000,0.31026,0.43608,6952.28458,10065.05014,0.30926,4213.00000,4214.00000,0.00000,6942.28458
