"Omega","Tolerance","Step Size Rule","Iterations","Converged?","Gap LR","Gap Naive","Obj. Naive","Obj. LR","Gap","Time Naive","Time LR","Final Lambda","LB Heuristic"
100.00000,0.05000,1.00000,2.00000,0.00000,0.29889,0.46854,6346.21991,9901.79942,0.29889,4204.00000,4215.00000,849.58557,6942.28458
100.00000,0.05000,2.00000,2.00000,0.00000,0.32340,0.46854,6346.21991,10260.51553,0.32340,4204.00000,4210.00000,801.59610,6942.28458
100.00000,0.05000,3.00000,2.00000,0.00000,0.31570,0.46854,6346.21991,10145.15852,0.31570,4204.00000,4207.00000,888.63557,6942.28458
100.00000,0.05000,4.00000,2.00000,0.00000,0.31570,0.46854,6346.21991,10145.15852,0.31570,4204.00000,4209.00000,888.85004,6942.28458
100.00000,0.05000,5.00000,2.00000,0.00000,0.31674,0.46854,6346.21991,10160.51553,0.31674,4204.00000,4208.00000,802.12241,6942.28458
100.00000,0.05000,6.00000,2.00000,0.00000,0.32168,0.46854,6346.21991,10234.47991,0.32168,4204.00000,4207.00000,0.00000,6942.28458
