Omega,Tolerance,Step Size Rule,Iterations,Converged?,Gap LR,Gap Naive,Obj. Naive,Obj. LR (UB),"Obj. LR (LB),",Gap,Time Naive,Time LR,Final Lambda,LB Heuristic,BBP,Best iter,Lambda best iter,Gamma best iter
100.0,0.05,1.0,5.0,0.0,0.48259,0.42756,6498.88603,11153.2973,9883.30143,0.41731,4200.0,51570.0,838.71661,5770.80213,0.0,5.0,841.61661,5.0
100.0,0.05,2.0,7.0,0.0,0.49774,0.42756,6498.88603,11489.73827,10651.30143,0.43437,4200.0,41214.0,995.21661,5770.80213,0.0,4.0,995.21661,5.0
100.0,0.05,3.0,5.0,0.0,0.47641,0.42756,6498.88603,11021.60733,10080.05143,0.41035,4200.0,51560.0,878.82376,5770.80213,0.0,5.0,880.96661,5.0
100.0,0.05,4.0,5.0,0.0,0.47739,0.42756,6498.88603,11042.24079,10081.69,0.41145,4200.0,51565.0,879.05826,5770.80213,0.0,5.0,881.29433,5.0
100.0,0.05,5.0,6.0,0.0,0.48816,0.42756,6498.88603,11274.58525,9900.79003,0.42358,4200.0,51579.0,780.21661,5770.80213,0.0,4.0,845.21661,5.0
100.0,0.05,6.0,8.0,0.0,0.47741,0.42756,6498.88603,11042.68336,9974.86776,0.41148,4200.0,51574.0,0.0,5770.80213,0.0,8.0,859.92988,5.0
