"Omega","Tolerance","Step Size Rule","Iterations","Converged?","Gap LR","Gap Naive","Obj. Naive","Obj. LR","Gap","Time Naive","Time LR","Final Lambda","LB Heuristic"
100.00000,0.05000,1.00000,2.00000,0.00000,0.33013,0.46940,6503.69788,9662.69413,0.32693,4215.00000,4231.00000,847.41661,6472.71477
100.00000,0.05000,2.00000,2.00000,0.00000,0.43659,0.46940,6503.69788,11488.56253,0.43390,4215.00000,4256.00000,799.42714,6472.71477
100.00000,0.05000,3.00000,2.00000,0.00000,0.35356,0.46940,6503.69788,10012.82131,0.35046,4215.00000,4237.00000,886.46661,6472.71477
100.00000,0.05000,4.00000,2.00000,0.00000,0.35356,0.46940,6503.69788,10012.82131,0.35046,4215.00000,4231.00000,886.68108,6472.71477
100.00000,0.05000,5.00000,2.00000,0.00000,0.43512,0.46940,6503.69788,11458.56253,0.43242,4215.00000,4218.00000,799.95345,6472.71477
100.00000,0.05000,6.00000,2.00000,0.00000,0.36217,0.46940,6503.69788,10147.95256,0.35911,4215.00000,4214.00000,0.00000,6472.71477
