"Omega","Tolerance","Step Size Rule","Iterations","Converged?","Gap LR","Gap Naive","Obj. Naive","Obj. LR","Gap","Time Naive","Time LR","Final Lambda","LB Heuristic"
600.00000,0.05000,1.00000,2.00000,0.00000,0.59753,1.00000,265.52995,10320.36166,0.59753,4231.00000,4246.00000,445.66915,4153.65510
600.00000,0.05000,2.00000,2.00000,0.00000,0.58957,1.00000,265.52995,10120.36166,0.58957,4231.00000,4247.00000,133.17090,4153.65510
600.00000,0.05000,3.00000,2.00000,0.00000,0.59753,1.00000,265.52995,10320.36166,0.59753,4231.00000,4251.00000,679.96915,4153.65510
600.00000,0.05000,4.00000,2.00000,0.00000,0.59753,1.00000,265.52995,10320.36166,0.59753,4231.00000,4250.00000,681.25595,4153.65510
600.00000,0.05000,5.00000,2.00000,0.00000,0.58548,1.00000,265.52995,10020.36166,0.58548,4231.00000,4241.00000,133.25862,4153.65510
600.00000,0.05000,6.00000,2.00000,0.00000,0.50477,1.00000,265.52995,8387.35550,0.50477,4231.00000,4226.00000,0.00000,4153.65510
