"Omega","Tolerance","Step Size Rule","Iterations","Converged?","Gap LR","Gap Naive","Obj. Naive","Obj. LR","Gap","Time Naive","Time LR","Final Lambda","LB Heuristic"
600.00000,0.05000,1.00000,2.00000,0.00000,0.56353,0.69364,4032.70868,10320.36166,0.56353,4247.00000,4325.00000,445.66915,4504.49723
600.00000,0.05000,2.00000,2.00000,0.00000,0.55491,0.69364,4032.70868,10120.36166,0.55491,4247.00000,4317.00000,133.17090,4504.49723
600.00000,0.05000,3.00000,2.00000,0.00000,0.56353,0.69364,4032.70868,10320.36166,0.56353,4247.00000,4331.00000,679.96915,4504.49723
600.00000,0.05000,4.00000,2.00000,0.00000,0.56353,0.69364,4032.70868,10320.36166,0.56353,4247.00000,4340.00000,681.25595,4504.49723
600.00000,0.05000,5.00000,2.00000,0.00000,0.55047,0.69364,4032.70868,10020.36166,0.55047,4247.00000,4300.00000,133.25862,4504.49723
600.00000,0.05000,6.00000,2.00000,0.00000,0.46851,0.69364,4032.70868,8475.16795,0.46851,4247.00000,4260.00000,0.00000,4504.49723
