"Omega","Tolerance","Step Size Rule","Iterations","Converged?","Gap LR","Gap Naive","Obj. Naive","Obj. LR","Gap","Time Naive","Time LR","Final Lambda","LB Heuristic"
600.00000,0.05000,1.00000,3.00000,0.00000,0.36541,0.93142,883.50024,6009.37099,0.36541,4206.00000,4476.00000,438.12915,3813.49428
600.00000,0.05000,2.00000,3.00000,0.00000,0.48559,0.93142,883.50024,7413.37555,0.48559,4206.00000,2581.00000,125.47860,3813.49428
600.00000,0.05000,3.00000,3.00000,0.00000,0.47029,0.93142,883.50024,7199.24530,0.47029,4206.00000,4406.00000,515.96915,3813.49428
600.00000,0.05000,4.00000,3.00000,0.00000,0.48899,0.93142,883.50024,7462.69618,0.48899,4206.00000,4386.00000,492.19951,3813.49428
600.00000,0.05000,5.00000,3.00000,0.00000,0.48672,0.93142,883.50024,7429.70101,0.48672,4206.00000,2461.00000,121.79663,3813.49428
600.00000,0.05000,6.00000,3.00000,0.00000,0.48378,0.93142,883.50024,7387.37915,0.48378,4206.00000,4346.00000,0.00000,3813.49428
