"Omega","Tolerance","Step Size Rule","Iterations","Converged?","Gap LR","Gap Naive","Obj. Naive","Obj. LR","Gap","Time Naive","Time LR","Final Lambda","LB Heuristic"
600.00000,0.05000,1.00000,2.00000,0.00000,0.60770,0.63613,4787.92233,10320.36166,0.53607,4297.00000,4364.00000,445.66915,4048.69381
600.00000,0.05000,2.00000,2.00000,0.00000,0.59995,0.63613,4787.92233,10120.36166,0.52690,4297.00000,4345.00000,133.17090,4048.69381
600.00000,0.05000,3.00000,2.00000,0.00000,0.60770,0.63613,4787.92233,10320.36166,0.53607,4297.00000,4351.00000,679.96915,4048.69381
600.00000,0.05000,4.00000,2.00000,0.00000,0.60770,0.63613,4787.92233,10320.36166,0.53607,4297.00000,4368.00000,681.25595,4048.69381
600.00000,0.05000,5.00000,2.00000,0.00000,0.59595,0.63613,4787.92233,10020.36166,0.52218,4297.00000,4333.00000,133.25862,4048.69381
600.00000,0.05000,6.00000,2.00000,0.00000,0.53861,0.63613,4787.92233,8774.99903,0.45437,4297.00000,4321.00000,0.00000,4048.69381
