"Omega","Tolerance","Step Size Rule","Iterations","Converged?","Gap LR","Gap Naive","Obj. Naive","Obj. LR","Gap","Time Naive","Time LR","Final Lambda","LB Heuristic"
600.00000,0.07000,1.00000,2.00000,0.00000,0.58518,1.00000,358.15628,12844.71351,0.58518,4229.00000,4244.00000,431.23251,5328.25988
600.00000,0.07000,2.00000,2.00000,0.00000,0.57862,1.00000,358.15628,12644.71351,0.57862,4229.00000,4243.00000,132.66936,5328.25988
600.00000,0.07000,3.00000,2.00000,0.00000,0.58518,1.00000,358.15628,12844.71351,0.58518,4229.00000,4248.00000,658.45251,5328.25988
600.00000,0.07000,4.00000,2.00000,0.00000,0.58518,1.00000,358.15628,12844.71351,0.58518,4229.00000,4248.00000,660.25403,5328.25988
600.00000,0.07000,5.00000,2.00000,0.00000,0.57526,1.00000,358.15628,12544.71351,0.57526,4229.00000,4244.00000,132.75896,5328.25988
600.00000,0.07000,6.00000,2.00000,0.00000,0.50174,1.00000,358.15628,10693.77059,0.50174,4229.00000,4227.00000,0.00000,5328.25988
