"Omega","Tolerance","Step Size Rule","Iterations","Converged?","Gap LR","Gap Naive","Obj. Naive","Obj. LR","Gap","Time Naive","Time LR","Final Lambda","LB Heuristic"
600.00000,0.07000,1.00000,3.00000,0.00000,0.47739,0.95591,636.32509,7811.30242,0.47739,4205.00000,4410.00000,406.87251,4082.23091
600.00000,0.07000,2.00000,3.00000,0.00000,0.52472,0.95591,636.32509,8589.11904,0.52472,4205.00000,2594.00000,126.95507,4082.23091
600.00000,0.07000,3.00000,3.00000,0.00000,0.50636,0.95591,636.32509,8269.59806,0.50636,4205.00000,4401.00000,484.25251,4082.23091
600.00000,0.07000,4.00000,3.00000,0.00000,0.51415,0.95591,636.32509,8402.25646,0.51415,4205.00000,4376.00000,467.26938,4082.23091
600.00000,0.07000,5.00000,3.00000,0.00000,0.51166,0.95591,636.32509,8359.47503,0.51166,4205.00000,2554.00000,125.25768,4082.23091
600.00000,0.07000,6.00000,3.00000,0.00000,0.50636,0.95591,636.32509,8269.59806,0.50636,4205.00000,4367.00000,9.07852,4082.23091
