"Omega","Tolerance","Step Size Rule","Iterations","Converged?","Gap LR","Gap Naive","Obj. Naive","Obj. LR","Gap","Time Naive","Time LR","Final Lambda","LB Heuristic"
600.00000,0.07000,1.00000,2.00000,0.00000,0.59270,0.63477,5363.11621,12844.71351,0.58247,4276.00000,4303.00000,431.23251,5231.60627
600.00000,0.07000,2.00000,2.00000,0.00000,0.58626,0.63477,5363.11621,12644.71351,0.57586,4276.00000,4315.00000,132.66936,5231.60627
600.00000,0.07000,3.00000,2.00000,0.00000,0.59270,0.63477,5363.11621,12844.71351,0.58247,4276.00000,4340.00000,658.45251,5231.60627
600.00000,0.07000,4.00000,2.00000,0.00000,0.59270,0.63477,5363.11621,12844.71351,0.58247,4276.00000,4324.00000,660.25403,5231.60627
600.00000,0.07000,5.00000,2.00000,0.00000,0.58296,0.63477,5363.11621,12544.71351,0.57248,4276.00000,4306.00000,132.75896,5231.60627
600.00000,0.07000,6.00000,2.00000,0.00000,0.51132,0.63477,5363.11621,10705.52350,0.49903,4276.00000,4265.00000,0.00000,5231.60627
