Omega,Tolerance,Step Size Rule,Iterations,Converged?,Gap LR,Gap Naive,Obj. Naive,Obj. LR (UB),"Obj. LR (LB),",Gap,Time Naive,Time LR,Final Lambda,LB Heuristic,BBP,Best iter,Lambda best iter,Gamma best iter
1500.0,0.01,1.0,10.0,0.0,0.11838,0.11579,236.11117,266.79806,246.65651,0.11502,4211.0,5409.0,791.7,235.21448,0.0,1.0,0.53452,11.0
1500.0,0.01,2.0,10.0,0.0,0.11842,0.11579,236.11117,266.80914,246.65651,0.11506,4211.0,6170.0,200.0,235.21448,0.0,1.0,0.53452,11.0
1500.0,0.01,3.0,10.0,0.0,0.11842,0.11579,236.11117,266.80914,246.65651,0.11506,4211.0,5398.0,1067.85552,235.21448,0.0,1.0,0.53452,11.0
1500.0,0.01,4.0,10.0,0.0,0.11838,0.11579,236.11117,266.79806,246.65651,0.11502,4211.0,5402.0,1000.3452,235.21448,0.0,1.0,0.53452,11.0
1500.0,0.01,5.0,10.0,0.0,0.11838,0.11579,236.11117,266.79806,246.65651,0.11502,4211.0,6353.0,0.0,235.21448,0.0,1.0,0.53452,11.0
1500.0,0.01,6.0,6.0,0.0,0.11838,0.11579,236.11117,266.79806,246.65651,0.11502,4211.0,46521.0,0.16355,235.21448,0.0,1.0,0.53452,11.0
