Omega,Tolerance,Step Size Rule,Iterations,Converged?,Gap LR,Gap Naive,Obj. Naive,Obj. LR (UB),"Obj. LR (LB),",Gap,Time Naive,Time LR,Final Lambda,LB Heuristic,BBP,Best iter,Lambda best iter,Gamma best iter
1500.0,0.01,1.0,4.0,0.0,0.1215,0.11579,236.11117,267.74504,245.32703,0.11815,4211.0,2408.0,843.9,235.21448,0.0,1.0,0.53452,5.0
1500.0,0.01,2.0,3.0,0.0,0.1215,0.11579,236.11117,267.74504,245.32703,0.11815,4211.0,2402.0,0.0,235.21448,0.0,1.0,0.53452,5.0
1500.0,0.01,3.0,5.0,0.0,0.1215,0.11579,236.11117,267.74504,245.32703,0.11815,4211.0,2410.0,1090.82143,235.21448,0.0,1.0,0.53452,5.0
1500.0,0.01,4.0,5.0,0.0,0.1215,0.11579,236.11117,267.74504,245.32703,0.11815,4211.0,2411.0,1027.18511,235.21448,0.0,1.0,0.53452,5.0
1500.0,0.01,5.0,3.0,0.0,0.1215,0.11579,236.11117,267.74504,245.32703,0.11815,4211.0,2403.0,50.0,235.21448,0.0,1.0,0.53452,5.0
1500.0,0.01,6.0,3.0,0.0,0.1215,0.11579,236.11117,267.74504,245.32703,0.11815,4211.0,4495.0,0.0,235.21448,0.0,1.0,0.53452,5.0
