,Omega,Tolerance,Step Size Rule,Iterations,Converged?,Gap LR,Gap Naive,Obj. Naive,Obj. LR,Gap,Time Naive,Time LR,Final Lambda,LB Heuristic,Heuristic Time,IR,AP
0,1500.0,0.01,1.0,2.0,0.0,0.04122,0.11579,236.11117,245.32703,0.03757,4211.0,2338.0,861.3,235.21448,,0.0,0.0
1,1500.0,0.01,2.0,2.0,0.0,0.04122,0.11579,236.11117,245.32703,0.03757,4211.0,2334.0,0.13468,235.21448,,0.0,0.0
2,1500.0,0.01,3.0,2.0,0.0,0.04122,0.11579,236.11117,245.32703,0.03757,4211.0,2331.0,1113.75,235.21448,,0.0,0.0
3,1500.0,0.01,4.0,2.0,0.0,0.04122,0.11579,236.11117,245.32703,0.03757,4211.0,2334.0,1050.05357,235.21448,,0.0,0.0
4,1500.0,0.01,5.0,2.0,0.0,0.04122,0.11579,236.11117,245.32703,0.03757,4211.0,2335.0,0.10101,235.21448,,0.0,0.0
5,1500.0,0.01,6.0,2.0,0.0,0.04122,0.11579,236.11117,245.32703,0.03757,4211.0,2355.0,0.35421,235.21448,48.0,0.0,0.0
