,Omega,Tolerance,Step Size Rule,Iterations,Converged?,Gap LR,Gap Naive,Obj. Naive,Obj. LR,Gap,Time Naive,Time LR,Final Lambda,LB Heuristic,IR,AP
0,1500.0,0.05,1.0,2.0,0.0,0.46393,0.76344,3118.26916,10523.26231,0.46393,4204.0,4210.0,835.98291,5641.21043,5640.55293,5157.3382
1,1500.0,0.05,2.0,2.0,0.0,0.46393,0.76344,3118.26916,10523.26231,0.46393,4204.0,4210.0,52.98291,5641.21043,5640.55293,5157.3382
2,1500.0,0.05,3.0,2.0,0.0,0.46393,0.76344,3118.26916,10523.26231,0.46393,4204.0,4209.0,1421.73291,5641.21043,5640.55293,5157.3382
3,1500.0,0.05,4.0,2.0,0.0,0.46393,0.76344,3118.26916,10523.26231,0.46393,4204.0,4212.0,1424.9499,5641.21043,5640.55293,5157.3382
4,1500.0,0.05,5.0,2.0,0.0,0.46393,0.76344,3118.26916,10523.26231,0.46393,4204.0,4210.0,202.98291,5641.21043,5640.55293,5157.3382
5,1500.0,0.05,6.0,2.0,0.0,0.26996,0.76344,3118.26916,7727.24891,0.26996,4204.0,4211.0,4.20722,5641.21043,5640.55293,5157.3382
