Omega,Tolerance,Step Size Rule,Iterations,Converged?,Gap LR,Gap Naive,Obj. Naive,Obj. LR (UB),"Obj. LR (LB),",Gap,Time Naive,Time LR,Final Lambda,LB Heuristic,BBP,Best iter,Lambda best iter,Gamma best iter
1500.0,0.05,1.0,2.0,0.0,0.57347,0.76344,3118.26916,13225.74907,10523.26231,0.57347,4204.0,4207.0,835.98291,5641.21043,0.0,1.0,52.98291,-1425.0
1500.0,0.05,2.0,2.0,0.0,0.57347,0.76344,3118.26916,13225.74907,10523.26231,0.57347,4204.0,4210.0,52.98291,5641.21043,0.0,1.0,52.98291,-1425.0
1500.0,0.05,3.0,2.0,0.0,0.57347,0.76344,3118.26916,13225.74907,10523.26231,0.57347,4204.0,4207.0,1421.73291,5641.21043,0.0,1.0,52.98291,-1425.0
1500.0,0.05,4.0,2.0,0.0,0.57347,0.76344,3118.26916,13225.74907,10523.26231,0.57347,4204.0,4215.0,1424.9499,5641.21043,0.0,1.0,52.98291,-1425.0
1500.0,0.05,5.0,2.0,0.0,0.57347,0.76344,3118.26916,13225.74907,10523.26231,0.57347,4204.0,4210.0,202.98291,5641.21043,0.0,1.0,52.98291,-1425.0
1500.0,0.05,6.0,2.0,0.0,0.57347,0.76344,3118.26916,13225.74907,10523.26231,0.57347,4204.0,4213.0,0.0,5641.21043,0.0,1.0,52.98291,-1425.0
