"Omega","Tolerance","Step Size Rule","Iterations","Converged?","Gap LR","Gap Naive","Obj. Naive","Obj. LR","Gap","Time Naive","Time LR","Final Lambda","LB Heuristic"
600.00000,0.01000,1.00000,1.00000,1.00000,0.00000,0.07088,248.49909,248.49909,0.00000,4247.00000,2144.00000,1.21176,248.49909
600.00000,0.01000,2.00000,1.00000,1.00000,0.00000,0.07088,248.49909,248.49909,0.00000,4247.00000,2141.00000,1.21176,248.49909
600.00000,0.01000,3.00000,1.00000,1.00000,0.00000,0.07088,248.49909,248.49909,0.00000,4247.00000,2139.00000,1.21176,248.49909
600.00000,0.01000,4.00000,1.00000,1.00000,0.00000,0.07088,248.49909,248.49909,0.00000,4247.00000,2136.00000,1.21176,248.49909
600.00000,0.01000,5.00000,1.00000,1.00000,0.00000,0.07088,248.49909,248.49909,0.00000,4247.00000,2131.00000,1.21176,248.49909
600.00000,0.01000,6.00000,1.00000,1.00000,0.00000,0.07088,248.49909,248.49909,0.00000,4247.00000,2132.00000,1.21176,248.49909
