"Omega","Tolerance","Step Size Rule","Iterations","Converged?","Gap LR","Gap Naive","Obj. Naive","Obj. LR","Gap","Time Naive","Time LR","Final Lambda","LB Heuristic"
100.00000,0.07000,1.00000,10.00000,0.00000,0.06120,0.00000,285.58793,304.20577,0.06120,1098.00000,989.00000,20.19769,285.58793
100.00000,0.07000,2.00000,10.00000,0.00000,0.04543,0.00000,285.58793,299.17940,0.04543,1098.00000,1707.00000,4.30108,285.58793
100.00000,0.07000,3.00000,10.00000,0.00000,0.06120,0.00000,285.58793,304.20577,0.06120,1098.00000,842.00000,69.13027,285.58793
100.00000,0.07000,4.00000,10.00000,0.00000,0.06120,0.00000,285.58793,304.20577,0.06120,1098.00000,747.00000,67.65071,285.58793
100.00000,0.07000,5.00000,10.00000,0.00000,0.02529,0.00000,285.58793,292.99660,0.02529,1098.00000,1598.00000,1.08423,285.58793
100.00000,0.07000,6.00000,10.00000,0.00000,0.02418,0.00000,285.58793,292.66345,0.02418,1098.00000,2217.00000,2.73255,285.58793
