"Omega","Tolerance","Step Size Rule","Iterations","Converged?","Gap LR","Gap Naive","Obj. Naive","Obj. LR","Gap","Time Naive","Time LR","Final Lambda","LB Heuristic"
600.00000,0.01000,1.00000,2.00000,0.00000,0.01925,0.07065,248.77496,253.65826,0.01925,4255.00000,2593.00000,344.52000,248.77496
600.00000,0.01000,2.00000,2.00000,0.00000,0.01925,0.07065,248.77496,253.65826,0.01925,4255.00000,2529.00000,0.33670,248.77496
600.00000,0.01000,3.00000,2.00000,0.00000,0.01925,0.07065,248.77496,253.65826,0.01925,4255.00000,2524.00000,445.50000,248.77496
600.00000,0.01000,4.00000,2.00000,0.00000,0.01925,0.07065,248.77496,253.65826,0.01925,4255.00000,2559.00000,420.02143,248.77496
600.00000,0.01000,5.00000,2.00000,0.00000,0.01925,0.07065,248.77496,253.65826,0.01925,4255.00000,2532.00000,0.25253,248.77496
600.00000,0.01000,6.00000,3.00000,1.00000,0.01925,0.07065,248.77496,253.65826,0.01925,4255.00000,4398.00000,0.85747,248.77496
