"Omega","Tolerance","Step Size Rule","Iterations","Converged?","Gap LR","Gap Naive","Obj. Naive","Obj. LR","Gap","Time Naive","Time LR","Final Lambda","LB Heuristic"
600.00000,0.07000,1.00000,2.00000,0.00000,0.67042,0.71005,4255.28056,12911.39628,0.67042,4280.00000,4333.00000,431.10293,4255.28056
600.00000,0.07000,2.00000,2.00000,0.00000,0.66524,0.71005,4255.28056,12711.39628,0.66524,4280.00000,4312.00000,132.53977,4255.28056
600.00000,0.07000,3.00000,2.00000,0.00000,0.67042,0.71005,4255.28056,12911.39628,0.67042,4280.00000,4339.00000,658.32293,4255.28056
600.00000,0.07000,4.00000,2.00000,0.00000,0.67042,0.71005,4255.28056,12911.39628,0.67042,4280.00000,4333.00000,660.12444,4255.28056
600.00000,0.07000,5.00000,2.00000,0.00000,0.66258,0.71005,4255.28056,12611.39628,0.66258,4280.00000,4306.00000,132.62938,4255.28056
600.00000,0.07000,6.00000,2.00000,0.00000,0.56621,0.71005,4255.28056,9809.44007,0.56621,4280.00000,4295.00000,0.00000,4255.28056
