Omega,Tolerance,Step Size Rule,Iterations,Converged?,Gap LR,Gap Naive,Obj. Naive,Obj. LR (UB),"Obj. LR (LB),",Gap,Time Naive,Time LR,Final Lambda,LB Heuristic,BBP,Best iter,Lambda best iter,Gamma best iter
100.0,0.05,1.0,3.0,0.0,0.47532,0.42606,6646.86718,11903.87145,10114.8576,0.44162,4200.0,4409.0,838.20795,6245.68413,0.0,3.0,841.10795,5.0
100.0,0.05,2.0,3.0,0.0,0.4999,0.42606,6646.86718,12488.93877,10900.24806,0.46778,4200.0,2520.0,988.90795,6245.68413,0.0,2.0,988.90795,5.0
100.0,0.05,3.0,3.0,0.0,0.47791,0.42606,6646.86718,11962.81631,10310.1076,0.44437,4200.0,4411.0,877.15795,6245.68413,0.0,3.0,880.15795,5.0
100.0,0.05,4.0,3.0,0.0,0.48001,0.42606,6646.86718,12011.26755,10357.57039,0.44661,4200.0,4410.0,877.48567,6245.68413,0.0,3.0,880.37242,5.0
100.0,0.05,5.0,3.0,0.0,0.48227,0.42606,6646.86718,12063.56379,10671.0348,0.44901,4200.0,4408.0,838.90795,6245.68413,0.0,3.0,938.90795,5.0
100.0,0.05,6.0,4.0,0.0,0.49649,0.42606,6646.86718,12404.17135,10591.39898,0.46414,4200.0,4407.0,0.0,6245.68413,0.0,2.0,927.13814,5.0
