Omega,Tolerance,Step Size Rule,Iterations,Converged?,Gap LR,Gap Naive,Obj. Naive,Obj. LR (UB),"Obj. LR (LB),",Gap,Time Naive,Time LR,Final Lambda,LB Heuristic,BBP,Best iter,Lambda best iter,Gamma best iter
1500.0,0.05,1.0,10.0,0.0,0.1427,0.16438,239.83786,286.53381,256.53083,0.1427,4206.0,5521.0,478.5,245.64593,0.0,1.0,0.18364,61.0
1500.0,0.05,2.0,10.0,0.0,0.1427,0.16438,239.83786,286.53381,256.53083,0.1427,4206.0,6751.0,200.0,245.64593,0.0,1.0,0.18364,61.0
1500.0,0.05,3.0,10.0,0.0,0.1427,0.16438,239.83786,286.53381,256.53083,0.1427,4206.0,5522.0,839.2776,245.64593,0.0,1.0,0.18364,61.0
1500.0,0.05,4.0,10.0,0.0,0.1427,0.16438,239.83786,286.53381,256.53083,0.1427,4206.0,5515.0,759.08533,245.64593,0.0,1.0,0.18364,61.0
1500.0,0.05,5.0,10.0,0.0,0.1427,0.16438,239.83786,286.53381,256.53083,0.1427,4206.0,6599.0,0.0,245.64593,0.0,1.0,0.18364,61.0
1500.0,0.05,6.0,7.0,0.0,0.13944,0.16438,239.83786,285.44881,262.07129,0.13944,4206.0,51121.0,0.0,245.64593,0.0,5.0,0.2004,37.0
