,Omega,Tolerance,Step Size Rule,Iterations,Converged?,Gap LR,Gap Naive,Obj. Naive,Obj. LR,Gap,Time Naive,Time LR,Final Lambda,LB Heuristic,Heuristic Time,IR,AP
0,1500.0,0.05,1.0,2.0,0.0,0.03141,0.16438,239.83786,253.61099,0.03141,4210.0,2452.0,826.5,245.64593,,-253.50601,0.0
1,1500.0,0.05,2.0,2.0,0.0,0.03141,0.16438,239.83786,253.61099,0.03141,4206.0,2464.0,200.0,245.64593,,-253.50601,0.0
2,1500.0,0.05,3.0,2.0,0.0,0.03141,0.16438,239.83786,253.61099,0.03141,4210.0,2463.0,1068.75,245.64593,,-253.50601,0.0
3,1500.0,0.05,4.0,2.0,0.0,0.03141,0.16438,239.83786,253.61099,0.03141,4210.0,2464.0,1007.62716,245.64593,,-253.50601,0.0
4,1500.0,0.05,5.0,2.0,0.0,0.03141,0.16438,239.83786,253.61099,0.03141,4206.0,2457.0,150.0,245.64593,,-253.50601,0.0
5,1500.0,0.05,6.0,2.0,0.0,0.03141,0.16438,239.83786,253.61099,0.03141,4210.0,2459.0,0.4008,245.64593,77.0,-253.50601,0.0
