Omega,Tolerance,Step Size Rule,Iterations,Converged?,Gap LR,Gap Naive,Obj. Naive,Obj. LR (UB),"Obj. LR (LB),",Gap,Time Naive,Time LR,Final Lambda,LB Heuristic,BBP,Best iter,Lambda best iter,Gamma best iter
1500.0,0.05,1.0,2.0,0.0,0.14318,0.16438,239.83786,286.69333,253.61099,0.14318,4206.0,2470.0,826.5,245.64593,0.0,1.0,0.18364,75.0
1500.0,0.05,2.0,2.0,0.0,0.14318,0.16438,239.83786,286.69333,253.61099,0.14318,4206.0,2464.0,200.0,245.64593,0.0,1.0,0.18364,75.0
1500.0,0.05,3.0,2.0,0.0,0.14318,0.16438,239.83786,286.69333,253.61099,0.14318,4206.0,2460.0,1068.75,245.64593,0.0,1.0,0.18364,75.0
1500.0,0.05,4.0,2.0,0.0,0.14318,0.16438,239.83786,286.69333,253.61099,0.14318,4206.0,2461.0,1007.62716,245.64593,0.0,1.0,0.18364,75.0
1500.0,0.05,5.0,2.0,0.0,0.14318,0.16438,239.83786,286.69333,253.61099,0.14318,4206.0,2456.0,150.0,245.64593,0.0,1.0,0.18364,75.0
1500.0,0.05,6.0,2.0,0.0,0.14318,0.16438,239.83786,286.69333,253.61099,0.14318,4206.0,2466.0,0.4008,245.64593,0.0,1.0,0.18364,75.0
