"Omega","Tolerance","Step Size Rule","Iterations","Converged?","Gap LR","Gap Naive","Obj. Naive","Obj. LR","Gap","Time Naive","Time LR","Final Lambda","LB Heuristic"
100.00000,0.03000,1.00000,2.00000,0.00000,0.24009,0.39124,6173.68382,8214.11832,0.24009,4203.00000,4205.00000,800.95985,6242.01326
100.00000,0.03000,2.00000,10.00000,0.00000,0.23472,0.39124,6173.68382,8156.50205,0.23472,4203.00000,2329.00000,756.32988,6242.01326
100.00000,0.03000,3.00000,2.00000,0.00000,0.22361,0.39124,6173.68382,8039.78793,0.22361,4203.00000,4209.00000,799.18985,6242.01326
100.00000,0.03000,4.00000,2.00000,0.00000,0.23509,0.39124,6173.68382,8160.43108,0.23509,4203.00000,4210.00000,799.31853,6242.01326
100.00000,0.03000,5.00000,10.00000,0.00000,0.23913,0.39124,6173.68382,8203.79567,0.23913,4203.00000,2285.00000,710.40573,6242.01326
100.00000,0.03000,6.00000,3.00000,0.00000,0.22462,0.39124,6173.68382,8050.29811,0.22462,4203.00000,4213.00000,165.26319,6242.01326
