"Omega","Tolerance","Step Size Rule","Iterations","Converged?","Gap LR","Gap Naive","Obj. Naive","Obj. LR","Gap","Time Naive","Time LR","Final Lambda","LB Heuristic"
100.00000,0.03000,1.00000,2.00000,0.00000,0.21600,0.43214,6236.47062,7954.65923,0.21600,4213.00000,4224.00000,800.95985,6236.47062
100.00000,0.03000,2.00000,6.00000,0.00000,0.21600,0.43214,6236.47062,7954.65923,0.21600,4213.00000,2401.00000,748.08246,6236.47062
100.00000,0.03000,3.00000,2.00000,0.00000,0.15411,0.43214,6236.47062,7372.68467,0.15411,4213.00000,4248.00000,874.18985,6236.47062
100.00000,0.03000,4.00000,2.00000,0.00000,0.15411,0.43214,6236.47062,7372.68467,0.15411,4213.00000,4246.00000,870.02921,6236.47062
100.00000,0.03000,5.00000,6.00000,0.00000,0.21600,0.43214,6236.47062,7954.65923,0.21600,4213.00000,2409.00000,708.92438,6236.47062
100.00000,0.03000,6.00000,3.00000,0.00000,0.21600,0.43214,6236.47062,7954.65923,0.21600,4213.00000,4264.00000,192.79848,6236.47062
