Omega,Tolerance,Step Size Rule,Iterations,Converged?,Gap LR,Gap Naive,Obj. Naive,Obj. LR,Gap,Time Naive,Time LR,Final Lambda,LB Heuristic
600.0,0.01,1.0,2.0,0.0,0.01739,0.08645,243.28272,251.80956,0.01739,4238.0,2513.0,344.52,247.42953
600.0,0.01,2.0,2.0,0.0,0.01739,0.08645,243.28272,251.80956,0.01739,4238.0,2572.0,0.3367,247.42953
600.0,0.01,3.0,2.0,0.0,0.01739,0.08645,243.28272,251.80956,0.01739,4238.0,2492.0,445.5,247.42953
600.0,0.01,4.0,2.0,0.0,0.01739,0.08645,243.28272,251.80956,0.01739,4238.0,2516.0,420.02143,247.42953
600.0,0.01,5.0,2.0,0.0,0.01739,0.08645,243.28272,251.80956,0.01739,4238.0,2566.0,0.25253,247.42953
600.0,0.01,6.0,2.0,0.0,0.01739,0.08645,243.28272,251.80956,0.01739,4238.0,2545.0,0.84665,247.42953
,,,,,,,,,,,,,0.0
,,,,,,,,,,,,,0.0
