Omega,Tolerance,Step Size Rule,Iterations,Converged?,Gap LR,Gap Naive,Obj. Naive,Obj. LR (UB),"Obj. LR (LB),",Gap,Time Naive,Time LR,Final Lambda,LB Heuristic,BBP,Best iter,Lambda best iter,Gamma best iter
600.0,0.01,1.0,10.0,0.0,0.01726,0.08645,243.28272,251.77564,251.77564,0.01726,4238.0,3197.0,320.24141,247.42953,0.0,2.0,0.66141,1.0
600.0,0.01,2.0,10.0,0.0,0.01952,0.08645,243.28272,252.35564,252.35564,0.01952,4238.0,1784.0,200.0,247.42953,0.0,1.0,1.24141,1.0
600.0,0.01,3.0,10.0,0.0,0.01952,0.08645,243.28272,252.35564,252.35564,0.01952,4238.0,1732.0,427.38362,247.42953,0.0,1.0,1.24141,1.0
600.0,0.01,4.0,10.0,0.0,0.01952,0.08645,243.28272,252.35564,252.35564,0.01952,4238.0,1731.0,400.37949,247.42953,0.0,1.0,1.24141,1.0
600.0,0.01,5.0,10.0,0.0,0.01952,0.08645,243.28272,252.35564,252.35564,0.01952,4238.0,1858.0,0.0,247.42953,0.0,1.0,1.24141,1.0
600.0,0.01,6.0,7.0,0.0,0.01798,0.08645,243.28272,251.96088,251.96088,0.01798,4238.0,30896.0,0.63564,247.42953,0.0,3.0,0.84665,1.0
