,Omega,Tolerance,Step Size Rule,Iterations,Converged?,Gap LR,Gap Naive,Obj. Naive,Obj. LR,Gap,Time Naive,Time LR,Final Lambda,LB Heuristic,IR,AP
0,600.0,0.01,1.0,2.0,0.0,0.01925,0.06218,246.25401,253.65826,0.01925,4237.0,2482.0,344.52,248.77496,-234.25116,0.0
1,600.0,0.01,2.0,2.0,0.0,0.01925,0.06218,246.25401,253.65826,0.01925,4237.0,2455.0,0.3367,248.77496,-234.25116,0.0
2,600.0,0.01,3.0,2.0,0.0,0.01925,0.06218,246.25401,253.65826,0.01925,4237.0,2447.0,445.5,248.77496,-234.25116,0.0
3,600.0,0.01,4.0,2.0,0.0,0.01925,0.06218,246.25401,253.65826,0.01925,4237.0,2433.0,420.02143,248.77496,-234.25116,0.0
4,600.0,0.01,5.0,2.0,0.0,0.01925,0.06218,246.25401,253.65826,0.01925,4237.0,2444.0,0.25253,248.77496,-234.25116,0.0
5,600.0,0.01,6.0,2.0,0.0,0.01925,0.06218,246.25401,253.65826,0.01925,4237.0,2468.0,0.85747,248.77496,-234.25116,0.0
