Omega,Tolerance,Step Size Rule,Iterations,Converged?,Gap LR,Gap Naive,Obj. Naive,Obj. LR (UB),"Obj. LR (LB),",Gap,Time Naive,Time LR,Final Lambda,LB Heuristic,BBP,Best iter,Lambda best iter,Gamma best iter
600.0,0.01,1.0,10.0,0.0,0.0211,0.06218,246.25401,254.13832,254.13832,0.0211,4237.0,2172.0,320.16,248.77496,0.0,1.0,1.30329,-1.0
600.0,0.01,2.0,5.0,0.0,0.0211,0.06218,246.25401,254.13832,254.13832,0.0211,4237.0,2838.0,201.30329,248.77496,0.0,1.0,1.30329,-1.0
600.0,0.01,3.0,10.0,0.0,0.0211,0.06218,246.25401,254.13832,254.13832,0.0211,4237.0,1845.0,341.64221,248.77496,0.0,1.0,1.30329,-1.0
600.0,0.01,4.0,10.0,0.0,0.0211,0.06218,246.25401,254.13832,254.13832,0.0211,4237.0,1846.0,326.52681,248.77496,0.0,1.0,1.30329,-1.0
600.0,0.01,5.0,10.0,0.0,0.0211,0.06218,246.25401,254.13832,254.13832,0.0211,4237.0,1947.0,0.0,248.77496,0.0,1.0,1.30329,-1.0
600.0,0.01,6.0,4.0,0.0,0.02805,0.06218,246.25401,255.95522,254.13832,0.02805,4237.0,4268.0,11.98877,248.77496,0.0,1.0,1.30329,-1.0
