"Omega","Tolerance","Step Size Rule","Iterations","Converged?","Gap LR","Gap Naive","Obj. Naive","Obj. LR","Gap","Time Naive","Time LR","Final Lambda","LB Heuristic"
600.00000,0.01000,1.00000,2.00000,0.00000,0.13605,0.55344,4385.17923,4929.05466,0.11034,4275.00000,4325.00000,140.84117,4258.43583
600.00000,0.01000,2.00000,2.00000,0.00000,0.13926,0.55344,4385.17923,4947.38799,0.11364,4275.00000,2537.00000,95.81787,4258.43583
600.00000,0.01000,3.00000,2.00000,0.00000,0.16519,0.55344,4385.17923,5101.07027,0.14034,4275.00000,4379.00000,134.98117,4258.43583
600.00000,0.01000,4.00000,2.00000,0.00000,0.16464,0.55344,4385.17923,5097.73694,0.13978,4275.00000,4367.00000,135.23853,4258.43583
600.00000,0.01000,5.00000,2.00000,0.00000,0.17023,0.55344,4385.17923,5132.07027,0.14553,4275.00000,2638.00000,95.73369,4258.43583
600.00000,0.01000,6.00000,2.00000,0.00000,0.17104,0.55344,4385.17923,5137.07027,0.14637,4275.00000,2581.00000,274.18523,4258.43583
