"Omega","Tolerance","Step Size Rule","Iterations","Converged?","Gap LR","Gap Naive","Obj. Naive","Obj. LR","Gap","Time Naive","Time LR","Final Lambda","LB Heuristic"
600.00000,0.01000,1.00000,2.00000,0.00000,0.12725,0.67245,3216.56699,4955.28850,0.12725,4249.00000,4318.00000,140.26117,4324.70572
600.00000,0.01000,2.00000,2.00000,0.00000,0.15033,0.67245,3216.56699,5089.83898,0.15033,4249.00000,2565.00000,105.81787,4324.70572
600.00000,0.01000,3.00000,2.00000,0.00000,0.15242,0.67245,3216.56699,5102.38993,0.15242,4249.00000,4370.00000,134.98117,4324.70572
600.00000,0.01000,4.00000,2.00000,0.00000,0.15214,0.67245,3216.56699,5100.72326,0.15214,4249.00000,4362.00000,135.23853,4324.70572
600.00000,0.01000,5.00000,2.00000,0.00000,0.15781,0.67245,3216.56699,5135.05660,0.15781,4249.00000,2610.00000,95.73369,4324.70572
600.00000,0.01000,6.00000,2.00000,0.00000,0.15722,0.67245,3216.56699,5131.48268,0.15722,4249.00000,2573.00000,273.96210,4324.70572
