"Omega","Tolerance","Step Size Rule","Iterations","Converged?","Gap LR","Gap Naive","Obj. Naive","Obj. LR","Gap","Time Naive","Time LR","Final Lambda","LB Heuristic"
100.00000,0.07000,1.00000,2.00000,0.00000,0.35119,0.45260,7640.50083,11760.73822,0.35034,4212.00000,2619.00000,840.66238,7630.50083
100.00000,0.07000,2.00000,3.00000,0.00000,0.46844,0.45260,7640.50083,14354.89441,0.46774,4212.00000,3482.00000,797.23399,7630.50083
100.00000,0.07000,3.00000,2.00000,0.00000,0.36624,0.45260,7640.50083,12040.09586,0.36541,4212.00000,2607.00000,878.53238,7630.50083
100.00000,0.07000,4.00000,2.00000,0.00000,0.36624,0.45260,7640.50083,12040.09586,0.36541,4212.00000,2655.00000,878.83263,7630.50083
100.00000,0.07000,5.00000,3.00000,0.00000,0.46658,0.45260,7640.50083,14304.89441,0.46588,4212.00000,3743.00000,796.69636,7630.50083
100.00000,0.07000,6.00000,2.00000,0.00000,0.38685,0.45260,7640.50083,12444.67126,0.38604,4212.00000,2637.00000,0.00000,7630.50083
