"Omega","Tolerance","Step Size Rule","Iterations","Converged?","Gap LR","Gap Naive","Obj. Naive","Obj. LR","Gap","Time Naive","Time LR","Final Lambda","LB Heuristic"
100.00000,0.07000,1.00000,10.00000,0.00000,0.06849,0.00000,283.58837,304.43945,0.06849,1804.00000,933.00000,20.20983,283.58837
100.00000,0.07000,2.00000,10.00000,0.00000,0.05251,0.00000,283.58837,299.30534,0.05251,1804.00000,1556.00000,4.30108,283.58837
100.00000,0.07000,3.00000,10.00000,0.00000,0.06849,0.00000,283.58837,304.43945,0.06849,1804.00000,695.00000,69.14240,283.58837
100.00000,0.07000,4.00000,10.00000,0.00000,0.06849,0.00000,283.58837,304.43945,0.06849,1804.00000,653.00000,67.66284,283.58837
100.00000,0.07000,5.00000,10.00000,0.00000,0.02843,0.00000,283.58837,291.88599,0.02843,1804.00000,1413.00000,1.08423,283.58837
100.00000,0.07000,6.00000,10.00000,0.00000,0.02782,0.00000,283.58837,291.70309,0.02782,1804.00000,2055.00000,2.78045,283.58837
