,Omega,Tolerance,Step Size Rule,Iterations,Converged?,Gap LR,Gap Naive,Obj. Naive,Obj. LR,Gap,Time Naive,Time LR,Final Lambda,LB Heuristic,IR,AP
0,900.0,0.05,1.0,2.0,0.0,0.61955,0.64627,4552.26207,10550.80675,0.56854,4202.0,4206.0,557.95278,4014.07104,5645.91905,5168.6019
1,900.0,0.05,2.0,2.0,0.0,0.51012,0.64627,4552.26207,10550.80675,0.51012,4202.0,4206.0,88.15278,5168.59718,5645.91905,5168.6019
2,900.0,0.05,3.0,2.0,0.0,0.61955,0.64627,4552.26207,10550.80675,0.56854,4202.0,4206.0,909.40278,4014.07104,5645.91905,5168.6019
3,900.0,0.05,4.0,2.0,0.0,0.61955,0.64627,4552.26207,10550.80675,0.56854,4202.0,4203.0,911.33297,4014.07104,5645.91905,5168.6019
4,900.0,0.05,5.0,2.0,0.0,0.51012,0.64627,4552.26207,10550.80675,0.51012,4202.0,4203.0,238.15278,5168.59718,5645.91905,5168.6019
5,900.0,0.05,6.0,2.0,0.0,0.55301,0.64627,4552.26207,8980.25162,0.49308,4202.0,4204.0,0.0,4014.07104,5645.91905,5168.6019
