Omega,Tolerance,Step Size Rule,Iterations,Converged?,Gap LR,Gap Naive,Obj. Naive,Obj. LR,Gap,Time Naive,Time LR,Final Lambda,LB Heuristic
900.0,0.05,1.0,2.0,0.0,0.61955,0.64627,4552.26207,10550.80675,0.56854,4202.0,4206.0,557.95278,4014.07104
900.0,0.05,2.0,2.0,0.0,0.6122,0.64627,4552.26207,10350.80675,0.5602,4202.0,4208.0,88.62061,4014.07104
900.0,0.05,3.0,2.0,0.0,0.61955,0.64627,4552.26207,10550.80675,0.56854,4202.0,4206.0,909.40278,4014.07104
900.0,0.05,4.0,2.0,0.0,0.61955,0.64627,4552.26207,10550.80675,0.56854,4202.0,4203.0,911.33297,4014.07104
900.0,0.05,5.0,2.0,0.0,0.60841,0.64627,4552.26207,10250.80675,0.55591,4202.0,4203.0,88.67909,4014.07104
900.0,0.05,6.0,2.0,0.0,0.55301,0.64627,4552.26207,8980.25162,0.49308,4202.0,4204.0,0.0,4014.07104
