Omega,Tolerance,Step Size Rule,Iterations,Converged?,Gap LR,Gap Naive,Obj. Naive,Obj. LR (UB),"Obj. LR (LB),",Gap,Time Naive,Time LR,Final Lambda,LB Heuristic,BBP,Best iter,Lambda best iter,Gamma best iter
900.0,0.05,1.0,2.0,0.0,0.56793,0.64627,4552.26207,13067.25481,10550.80675,0.56793,4202.0,4207.0,557.95278,5645.91308,0.0,1.0,88.15278,-855.0
900.0,0.05,2.0,2.0,0.0,0.56793,0.64627,4552.26207,13067.25481,10550.80675,0.56793,4202.0,4205.0,88.15278,5645.91308,0.0,1.0,88.15278,-855.0
900.0,0.05,3.0,2.0,0.0,0.56793,0.64627,4552.26207,13067.25481,10550.80675,0.56793,4202.0,4208.0,909.40278,5645.91308,0.0,1.0,88.15278,-855.0
900.0,0.05,4.0,2.0,0.0,0.56793,0.64627,4552.26207,13067.25481,10550.80675,0.56793,4202.0,4206.0,911.33297,5645.91308,0.0,1.0,88.15278,-855.0
900.0,0.05,5.0,2.0,0.0,0.56815,0.64627,4552.26207,13073.63493,10550.80675,0.56815,4202.0,4203.0,238.15278,5645.91308,0.0,1.0,88.15278,-855.0
900.0,0.05,6.0,2.0,0.0,0.56815,0.64627,4552.26207,13073.63493,10550.80675,0.56815,4202.0,4205.0,0.0,5645.91308,0.0,1.0,88.15278,-855.0
