"Omega","Tolerance","Step Size Rule","Iterations","Converged?","Gap LR","Gap Naive","Obj. Naive","Obj. LR","Gap","Time Naive","Time LR","Final Lambda","LB Heuristic"
900.00000,0.05000,1.00000,1.00000,1.00000,0.00000,0.13644,247.97280,247.97280,0.00000,4308.00000,2183.00000,0.30080,247.97280
900.00000,0.05000,2.00000,1.00000,1.00000,0.00000,0.13644,247.97280,247.97280,0.00000,4308.00000,2175.00000,0.30080,247.97280
900.00000,0.05000,3.00000,1.00000,1.00000,0.00000,0.13644,247.97280,247.97280,0.00000,4308.00000,2172.00000,0.30080,247.97280
900.00000,0.05000,4.00000,1.00000,1.00000,0.00000,0.13644,247.97280,247.97280,0.00000,4308.00000,2171.00000,0.30080,247.97280
900.00000,0.05000,5.00000,1.00000,1.00000,0.00000,0.13644,247.97280,247.97280,0.00000,4308.00000,2163.00000,0.30080,247.97280
900.00000,0.05000,6.00000,1.00000,1.00000,0.00000,0.13644,247.97280,247.97280,0.00000,4308.00000,2146.00000,0.30080,247.97280
