"Omega","Tolerance","Step Size Rule","Iterations","Converged?","Gap LR","Gap Naive","Obj. Naive","Obj. LR","Gap","Time Naive","Time LR","Final Lambda","LB Heuristic"
600.00000,0.03000,1.00000,2.00000,0.00000,0.44324,0.59432,4705.92417,7553.15990,0.37696,4279.00000,4329.00000,460.32417,4205.30355
600.00000,0.03000,2.00000,2.00000,0.00000,0.42810,0.59432,4705.92417,7353.15990,0.36001,4279.00000,4325.00000,133.89145,4205.30355
600.00000,0.03000,3.00000,2.00000,0.00000,0.44324,0.59432,4705.92417,7553.15990,0.37696,4279.00000,4335.00000,701.70417,4205.30355
600.00000,0.03000,4.00000,2.00000,0.00000,0.44324,0.59432,4705.92417,7553.15990,0.37696,4279.00000,4330.00000,702.47624,4205.30355
600.00000,0.03000,5.00000,2.00000,0.00000,0.42021,0.59432,4705.92417,7253.15990,0.35119,4279.00000,4296.00000,133.97736,4205.30355
600.00000,0.03000,6.00000,2.00000,0.00000,0.28855,0.59432,4705.92417,5910.87221,0.20385,4279.00000,4269.00000,0.00000,4205.30355
