"Omega","Tolerance","Step Size Rule","Iterations","Converged?","Gap LR","Gap Naive","Obj. Naive","Obj. LR","Gap","Time Naive","Time LR","Final Lambda","LB Heuristic"
600.00000,0.03000,1.00000,2.00000,0.00000,0.21144,0.64802,3973.13347,5024.55688,0.20926,4207.00000,4088.00000,466.70417,3962.16058
600.00000,0.03000,2.00000,3.00000,0.00000,0.35106,0.64802,3973.13347,6105.59814,0.34926,4207.00000,2483.00000,122.12675,3962.16058
600.00000,0.03000,3.00000,3.00000,0.00000,0.35106,0.64802,3973.13347,6105.59814,0.34926,4207.00000,4359.00000,541.90417,3962.16058
600.00000,0.03000,4.00000,3.00000,0.00000,0.33950,0.64802,3973.13347,5998.73502,0.33767,4207.00000,4382.00000,517.34801,3962.16058
600.00000,0.03000,5.00000,3.00000,0.00000,0.35445,0.64802,3973.13347,6137.62542,0.35266,4207.00000,2435.00000,115.98666,3962.16058
600.00000,0.03000,6.00000,3.00000,0.00000,0.35106,0.64802,3973.13347,6105.59814,0.34926,4207.00000,4381.00000,7.14484,3962.16058
