"Omega","Tolerance","Step Size Rule","Iterations","Converged?","Gap LR","Gap Naive","Obj. Naive","Obj. LR","Gap","Time Naive","Time LR","Final Lambda","LB Heuristic"
600.00000,0.03000,1.00000,2.00000,0.00000,0.43772,0.71354,3330.13003,7553.15990,0.43772,4232.00000,4251.00000,460.32417,4246.98319
600.00000,0.03000,2.00000,2.00000,0.00000,0.42243,0.71354,3330.13003,7353.15990,0.42243,4232.00000,4245.00000,133.89145,4246.98319
600.00000,0.03000,3.00000,2.00000,0.00000,0.43772,0.71354,3330.13003,7553.15990,0.43772,4232.00000,4263.00000,701.70417,4246.98319
600.00000,0.03000,4.00000,2.00000,0.00000,0.43772,0.71354,3330.13003,7553.15990,0.43772,4232.00000,4245.00000,702.47624,4246.98319
600.00000,0.03000,5.00000,2.00000,0.00000,0.41446,0.71354,3330.13003,7253.15990,0.41446,4232.00000,4243.00000,133.97736,4246.98319
600.00000,0.03000,6.00000,2.00000,0.00000,0.27086,0.71354,3330.13003,5824.61853,0.27086,4232.00000,4227.00000,0.00000,4246.98319
