"Omega","Tolerance","Step Size Rule","Iterations","Converged?","Gap LR","Gap Naive","Obj. Naive","Obj. LR","Gap","Time Naive","Time LR","Final Lambda","LB Heuristic"
600.00000,0.07000,1.00000,2.00000,0.00000,0.02144,0.97534,356.36110,4664.41329,0.02144,4205.00000,2435.00000,452.25318,4564.42545
600.00000,0.07000,2.00000,3.00000,0.00000,0.49917,0.97534,356.36110,9113.78998,0.49917,4205.00000,2647.00000,127.81003,4564.42545
600.00000,0.07000,3.00000,3.00000,0.00000,0.49917,0.97534,356.36110,9113.78998,0.49917,4205.00000,4406.00000,485.39318,4564.42545
600.00000,0.07000,4.00000,3.00000,0.00000,0.49659,0.97534,356.36110,9066.92921,0.49659,4205.00000,4409.00000,462.41005,4564.42545
600.00000,0.07000,5.00000,3.00000,0.00000,0.50317,0.97534,356.36110,9187.02294,0.50317,4205.00000,2548.00000,125.04121,4564.42545
600.00000,0.07000,6.00000,3.00000,0.00000,0.49917,0.97534,356.36110,9113.78998,0.49917,4205.00000,4370.00000,18.46340,4564.42545
