"Omega","Tolerance","Step Size Rule","Iterations","Converged?","Gap LR","Gap Naive","Obj. Naive","Obj. LR","Gap","Time Naive","Time LR","Final Lambda","LB Heuristic"
600.00000,0.07000,1.00000,2.00000,0.00000,0.61622,1.00000,356.36110,12706.98524,0.61622,4234.00000,4243.00000,431.37318,4876.68833
600.00000,0.07000,2.00000,2.00000,0.00000,0.61008,1.00000,356.36110,12506.98524,0.61008,4234.00000,4244.00000,132.81003,4876.68833
600.00000,0.07000,3.00000,2.00000,0.00000,0.61622,1.00000,356.36110,12706.98524,0.61622,4234.00000,4247.00000,658.59318,4876.68833
600.00000,0.07000,4.00000,2.00000,0.00000,0.61622,1.00000,356.36110,12706.98524,0.61622,4234.00000,4253.00000,660.39470,4876.68833
600.00000,0.07000,5.00000,2.00000,0.00000,0.60694,1.00000,356.36110,12406.98524,0.60694,4234.00000,4243.00000,132.89963,4876.68833
600.00000,0.07000,6.00000,2.00000,0.00000,0.54618,1.00000,356.36110,10745.87012,0.54618,4234.00000,4225.00000,0.00000,4876.68833
