,Omega,Tolerance,Step Size Rule,Iterations,Converged?,Gap LR,Gap Naive,Obj. Naive,Obj. LR,Gap,Time Naive,Time LR,Final Lambda,LB Heuristic,IR,AP
0,1500.0,0.05,1.0,2.0,0.0,0.46437,0.76213,3146.49608,10610.34113,0.46437,4204.0,4208.0,835.98034,5683.23433,5683.25138,5315.59117
1,1500.0,0.05,2.0,2.0,0.0,0.46437,0.76213,3146.49608,10610.34113,0.46437,4204.0,4220.0,52.98034,5683.23433,5683.25138,5315.59117
2,1500.0,0.05,3.0,2.0,0.0,0.46437,0.76213,3146.49608,10610.34113,0.46437,4204.0,4211.0,1421.73034,5683.23433,5683.25138,5315.59117
3,1500.0,0.05,4.0,2.0,0.0,0.46437,0.76213,3146.49608,10610.34113,0.46437,4204.0,4208.0,1424.94733,5683.23433,5683.25138,5315.59117
4,1500.0,0.05,5.0,2.0,0.0,0.46437,0.76213,3146.49608,10610.34113,0.46437,4204.0,4210.0,202.98034,5683.23433,5683.25138,5315.59117
5,1500.0,0.05,6.0,2.0,0.0,0.27151,0.76213,3146.49608,7801.38571,0.27151,4204.0,4209.0,3.41154,5683.23433,5683.25138,5315.59117
