Omega,Tolerance,Step Size Rule,Iterations,Converged?,Gap LR,Gap Naive,Obj. Naive,Obj. LR,Gap,Time Naive,Time LR,Final Lambda,LB Heuristic
1500.0,0.05,1.0,2.0,0.0,0.46437,0.76213,3146.49608,10610.34113,0.46437,4204.0,4208.0,835.98034,5683.23433
1500.0,0.05,2.0,2.0,0.0,0.45408,0.76213,3146.49608,10410.34113,0.45408,4204.0,4208.0,53.26104,5683.23433
1500.0,0.05,3.0,2.0,0.0,0.46437,0.76213,3146.49608,10610.34113,0.46437,4204.0,4211.0,1421.73034,5683.23433
1500.0,0.05,4.0,2.0,0.0,0.46437,0.76213,3146.49608,10610.34113,0.46437,4204.0,4208.0,1424.94733,5683.23433
1500.0,0.05,5.0,2.0,0.0,0.44878,0.76213,3146.49608,10310.34113,0.44878,4204.0,4214.0,53.29613,5683.23433
1500.0,0.05,6.0,2.0,0.0,0.27151,0.76213,3146.49608,7801.38571,0.27151,4204.0,4209.0,3.41154,5683.23433
,,,,,,,,,,,,,5683.25138
,,,,,,,,,,,,,5315.59117
