Omega,Tolerance,Step Size Rule,Iterations,Converged?,Gap LR,Gap Naive,Obj. Naive,Obj. LR (UB),"Obj. LR (LB),",Gap,Time Naive,Time LR,Final Lambda,LB Heuristic,BBP,Best iter,Lambda best iter,Gamma best iter
1500.0,0.05,1.0,2.0,0.0,0.57157,0.76213,3146.49608,13265.14593,10610.34113,0.57157,4204.0,4208.0,835.98034,5683.23433,0.0,1.0,52.98034,-1425.0
1500.0,0.05,2.0,2.0,0.0,0.57157,0.76213,3146.49608,13265.14593,10610.34113,0.57157,4204.0,4209.0,52.98034,5683.23433,0.0,1.0,52.98034,-1425.0
1500.0,0.05,3.0,2.0,0.0,0.57157,0.76213,3146.49608,13265.14593,10610.34113,0.57157,4204.0,4212.0,1421.73034,5683.23433,0.0,1.0,52.98034,-1425.0
1500.0,0.05,4.0,2.0,0.0,0.57157,0.76213,3146.49608,13265.14593,10610.34113,0.57157,4204.0,4210.0,1424.94733,5683.23433,0.0,1.0,52.98034,-1425.0
1500.0,0.05,5.0,2.0,0.0,0.57157,0.76213,3146.49608,13265.14593,10610.34113,0.57157,4204.0,4210.0,202.98034,5683.23433,0.0,1.0,52.98034,-1425.0
1500.0,0.05,6.0,2.0,0.0,0.57157,0.76213,3146.49608,13265.14593,10610.34113,0.57157,4204.0,4208.0,0.0,5683.23433,0.0,1.0,52.98034,-1425.0
