Omega,Tolerance,Step Size Rule,Iterations,Converged?,Gap LR,Gap Naive,Obj. Naive,Obj. LR,Gap,Time Naive,Time LR,Final Lambda,LB Heuristic
100.0,0.03,1.0,10.0,0.0,0.00841,0.00655,276.52429,279.32945,0.00841,179.0,365.0,44.72995,276.98006
100.0,0.03,2.0,10.0,0.0,0.00841,0.00655,276.52429,279.32945,0.00841,179.0,889.0,0.0,276.98006
100.0,0.03,3.0,10.0,0.0,0.00841,0.00655,276.52429,279.32945,0.00841,179.0,287.0,65.54106,276.98006
100.0,0.03,4.0,10.0,0.0,0.00841,0.00655,276.52429,279.32945,0.00841,179.0,318.0,60.61764,276.98006
100.0,0.03,5.0,10.0,0.0,0.00841,0.00655,276.52429,279.32945,0.00841,179.0,663.0,1.99681,276.98006
100.0,0.03,6.0,10.0,0.0,0.00808,0.00655,276.52429,279.23671,0.00808,179.0,1395.0,2.55987,276.98006
,,,,,,,,,,,,,0.0
,,,,,,,,,,,,,-231.37304
