"Omega","Tolerance","Step Size Rule","Iterations","Converged?","Gap LR","Gap Naive","Obj. Naive","Obj. LR","Gap","Time Naive","Time LR","Final Lambda","LB Heuristic"
100.00000,0.03000,1.00000,10.00000,0.00000,0.00841,0.00000,276.98006,279.32945,0.00841,344.00000,665.00000,44.72995,276.98006
100.00000,0.03000,2.00000,10.00000,0.00000,0.00841,0.00000,276.98006,279.32945,0.00841,344.00000,1626.00000,0.00000,276.98006
100.00000,0.03000,3.00000,10.00000,0.00000,0.00841,0.00000,276.98006,279.32945,0.00841,344.00000,770.00000,65.54106,276.98006
100.00000,0.03000,4.00000,10.00000,0.00000,0.00841,0.00000,276.98006,279.32945,0.00841,344.00000,830.00000,60.61764,276.98006
100.00000,0.03000,5.00000,10.00000,0.00000,0.00841,0.00000,276.98006,279.32945,0.00841,344.00000,1253.00000,1.99681,276.98006
100.00000,0.03000,6.00000,10.00000,0.00000,0.00808,0.00000,276.98006,279.23671,0.00808,344.00000,2037.00000,2.55987,276.98006
