"Omega","Tolerance","Step Size Rule","Iterations","Converged?","Gap LR","Gap Naive","Obj. Naive","Obj. LR","Gap","Time Naive","Time LR","Final Lambda","LB Heuristic"
600.00000,0.05000,1.00000,2.00000,0.00000,0.20645,0.96989,384.29140,5293.72519,0.20645,4205.00000,2408.00000,457.89779,4200.84843
600.00000,0.05000,2.00000,3.00000,0.00000,0.44767,0.96989,384.29140,7605.67514,0.44767,4205.00000,2557.00000,125.49669,4200.84843
600.00000,0.05000,3.00000,3.00000,0.00000,0.44767,0.96989,384.29140,7605.67514,0.44767,4205.00000,4398.00000,513.43779,4200.84843
600.00000,0.05000,4.00000,3.00000,0.00000,0.44464,0.96989,384.29140,7564.13493,0.44464,4205.00000,4402.00000,489.66815,4200.84843
600.00000,0.05000,5.00000,3.00000,0.00000,0.42117,0.96989,384.29140,7257.45942,0.42117,4205.00000,2466.00000,120.83793,4200.84843
600.00000,0.05000,6.00000,3.00000,0.00000,0.44767,0.96989,384.29140,7605.67514,0.44767,4205.00000,4382.00000,27.34274,4200.84843
