"Omega","Tolerance","Step Size Rule","Iterations","Converged?","Gap LR","Gap Naive","Obj. Naive","Obj. LR","Gap","Time Naive","Time LR","Final Lambda","LB Heuristic"
600.00000,0.05000,1.00000,2.00000,0.00000,0.58872,1.00000,384.29140,10510.65583,0.58872,4231.00000,4247.00000,445.13779,4322.77169
600.00000,0.05000,2.00000,2.00000,0.00000,0.58075,1.00000,384.29140,10310.65583,0.58075,4231.00000,4246.00000,132.63955,4322.77169
600.00000,0.05000,3.00000,2.00000,0.00000,0.58872,1.00000,384.29140,10510.65583,0.58872,4231.00000,4247.00000,679.43779,4322.77169
600.00000,0.05000,4.00000,2.00000,0.00000,0.58872,1.00000,384.29140,10510.65583,0.58872,4231.00000,4264.00000,680.72459,4322.77169
600.00000,0.05000,5.00000,2.00000,0.00000,0.57664,1.00000,384.29140,10210.65583,0.57664,4231.00000,4240.00000,132.72727,4322.77169
600.00000,0.05000,6.00000,2.00000,0.00000,0.49143,1.00000,384.29140,8499.91727,0.49143,4231.00000,4225.00000,0.00000,4322.77169
