"Omega","Tolerance","Step Size Rule","Iterations","Converged?","Gap LR","Gap Naive","Obj. Naive","Obj. LR","Gap","Time Naive","Time LR","Final Lambda","LB Heuristic"
100.00000,0.03000,1.00000,2.00000,0.00000,0.22533,0.38652,6082.82987,7970.58689,0.22533,4203.00000,4204.00000,801.59006,6174.54211
100.00000,0.03000,2.00000,10.00000,0.00000,0.22256,0.38652,6082.82987,7942.10832,0.22256,4203.00000,2277.00000,756.96009,6174.54211
100.00000,0.03000,3.00000,2.00000,0.00000,0.21129,0.38652,6082.82987,7828.69103,0.21129,4203.00000,4207.00000,799.82006,6174.54211
100.00000,0.03000,4.00000,2.00000,0.00000,0.21295,0.38652,6082.82987,7845.14545,0.21295,4203.00000,4208.00000,799.94873,6174.54211
100.00000,0.03000,5.00000,10.00000,0.00000,0.21778,0.38652,6082.82987,7893.63547,0.21778,4203.00000,2266.00000,711.03594,6174.54211
100.00000,0.03000,6.00000,3.00000,0.00000,0.21622,0.38652,6082.82987,7877.93280,0.21622,4203.00000,4217.00000,175.73410,6174.54211
