"Omega","Tolerance","Step Size Rule","Iterations","Converged?","Gap LR","Gap Naive","Obj. Naive","Obj. LR","Gap","Time Naive","Time LR","Final Lambda","LB Heuristic"
100.00000,0.03000,1.00000,2.00000,0.00000,0.15430,0.42109,5978.67093,7277.50618,0.15430,4207.00000,4206.00000,859.59006,6154.59922
100.00000,0.03000,2.00000,2.00000,0.00000,0.15430,0.42109,5978.67093,7277.50618,0.15430,4207.00000,4206.00000,809.19377,6154.59922
100.00000,0.03000,3.00000,2.00000,0.00000,0.15430,0.42109,5978.67093,7277.50618,0.15430,4207.00000,4208.00000,899.82006,6154.59922
100.00000,0.03000,4.00000,2.00000,0.00000,0.15430,0.42109,5978.67093,7277.50618,0.15430,4207.00000,4207.00000,899.94873,6154.59922
100.00000,0.03000,5.00000,2.00000,0.00000,0.15430,0.42109,5978.67093,7277.50618,0.15430,4207.00000,4206.00000,758.16284,6154.59922
100.00000,0.03000,6.00000,2.00000,0.00000,0.15430,0.42109,5978.67093,7277.50618,0.15430,4207.00000,4204.00000,0.00000,6154.59922
