"Omega","Tolerance","Step Size Rule","Iterations","Converged?","Gap LR","Gap Naive","Obj. Naive","Obj. LR","Gap","Time Naive","Time LR","Final Lambda","LB Heuristic"
600.00000,0.01000,1.00000,2.00000,0.00000,0.12231,0.65612,3276.07416,4297.59622,0.12231,4207.00000,4210.00000,143.25083,3771.96320
600.00000,0.01000,2.00000,3.00000,0.00000,0.19024,0.65612,3276.07416,4658.11798,0.19024,4207.00000,2511.00000,96.24423,3771.96320
600.00000,0.01000,3.00000,2.00000,0.00000,0.19283,0.65612,3276.07416,4673.06751,0.19283,4207.00000,4226.00000,135.07083,3771.96320
600.00000,0.01000,4.00000,2.00000,0.00000,0.17074,0.65612,3276.07416,4548.56704,0.17074,4207.00000,4221.00000,137.03530,3771.96320
600.00000,0.01000,5.00000,3.00000,0.00000,0.17529,0.65612,3276.07416,4573.65787,0.17529,4207.00000,2510.00000,85.99171,3771.96320
600.00000,0.01000,6.00000,3.00000,0.00000,0.19377,0.65612,3276.07416,4678.50973,0.19377,4207.00000,4387.00000,0.00000,3771.96320
