"Omega","Tolerance","Step Size Rule","Iterations","Converged?","Gap LR","Gap Naive","Obj. Naive","Obj. LR","Gap","Time Naive","Time LR","Final Lambda","LB Heuristic"
600.00000,0.01000,1.00000,2.00000,0.00000,2.78794,0.63922,3520.49859,-2509.35473,2.78794,4265.00000,4263.00000,486.61083,4486.56347
600.00000,0.01000,2.00000,2.00000,0.00000,2.65595,0.63922,3520.49859,-2709.35473,2.65595,4265.00000,4251.00000,146.24423,4486.56347
600.00000,0.01000,3.00000,2.00000,0.00000,2.78794,0.63922,3520.49859,-2509.35473,2.78794,4265.00000,4248.00000,735.07083,4486.56347
600.00000,0.01000,4.00000,2.00000,0.00000,2.78794,0.63922,3520.49859,-2509.35473,2.78794,4265.00000,4253.00000,735.32819,4486.56347
600.00000,0.01000,5.00000,2.00000,0.00000,2.78794,0.63922,3520.49859,-2509.35473,2.78794,4265.00000,4242.00000,121.07588,4486.56347
600.00000,0.01000,6.00000,2.00000,0.00000,-1.87904,0.63922,3520.49859,1558.35362,-1.87904,4265.00000,4225.00000,0.00000,4486.56347
