Omega,Tolerance,Step Size Rule,Iterations,Converged?,Gap LR,Gap Naive,Obj. Naive,Obj. LR,Gap,Time Naive,Time LR,Final Lambda,LB Heuristic
900.0,0.01,1.0,1.0,1.0,0.0,0.15307,227.21287,246.38109,0.0,4248.0,2147.0,0.75603,246.38109
900.0,0.01,2.0,1.0,1.0,0.0,0.15307,227.21287,246.38109,0.0,4248.0,2147.0,0.75603,246.38109
900.0,0.01,3.0,1.0,1.0,0.0,0.15307,227.21287,246.38109,0.0,4248.0,2150.0,0.75603,246.38109
900.0,0.01,4.0,1.0,1.0,0.0,0.15307,227.21287,246.38109,0.0,4248.0,2155.0,0.75603,246.38109
900.0,0.01,5.0,1.0,1.0,0.0,0.15307,227.21287,246.38109,0.0,4248.0,2146.0,0.75603,246.38109
900.0,0.01,6.0,1.0,1.0,0.0,0.15307,227.21287,246.38109,0.0,4248.0,2150.0,0.75603,246.38109
