,Omega,Tolerance,Step Size Rule,Iterations,Converged?,Gap LR,Gap Naive,Obj. Naive,Obj. LR,Gap,Time Naive,Time LR,Final Lambda,LB Heuristic,IR,AP
0,900.0,0.01,1.0,10.0,0.0,0.02209,0.15307,227.21287,251.94585,0.02209,4248.0,2235.0,475.02,246.38109,0.0,0.0
1,900.0,0.01,2.0,3.0,0.0,0.02209,0.15307,227.21287,251.94585,0.02209,4248.0,2638.0,0.44893,246.38109,0.0,0.0
2,900.0,0.01,3.0,10.0,0.0,0.02209,0.15307,227.21287,251.94585,0.02209,4248.0,2210.0,640.71331,246.38109,0.0,0.0
3,900.0,0.01,4.0,10.0,0.0,0.02209,0.15307,227.21287,251.94585,0.02209,4248.0,2233.0,600.20712,246.38109,0.0,0.0
4,900.0,0.01,5.0,3.0,0.0,0.02209,0.15307,227.21287,251.94585,0.02209,4248.0,2575.0,0.28058,246.38109,0.0,0.0
5,900.0,0.01,6.0,3.0,0.0,0.00941,0.15307,227.21287,248.72244,0.00941,4248.0,4293.0,0.0,246.38109,0.0,0.0
