Omega,Tolerance,Step Size Rule,Iterations,Converged?,Gap LR,Gap Naive,Obj. Naive,Obj. LR (UB),"Obj. LR (LB),",Gap,Time Naive,Time LR,Final Lambda,LB Heuristic,BBP,Best iter,Lambda best iter,Gamma best iter
900.0,0.01,1.0,10.0,0.0,0.06228,0.15307,227.21287,262.7448,251.94585,0.06228,4248.0,2312.0,475.02,246.38109,0.0,1.0,0.75603,2.0
900.0,0.01,2.0,8.0,0.0,0.06214,0.15307,227.21287,262.70682,251.94585,0.06214,4248.0,2450.0,200.0,246.38109,0.0,1.0,0.75603,2.0
900.0,0.01,3.0,10.0,0.0,0.06214,0.15307,227.21287,262.70682,251.94585,0.06214,4248.0,2294.0,640.71331,246.38109,0.0,1.0,0.75603,2.0
900.0,0.01,4.0,10.0,0.0,0.06228,0.15307,227.21287,262.7448,251.94585,0.06228,4248.0,2288.0,600.20712,246.38109,0.0,1.0,0.75603,2.0
900.0,0.01,5.0,7.0,0.0,0.06126,0.15307,227.21287,262.4585,251.94585,0.06126,4248.0,2480.0,0.0,246.38109,0.0,1.0,0.75603,2.0
900.0,0.01,6.0,3.0,0.0,0.06228,0.15307,227.21287,262.7448,251.94585,0.06228,4248.0,4291.0,0.0,246.38109,0.0,1.0,0.75603,2.0
