Omega,Tolerance,Step Size Rule,Iterations,Converged?,Gap LR,Gap Naive,Obj. Naive,Obj. LR,Gap,Time Naive,Time LR,Final Lambda,LB Heuristic
100.0,0.03,1.0,10.0,0.0,0.0072,0.0,277.433,279.44505,0.0072,151.0,399.0,43.42864,277.433
100.0,0.03,2.0,10.0,0.0,0.00314,0.0,277.433,278.30753,0.00314,151.0,926.0,4.12371,277.433
100.0,0.03,3.0,10.0,0.0,0.0072,0.0,277.433,279.44505,0.0072,151.0,339.0,88.39974,277.433
100.0,0.03,4.0,10.0,0.0,0.0072,0.0,277.433,279.44505,0.0072,151.0,399.0,87.76565,277.433
100.0,0.03,5.0,7.0,1.0,0.0,0.0,277.433,277.433,0.0,151.0,782.0,2.93814,277.433
100.0,0.03,6.0,2.0,1.0,0.0,0.0,277.433,277.433,0.0,151.0,490.0,2.87013,277.433
,,,,,,,,,,,,,0.0
,,,,,,,,,,,,,0.0
