"Omega","Tolerance","Step Size Rule","Iterations","Converged?","Gap LR","Gap Naive","Obj. Naive","Obj. LR","Gap","Time Naive","Time LR","Final Lambda","LB Heuristic"
100.00000,0.07000,1.00000,10.00000,0.00000,0.06759,0.00452,285.01671,304.76738,0.06481,4209.00000,868.00000,20.24774,284.16778
100.00000,0.07000,2.00000,10.00000,0.00000,0.05644,0.00452,285.01671,301.16574,0.05362,4209.00000,1602.00000,4.30108,284.16778
100.00000,0.07000,3.00000,10.00000,0.00000,0.06759,0.00452,285.01671,304.76738,0.06481,4209.00000,724.00000,69.18031,284.16778
100.00000,0.07000,4.00000,10.00000,0.00000,0.06759,0.00452,285.01671,304.76738,0.06481,4209.00000,714.00000,67.70075,284.16778
100.00000,0.07000,5.00000,10.00000,0.00000,0.03666,0.00452,285.01671,294.98294,0.03379,4209.00000,1120.00000,1.08423,284.16778
100.00000,0.07000,6.00000,10.00000,0.00000,0.03674,0.00452,285.01671,295.00656,0.03386,4209.00000,1511.00000,2.66279,284.16778
