,Omega,Tolerance,Step Size Rule,Iterations,Converged?,Gap LR,Gap Naive,Obj. Naive,Obj. LR,Gap,Time Naive,Time LR,Final Lambda,LB Heuristic,IR,AP
0,900.0,0.05,1.0,5.0,0.0,0.05509,1.0,239.78293,260.43251,0.05509,4252.0,2253.0,417.6,246.08585,-258.39687,0.0
1,900.0,0.05,2.0,3.0,0.0,0.05509,1.0,239.78293,260.43251,0.05509,4252.0,3094.0,0.46784,246.08585,-258.39687,0.0
2,900.0,0.05,3.0,5.0,0.0,0.05509,1.0,239.78293,260.43251,0.05509,4252.0,2253.0,572.46429,246.08585,-258.39687,0.0
3,900.0,0.05,4.0,5.0,0.0,0.05509,1.0,239.78293,260.43251,0.05509,4252.0,2256.0,535.97092,246.08585,-258.39687,0.0
4,900.0,0.05,5.0,3.0,0.0,0.05509,1.0,239.78293,260.43251,0.05509,4252.0,2810.0,0.2924,246.08585,-258.39687,0.0
5,900.0,0.05,6.0,3.0,0.0,0.05509,1.0,239.78293,260.43251,0.05509,4252.0,4340.0,0.03189,246.08585,-258.39687,0.0
