Omega,Tolerance,Step Size Rule,Iterations,Converged?,Gap LR,Gap Naive,Obj. Naive,Obj. LR,Gap,Time Naive,Time LR,Final Lambda,LB Heuristic
900.0,0.05,1.0,1.0,1.0,0.0,1.0,239.78293,246.08585,0.0,4252.0,2123.0,0.30197,246.08585
900.0,0.05,2.0,1.0,1.0,0.0,1.0,239.78293,246.08585,0.0,4252.0,2125.0,0.30197,246.08585
900.0,0.05,3.0,1.0,1.0,0.0,1.0,239.78293,246.08585,0.0,4252.0,2121.0,0.30197,246.08585
900.0,0.05,4.0,1.0,1.0,0.0,1.0,239.78293,246.08585,0.0,4252.0,2120.0,0.30197,246.08585
900.0,0.05,5.0,1.0,1.0,0.0,1.0,239.78293,246.08585,0.0,4252.0,2120.0,0.30197,246.08585
900.0,0.05,6.0,1.0,1.0,0.0,1.0,239.78293,246.08585,0.0,4252.0,2126.0,0.30197,246.08585
