Omega,Tolerance,Step Size Rule,Iterations,Converged?,Gap LR,Gap Naive,Obj. Naive,Obj. LR (UB),"Obj. LR (LB),",Gap,Time Naive,Time LR,Final Lambda,LB Heuristic,BBP,Best iter,Lambda best iter,Gamma best iter
900.0,0.05,1.0,10.0,0.0,0.13546,0.15938,240.07094,284.64248,260.43251,0.13546,4209.0,5204.0,287.1,246.08585,0.0,1.0,0.30197,31.0
900.0,0.05,2.0,10.0,0.0,0.13546,0.15938,240.07094,284.64248,260.43251,0.13546,4209.0,5523.0,200.0,246.08585,0.0,1.0,0.30197,31.0
900.0,0.05,3.0,10.0,0.0,0.13546,0.15938,240.07094,284.64248,260.43251,0.13546,4209.0,5199.0,503.56656,246.08585,0.0,1.0,0.30197,31.0
900.0,0.05,4.0,10.0,0.0,0.13546,0.15938,240.07094,284.64248,260.43251,0.13546,4209.0,5202.0,455.4512,246.08585,0.0,1.0,0.30197,31.0
900.0,0.05,5.0,10.0,0.0,0.13546,0.15938,240.07094,284.64248,260.43251,0.13546,4209.0,5841.0,0.0,246.08585,0.0,1.0,0.30197,31.0
900.0,0.05,6.0,7.0,0.0,0.13114,0.15938,240.07094,283.22933,262.38976,0.13114,4209.0,50330.0,0.0,246.08585,0.0,5.0,0.33388,27.0
