Omega,Tolerance,Step Size Rule,Iterations,Converged?,Gap LR,Gap Naive,Obj. Naive,Obj. LR (UB),"Obj. LR (LB),",Gap,Time Naive,Time LR,Final Lambda,LB Heuristic,BBP,Best iter,Lambda best iter,Gamma best iter
900.0,0.05,1.0,10.0,0.0,0.13828,0.15938,240.07094,285.575,260.43251,0.13828,4209.0,2305.0,287.1,246.08585,0.0,1.0,0.30197,31.0
900.0,0.05,2.0,6.0,0.0,0.1383,0.15938,240.07094,285.58275,260.43251,0.1383,4209.0,2433.0,200.0,246.08585,0.0,1.0,0.30197,31.0
900.0,0.05,3.0,10.0,0.0,0.13828,0.15938,240.07094,285.575,260.43251,0.13828,4209.0,2298.0,503.56656,246.08585,0.0,1.0,0.30197,31.0
900.0,0.05,4.0,10.0,0.0,0.13828,0.15938,240.07094,285.575,260.43251,0.13828,4209.0,2300.0,455.4512,246.08585,0.0,1.0,0.30197,31.0
900.0,0.05,5.0,7.0,0.0,0.13828,0.15938,240.07094,285.575,260.43251,0.13828,4209.0,2428.0,0.0,246.08585,0.0,1.0,0.30197,31.0
900.0,0.05,6.0,3.0,0.0,0.13828,0.15938,240.07094,285.575,260.43251,0.13828,4209.0,4315.0,0.0,246.08585,0.0,1.0,0.30197,31.0
