"Omega","Tolerance","Step Size Rule","Iterations","Converged?","Gap LR","Gap Naive","Obj. Naive","Obj. LR","Gap","Time Naive","Time LR","Final Lambda","LB Heuristic"
900.00000,0.05000,1.00000,1.00000,1.00000,0.00000,0.14406,246.08585,246.08585,0.00000,4308.00000,2187.00000,0.30197,246.08585
900.00000,0.05000,2.00000,1.00000,1.00000,0.00000,0.14406,246.08585,246.08585,0.00000,4308.00000,2177.00000,0.30197,246.08585
900.00000,0.05000,3.00000,1.00000,1.00000,0.00000,0.14406,246.08585,246.08585,0.00000,4308.00000,2168.00000,0.30197,246.08585
900.00000,0.05000,4.00000,1.00000,1.00000,0.00000,0.14406,246.08585,246.08585,0.00000,4308.00000,2170.00000,0.30197,246.08585
900.00000,0.05000,5.00000,1.00000,1.00000,0.00000,0.14406,246.08585,246.08585,0.00000,4308.00000,2166.00000,0.30197,246.08585
900.00000,0.05000,6.00000,1.00000,1.00000,0.00000,0.14406,246.08585,246.08585,0.00000,4308.00000,2160.00000,0.30197,246.08585
