,Omega,Tolerance,Step Size Rule,Iterations,Converged?,Gap LR,Gap Naive,Obj. Naive,Obj. LR,Gap,Time Naive,Time LR,Final Lambda,LB Heuristic,IR,AP
0,600.0,0.03,1.0,10.0,0.0,0.01745,0.16469,232.13278,256.40264,0.01745,4241.0,2194.0,254.04,251.92719,0.0,0.0
1,600.0,0.03,2.0,3.0,0.0,0.01745,0.16469,232.13278,256.40264,0.01745,4241.0,2598.0,0.68729,251.92719,0.0,0.0
2,600.0,0.03,3.0,10.0,0.0,0.01745,0.16469,232.13278,256.40264,0.01745,4241.0,2192.0,381.42662,251.92719,0.0,0.0
3,600.0,0.03,4.0,10.0,0.0,0.01745,0.16469,232.13278,256.40264,0.01745,4241.0,2196.0,351.88611,251.92719,0.0,0.0
4,600.0,0.03,5.0,3.0,0.0,0.01745,0.16469,232.13278,256.40264,0.01745,4241.0,2346.0,0.42955,251.92719,0.0,0.0
5,600.0,0.03,6.0,3.0,0.0,0.01745,0.16469,232.13278,256.40264,0.01745,4241.0,4265.0,0.3198,251.92719,0.0,0.0
