Omega,Tolerance,Step Size Rule,Iterations,Converged?,Gap LR,Gap Naive,Obj. Naive,Obj. LR (UB),"Obj. LR (LB),",Gap,Time Naive,Time LR,Final Lambda,LB Heuristic,BBP,Best iter,Lambda best iter,Gamma best iter
600.0,0.03,1.0,10.0,0.0,0.08978,0.16469,232.13278,276.77543,256.40264,0.08978,4241.0,2199.0,254.04,251.92719,0.0,1.0,0.57235,11.0
600.0,0.03,2.0,10.0,0.0,0.08978,0.16469,232.13278,276.77543,256.40264,0.08978,4241.0,2337.0,200.0,251.92719,0.0,1.0,0.57235,11.0
600.0,0.03,3.0,10.0,0.0,0.08978,0.16469,232.13278,276.77543,256.40264,0.08978,4241.0,2195.0,381.42662,251.92719,0.0,1.0,0.57235,11.0
600.0,0.03,4.0,10.0,0.0,0.08978,0.16469,232.13278,276.77543,256.40264,0.08978,4241.0,2196.0,351.88611,251.92719,0.0,1.0,0.57235,11.0
600.0,0.03,5.0,10.0,0.0,0.08978,0.16469,232.13278,276.77543,256.40264,0.08978,4241.0,2437.0,0.0,251.92719,0.0,1.0,0.57235,11.0
600.0,0.03,6.0,3.0,0.0,0.07862,0.16469,232.13278,273.42266,262.11107,0.07862,4241.0,4257.0,0.0,251.92719,0.0,3.0,0.91885,17.0
