Omega,Tolerance,Step Size Rule,Iterations,Converged?,Gap LR,Gap Naive,Obj. Naive,Obj. LR,Gap,Time Naive,Time LR,Final Lambda,LB Heuristic
600.0,0.03,1.0,1.0,1.0,0.0,0.16469,232.13278,251.92719,0.0,4241.0,2135.0,0.57235,251.92719
600.0,0.03,2.0,1.0,1.0,0.0,0.16469,232.13278,251.92719,0.0,4241.0,2129.0,0.57235,251.92719
600.0,0.03,3.0,1.0,1.0,0.0,0.16469,232.13278,251.92719,0.0,4241.0,2130.0,0.57235,251.92719
600.0,0.03,4.0,1.0,1.0,0.0,0.16469,232.13278,251.92719,0.0,4241.0,2130.0,0.57235,251.92719
600.0,0.03,5.0,1.0,1.0,0.0,0.16469,232.13278,251.92719,0.0,4241.0,2132.0,0.57235,251.92719
600.0,0.03,6.0,1.0,1.0,0.0,0.16469,232.13278,251.92719,0.0,4241.0,2138.0,0.57235,251.92719
