"Omega","Tolerance","Step Size Rule","Iterations","Converged?","Gap LR","Gap Naive","Obj. Naive","Obj. LR","Gap","Time Naive","Time LR","Final Lambda","LB Heuristic"
600.00000,0.03000,1.00000,1.00000,1.00000,0.00000,0.10080,251.92719,251.92719,0.00000,4247.00000,2149.00000,0.57235,251.92719
600.00000,0.03000,2.00000,1.00000,1.00000,0.00000,0.10080,251.92719,251.92719,0.00000,4247.00000,2145.00000,0.57235,251.92719
600.00000,0.03000,3.00000,1.00000,1.00000,0.00000,0.10080,251.92719,251.92719,0.00000,4247.00000,2147.00000,0.57235,251.92719
600.00000,0.03000,4.00000,1.00000,1.00000,0.00000,0.10080,251.92719,251.92719,0.00000,4247.00000,2137.00000,0.57235,251.92719
600.00000,0.03000,5.00000,1.00000,1.00000,0.00000,0.10080,251.92719,251.92719,0.00000,4247.00000,2137.00000,0.57235,251.92719
600.00000,0.03000,6.00000,1.00000,1.00000,0.00000,0.10080,251.92719,251.92719,0.00000,4247.00000,2137.00000,0.57235,251.92719
