"Omega","Tolerance","Step Size Rule","Iterations","Converged?","Gap LR","Gap Naive","Obj. Naive","Obj. LR","Gap","Time Naive","Time LR","Final Lambda","LB Heuristic"
100.00000,0.03000,1.00000,2.00000,0.00000,0.22975,0.36406,6294.20007,8107.48297,0.22366,4203.00000,4204.00000,807.82397,6244.78159
100.00000,0.03000,2.00000,10.00000,0.00000,0.23568,0.36406,6294.20007,8170.40870,0.22963,4203.00000,2289.00000,763.19401,6244.78159
100.00000,0.03000,3.00000,2.00000,0.00000,0.21011,0.36406,6294.20007,7905.92056,0.20386,4203.00000,4207.00000,806.05397,6244.78159
100.00000,0.03000,4.00000,2.00000,0.00000,0.22974,0.36406,6294.20007,8107.36797,0.22364,4203.00000,4211.00000,806.18265,6244.78159
100.00000,0.03000,5.00000,10.00000,0.00000,0.23059,0.36406,6294.20007,8116.36797,0.22451,4203.00000,2266.00000,717.26985,6244.78159
100.00000,0.03000,6.00000,3.00000,0.00000,0.21011,0.36406,6294.20007,7905.92056,0.20386,4203.00000,4217.00000,198.98755,6244.78159
