"Omega","Tolerance","Step Size Rule","Iterations","Converged?","Gap LR","Gap Naive","Obj. Naive","Obj. LR","Gap","Time Naive","Time LR","Final Lambda","LB Heuristic"
100.00000,0.03000,1.00000,2.00000,0.00000,0.22503,0.41020,6101.27326,8078.77702,0.22503,4205.00000,4207.00000,807.82397,6260.77849
100.00000,0.03000,2.00000,7.00000,0.00000,0.22513,0.41020,6101.27326,8079.72845,0.22513,4205.00000,2433.00000,757.00844,6260.77849
100.00000,0.03000,3.00000,2.00000,0.00000,0.13552,0.41020,6101.27326,7242.22389,0.13552,4205.00000,4210.00000,881.05397,6260.77849
100.00000,0.03000,4.00000,2.00000,0.00000,0.13552,0.41020,6101.27326,7242.22389,0.13552,4205.00000,4208.00000,876.89333,6260.77849
100.00000,0.03000,5.00000,9.00000,0.00000,0.22513,0.41020,6101.27326,8079.72845,0.22513,4205.00000,2427.00000,716.96058,6260.77849
100.00000,0.03000,6.00000,3.00000,0.00000,0.22820,0.41020,6101.27326,8111.88971,0.22820,4205.00000,4216.00000,195.29421,6260.77849
