"Omega","Tolerance","Step Size Rule","Iterations","Converged?","Gap LR","Gap Naive","Obj. Naive","Obj. LR","Gap","Time Naive","Time LR","Final Lambda","LB Heuristic"
100.00000,0.05000,1.00000,3.00000,0.00000,0.30678,0.39302,6724.60926,9948.72439,0.30678,4200.00000,4284.00000,840.14480,6896.68142
100.00000,0.05000,2.00000,7.00000,0.00000,0.39563,0.39302,6724.60926,11411.30440,0.39563,4200.00000,2637.00000,805.58164,6896.68142
100.00000,0.05000,3.00000,3.00000,0.00000,0.32405,0.39302,6724.60926,10202.92307,0.32405,4200.00000,4280.00000,879.09480,6896.68142
100.00000,0.05000,4.00000,3.00000,0.00000,0.31746,0.39302,6724.60926,10104.43926,0.31746,4200.00000,4273.00000,879.42251,6896.68142
100.00000,0.05000,5.00000,9.00000,0.00000,0.41533,0.39302,6724.60926,11795.94737,0.41533,4200.00000,2638.00000,799.77838,6896.68142
100.00000,0.05000,6.00000,4.00000,0.00000,0.33233,0.39302,6724.60926,10329.46235,0.33233,4200.00000,4278.00000,223.68404,6896.68142
