Omega,Tolerance,Step Size Rule,Iterations,Converged?,Gap LR,Gap Naive,Obj. Naive,Obj. LR,Gap,Time Naive,Time LR,Final Lambda,LB Heuristic
900.0,0.05,1.0,2.0,0.0,0.62425,0.65007,4542.74735,10705.49064,0.57566,4202.0,4211.0,557.78263,4022.63642
900.0,0.05,2.0,2.0,0.0,0.61709,0.65007,4542.74735,10505.49064,0.56758,4202.0,4205.0,88.45046,4022.63642
900.0,0.05,3.0,2.0,0.0,0.62425,0.65007,4542.74735,10705.49064,0.57566,4202.0,4206.0,909.23263,4022.63642
900.0,0.05,4.0,2.0,0.0,0.62425,0.65007,4542.74735,10705.49064,0.57566,4202.0,4205.0,911.16282,4022.63642
900.0,0.05,5.0,2.0,0.0,0.61341,0.65007,4542.74735,10405.49064,0.56343,4202.0,4205.0,88.50894,4022.63642
900.0,0.05,6.0,2.0,0.0,0.55547,0.65007,4542.74735,9049.27843,0.498,4202.0,4206.0,0.0,4022.63642
