Omega,Tolerance,Step Size Rule,Iterations,Converged?,Gap LR,Gap Naive,Obj. Naive,Obj. LR (UB),"Obj. LR (LB),",Gap,Time Naive,Time LR,Final Lambda,LB Heuristic,BBP,Best iter,Lambda best iter,Gamma best iter
900.0,0.05,1.0,2.0,0.0,0.57238,0.65007,4542.74735,13187.45101,10705.49064,0.57238,4202.0,4203.0,557.78263,5639.15508,0.0,1.0,87.98263,-855.0
900.0,0.05,2.0,2.0,0.0,0.57193,0.65007,4542.74735,13173.57988,10705.49064,0.57193,4202.0,4203.0,87.98263,5639.15508,0.0,1.0,87.98263,-855.0
900.0,0.05,3.0,2.0,0.0,0.57193,0.65007,4542.74735,13173.57988,10705.49064,0.57193,4202.0,4203.0,909.23263,5639.15508,0.0,1.0,87.98263,-855.0
900.0,0.05,4.0,2.0,0.0,0.57238,0.65007,4542.74735,13187.45101,10705.49064,0.57238,4202.0,4204.0,911.16282,5639.15508,0.0,1.0,87.98263,-855.0
900.0,0.05,5.0,2.0,0.0,0.57193,0.65007,4542.74735,13173.57988,10705.49064,0.57193,4202.0,4204.0,237.98263,5639.15508,0.0,1.0,87.98263,-855.0
900.0,0.05,6.0,2.0,0.0,0.57238,0.65007,4542.74735,13187.45101,10705.49064,0.57238,4202.0,4209.0,0.0,5639.15508,0.0,1.0,87.98263,-855.0
