,Omega,Tolerance,Step Size Rule,Iterations,Converged?,Gap LR,Gap Naive,Obj. Naive,Obj. LR (UB),"Obj. LR (LB),",Gap,Time Naive,Time LR,Final Lambda,LB Heuristic,BBP,Best iter,Lambda best iter,Gamma best iter,Obj. LR,Time,QP,IR,AP
0,900.0,0.01,1.0,2.0,0.0,0.48463,0.53625,4368.75229,9613.12192,4774.89971,0.48463,4202.0,4205.0,85.89,4954.31453,0.0,1.0,96.33,9.0,,,-4381.227,-4954.31453,-4542.01026
1,900.0,0.01,2.0,3.0,0.0,0.48463,0.53625,4368.75229,9613.12192,4774.89971,0.48463,4202.0,4218.0,0.0,4954.31453,0.0,1.0,96.33,9.0,,,-4381.227,-4954.31453,-4542.01026
2,900.0,0.01,3.0,2.0,0.0,0.48463,0.53625,4368.75229,9613.12192,4774.89971,0.48463,4202.0,4204.0,755.58,4954.31453,0.0,1.0,96.33,9.0,,,-4381.227,-4954.31453,-4542.01026
3,900.0,0.01,4.0,2.0,0.0,0.48463,0.53625,4368.75229,9613.12192,4774.89971,0.48463,4202.0,4206.0,717.36214,4954.31453,0.0,1.0,96.33,9.0,,,-4381.227,-4954.31453,-4542.01026
4,900.0,0.01,5.0,3.0,0.0,0.48463,0.53625,4368.75229,9613.12192,4774.89971,0.48463,4202.0,4218.0,50.0,4954.31453,0.0,1.0,96.33,9.0,,,-4381.227,-4954.31453,-4542.01026
5,900.0,0.01,6.0,3.0,0.0,0.48463,0.53625,4368.75229,9613.12192,4774.89971,0.48463,4202.0,4217.0,0.0,4954.31453,0.0,1.0,96.33,9.0,,,-4381.227,-4954.31453,-4542.01026
