Omega,Tolerance,Step Size Rule,Iterations,Converged?,Gap LR,Gap Naive,Obj. Naive,Obj. LR,Gap,Time Naive,Time LR,Final Lambda,LB Heuristic,Heuristic Time
1500.0,0.05,1.0,2.0,0.0,0.03999,0.18412,234.8151,248.28233,0.03999,4211.0,2382.0,826.5,238.35318,
1500.0,0.05,2.0,2.0,0.0,0.03999,0.18412,234.8151,248.28233,0.03999,4211.0,2381.0,0.14035,238.35318,
1500.0,0.05,3.0,2.0,0.0,0.03999,0.18412,234.8151,248.28233,0.03999,4211.0,2383.0,1068.75,238.35318,
1500.0,0.05,4.0,2.0,0.0,0.03999,0.18412,234.8151,248.28233,0.03999,4211.0,2392.0,1007.62716,238.35318,
1500.0,0.05,5.0,2.0,0.0,0.03999,0.18412,234.8151,248.28233,0.03999,4211.0,2385.0,0.10526,238.35318,
1500.0,0.05,6.0,2.0,0.0,0.03999,0.18412,234.8151,248.28233,0.03999,4211.0,2390.0,0.41218,238.35318,81.0
