Omega,Tolerance,Step Size Rule,Iterations,Converged?,Gap LR,Gap Naive,Obj. Naive,Obj. LR (UB),"Obj. LR (LB),",Gap,Time Naive,Time LR,Final Lambda,LB Heuristic,BBP,Best iter,Lambda best iter,Gamma best iter
1500.0,0.05,1.0,3.0,0.0,0.17183,0.18412,234.8151,287.8069,248.28233,0.17183,4211.0,2420.0,783.0,238.35318,0.0,1.0,0.17956,75.0
1500.0,0.05,2.0,3.0,0.0,0.17183,0.18412,234.8151,287.8069,248.28233,0.17183,4211.0,2418.0,0.0,238.35318,0.0,1.0,0.17956,75.0
1500.0,0.05,3.0,3.0,0.0,0.17183,0.18412,234.8151,287.8069,248.28233,0.17183,4211.0,2414.0,1023.75,238.35318,0.0,1.0,0.17956,75.0
1500.0,0.05,4.0,3.0,0.0,0.17183,0.18412,234.8151,287.8069,248.28233,0.17183,4211.0,2415.0,964.32589,238.35318,0.0,1.0,0.17956,75.0
1500.0,0.05,5.0,3.0,0.0,0.17183,0.18412,234.8151,287.8069,248.28233,0.17183,4211.0,2407.0,50.0,238.35318,0.0,1.0,0.17956,75.0
1500.0,0.05,6.0,3.0,0.0,0.17183,0.18412,234.8151,287.8069,248.28233,0.17183,4211.0,4495.0,0.0,238.35318,0.0,1.0,0.17956,75.0
