Omega,Tolerance,Step Size Rule,Iterations,Converged?,Gap LR,Gap Naive,Obj. Naive,Obj. LR (UB),"Obj. LR (LB),",Gap,Time Naive,Time LR,Final Lambda,LB Heuristic,BBP,Best iter,Lambda best iter,Gamma best iter
1500.0,0.05,1.0,10.0,0.0,0.17143,0.18412,234.8151,287.66746,248.28233,0.17143,4211.0,5488.0,478.5,238.35318,0.0,1.0,0.17956,75.0
1500.0,0.05,2.0,10.0,0.0,0.17019,0.18412,234.8151,287.23883,248.28233,0.17019,4211.0,6434.0,200.0,238.35318,0.0,1.0,0.17956,75.0
1500.0,0.05,3.0,10.0,0.0,0.17019,0.18412,234.8151,287.23883,248.28233,0.17019,4211.0,5474.0,839.2776,238.35318,0.0,1.0,0.17956,75.0
1500.0,0.05,4.0,10.0,0.0,0.17019,0.18412,234.8151,287.23883,248.28233,0.17019,4211.0,5471.0,759.08533,238.35318,0.0,1.0,0.17956,75.0
1500.0,0.05,5.0,10.0,0.0,0.17143,0.18412,234.8151,287.66746,248.28233,0.17143,4211.0,6458.0,0.0,238.35318,0.0,1.0,0.17956,75.0
1500.0,0.05,6.0,7.0,0.0,0.16672,0.18412,234.8151,286.04085,264.29452,0.16672,4211.0,50889.0,0.0,238.35318,0.0,5.0,0.20609,44.0
