Omega,Tolerance,Step Size Rule,Iterations,Converged?,Gap LR,Gap Naive,Obj. Naive,Obj. LR (UB),"Obj. LR (LB),",Gap,Time Naive,Time LR,Final Lambda,LB Heuristic,BBP,Best iter,Lambda best iter,Gamma best iter
600.0,0.05,1.0,3.0,0.0,0.56707,0.64037,4475.81273,12593.20444,10494.17805,0.56707,4201.0,20003.0,427.87242,5452.00263,0.0,1.0,132.07242,-570.0
600.0,0.05,2.0,3.0,0.0,0.5616,0.64037,4475.81273,12436.17696,10495.84472,0.5616,4201.0,20004.0,332.07242,5452.00263,0.0,3.0,132.07242,-570.0
600.0,0.05,3.0,3.0,0.0,0.56707,0.64037,4475.81273,12593.20444,10494.17805,0.56707,4201.0,20003.0,661.57242,5452.00263,0.0,1.0,132.07242,-570.0
600.0,0.05,4.0,3.0,0.0,0.56707,0.64037,4475.81273,12593.20444,10494.17805,0.56707,4201.0,20003.0,663.53871,5452.00263,0.0,1.0,132.07242,-570.0
600.0,0.05,5.0,3.0,0.0,0.56707,0.64037,4475.81273,12593.20444,10494.17805,0.56707,4201.0,20004.0,182.07242,5452.00263,0.0,1.0,132.07242,-570.0
600.0,0.05,6.0,4.0,0.0,0.56707,0.64037,4475.81273,12593.20444,10494.17805,0.56707,4201.0,20013.0,0.0,5452.00263,0.0,1.0,132.07242,-570.0
