Omega,Tolerance,Step Size Rule,Iterations,Converged?,Gap LR,Gap Naive,Obj. Naive,Obj. LR (UB),"Obj. LR (LB),",Gap,Time Naive,Time LR,Final Lambda,LB Heuristic,BBP,Best iter,Lambda best iter,Gamma best iter
600.0,0.05,1.0,5.0,0.0,0.56874,0.64037,4475.81273,12642.03315,10487.97779,0.56874,4201.0,55010.0,393.07242,5452.00263,0.0,1.0,132.07242,-570.0
600.0,0.05,2.0,2.0,0.0,0.55949,0.61216,4858.97298,12840.73195,10320.36166,0.55949,4201.0,4202.0,132.46915,5656.52488,0.0,1.0,132.46915,-570.0
600.0,0.05,3.0,5.0,0.0,0.56874,0.64037,4475.81273,12642.03315,10487.97779,0.56874,4201.0,55008.0,633.71527,5452.00263,0.0,1.0,132.07242,-570.0
600.0,0.05,4.0,5.0,0.0,0.56922,0.64037,4475.81273,12656.24942,10487.97779,0.56922,4201.0,55011.0,635.1223,5452.00263,0.0,1.0,132.07242,-570.0
600.0,0.05,5.0,6.0,0.0,0.56922,0.64037,4475.81273,12656.24942,10487.97779,0.56922,4201.0,55023.0,117.07242,5452.00263,0.0,1.0,132.07242,-570.0
600.0,0.05,6.0,10.0,0.0,0.56893,0.64037,4475.81273,12647.58352,8631.0947,0.56893,4201.0,40090.0,114.11517,5452.00263,0.0,4.0,143.62829,30.0
