Omega,Tolerance,Step Size Rule,Iterations,Converged?,Gap LR,Gap Naive,Obj. Naive,Obj. LR (UB),"Obj. LR (LB),",Gap,Time Naive,Time LR,Final Lambda,LB Heuristic,BBP,Best iter,Lambda best iter,Gamma best iter
600.0,0.05,1.0,2.0,0.0,0.57221,0.64037,4475.81273,12744.49735,10487.97779,0.57221,4201.0,4202.0,445.27242,5452.00263,0.0,1.0,132.07242,-570.0
600.0,0.05,2.0,2.0,0.0,0.57221,0.64037,4475.81273,12744.49735,10487.97779,0.57221,4201.0,4201.0,132.07242,5452.00263,0.0,1.0,132.07242,-570.0
600.0,0.05,3.0,2.0,0.0,0.57221,0.64037,4475.81273,12744.49735,10487.97779,0.57221,4201.0,4200.0,679.57242,5452.00263,0.0,1.0,132.07242,-570.0
600.0,0.05,4.0,2.0,0.0,0.57221,0.64037,4475.81273,12744.49735,10487.97779,0.57221,4201.0,4202.0,680.85921,5452.00263,0.0,1.0,132.07242,-570.0
600.0,0.05,5.0,2.0,0.0,0.57221,0.64037,4475.81273,12744.49735,10487.97779,0.57221,4201.0,4202.0,282.07242,5452.00263,0.0,1.0,132.07242,-570.0
600.0,0.05,6.0,2.0,0.0,0.57221,0.64037,4475.81273,12744.49735,10487.97779,0.57221,4201.0,4201.0,0.0,5452.00263,0.0,1.0,132.07242,-570.0
