,Omega,Tolerance,Step Size Rule,Iterations,Converged?,Gap LR,Gap Naive,Obj. Naive,Obj. LR,Gap,Time Naive,Time LR,Final Lambda,LB Heuristic,IR,AP
0,600.0,0.05,1.0,2.0,0.0,0.63044,0.64037,4475.81273,10487.97779,0.57324,4201.0,4202.0,445.27242,3875.95737,5451.99983,4893.47593
1,600.0,0.05,2.0,2.0,0.0,0.62325,0.64037,4475.81273,10287.97779,0.56495,4201.0,4202.0,132.77417,3875.95737,5451.99983,4893.47593
2,600.0,0.05,3.0,2.0,0.0,0.63044,0.64037,4475.81273,10487.97779,0.57324,4201.0,4202.0,679.57242,3875.95737,5451.99983,4893.47593
3,600.0,0.05,4.0,2.0,0.0,0.63044,0.64037,4475.81273,10487.97779,0.57324,4201.0,4201.0,680.85921,3875.95737,5451.99983,4893.47593
4,600.0,0.05,5.0,2.0,0.0,0.61956,0.64037,4475.81273,10187.97779,0.56068,4201.0,4202.0,132.86189,3875.95737,5451.99983,4893.47593
5,600.0,0.05,6.0,2.0,0.0,0.56761,0.64037,4475.81273,8964.04819,0.50069,4201.0,4202.0,0.0,3875.95737,5451.99983,4893.47593
