Omega,Tolerance,Step Size Rule,Iterations,Converged?,Gap LR,Gap Naive,Obj. Naive,Obj. LR,Gap,Time Naive,Time LR,Final Lambda,LB Heuristic
600.0,0.03,1.0,2.0,0.0,0.49037,0.73778,1960.1211,7126.84605,0.49037,4210.0,4238.0,461.06522,3632.08612
600.0,0.03,2.0,2.0,0.0,0.47565,0.73778,1960.1211,6926.84605,0.47565,4210.0,4202.0,134.63251,3632.08612
600.0,0.03,3.0,2.0,0.0,0.49037,0.73778,1960.1211,7126.84605,0.49037,4210.0,4202.0,702.44522,3632.08612
600.0,0.03,4.0,2.0,0.0,0.49037,0.73778,1960.1211,7126.84605,0.49037,4210.0,4203.0,703.2173,3632.08612
600.0,0.03,5.0,2.0,0.0,0.46797,0.57648,4596.67243,6826.84605,0.32668,4202.0,4202.0,134.71842,3632.08612
600.0,0.03,6.0,2.0,0.0,0.4757,0.73778,1960.1211,6927.48729,0.4757,4210.0,4203.0,0.0,3632.08612
