"Omega","Tolerance","Step Size Rule","Iterations","Converged?","Gap LR","Gap Naive","Obj. Naive","Obj. LR","Gap","Time Naive","Time LR","Final Lambda","LB Heuristic"
600.00000,0.05000,1.00000,2.00000,0.00000,0.56738,0.72051,3656.87196,10311.17741,0.56738,4247.00000,4337.00000,445.45738,4460.77005
600.00000,0.05000,2.00000,2.00000,0.00000,0.55883,0.72051,3656.87196,10111.17741,0.55883,4247.00000,4340.00000,132.95914,4460.77005
600.00000,0.05000,3.00000,2.00000,0.00000,0.56738,0.72051,3656.87196,10311.17741,0.56738,4247.00000,4331.00000,679.75738,4460.77005
600.00000,0.05000,4.00000,2.00000,0.00000,0.56738,0.72051,3656.87196,10311.17741,0.56738,4247.00000,4337.00000,681.04418,4460.77005
600.00000,0.05000,5.00000,2.00000,0.00000,0.55442,0.72051,3656.87196,10011.17741,0.55442,4247.00000,4295.00000,133.04686,4460.77005
600.00000,0.05000,6.00000,2.00000,0.00000,0.44562,0.72051,3656.87196,8046.46381,0.44562,4247.00000,4259.00000,0.00000,4460.77005
