"Omega","Tolerance","Step Size Rule","Iterations","Converged?","Gap LR","Gap Naive","Obj. Naive","Obj. LR","Gap","Time Naive","Time LR","Final Lambda","LB Heuristic"
600.00000,0.05000,1.00000,2.00000,0.00000,0.26889,0.89905,1291.14769,5374.16301,0.26889,4205.00000,2428.00000,456.47738,3929.09167
600.00000,0.05000,2.00000,3.00000,0.00000,0.43166,0.89905,1291.14769,6913.23757,0.43166,4205.00000,2538.00000,124.26349,3929.09167
600.00000,0.05000,3.00000,3.00000,0.00000,0.43166,0.89905,1291.14769,6913.23757,0.43166,4205.00000,4377.00000,518.75738,3929.09167
600.00000,0.05000,4.00000,3.00000,0.00000,0.45319,0.89905,1291.14769,7185.46487,0.45319,4205.00000,4396.00000,493.98774,3929.09167
600.00000,0.05000,5.00000,3.00000,0.00000,0.49144,0.89905,1291.14769,7725.92202,0.49144,4205.00000,2509.00000,122.35115,3929.09167
600.00000,0.05000,6.00000,3.00000,0.00000,0.43166,0.89905,1291.14769,6913.23757,0.43166,4205.00000,4385.00000,0.56167,3929.09167
