"Omega","Tolerance","Step Size Rule","Iterations","Converged?","Gap LR","Gap Naive","Obj. Naive","Obj. LR","Gap","Time Naive","Time LR","Final Lambda","LB Heuristic"
600.00000,0.05000,1.00000,2.00000,0.00000,0.56762,1.00000,356.36110,10311.17741,0.56762,4230.00000,4273.00000,445.45738,4458.37435
600.00000,0.05000,2.00000,2.00000,0.00000,0.55906,1.00000,356.36110,10111.17741,0.55906,4230.00000,4244.00000,132.95914,4458.37435
600.00000,0.05000,3.00000,2.00000,0.00000,0.56762,1.00000,356.36110,10311.17741,0.56762,4230.00000,4249.00000,679.75738,4458.37435
600.00000,0.05000,4.00000,2.00000,0.00000,0.56762,1.00000,356.36110,10311.17741,0.56762,4230.00000,4264.00000,681.04418,4458.37435
600.00000,0.05000,5.00000,2.00000,0.00000,0.55466,1.00000,356.36110,10011.17741,0.55466,4230.00000,4240.00000,133.04686,4458.37435
600.00000,0.05000,6.00000,2.00000,0.00000,0.44653,1.00000,356.36110,8055.26651,0.44653,4230.00000,4223.00000,0.00000,4458.37435
