"Omega","Tolerance","Step Size Rule","Iterations","Converged?","Gap LR","Gap Naive","Obj. Naive","Obj. LR","Gap","Time Naive","Time LR","Final Lambda","LB Heuristic"
600.00000,0.01000,1.00000,2.00000,0.00000,0.03035,0.05972,248.41553,253.17141,0.01879,4252.00000,2745.00000,344.52000,245.48647
600.00000,0.01000,2.00000,2.00000,0.00000,0.03035,0.05972,248.41553,253.17141,0.01879,4252.00000,2685.00000,0.33670,245.48647
600.00000,0.01000,3.00000,2.00000,0.00000,0.03054,0.05972,248.41553,253.21938,0.01897,4252.00000,2687.00000,445.50000,245.48647
600.00000,0.01000,4.00000,2.00000,0.00000,0.03054,0.05972,248.41553,253.21938,0.01897,4252.00000,2679.00000,420.02143,245.48647
600.00000,0.01000,5.00000,2.00000,0.00000,0.03054,0.05972,248.41553,253.21938,0.01897,4252.00000,2585.00000,0.25253,245.48647
600.00000,0.01000,6.00000,3.00000,1.00000,0.02558,0.05972,248.41553,251.93036,0.01395,4252.00000,4428.00000,0.84383,245.48647
