Omega,Tolerance,Step Size Rule,Iterations,Converged?,Gap LR,Gap Naive,Obj. Naive,Obj. LR,Gap,Time Naive,Time LR,Final Lambda,LB Heuristic
600.0,0.05,1.0,2.0,0.0,0.64326,0.66476,4207.90155,10806.43133,0.61061,4201.0,4202.0,444.83563,3855.07646
600.0,0.05,2.0,2.0,0.0,0.63653,0.66476,4207.90155,10606.43133,0.60327,4201.0,4203.0,132.33738,3855.07646
600.0,0.05,3.0,2.0,0.0,0.64326,0.66476,4207.90155,10806.43133,0.61061,4201.0,4201.0,679.13563,3855.07646
600.0,0.05,4.0,2.0,0.0,0.64326,0.66476,4207.90155,10806.43133,0.61061,4201.0,4201.0,680.42242,3855.07646
600.0,0.05,5.0,2.0,0.0,0.63307,0.66476,4207.90155,10506.43133,0.59949,4201.0,4202.0,132.4251,3855.07646
600.0,0.05,6.0,2.0,0.0,0.56626,0.66476,4207.90155,8888.07881,0.52657,4201.0,4202.0,0.0,3855.07646
,,,,,,,,,,,,,5388.14428
,,,,,,,,,,,,,5022.99581
