Omega,Tolerance,Step Size Rule,Iterations,Converged?,Gap LR,Gap Naive,Obj. Naive,Obj. LR (UB),"Obj. LR (LB),",Gap,Time Naive,Time LR,Final Lambda,LB Heuristic,BBP,Best iter,Lambda best iter,Gamma best iter
600.0,0.05,1.0,5.0,0.0,0.57712,0.66476,4207.90155,12753.30581,10806.43133,0.57712,4201.0,55009.0,392.63563,5393.15922,0.0,1.0,131.63563,-570.0
600.0,0.05,2.0,2.0,0.0,0.55949,0.61216,4858.97298,12840.73195,10320.36166,0.55949,4201.0,4202.0,132.46915,5656.52488,0.0,1.0,132.46915,-570.0
600.0,0.05,3.0,5.0,0.0,0.57712,0.66476,4207.90155,12753.30581,10806.43133,0.57712,4201.0,55014.0,633.27848,5393.15922,0.0,1.0,131.63563,-570.0
600.0,0.05,4.0,5.0,0.0,0.57712,0.66476,4207.90155,12753.30581,10806.43133,0.57712,4201.0,55014.0,634.68551,5393.15922,0.0,1.0,131.63563,-570.0
600.0,0.05,5.0,6.0,0.0,0.57712,0.66476,4207.90155,12753.30581,10806.43133,0.57712,4201.0,55026.0,116.63563,5393.15922,0.0,1.0,131.63563,-570.0
600.0,0.05,6.0,8.0,0.0,0.57595,0.66476,4207.90155,12718.16705,8897.31248,0.57595,4201.0,55039.0,21.76996,5393.15922,0.0,6.0,143.85342,30.0
