Omega,Tolerance,Step Size Rule,Iterations,Converged?,Gap LR,Gap Naive,Obj. Naive,Obj. LR (UB),"Obj. LR (LB),",Gap,Time Naive,Time LR,Final Lambda,LB Heuristic,BBP,Best iter,Lambda best iter,Gamma best iter
600.0,0.05,1.0,3.0,0.0,0.57501,0.66476,4207.90155,12690.12623,10806.43133,0.57501,4201.0,25005.0,427.43563,5393.15922,0.0,1.0,131.63563,-570.0
600.0,0.05,2.0,3.0,0.0,0.5682,0.66476,4207.90155,12489.94372,10806.43133,0.5682,4201.0,25003.0,331.63563,5393.15922,0.0,3.0,131.63563,-570.0
600.0,0.05,3.0,3.0,0.0,0.57501,0.66476,4207.90155,12690.12623,10806.43133,0.57501,4201.0,25003.0,661.13563,5393.15922,0.0,1.0,131.63563,-570.0
600.0,0.05,4.0,3.0,0.0,0.57501,0.66476,4207.90155,12690.12623,10806.43133,0.57501,4201.0,25003.0,663.10191,5393.15922,0.0,1.0,131.63563,-570.0
600.0,0.05,5.0,3.0,0.0,0.57501,0.66476,4207.90155,12690.12623,10806.43133,0.57501,4201.0,25003.0,181.63563,5393.15922,0.0,1.0,131.63563,-570.0
600.0,0.05,6.0,4.0,0.0,0.57466,0.66476,4207.90155,12679.59409,8928.22078,0.57466,4201.0,25011.0,0.0,5393.15922,0.0,4.0,143.85342,30.0
