Omega,Tolerance,Step Size Rule,Iterations,Converged?,Gap LR,Gap Naive,Obj. Naive,Obj. LR,Gap,Time Naive,Time LR,Final Lambda,LB Heuristic
600.0,0.03,1.0,1.0,1.0,0.0,0.14676,236.15631,248.02085,0.0,4245.0,2136.0,0.5771,248.02085
600.0,0.03,2.0,1.0,1.0,0.0,0.14676,236.15631,248.02085,0.0,4245.0,2131.0,0.5771,248.02085
600.0,0.03,3.0,1.0,1.0,0.0,0.14676,236.15631,248.02085,0.0,4245.0,2130.0,0.5771,248.02085
600.0,0.03,4.0,1.0,1.0,0.0,0.14676,236.15631,248.02085,0.0,4245.0,2127.0,0.5771,248.02085
600.0,0.03,5.0,1.0,1.0,0.0,0.14676,236.15631,248.02085,0.0,4245.0,2130.0,0.5771,248.02085
600.0,0.03,6.0,1.0,1.0,0.0,0.14676,236.15631,248.02085,0.0,4245.0,2134.0,0.5771,248.02085
