"Omega","Tolerance","Step Size Rule","Iterations","Converged?","Gap LR","Gap Naive","Obj. Naive","Obj. LR","Gap","Time Naive","Time LR","Final Lambda","LB Heuristic"
600.00000,0.03000,1.00000,1.00000,1.00000,0.00000,0.10516,248.02085,248.02085,0.00000,4252.00000,2154.00000,0.57710,248.02085
600.00000,0.03000,2.00000,1.00000,1.00000,0.00000,0.10516,248.02085,248.02085,0.00000,4252.00000,2150.00000,0.57710,248.02085
600.00000,0.03000,3.00000,1.00000,1.00000,0.00000,0.10516,248.02085,248.02085,0.00000,4252.00000,2142.00000,0.57710,248.02085
600.00000,0.03000,4.00000,1.00000,1.00000,0.00000,0.10516,248.02085,248.02085,0.00000,4252.00000,2142.00000,0.57710,248.02085
600.00000,0.03000,5.00000,1.00000,1.00000,0.00000,0.10516,248.02085,248.02085,0.00000,4252.00000,2136.00000,0.57710,248.02085
600.00000,0.03000,6.00000,1.00000,1.00000,0.00000,0.10516,248.02085,248.02085,0.00000,4252.00000,2142.00000,0.57710,248.02085
