Omega,Tolerance,Step Size Rule,Iterations,Converged?,Gap LR,Gap Naive,Obj. Naive,Obj. LR (UB),"Obj. LR (LB),",Gap,Time Naive,Time LR,Final Lambda,LB Heuristic,BBP,Best iter,Lambda best iter,Gamma best iter
100.0,0.05,1.0,10.0,0.0,0.06366,0.00091,282.32378,299.28995,299.28995,0.05669,629.0,34.0,31.77543,280.23715,0.0,1.0,2.77543,-95.0
100.0,0.05,2.0,10.0,0.0,0.06366,0.00091,282.32378,299.28995,299.28995,0.05669,629.0,130.0,2.77543,280.23715,0.0,1.0,2.77543,-95.0
100.0,0.05,3.0,10.0,0.0,0.06366,0.00091,282.32378,299.28995,299.28995,0.05669,629.0,32.0,78.72727,280.23715,0.0,1.0,2.77543,-95.0
100.0,0.05,4.0,10.0,0.0,0.06366,0.00091,282.32378,299.28995,299.28995,0.05669,629.0,32.0,77.67044,280.23715,0.0,1.0,2.77543,-95.0
100.0,0.05,5.0,10.0,0.0,0.06217,0.00091,282.32378,298.81463,298.81463,0.05519,629.0,47.0,0.0,280.23715,0.0,10.0,4.16667,5.0
100.0,0.05,6.0,10.0,0.0,0.04311,0.00091,282.32378,292.86125,292.86125,0.03598,629.0,123.0,2.50259,280.23715,0.0,6.0,2.97599,5.0
