,Omega,Tolerance,Step Size Rule,Iterations,Converged?,Gap LR,Gap Naive,Obj. Naive,Obj. LR,Gap,Time Naive,Time LR,Final Lambda,LB Heuristic,IR,AP
0,100.0,0.05,1.0,10.0,0.0,0.06366,0.00453,282.32378,299.28995,0.05669,676.0,321.0,31.77543,280.23715,-276.94501,-278.10848
1,100.0,0.05,2.0,10.0,0.0,0.06286,0.00453,282.32378,299.03393,0.05588,676.0,591.0,4.21053,280.23715,-276.94501,-278.10848
2,100.0,0.05,3.0,10.0,0.0,0.06366,0.00453,282.32378,299.28995,0.05669,676.0,308.0,78.72727,280.23715,-276.94501,-278.10848
3,100.0,0.05,4.0,10.0,0.0,0.06366,0.00453,282.32378,299.28995,0.05669,676.0,287.0,77.67044,280.23715,-276.94501,-278.10848
4,100.0,0.05,5.0,10.0,0.0,0.0435,0.00453,282.32378,292.9813,0.03638,676.0,562.0,1.0614,280.23715,-276.94501,-278.10848
5,100.0,0.05,6.0,10.0,0.0,0.04311,0.00453,282.32378,292.86125,0.03598,676.0,957.0,2.50259,280.23715,-276.94501,-278.10848
