Omega,Tolerance,Step Size Rule,Iterations,Converged?,Gap LR,Gap Naive,Obj. Naive,Obj. LR,Gap,Time Naive,Time LR,Final Lambda,LB Heuristic
600.0,0.03,1.0,2.0,0.0,0.03801,0.12561,243.59105,253.07712,0.03748,4237.0,2504.0,337.56,243.45883
600.0,0.03,2.0,2.0,0.0,0.03801,0.12561,243.59105,253.07712,0.03748,4237.0,2559.0,0.34364,243.45883
600.0,0.03,3.0,2.0,0.0,0.03801,0.12561,243.59105,253.07712,0.03748,4237.0,2523.0,436.5,243.45883
600.0,0.03,4.0,2.0,0.0,0.03801,0.12561,243.59105,253.07712,0.03748,4237.0,2552.0,411.53615,243.45883
600.0,0.03,5.0,2.0,0.0,0.03801,0.12561,243.59105,253.07712,0.03748,4237.0,2554.0,0.25773,243.45883
600.0,0.03,6.0,2.0,0.0,0.03801,0.12561,243.59105,253.07712,0.03748,4237.0,2541.0,0.95742,243.45883
