"Omega","Tolerance","Step Size Rule","Iterations","Converged?","Gap LR","Gap Naive","Obj. Naive","Obj. LR","Gap","Time Naive","Time LR","Final Lambda","LB Heuristic"
600.00000,0.03000,1.00000,2.00000,0.00000,0.03801,0.13149,243.45883,253.07712,0.03801,4244.00000,2700.00000,337.56000,243.45883
600.00000,0.03000,2.00000,2.00000,0.00000,0.03801,0.13149,243.45883,253.07712,0.03801,4244.00000,2595.00000,0.34364,243.45883
600.00000,0.03000,3.00000,2.00000,0.00000,0.03801,0.13149,243.45883,253.07712,0.03801,4244.00000,2599.00000,436.50000,243.45883
600.00000,0.03000,4.00000,2.00000,0.00000,0.03801,0.13149,243.45883,253.07712,0.03801,4244.00000,2591.00000,411.53615,243.45883
600.00000,0.03000,5.00000,2.00000,0.00000,0.03801,0.13149,243.45883,253.07712,0.03801,4244.00000,2653.00000,0.25773,243.45883
600.00000,0.03000,6.00000,3.00000,0.00000,0.03801,0.13149,243.45883,253.07712,0.03801,4244.00000,4479.00000,0.00000,243.45883
