"Omega","Tolerance","Step Size Rule","Iterations","Converged?","Gap LR","Gap Naive","Obj. Naive","Obj. LR","Gap","Time Naive","Time LR","Final Lambda","LB Heuristic"
100.00000,0.07000,1.00000,3.00000,0.00000,0.36454,0.48433,6934.12265,11305.51437,0.36454,4205.00000,4339.00000,836.20163,7184.14661
100.00000,0.07000,2.00000,6.00000,0.00000,0.48464,0.48433,6934.12265,13940.09649,0.48464,4205.00000,3735.00000,803.28486,7184.14661
100.00000,0.07000,3.00000,3.00000,0.00000,0.38718,0.48433,6934.12265,11723.00061,0.38718,4205.00000,4359.00000,873.93163,7184.14661
100.00000,0.07000,4.00000,3.00000,0.00000,0.38733,0.48433,6934.12265,11725.90841,0.38733,4205.00000,4453.00000,874.39043,7184.14661
100.00000,0.07000,5.00000,6.00000,0.00000,0.49603,0.48433,6934.12265,14255.09649,0.49603,4205.00000,2562.00000,798.28486,7184.14661
100.00000,0.07000,6.00000,4.00000,0.00000,0.40715,0.48433,6934.12265,12118.01905,0.40715,4205.00000,4354.00000,224.49293,7184.14661
