"Omega","Tolerance","Step Size Rule","Iterations","Converged?","Gap LR","Gap Naive","Obj. Naive","Obj. LR","Gap","Time Naive","Time LR","Final Lambda","LB Heuristic"
100.00000,0.07000,1.00000,3.00000,0.00000,0.37039,0.46187,7016.29371,11379.03791,0.37039,4203.00000,4305.00000,836.20163,7164.33900
100.00000,0.07000,2.00000,6.00000,0.00000,0.48606,0.46187,7016.29371,13940.09649,0.48606,4203.00000,2612.00000,803.28486,7164.33900
100.00000,0.07000,3.00000,3.00000,0.00000,0.38486,0.46187,7016.29371,11646.75971,0.38486,4203.00000,4321.00000,873.93163,7164.33900
100.00000,0.07000,4.00000,3.00000,0.00000,0.38447,0.46187,7016.29371,11639.26089,0.38447,4203.00000,4327.00000,874.39043,7164.33900
100.00000,0.07000,5.00000,8.00000,0.00000,0.49412,0.46187,7016.29371,14162.23935,0.49412,4203.00000,2851.00000,799.14892,7164.33900
100.00000,0.07000,6.00000,4.00000,0.00000,0.41552,0.46187,7016.29371,12257.62553,0.41552,4203.00000,4296.00000,219.87254,7164.33900
