Omega,Tolerance,Step Size Rule,Iterations,Converged?,Gap LR,Gap Naive,Obj. Naive,Obj. LR (UB),"Obj. LR (LB),",Gap,Time Naive,Time LR,Final Lambda,LB Heuristic,BBP,Best iter,Lambda best iter,Gamma best iter
100.0,0.05,1.0,10.0,0.0,0.0649,0.0,279.61933,296.17693,296.17693,0.0559,361.0,35.0,31.79514,276.95525,0.0,1.0,2.79514,-95.0
100.0,0.05,2.0,10.0,0.0,0.0649,0.0,279.61933,296.17693,296.17693,0.0559,361.0,133.0,2.79514,276.95525,0.0,3.0,2.79514,-95.0
100.0,0.05,3.0,10.0,0.0,0.0649,0.0,279.61933,296.17693,296.17693,0.0559,361.0,32.0,78.74698,276.95525,0.0,1.0,2.79514,-95.0
100.0,0.05,4.0,10.0,0.0,0.0649,0.0,279.61933,296.17693,296.17693,0.0559,361.0,32.0,77.69015,276.95525,0.0,1.0,2.79514,-95.0
100.0,0.05,5.0,10.0,0.0,0.05742,0.0,279.61933,293.82666,293.80638,0.04835,361.0,51.0,0.0,276.95525,0.0,10.0,4.16667,5.0
100.0,0.05,6.0,10.0,0.0,0.03822,0.0,279.61933,287.96041,287.96041,0.02897,361.0,156.0,1.89696,276.95525,0.0,8.0,2.99747,5.0
