Omega,Tolerance,Step Size Rule,Iterations,Converged?,Gap LR,Gap Naive,Obj. Naive,Obj. LR,Gap,Time Naive,Time LR,Final Lambda,LB Heuristic
100.0,0.05,1.0,10.0,0.0,0.0649,0.00122,279.61933,296.17693,0.0559,412.0,336.0,31.79514,276.95525
100.0,0.05,2.0,10.0,0.0,0.05806,0.00122,279.61933,294.02568,0.049,412.0,747.0,4.21053,276.95525
100.0,0.05,3.0,10.0,0.0,0.0649,0.00122,279.61933,296.17693,0.0559,412.0,292.0,78.74698,276.95525
100.0,0.05,4.0,10.0,0.0,0.0649,0.00122,279.61933,296.17693,0.0559,412.0,286.0,77.69015,276.95525
100.0,0.05,5.0,10.0,0.0,0.03826,0.00122,279.61933,287.97305,0.02901,412.0,668.0,1.0614,276.95525
100.0,0.05,6.0,10.0,0.0,0.03822,0.00122,279.61933,287.96041,0.02897,412.0,1117.0,2.58478,276.95525
,,,,,,,,,,,,,-254.44737
,,,,,,,,,,,,,-232.49964
