"Omega","Tolerance","Step Size Rule","Iterations","Converged?","Gap LR","Gap Naive","Obj. Naive","Obj. LR","Gap","Time Naive","Time LR","Final Lambda","LB Heuristic"
600.00000,0.07000,1.00000,2.00000,0.00000,0.13307,0.97489,362.21413,4757.71228,0.13307,4205.00000,2409.00000,452.56293,4124.62172
600.00000,0.07000,2.00000,3.00000,0.00000,0.54007,0.97489,362.21413,8967.88618,0.54007,4205.00000,2675.00000,127.41157,4124.62172
600.00000,0.07000,3.00000,3.00000,0.00000,0.54007,0.97489,362.21413,8967.88618,0.54007,4205.00000,4432.00000,487.92293,4124.62172
600.00000,0.07000,4.00000,3.00000,0.00000,0.53362,0.97489,362.21413,8843.94695,0.53362,4205.00000,4431.00000,461.13980,4124.62172
600.00000,0.07000,5.00000,3.00000,0.00000,0.52375,0.97489,362.21413,8660.53414,0.52375,4205.00000,2505.00000,124.16285,4124.62172
600.00000,0.07000,6.00000,3.00000,0.00000,0.54007,0.97489,362.21413,8967.88618,0.54007,4205.00000,4365.00000,28.36749,4124.62172
