"Omega","Tolerance","Step Size Rule","Iterations","Converged?","Gap LR","Gap Naive","Obj. Naive","Obj. LR","Gap","Time Naive","Time LR","Final Lambda","LB Heuristic"
600.00000,0.07000,1.00000,2.00000,0.00000,0.65459,1.00000,362.21413,12911.39628,0.65459,4237.00000,4250.00000,431.10293,4459.73783
600.00000,0.07000,2.00000,2.00000,0.00000,0.64915,1.00000,362.21413,12711.39628,0.64915,4237.00000,4252.00000,132.53977,4459.73783
600.00000,0.07000,3.00000,2.00000,0.00000,0.65459,1.00000,362.21413,12911.39628,0.65459,4237.00000,4251.00000,658.32293,4459.73783
600.00000,0.07000,4.00000,2.00000,0.00000,0.65459,1.00000,362.21413,12911.39628,0.65459,4237.00000,4271.00000,660.12444,4459.73783
600.00000,0.07000,5.00000,2.00000,0.00000,0.64637,1.00000,362.21413,12611.39628,0.64637,4237.00000,4235.00000,132.62938,4459.73783
600.00000,0.07000,6.00000,2.00000,0.00000,0.56751,1.00000,362.21413,10311.83581,0.56751,4237.00000,4219.00000,0.00000,4459.73783
