Omega,Tolerance,Step Size Rule,Iterations,Converged?,Gap LR,Gap Naive,Obj. Naive,Obj. LR,Gap,Time Naive,Time LR,Final Lambda,LB Heuristic
900.0,0.05,1.0,3.0,0.0,0.03523,1.0,239.50371,253.12836,0.03523,4249.0,2253.0,469.8,244.20952
900.0,0.05,2.0,3.0,0.0,0.03523,1.0,239.50371,253.12836,0.03523,4249.0,3163.0,0.46784,244.20952
900.0,0.05,3.0,3.0,0.0,0.03523,1.0,239.50371,253.12836,0.03523,4249.0,2257.0,614.25,244.20952
900.0,0.05,4.0,3.0,0.0,0.03523,1.0,239.50371,253.12836,0.03523,4249.0,2258.0,578.59554,244.20952
900.0,0.05,5.0,3.0,0.0,0.03523,1.0,239.50371,253.12836,0.03523,4249.0,3403.0,0.2924,244.20952
900.0,0.05,6.0,3.0,0.0,0.03523,1.0,239.50371,253.12836,0.03523,4249.0,4346.0,0.0,244.20952
