Omega,Tolerance,Step Size Rule,Iterations,Converged?,Gap LR,Gap Naive,Obj. Naive,Obj. LR (UB),"Obj. LR (LB),",Gap,Time Naive,Time LR,Final Lambda,LB Heuristic,BBP,Best iter,Lambda best iter,Gamma best iter
900.0,0.05,1.0,10.0,0.0,0.14038,0.15775,239.892,284.08862,260.68324,0.14038,4209.0,5183.0,287.1,244.20952,0.0,1.0,0.30277,32.0
900.0,0.05,2.0,10.0,0.0,0.14038,0.15775,239.892,284.08862,260.68324,0.14038,4209.0,5510.0,200.0,244.20952,0.0,1.0,0.30277,32.0
900.0,0.05,3.0,10.0,0.0,0.14038,0.15775,239.892,284.08862,260.68324,0.14038,4209.0,5169.0,503.56656,244.20952,0.0,1.0,0.30277,32.0
900.0,0.05,4.0,10.0,0.0,0.14038,0.15775,239.892,284.08862,260.68324,0.14038,4209.0,5182.0,455.4512,244.20952,0.0,1.0,0.30277,32.0
900.0,0.05,5.0,10.0,0.0,0.14038,0.15775,239.892,284.08862,260.68324,0.14038,4209.0,5554.0,0.0,244.20952,0.0,1.0,0.30277,32.0
900.0,0.05,6.0,7.0,0.0,0.13677,0.15775,239.892,282.9029,262.71271,0.13677,4209.0,50331.0,0.0,244.20952,0.0,5.0,0.33377,16.0
