Omega,Tolerance,Step Size Rule,Iterations,Converged?,Gap LR,Gap Naive,Obj. Naive,Obj. LR,Gap,Time Naive,Time LR,Final Lambda,LB Heuristic
900.0,0.05,1.0,1.0,1.0,0.0,1.0,239.50371,244.20952,0.0,4249.0,2147.0,0.30277,244.20952
900.0,0.05,2.0,1.0,1.0,0.0,1.0,239.50371,244.20952,0.0,4249.0,2139.0,0.30277,244.20952
900.0,0.05,3.0,1.0,1.0,0.0,1.0,239.50371,244.20952,0.0,4249.0,2144.0,0.30277,244.20952
900.0,0.05,4.0,1.0,1.0,0.0,1.0,239.50371,244.20952,0.0,4249.0,2147.0,0.30277,244.20952
900.0,0.05,5.0,1.0,1.0,0.0,1.0,239.50371,244.20952,0.0,4249.0,2147.0,0.30277,244.20952
900.0,0.05,6.0,1.0,1.0,0.0,1.0,239.50371,244.20952,0.0,4249.0,2145.0,0.30277,244.20952
