Omega,Tolerance,Step Size Rule,Iterations,Converged?,Gap LR,Gap Naive,Obj. Naive,Obj. LR (UB),"Obj. LR (LB),",Gap,Time Naive,Time LR,Final Lambda,LB Heuristic,BBP,Best iter,Lambda best iter,Gamma best iter
900.0,0.05,1.0,10.0,0.0,0.14411,0.15775,239.892,285.32923,260.68324,0.14411,4209.0,2295.0,287.1,244.20952,0.0,1.0,0.30277,32.0
900.0,0.05,2.0,6.0,0.0,0.14411,0.15775,239.892,285.32923,260.68324,0.14411,4209.0,2412.0,200.0,244.20952,0.0,1.0,0.30277,32.0
900.0,0.05,3.0,10.0,0.0,0.14411,0.15775,239.892,285.32923,260.68324,0.14411,4209.0,2291.0,503.56656,244.20952,0.0,1.0,0.30277,32.0
900.0,0.05,4.0,10.0,0.0,0.14411,0.15775,239.892,285.32923,260.68324,0.14411,4209.0,2295.0,455.4512,244.20952,0.0,1.0,0.30277,32.0
900.0,0.05,5.0,7.0,0.0,0.14411,0.15775,239.892,285.32923,260.68324,0.14411,4209.0,2401.0,0.0,244.20952,0.0,1.0,0.30277,32.0
900.0,0.05,6.0,3.0,0.0,0.14411,0.15775,239.892,285.32923,260.68324,0.14411,4209.0,4309.0,0.0,244.20952,0.0,1.0,0.30277,32.0
