"Omega","Tolerance","Step Size Rule","Iterations","Converged?","Gap LR","Gap Naive","Obj. Naive","Obj. LR","Gap","Time Naive","Time LR","Final Lambda","LB Heuristic"
900.00000,0.05000,1.00000,1.00000,1.00000,0.00000,0.14962,244.20952,244.20952,0.00000,4277.00000,2172.00000,0.30277,244.20952
900.00000,0.05000,2.00000,1.00000,1.00000,0.00000,0.14962,244.20952,244.20952,0.00000,4277.00000,2165.00000,0.30277,244.20952
900.00000,0.05000,3.00000,1.00000,1.00000,0.00000,0.14962,244.20952,244.20952,0.00000,4277.00000,2157.00000,0.30277,244.20952
900.00000,0.05000,4.00000,1.00000,1.00000,0.00000,0.14962,244.20952,244.20952,0.00000,4277.00000,2153.00000,0.30277,244.20952
900.00000,0.05000,5.00000,1.00000,1.00000,0.00000,0.14962,244.20952,244.20952,0.00000,4277.00000,2156.00000,0.30277,244.20952
900.00000,0.05000,6.00000,1.00000,1.00000,0.00000,0.14962,244.20952,244.20952,0.00000,4277.00000,2149.00000,0.30277,244.20952
