,REW,GEN
t1,21.86631793,50
t2,22.68762551,50
t3,22.63231186,50
t4,23.53977501,50
t5,24.15305477,50
t6,25.0022415,50
t7,26.14884331,50
t8,28.48265662,50
t9,35.32421651,50
t10,53.07988113,50
t11,67.07745747,50
t12,43.78264533,50
t13,33.25218533,50
t14,28.68827035,50
t15,26.76175663,50
t16,23.97472252,50
t17,21.05077606,50
t18,18.8721276,50
t19,17.16537812,50
t20,15.4798614,50
t21,14.81514842,50
t22,14.64047737,50
t23,15.10197375,50
t24,17.32390701,50
