Omega,Tolerance,Step Size Rule,Iterations,Converged?,Gap LR,Gap Naive,Obj. Naive,Obj. LR,Gap,Time Naive,Time LR,Final Lambda,LB Heuristic
900.0,0.05,1.0,1.0,1.0,0.0,0.21394,226.3226,250.3982,0.0,4248.0,2155.0,0.29804,250.3982
900.0,0.05,2.0,1.0,1.0,0.0,0.21394,226.3226,250.3982,0.0,4248.0,2146.0,0.29804,250.3982
900.0,0.05,3.0,1.0,1.0,0.0,0.21394,226.3226,250.3982,0.0,4248.0,2149.0,0.29804,250.3982
900.0,0.05,4.0,1.0,1.0,0.0,0.21394,226.3226,250.3982,0.0,4248.0,2154.0,0.29804,250.3982
900.0,0.05,5.0,1.0,1.0,0.0,0.21394,226.3226,250.3982,0.0,4248.0,2151.0,0.29804,250.3982
900.0,0.05,6.0,1.0,1.0,0.0,0.21394,226.3226,250.3982,0.0,4248.0,2147.0,0.29804,250.3982
