,Omega,Tolerance,Step Size Rule,Iterations,Converged?,Gap LR,Gap Naive,Obj. Naive,Obj. LR,Gap,Time Naive,Time LR,Final Lambda,LB Heuristic,IR,AP
0,900.0,0.05,1.0,3.0,0.0,0.0315,0.21394,226.3226,258.54117,0.0315,4248.0,2258.0,469.8,250.3982,0.0,0.0
1,900.0,0.05,2.0,3.0,0.0,0.0315,0.21394,226.3226,258.54117,0.0315,4248.0,3097.0,0.46784,250.3982,0.0,0.0
2,900.0,0.05,3.0,2.0,0.0,0.0315,0.21394,226.3226,258.54117,0.0315,4248.0,2251.0,641.25,250.3982,0.0,0.0
3,900.0,0.05,4.0,3.0,0.0,0.0315,0.21394,226.3226,258.54117,0.0315,4248.0,2261.0,578.59554,250.3982,0.0,0.0
4,900.0,0.05,5.0,2.0,0.0,0.0315,0.21394,226.3226,258.54117,0.0315,4248.0,2251.0,0.17544,250.3982,0.0,0.0
5,900.0,0.05,6.0,2.0,0.0,0.0315,0.21394,226.3226,258.54117,0.0315,4248.0,2254.0,0.65627,250.3982,0.0,0.0
