Omega,Tolerance,Step Size Rule,Iterations,Converged?,Gap LR,Gap Naive,Obj. Naive,Obj. LR (UB),"Obj. LR (LB),",Gap,Time Naive,Time LR,Final Lambda,LB Heuristic,BBP,Best iter,Lambda best iter,Gamma best iter
900.0,0.05,1.0,10.0,0.0,0.1265,0.21394,226.3226,286.66077,258.54117,0.1265,4248.0,2323.0,287.1,250.3982,0.0,1.0,0.29804,37.0
900.0,0.05,2.0,6.0,0.0,0.1265,0.21394,226.3226,286.66077,258.54117,0.1265,4248.0,2496.0,200.0,250.3982,0.0,1.0,0.29804,37.0
900.0,0.05,3.0,10.0,0.0,0.1265,0.21394,226.3226,286.66077,258.54117,0.1265,4248.0,2318.0,503.56656,250.3982,0.0,1.0,0.29804,37.0
900.0,0.05,4.0,10.0,0.0,0.1265,0.21394,226.3226,286.66077,258.54117,0.1265,4248.0,2322.0,455.4512,250.3982,0.0,1.0,0.29804,37.0
900.0,0.05,5.0,5.0,0.0,0.1265,0.21394,226.3226,286.66077,258.54117,0.1265,4248.0,2441.0,60.0,250.3982,0.0,1.0,0.29804,37.0
900.0,0.05,6.0,3.0,0.0,0.1265,0.21394,226.3226,286.66077,258.54117,0.1265,4248.0,4341.0,0.0,250.3982,0.0,1.0,0.29804,37.0
