Omega,Tolerance,Step Size Rule,Iterations,Converged?,Gap LR,Gap Naive,Obj. Naive,Obj. LR (UB),"Obj. LR (LB),",Gap,Time Naive,Time LR,Final Lambda,LB Heuristic,BBP,Best iter,Lambda best iter,Gamma best iter
900.0,0.05,1.0,10.0,0.0,0.12462,0.21394,226.3226,286.04509,259.05174,0.12462,4248.0,5224.0,287.1,250.3982,0.0,1.0,0.29804,39.0
900.0,0.05,2.0,10.0,0.0,0.12462,0.21394,226.3226,286.04509,259.05174,0.12462,4248.0,5598.0,200.0,250.3982,0.0,1.0,0.29804,39.0
900.0,0.05,3.0,10.0,0.0,0.12462,0.21394,226.3226,286.04509,259.05174,0.12462,4248.0,5220.0,503.56656,250.3982,0.0,1.0,0.29804,39.0
900.0,0.05,4.0,10.0,0.0,0.12462,0.21394,226.3226,286.04509,259.05174,0.12462,4248.0,5221.0,455.4512,250.3982,0.0,1.0,0.29804,39.0
900.0,0.05,5.0,10.0,0.0,0.12462,0.21394,226.3226,286.04509,259.05174,0.12462,4248.0,5968.0,0.0,250.3982,0.0,1.0,0.29804,39.0
900.0,0.05,6.0,7.0,0.0,0.12121,0.21394,226.3226,284.93668,264.77256,0.12121,4248.0,50456.0,0.0,250.3982,0.0,5.0,0.32814,15.0
