"Omega","Tolerance","Step Size Rule","Iterations","Converged?","Gap LR","Gap Naive","Obj. Naive","Obj. LR","Gap","Time Naive","Time LR","Final Lambda","LB Heuristic"
100.00000,0.01000,1.00000,2.00000,0.00000,0.10267,0.32101,6053.54902,6750.62922,0.10267,4205.00000,4207.00000,868.57671,6057.52608
100.00000,0.01000,2.00000,10.00000,0.00000,0.10267,0.32101,6053.54902,6750.62922,0.10267,4205.00000,2352.00000,687.91853,6057.52608
100.00000,0.01000,3.00000,2.00000,0.00000,0.08987,0.32101,6053.54902,6655.68545,0.08987,4205.00000,4208.00000,867.98671,6057.52608
100.00000,0.01000,4.00000,2.00000,0.00000,0.08987,0.32101,6053.54902,6655.68545,0.08987,4205.00000,4209.00000,868.02961,6057.52608
100.00000,0.01000,5.00000,10.00000,0.00000,0.10267,0.32101,6053.54902,6750.62922,0.10267,4205.00000,2269.00000,575.58207,6057.52608
100.00000,0.01000,6.00000,3.00000,0.00000,0.10267,0.32101,6053.54902,6750.62922,0.10267,4205.00000,4218.00000,175.60486,6057.52608
