"Omega","Tolerance","Step Size Rule","Iterations","Converged?","Gap LR","Gap Naive","Obj. Naive","Obj. LR","Gap","Time Naive","Time LR","Final Lambda","LB Heuristic"
100.00000,0.01000,1.00000,2.00000,0.00000,0.10075,0.28417,5955.89653,6767.02714,0.10075,4203.00000,4205.00000,868.57671,6085.25390
100.00000,0.01000,2.00000,10.00000,0.00000,0.09850,0.28417,5955.89653,6750.12754,0.09850,4203.00000,2272.00000,687.91853,6085.25390
100.00000,0.01000,3.00000,2.00000,0.00000,0.09609,0.28417,5955.89653,6732.17049,0.09609,4203.00000,4211.00000,867.98671,6085.25390
100.00000,0.01000,4.00000,2.00000,0.00000,0.09820,0.28417,5955.89653,6747.91223,0.09820,4203.00000,4209.00000,868.02961,6085.25390
100.00000,0.01000,5.00000,10.00000,0.00000,0.09834,0.28417,5955.89653,6748.91223,0.09834,4203.00000,2281.00000,575.58207,6085.25390
100.00000,0.01000,6.00000,3.00000,0.00000,0.09700,0.28417,5955.89653,6738.91223,0.09700,4203.00000,4212.00000,226.55023,6085.25390
