Omega,Tolerance,Step Size Rule,Iterations,Converged?,Gap LR,Gap Naive,Obj. Naive,Obj. LR,Gap,Time Naive,Time LR,Final Lambda,LB Heuristic
600.0,0.07,1.0,2.0,0.0,0.0519,0.16818,245.0303,264.18338,0.0519,4240.0,2440.0,323.64,250.47216
600.0,0.07,2.0,2.0,0.0,0.0519,0.16818,245.0303,264.18338,0.0519,4240.0,2472.0,0.35842,250.47216
600.0,0.07,3.0,2.0,0.0,0.0519,0.16818,245.0303,264.18338,0.0519,4240.0,2438.0,418.5,250.47216
600.0,0.07,4.0,2.0,0.0,0.0519,0.16818,245.0303,264.18338,0.0519,4240.0,2421.0,394.56558,250.47216
600.0,0.07,5.0,2.0,0.0,0.0519,0.16818,245.0303,264.18338,0.0519,4240.0,2434.0,0.26882,250.47216
600.0,0.07,6.0,1.0,1.0,0.0,0.16818,245.0303,250.47216,0.0,4240.0,2140.0,0.45603,250.47216
