Omega,Tolerance,Step Size Rule,Iterations,Converged?,Gap LR,Gap Naive,Obj. Naive,Obj. LR,Gap,Time Naive,Time LR,Final Lambda,LB Heuristic,Heuristic Time
1500.0,0.05,1.0,2.0,0.0,0.01287,0.16879,238.60679,248.53662,0.01287,4209.0,2484.0,826.5,245.33789,
1500.0,0.05,2.0,2.0,0.0,0.01287,0.16879,238.60679,248.53662,0.01287,4209.0,2487.0,0.14035,245.33789,
1500.0,0.05,3.0,2.0,0.0,0.01287,0.16879,238.60679,248.53662,0.01287,4209.0,2489.0,1068.75,245.33789,
1500.0,0.05,4.0,2.0,0.0,0.01287,0.16879,238.60679,248.53662,0.01287,4209.0,2482.0,1007.62716,245.33789,
1500.0,0.05,5.0,2.0,0.0,0.01287,0.16879,238.60679,248.53662,0.01287,4209.0,2489.0,0.10526,245.33789,
1500.0,0.05,6.0,2.0,1.0,0.0,0.16879,238.60679,245.33789,0.0,4209.0,4212.0,0.09688,245.33789,80.0
,,,,,,,,,,,,,0.0,
,,,,,,,,,,,,,0.0,
