Omega,Tolerance,Step Size Rule,Iterations,Converged?,Gap LR,Gap Naive,Obj. Naive,Obj. LR (UB),"Obj. LR (LB),",Gap,Time Naive,Time LR,Final Lambda,LB Heuristic,BBP,Best iter,Lambda best iter,Gamma best iter
1500.0,0.05,1.0,10.0,0.0,0.14432,0.16741,239.00383,286.7164,248.53662,0.14432,4206.0,5566.0,478.5,245.33789,0.0,1.0,0.18218,75.0
1500.0,0.05,2.0,10.0,0.0,0.14432,0.16741,239.00383,286.7164,248.53662,0.14432,4206.0,6981.0,200.0,245.33789,0.0,1.0,0.18218,75.0
1500.0,0.05,3.0,10.0,0.0,0.14432,0.16741,239.00383,286.7164,248.53662,0.14432,4206.0,5557.0,839.2776,245.33789,0.0,1.0,0.18218,75.0
1500.0,0.05,4.0,10.0,0.0,0.14432,0.16741,239.00383,286.7164,248.53662,0.14432,4206.0,5554.0,759.08533,245.33789,0.0,1.0,0.18218,75.0
1500.0,0.05,5.0,10.0,0.0,0.14432,0.16741,239.00383,286.7164,248.53662,0.14432,4206.0,6704.0,0.0,245.33789,0.0,1.0,0.18218,75.0
1500.0,0.05,6.0,7.0,0.0,0.14057,0.16741,239.00383,285.46577,259.80963,0.14057,4206.0,51215.0,0.0,245.33789,0.0,5.0,0.20019,53.0
