Omega,Tolerance,Step Size Rule,Iterations,Converged?,Gap LR,Gap Naive,Obj. Naive,Obj. LR (UB),"Obj. LR (LB),",Gap,Time Naive,Time LR,Final Lambda,LB Heuristic,BBP,Best iter,Lambda best iter,Gamma best iter
1500.0,0.05,1.0,2.0,0.0,0.14531,0.16741,239.00383,287.04755,248.53662,0.14531,4206.0,2482.0,826.5,245.33789,0.0,1.0,0.18218,75.0
1500.0,0.05,2.0,2.0,0.0,0.14531,0.16741,239.00383,287.04755,248.53662,0.14531,4206.0,2487.0,200.0,245.33789,0.0,1.0,0.18218,75.0
1500.0,0.05,3.0,2.0,0.0,0.14531,0.16741,239.00383,287.04755,248.53662,0.14531,4206.0,2486.0,1068.75,245.33789,0.0,1.0,0.18218,75.0
1500.0,0.05,4.0,2.0,0.0,0.14531,0.16741,239.00383,287.04755,248.53662,0.14531,4206.0,2485.0,1007.62716,245.33789,0.0,1.0,0.18218,75.0
1500.0,0.05,5.0,2.0,0.0,0.14531,0.16741,239.00383,287.04755,248.53662,0.14531,4206.0,2487.0,150.0,245.33789,0.0,1.0,0.18218,75.0
1500.0,0.05,6.0,2.0,0.0,0.14531,0.16741,239.00383,287.04755,248.53662,0.14531,4206.0,2483.0,0.40038,245.33789,0.0,1.0,0.18218,75.0
