"Omega","Tolerance","Step Size Rule","Iterations","Converged?","Gap LR","Gap Naive","Obj. Naive","Obj. LR","Gap","Time Naive","Time LR","Final Lambda","LB Heuristic"
900.00000,0.05000,1.00000,1.00000,1.00000,0.00000,0.13847,247.93147,247.93147,0.00000,4294.00000,2178.00000,0.30544,247.93147
900.00000,0.05000,2.00000,1.00000,1.00000,0.00000,0.13847,247.93147,247.93147,0.00000,4294.00000,2162.00000,0.30544,247.93147
900.00000,0.05000,3.00000,1.00000,1.00000,0.00000,0.13847,247.93147,247.93147,0.00000,4294.00000,2159.00000,0.30544,247.93147
900.00000,0.05000,4.00000,1.00000,1.00000,0.00000,0.13847,247.93147,247.93147,0.00000,4294.00000,2155.00000,0.30544,247.93147
900.00000,0.05000,5.00000,1.00000,1.00000,0.00000,0.13847,247.93147,247.93147,0.00000,4294.00000,2155.00000,0.30544,247.93147
900.00000,0.05000,6.00000,1.00000,1.00000,0.00000,0.13847,247.93147,247.93147,0.00000,4294.00000,2149.00000,0.30544,247.93147
