"Omega","Tolerance","Step Size Rule","Iterations","Converged?","Gap LR","Gap Naive","Obj. Naive","Obj. LR","Gap","Time Naive","Time LR","Final Lambda","LB Heuristic"
600.00000,0.01000,1.00000,2.00000,0.00000,0.14501,0.72410,2715.50305,5022.21528,0.14501,4250.00000,4319.00000,136.67793,4293.94957
600.00000,0.01000,2.00000,2.00000,0.00000,0.16547,0.72410,2715.50305,5145.36826,0.16547,4250.00000,2589.00000,110.06129,4293.94957
600.00000,0.01000,3.00000,2.00000,0.00000,0.11153,0.72410,2715.50305,4832.99439,0.11153,4250.00000,4373.00000,132.55793,4293.94957
600.00000,0.01000,4.00000,2.00000,0.00000,0.11061,0.72410,2715.50305,4827.99439,0.11061,4250.00000,4366.00000,132.81529,4293.94957
600.00000,0.01000,5.00000,2.00000,0.00000,0.11659,0.72410,2715.50305,4860.66106,0.11659,4250.00000,2602.00000,93.31045,4293.94957
600.00000,0.01000,6.00000,2.00000,0.00000,0.11841,0.72410,2715.50305,4870.66106,0.11841,4250.00000,2555.00000,274.02017,4293.94957
