"Omega","Tolerance","Step Size Rule","Iterations","Converged?","Gap LR","Gap Naive","Obj. Naive","Obj. LR","Gap","Time Naive","Time LR","Final Lambda","LB Heuristic"
600.00000,0.01000,1.00000,2.00000,0.00000,6.26593,0.77401,2208.35573,-849.34192,6.26593,4231.00000,4243.00000,484.09793,4472.57728
600.00000,0.01000,2.00000,2.00000,0.00000,5.26227,0.77401,2208.35573,-1049.34192,5.26227,4231.00000,4249.00000,143.73133,4472.57728
600.00000,0.01000,3.00000,2.00000,0.00000,6.26593,0.77401,2208.35573,-849.34192,6.26593,4231.00000,4259.00000,732.55793,4472.57728
600.00000,0.01000,4.00000,2.00000,0.00000,6.26593,0.77401,2208.35573,-849.34192,6.26593,4231.00000,4301.00000,732.81529,4472.57728
600.00000,0.01000,5.00000,2.00000,0.00000,-0.73550,0.77401,2208.35573,2577.11241,-0.73550,4231.00000,2653.00000,93.31045,4472.57728
600.00000,0.01000,6.00000,2.00000,0.00000,-0.73550,0.77401,2208.35573,2577.11241,-0.73550,4231.00000,4237.00000,0.00000,4472.57728
