"Omega","Tolerance","Step Size Rule","Iterations","Converged?","Gap LR","Gap Naive","Obj. Naive","Obj. LR","Gap","Time Naive","Time LR","Final Lambda","LB Heuristic"
600.00000,0.01000,1.00000,2.00000,0.00000,0.14265,0.59532,3855.92915,4524.26212,0.14265,4207.00000,4214.00000,138.99793,3878.86932
600.00000,0.01000,2.00000,3.00000,0.00000,0.21309,0.59532,3855.92915,4929.24334,0.21309,4207.00000,2483.00000,103.73133,3878.86932
600.00000,0.01000,3.00000,2.00000,0.00000,0.13838,0.59532,3855.92915,4501.81991,0.13838,4207.00000,4222.00000,134.05793,3878.86932
600.00000,0.01000,4.00000,2.00000,0.00000,0.18349,0.59532,3855.92915,4750.52066,0.18349,4207.00000,4219.00000,133.81529,3878.86932
600.00000,0.01000,5.00000,3.00000,0.00000,0.20716,0.59532,3855.92915,4892.39344,0.20716,4207.00000,2482.00000,93.47880,3878.86932
600.00000,0.01000,6.00000,3.00000,0.00000,0.18567,0.59532,3855.92915,4763.27791,0.18567,4207.00000,4376.00000,4.71854,3878.86932
