"Omega","Tolerance","Step Size Rule","Iterations","Converged?","Gap LR","Gap Naive","Obj. Naive","Obj. LR","Gap","Time Naive","Time LR","Final Lambda","LB Heuristic"
600.00000,0.01000,1.00000,2.00000,0.00000,0.15521,0.55564,4364.31171,4965.54971,0.12108,4286.00000,4331.00000,136.67793,4194.82457
600.00000,0.01000,2.00000,2.00000,0.00000,0.19732,0.55564,4364.31171,5226.04757,0.16489,4286.00000,2592.00000,110.06129,4194.82457
600.00000,0.01000,3.00000,2.00000,0.00000,0.13204,0.55564,4364.31171,4832.99439,0.09698,4286.00000,4356.00000,132.55793,4194.82457
600.00000,0.01000,4.00000,2.00000,0.00000,0.13115,0.55564,4364.31171,4827.99439,0.09604,4286.00000,4365.00000,132.81529,4194.82457
600.00000,0.01000,5.00000,2.00000,0.00000,0.13698,0.55564,4364.31171,4860.66106,0.10212,4286.00000,2621.00000,93.31045,4194.82457
600.00000,0.01000,6.00000,2.00000,0.00000,0.13876,0.55564,4364.31171,4870.66106,0.10396,4286.00000,2567.00000,274.35392,4194.82457
