,Omega,Tolerance,Step Size Rule,Iterations,Converged?,Gap LR,Gap Naive,Obj. Naive,Obj. LR,Gap,Time Naive,Time LR,Final Lambda,LB Heuristic,IR,AP
0,100.0,0.03,1.0,10.0,0.0,0.01995,0.00056,280.17265,285.54679,0.01882,234.0,412.0,43.38685,279.85145,-276.64386,-276.5693
1,100.0,0.03,2.0,10.0,0.0,0.01386,0.00056,280.17265,283.78407,0.01273,234.0,912.0,4.12371,279.85145,-276.64386,-276.5693
2,100.0,0.03,3.0,10.0,0.0,0.01995,0.00056,280.17265,285.54679,0.01882,234.0,356.0,88.35796,279.85145,-276.64386,-276.5693
3,100.0,0.03,4.0,10.0,0.0,0.01995,0.00056,280.17265,285.54679,0.01882,234.0,371.0,87.72386,279.85145,-276.64386,-276.5693
4,100.0,0.03,5.0,10.0,0.0,0.00972,0.00056,280.17265,282.59851,0.00858,234.0,756.0,1.03952,279.85145,-276.64386,-276.5693
5,100.0,0.03,6.0,10.0,0.0,0.0094,0.00056,280.17265,282.50593,0.00826,234.0,1375.0,2.34785,279.85145,-276.64386,-276.5693
