"Omega","Tolerance","Step Size Rule","Iterations","Converged?","Gap LR","Gap Naive","Obj. Naive","Obj. LR","Gap","Time Naive","Time LR","Final Lambda","LB Heuristic"
600.00000,0.05000,1.00000,2.00000,0.00000,0.02186,0.15192,242.47449,247.89407,0.02186,4244.00000,2585.00000,330.60000,242.47449
600.00000,0.05000,2.00000,2.00000,0.00000,0.02186,0.15192,242.47449,247.89407,0.02186,4244.00000,2474.00000,0.35088,242.47449
600.00000,0.05000,3.00000,2.00000,0.00000,0.02186,0.15192,242.47449,247.89407,0.02186,4244.00000,2472.00000,427.50000,242.47449
600.00000,0.05000,4.00000,2.00000,0.00000,0.02186,0.15192,242.47449,247.89407,0.02186,4244.00000,2513.00000,403.05087,242.47449
600.00000,0.05000,5.00000,2.00000,0.00000,0.02186,0.15192,242.47449,247.89407,0.02186,4244.00000,2516.00000,0.26316,242.47449
600.00000,0.05000,6.00000,3.00000,0.00000,0.04227,0.15192,242.47449,253.17677,0.04227,4244.00000,4430.00000,0.00000,242.47449
