"Omega","Tolerance","Step Size Rule","Iterations","Converged?","Gap LR","Gap Naive","Obj. Naive","Obj. LR","Gap","Time Naive","Time LR","Final Lambda","LB Heuristic"
600.00000,0.01000,1.00000,2.00000,0.00000,21.88337,0.66523,3272.56299,-208.11529,21.88337,4232.00000,4297.00000,486.52117,4346.14848
600.00000,0.01000,2.00000,2.00000,0.00000,-1.47858,0.66523,3272.56299,1753.48422,-1.47858,4232.00000,3099.00000,112.48453,4346.14848
600.00000,0.01000,3.00000,2.00000,0.00000,2.91020,0.66523,3272.56299,-2275.23529,2.91020,4232.00000,4287.00000,734.98117,4346.14848
600.00000,0.01000,4.00000,2.00000,0.00000,2.91020,0.66523,3272.56299,-2275.23529,2.91020,4232.00000,4299.00000,735.23853,4346.14848
600.00000,0.01000,5.00000,2.00000,0.00000,2.68767,0.66523,3272.56299,-2575.23529,2.68767,4232.00000,4247.00000,146.23874,4346.14848
600.00000,0.01000,6.00000,2.00000,0.00000,-0.12385,0.66523,3272.56299,3867.20978,-0.12385,4232.00000,4238.00000,0.00000,4346.14848
