"Omega","Tolerance","Step Size Rule","Iterations","Converged?","Gap LR","Gap Naive","Obj. Naive","Obj. LR","Gap","Time Naive","Time LR","Final Lambda","LB Heuristic"
600.00000,0.01000,1.00000,2.00000,0.00000,0.09106,0.59645,3839.49069,3974.19891,0.03390,4208.00000,4219.00000,142.00117,3612.30489
600.00000,0.01000,2.00000,3.00000,0.00000,0.23874,0.59645,3839.49069,4745.18281,0.19087,4208.00000,2492.00000,106.15457,3612.30489
600.00000,0.01000,3.00000,2.00000,0.00000,0.20402,0.59645,3839.49069,4538.16526,0.15396,4208.00000,4221.00000,137.48117,3612.30489
600.00000,0.01000,4.00000,2.00000,0.00000,0.22148,0.59645,3839.49069,4639.97681,0.17252,4208.00000,4219.00000,137.94563,3612.30489
600.00000,0.01000,5.00000,3.00000,0.00000,0.27049,0.59645,3839.49069,4951.68992,0.22461,4208.00000,2481.00000,95.90204,3612.30489
600.00000,0.01000,6.00000,3.00000,0.00000,0.20402,0.59645,3839.49069,4538.16526,0.15396,4208.00000,4366.00000,0.00000,3612.30489
