Omega,Tolerance,Step Size Rule,Iterations,Converged?,Gap LR,Gap Naive,Obj. Naive,Obj. LR (UB),"Obj. LR (LB),",Gap,Time Naive,Time LR,Final Lambda,LB Heuristic,BBP,Best iter,Lambda best iter,Gamma best iter
1500.0,0.01,1.0,10.0,0.0,0.12309,0.10371,238.56834,266.12414,246.55773,0.10354,4212.0,2377.0,791.7,233.36595,0.0,1.0,0.52261,2.0
1500.0,0.01,2.0,4.0,0.0,0.12309,0.10371,238.56834,266.12414,246.55773,0.10354,4212.0,2403.0,200.0,233.36595,0.0,1.0,0.52261,2.0
1500.0,0.01,3.0,10.0,0.0,0.12309,0.10371,238.56834,266.12414,246.55773,0.10354,4212.0,2379.0,1067.85552,233.36595,0.0,1.0,0.52261,2.0
1500.0,0.01,4.0,10.0,0.0,0.12309,0.10371,238.56834,266.12414,246.55773,0.10354,4212.0,2376.0,1000.3452,233.36595,0.0,1.0,0.52261,2.0
1500.0,0.01,5.0,5.0,0.0,0.12309,0.10371,238.56834,266.12414,246.55773,0.10354,4212.0,2432.0,60.0,233.36595,0.0,1.0,0.52261,2.0
1500.0,0.01,6.0,3.0,0.0,0.12309,0.10371,238.56834,266.12414,246.55773,0.10354,4212.0,4354.0,0.0,233.36595,0.0,1.0,0.52261,2.0
