Omega,Tolerance,Step Size Rule,Iterations,Converged?,Gap LR,Gap Naive,Obj. Naive,Obj. LR (UB),"Obj. LR (LB),",Gap,Time Naive,Time LR,Final Lambda,LB Heuristic,BBP,Best iter,Lambda best iter,Gamma best iter
1500.0,0.01,1.0,7.0,0.0,0.12524,0.10371,238.56834,266.77799,246.55773,0.10574,4212.0,2424.0,817.8,233.36595,0.0,1.0,0.52261,2.0
1500.0,0.01,2.0,4.0,0.0,0.12524,0.10371,238.56834,266.77799,246.55773,0.10574,4212.0,2472.0,200.0,233.36595,0.0,1.0,0.52261,2.0
1500.0,0.01,3.0,7.0,0.0,0.12524,0.10371,238.56834,266.77799,246.55773,0.10574,4212.0,2418.0,1080.19643,233.36595,0.0,1.0,0.52261,2.0
1500.0,0.01,4.0,7.0,0.0,0.12524,0.10371,238.56834,266.77799,246.55773,0.10574,4212.0,2415.0,1015.39192,233.36595,0.0,1.0,0.52261,2.0
1500.0,0.01,5.0,5.0,0.0,0.12518,0.10371,238.56834,266.76013,246.55773,0.10568,4212.0,2492.0,60.0,233.36595,0.0,1.0,0.52261,2.0
1500.0,0.01,6.0,3.0,0.0,0.12524,0.10371,238.56834,266.77799,246.55773,0.10574,4212.0,4392.0,0.0,233.36595,0.0,1.0,0.52261,2.0
