Omega,Tolerance,Step Size Rule,Iterations,Converged?,Gap LR,Gap Naive,Obj. Naive,Obj. LR,Gap,Time Naive,Time LR,Final Lambda,LB Heuristic,Heuristic Time
1500.0,0.01,1.0,2.0,0.0,0.0535,0.10371,238.56834,246.55773,0.0324,4212.0,2285.0,861.3,233.36595,
1500.0,0.01,2.0,2.0,0.0,0.0535,0.10371,238.56834,246.55773,0.0324,4212.0,2288.0,0.13468,233.36595,
1500.0,0.01,3.0,2.0,0.0,0.0535,0.10371,238.56834,246.55773,0.0324,4212.0,2287.0,1113.75,233.36595,
1500.0,0.01,4.0,2.0,0.0,0.0535,0.10371,238.56834,246.55773,0.0324,4212.0,2284.0,1050.05357,233.36595,
1500.0,0.01,5.0,2.0,0.0,0.0535,0.10371,238.56834,246.55773,0.0324,4212.0,2284.0,0.10101,233.36595,
1500.0,0.01,6.0,2.0,0.0,0.0535,0.10371,238.56834,246.55773,0.0324,4212.0,2285.0,0.35643,233.36595,53.0
