"Omega","Tolerance","Step Size Rule","Iterations","Converged?","Gap LR","Gap Naive","Obj. Naive","Obj. LR","Gap","Time Naive","Time LR","Final Lambda","LB Heuristic"
600.00000,0.01000,1.00000,1.00000,1.00000,0.00000,0.08285,242.04706,242.04706,0.00000,4257.00000,2164.00000,1.42128,242.04706
600.00000,0.01000,2.00000,1.00000,1.00000,0.00000,0.08285,242.04706,242.04706,0.00000,4257.00000,2148.00000,1.42128,242.04706
600.00000,0.01000,3.00000,1.00000,1.00000,0.00000,0.08285,242.04706,242.04706,0.00000,4257.00000,2146.00000,1.42128,242.04706
600.00000,0.01000,4.00000,1.00000,1.00000,0.00000,0.08285,242.04706,242.04706,0.00000,4257.00000,2141.00000,1.42128,242.04706
600.00000,0.01000,5.00000,1.00000,1.00000,0.00000,0.08285,242.04706,242.04706,0.00000,4257.00000,2136.00000,1.42128,242.04706
600.00000,0.01000,6.00000,1.00000,1.00000,0.00000,0.08285,242.04706,242.04706,0.00000,4257.00000,2137.00000,1.42128,242.04706
