,Omega,Tolerance,Step Size Rule,Iterations,Converged?,Gap LR,Gap Naive,Obj. Naive,Obj. LR,Gap,Time Naive,Time LR,Final Lambda,LB Heuristic,IR,AP
0,600.0,0.03,1.0,2.0,0.0,0.02259,0.12858,242.15586,252.09887,0.02259,4239.0,2472.0,337.56,246.40474,-239.54865,0.0
1,600.0,0.03,2.0,2.0,0.0,0.02259,0.12858,242.15586,252.09887,0.02259,4239.0,2516.0,0.34364,246.40474,-239.54865,0.0
2,600.0,0.03,3.0,2.0,0.0,0.02259,0.12858,242.15586,252.09887,0.02259,4239.0,2495.0,436.5,246.40474,-239.54865,0.0
3,600.0,0.03,4.0,2.0,0.0,0.02259,0.12858,242.15586,252.09887,0.02259,4239.0,2470.0,411.53615,246.40474,-239.54865,0.0
4,600.0,0.03,5.0,2.0,0.0,0.02259,0.12858,242.15586,252.09887,0.02259,4239.0,2496.0,0.25773,246.40474,-239.54865,0.0
5,600.0,0.03,6.0,2.0,0.0,0.02259,0.12858,242.15586,252.09887,0.02259,4239.0,2483.0,0.94082,246.40474,-239.54865,0.0
