"Omega","Tolerance","Step Size Rule","Iterations","Converged?","Gap LR","Gap Naive","Obj. Naive","Obj. LR","Gap","Time Naive","Time LR","Final Lambda","LB Heuristic"
100.00000,0.03000,1.00000,2.00000,0.00000,0.20662,0.34217,6542.44754,8149.70054,0.19722,4203.00000,4206.00000,811.63447,6465.84325
100.00000,0.03000,2.00000,10.00000,0.00000,0.20986,0.34217,6542.44754,8183.12558,0.20050,4203.00000,2334.00000,767.00450,6465.84325
100.00000,0.03000,3.00000,2.00000,0.00000,0.17934,0.34217,6542.44754,7878.78964,0.16961,4203.00000,4210.00000,809.86447,6465.84325
100.00000,0.03000,4.00000,2.00000,0.00000,0.19240,0.34217,6542.44754,8006.27250,0.18283,4203.00000,4207.00000,809.99314,6465.84325
100.00000,0.03000,5.00000,10.00000,0.00000,0.20986,0.34217,6542.44754,8183.12558,0.20050,4203.00000,2289.00000,721.08035,6465.84325
100.00000,0.03000,6.00000,3.00000,0.00000,0.18202,0.34217,6542.44754,7904.65417,0.17233,4203.00000,4213.00000,217.66926,6465.84325
