"Omega","Tolerance","Step Size Rule","Iterations","Converged?","Gap LR","Gap Naive","Obj. Naive","Obj. LR","Gap","Time Naive","Time LR","Final Lambda","LB Heuristic"
100.00000,0.05000,1.00000,2.00000,0.00000,0.31139,0.46804,6329.03147,9738.18818,0.31139,4203.00000,4207.00000,846.74553,6705.85078
100.00000,0.05000,2.00000,2.00000,0.00000,0.35933,0.46804,6329.03147,10466.95392,0.35933,4203.00000,4205.00000,798.75606,6705.85078
100.00000,0.05000,3.00000,2.00000,0.00000,0.32928,0.46804,6329.03147,9997.93496,0.32928,4203.00000,4207.00000,885.79553,6705.85078
100.00000,0.05000,4.00000,2.00000,0.00000,0.32928,0.46804,6329.03147,9997.93496,0.32928,4203.00000,4207.00000,886.01000,6705.85078
100.00000,0.05000,5.00000,2.00000,0.00000,0.43685,0.46804,6329.03147,11907.82599,0.43685,4203.00000,4056.00000,799.28237,6705.85078
100.00000,0.05000,6.00000,2.00000,0.00000,0.33822,0.46804,6329.03147,10133.05811,0.33822,4203.00000,3502.00000,0.00000,6705.85078
