"Omega","Tolerance","Step Size Rule","Iterations","Converged?","Gap LR","Gap Naive","Obj. Naive","Obj. LR","Gap","Time Naive","Time LR","Final Lambda","LB Heuristic"
100.00000,0.05000,1.00000,3.00000,0.00000,0.31888,0.41962,6456.70589,9915.53729,0.31888,4200.00000,4369.00000,843.84553,6753.62845
100.00000,0.05000,2.00000,6.00000,0.00000,0.39796,0.41962,6456.70589,11217.82587,0.39796,4200.00000,4427.00000,807.17711,6753.62845
100.00000,0.05000,3.00000,3.00000,0.00000,0.33168,0.41962,6456.70589,10105.38924,0.33168,4200.00000,4396.00000,882.79553,6753.62845
100.00000,0.05000,4.00000,3.00000,0.00000,0.33175,0.41962,6456.70589,10106.46156,0.33175,4200.00000,4375.00000,883.12325,6753.62845
100.00000,0.05000,5.00000,6.00000,0.00000,0.41440,0.41962,6456.70589,11532.82590,0.41440,4200.00000,2548.00000,802.28238,6753.62845
100.00000,0.05000,6.00000,4.00000,0.00000,0.33803,0.41962,6456.70589,10202.33358,0.33803,4200.00000,4392.00000,211.24756,6753.62845
