"Omega","Tolerance","Step Size Rule","Iterations","Converged?","Gap LR","Gap Naive","Obj. Naive","Obj. LR","Gap","Time Naive","Time LR","Final Lambda","LB Heuristic"
600.00000,0.01000,1.00000,2.00000,0.00000,0.00394,0.07833,248.13319,249.11403,0.00394,4244.00000,2758.00000,344.52000,248.13319
600.00000,0.01000,2.00000,2.00000,0.00000,0.00648,0.07833,248.13319,249.75237,0.00648,4244.00000,2604.00000,0.33670,248.13319
600.00000,0.01000,3.00000,2.00000,0.00000,0.00648,0.07833,248.13319,249.75237,0.00648,4244.00000,2618.00000,445.50000,248.13319
600.00000,0.01000,4.00000,2.00000,0.00000,0.00648,0.07833,248.13319,249.75237,0.00648,4244.00000,2605.00000,420.02143,248.13319
600.00000,0.01000,5.00000,2.00000,0.00000,0.00648,0.07833,248.13319,249.75237,0.00648,4244.00000,2587.00000,0.25253,248.13319
600.00000,0.01000,6.00000,2.00000,1.00000,0.00000,0.07833,248.13319,248.13319,0.00000,4244.00000,4233.00000,0.48983,248.13319
