Omega,Tolerance,Step Size Rule,Iterations,Converged?,Gap LR,Gap Naive,Obj. Naive,Obj. LR,Gap,Time Naive,Time LR,Final Lambda,LB Heuristic
100.0,0.03,1.0,2.0,0.0,0.51059,1.0,-562.67364,7785.40133,0.51059,4203.0,4201.0,858.37054,3810.25071
100.0,0.03,2.0,2.0,0.0,0.51059,1.0,-562.67364,7785.40133,0.51059,4203.0,4200.0,807.97426,3810.25071
100.0,0.03,2.0,2.0,0.0,0.51059,1.0,-562.67364,7785.40133,0.51059,4203.0,4200.0,807.97426,3810.25071
100.0,0.03,4.0,2.0,0.0,0.51059,1.0,-562.67364,7785.40133,0.51059,4203.0,4200.0,898.72922,3810.25071
100.0,0.03,5.0,2.0,0.0,0.51059,1.0,-562.67364,7785.40133,0.51059,4203.0,4200.0,808.48972,3810.25071
100.0,0.03,6.0,2.0,0.0,0.51059,1.0,-562.67364,7785.40133,0.51059,4203.0,4200.0,0.0,3810.25071
