"Omega","Tolerance","Step Size Rule","Iterations","Converged?","Gap LR","Gap Naive","Obj. Naive","Obj. LR","Gap","Time Naive","Time LR","Final Lambda","LB Heuristic"
100.00000,0.03000,1.00000,2.00000,0.00000,0.21389,0.44479,5919.67999,7777.53440,0.21389,4207.00000,4221.00000,858.37054,6114.00396
100.00000,0.03000,2.00000,2.00000,0.00000,0.21389,0.44479,5919.67999,7777.53440,0.21389,4207.00000,4231.00000,807.97426,6114.00396
100.00000,0.03000,3.00000,2.00000,0.00000,0.21389,0.44479,5919.67999,7777.53440,0.21389,4207.00000,4234.00000,898.60054,6114.00396
100.00000,0.03000,4.00000,2.00000,0.00000,0.21389,0.44479,5919.67999,7777.53440,0.21389,4207.00000,4235.00000,898.72922,6114.00396
100.00000,0.03000,5.00000,2.00000,0.00000,0.18235,0.44479,5919.67999,7477.53440,0.18235,4207.00000,4222.00000,808.48972,6114.00396
100.00000,0.03000,6.00000,2.00000,0.00000,0.21389,0.44479,5919.67999,7777.53440,0.21389,4207.00000,4218.00000,0.00000,6114.00396
