Omega,Tolerance,Step Size Rule,Iterations,Converged?,Gap LR,Gap Naive,Obj. Naive,Obj. LR,Gap,Time Naive,Time LR,Final Lambda,LB Heuristic
100.0,0.05,1.0,2.0,0.0,0.57596,0.43468,6449.58939,10009.07124,0.35563,4203.0,3604.0,849.58557,4244.27571
100.0,0.05,2.0,2.0,0.0,0.64066,0.43468,6449.58939,11811.3876,0.45395,4203.0,3564.0,801.5961,4244.27571
100.0,0.05,3.0,2.0,0.0,0.58424,0.43468,6449.58939,10208.57124,0.36822,4203.0,3608.0,888.63557,4244.27571
100.0,0.05,4.0,2.0,0.0,0.58424,0.43468,6449.58939,10208.57124,0.36822,4203.0,3608.0,888.85004,4244.27571
100.0,0.05,5.0,2.0,0.0,0.63759,0.43468,6449.58939,11711.3876,0.44929,4203.0,3601.0,802.12241,4244.27571
100.0,0.05,6.0,2.0,0.0,0.59741,0.43468,6449.58939,10542.30077,0.38822,4203.0,3606.0,0.0,4244.27571
,,,,,,,,,,,,,5593.27875
,,,,,,,,,,,,,4891.33318
