Omega,Tolerance,Step Size Rule,Iterations,Converged?,Gap LR,Gap Naive,Obj. Naive,Obj. LR (UB),"Obj. LR (LB),",Gap,Time Naive,Time LR,Final Lambda,LB Heuristic,BBP,Best iter,Lambda best iter,Gamma best iter
100.0,0.05,1.0,2.0,0.0,0.5306,0.43468,6449.58939,11915.84463,10009.07124,0.45874,4203.0,3614.0,849.58557,5593.23816,0.0,2.0,852.48557,5.0
100.0,0.05,2.0,2.0,0.0,0.53434,0.43468,6449.58939,12011.3876,12011.3876,0.46304,4203.0,3612.0,797.38557,5593.23816,0.0,1.0,797.38557,-95.0
100.0,0.05,3.0,2.0,0.0,0.53298,0.43468,6449.58939,11976.37546,10208.57124,0.46147,4203.0,3612.0,888.63557,5593.23816,0.0,2.0,892.38557,5.0
100.0,0.05,4.0,2.0,0.0,0.53298,0.43468,6449.58939,11976.37546,10208.57124,0.46147,4203.0,3608.0,888.85004,5593.23816,0.0,2.0,892.38557,5.0
100.0,0.05,5.0,2.0,0.0,0.53434,0.43468,6449.58939,12011.3876,12011.3876,0.46304,4203.0,3598.0,947.38557,5593.23816,0.0,1.0,797.38557,-95.0
100.0,0.05,6.0,2.0,0.0,0.53434,0.43468,6449.58939,12011.3876,12011.3876,0.46304,4203.0,3615.0,0.0,5593.23816,0.0,1.0,797.38557,-95.0
