,Omega,Tolerance,Step Size Rule,Iterations,Converged?,Gap LR,Gap Naive,Obj. Naive,Obj. LR,Gap,Time Naive,Time LR,Final Lambda,LB Heuristic,IR,AP
0,900.0,0.05,1.0,2.0,0.0,0.63799,0.66968,4236.41409,10558.07351,0.59875,4202.0,4203.0,557.86825,3822.17932,5545.00668,5048.37575
1,900.0,0.05,2.0,2.0,0.0,0.52174,0.66968,4236.41409,10558.07351,0.52174,4202.0,4210.0,88.06825,5049.49234,5545.00668,5048.37575
2,900.0,0.05,3.0,2.0,0.0,0.63799,0.66968,4236.41409,10558.07351,0.59875,4202.0,4205.0,909.31825,3822.17932,5545.00668,5048.37575
3,900.0,0.05,4.0,2.0,0.0,0.63799,0.66968,4236.41409,10558.07351,0.59875,4202.0,4203.0,911.24845,3822.17932,5545.00668,5048.37575
4,900.0,0.05,5.0,2.0,0.0,0.52174,0.66968,4236.41409,10558.07351,0.52174,4202.0,4204.0,238.06825,5049.49234,5545.00668,5048.37575
5,900.0,0.05,6.0,2.0,0.0,0.56799,0.66968,4236.41409,8847.51725,0.52117,4202.0,4203.0,0.0,3822.17932,5545.00668,5048.37575
