Omega,Tolerance,Step Size Rule,Iterations,Converged?,Gap LR,Gap Naive,Obj. Naive,Obj. LR (UB),"Obj. LR (LB),",Gap,Time Naive,Time LR,Final Lambda,LB Heuristic,BBP,Best iter,Lambda best iter,Gamma best iter
900.0,0.05,1.0,2.0,0.0,0.57438,0.66968,4236.41409,13025.06031,10558.07351,0.57438,4202.0,4209.0,557.86825,5543.69213,0.0,1.0,88.06825,-855.0
900.0,0.05,2.0,2.0,0.0,0.57438,0.66968,4236.41409,13025.06031,10558.07351,0.57438,4202.0,4203.0,88.06825,5543.69213,0.0,1.0,88.06825,-855.0
900.0,0.05,3.0,2.0,0.0,0.57438,0.66968,4236.41409,13025.06031,10558.07351,0.57438,4202.0,4205.0,909.31825,5543.69213,0.0,1.0,88.06825,-855.0
900.0,0.05,4.0,2.0,0.0,0.57438,0.66968,4236.41409,13025.06031,10558.07351,0.57438,4202.0,4205.0,911.24845,5543.69213,0.0,1.0,88.06825,-855.0
900.0,0.05,5.0,2.0,0.0,0.57438,0.66968,4236.41409,13025.06031,10558.07351,0.57438,4202.0,4203.0,238.06825,5543.69213,0.0,1.0,88.06825,-855.0
900.0,0.05,6.0,2.0,0.0,0.57438,0.66968,4236.41409,13025.06031,10558.07351,0.57438,4202.0,4203.0,0.0,5543.69213,0.0,1.0,88.06825,-855.0
