Omega,Tolerance,Step Size Rule,Iterations,Converged?,Gap LR,Gap Naive,Obj. Naive,Obj. LR,Gap,Time Naive,Time LR,Final Lambda,LB Heuristic
900.0,0.05,1.0,2.0,0.0,0.63799,0.66968,4236.41409,10558.07351,0.59875,4202.0,4203.0,557.86825,3822.17932
900.0,0.05,2.0,2.0,0.0,0.631,0.66968,4236.41409,10358.07351,0.591,4202.0,4205.0,88.53609,3822.17932
900.0,0.05,3.0,2.0,0.0,0.63799,0.66968,4236.41409,10558.07351,0.59875,4202.0,4205.0,909.31825,3822.17932
900.0,0.05,4.0,2.0,0.0,0.63799,0.66968,4236.41409,10558.07351,0.59875,4202.0,4203.0,911.24845,3822.17932
900.0,0.05,5.0,2.0,0.0,0.6274,0.66968,4236.41409,10258.07351,0.58702,4202.0,4203.0,88.59457,3822.17932
900.0,0.05,6.0,2.0,0.0,0.56799,0.66968,4236.41409,8847.51725,0.52117,4202.0,4203.0,0.0,3822.17932
