Omega,Tolerance,Step Size Rule,Iterations,Converged?,Gap LR,Gap Naive,Obj. Naive,Obj. LR,Gap,Time Naive,Time LR,Final Lambda,LB Heuristic
900.0,0.05,1.0,1.0,1.0,0.0,1.0,226.37694,248.63952,0.0,4251.0,2132.0,0.30271,248.63952
900.0,0.05,2.0,1.0,1.0,0.0,1.0,226.37694,248.63952,0.0,4251.0,2124.0,0.30271,248.63952
900.0,0.05,3.0,1.0,1.0,0.0,1.0,226.37694,248.63952,0.0,4251.0,2131.0,0.30271,248.63952
900.0,0.05,4.0,1.0,1.0,0.0,1.0,226.37694,248.63952,0.0,4251.0,2126.0,0.30271,248.63952
900.0,0.05,5.0,1.0,1.0,0.0,1.0,226.37694,248.63952,0.0,4251.0,2125.0,0.30271,248.63952
900.0,0.05,6.0,1.0,1.0,0.0,1.0,226.37694,248.63952,0.0,4251.0,2131.0,0.30271,248.63952
