Omega,Tolerance,Step Size Rule,Iterations,Converged?,Gap LR,Gap Naive,Obj. Naive,Obj. LR (UB),"Obj. LR (LB),",Gap,Time Naive,Time LR,Final Lambda,LB Heuristic,BBP,Best iter,Lambda best iter,Gamma best iter
900.0,0.05,1.0,10.0,0.0,0.13082,0.207,226.78084,286.06176,263.82682,0.13082,4209.0,2299.0,287.1,248.63952,0.0,1.0,0.30271,24.0
900.0,0.05,2.0,8.0,0.0,0.13082,0.207,226.78084,286.06176,263.82682,0.13082,4209.0,2461.0,200.0,248.63952,0.0,1.0,0.30271,24.0
900.0,0.05,3.0,10.0,0.0,0.13082,0.207,226.78084,286.06176,263.82682,0.13082,4209.0,2290.0,503.56656,248.63952,0.0,1.0,0.30271,24.0
900.0,0.05,4.0,10.0,0.0,0.13082,0.207,226.78084,286.06176,263.82682,0.13082,4209.0,2296.0,455.4512,248.63952,0.0,1.0,0.30271,24.0
900.0,0.05,5.0,7.0,0.0,0.13082,0.207,226.78084,286.06176,263.82682,0.13082,4209.0,2448.0,0.0,248.63952,0.0,1.0,0.30271,24.0
900.0,0.05,6.0,3.0,0.0,0.13082,0.207,226.78084,286.06176,263.82682,0.13082,4209.0,4291.0,0.0,248.63952,0.0,1.0,0.30271,24.0
