Omega,Tolerance,Step Size Rule,Iterations,Converged?,Gap LR,Gap Naive,Obj. Naive,Obj. LR (UB),"Obj. LR (LB),",Gap,Time Naive,Time LR,Final Lambda,LB Heuristic,BBP,Best iter,Lambda best iter,Gamma best iter
900.0,0.05,1.0,10.0,0.0,0.12756,0.207,226.78084,284.9923,263.82682,0.12756,4209.0,5198.0,287.1,248.63952,0.0,1.0,0.30271,24.0
900.0,0.05,2.0,10.0,0.0,0.12756,0.207,226.78084,284.9923,263.82682,0.12756,4209.0,5463.0,200.0,248.63952,0.0,1.0,0.30271,24.0
900.0,0.05,3.0,10.0,0.0,0.12756,0.207,226.78084,284.9923,263.82682,0.12756,4209.0,5190.0,503.56656,248.63952,0.0,1.0,0.30271,24.0
900.0,0.05,4.0,10.0,0.0,0.12756,0.207,226.78084,284.9923,263.82682,0.12756,4209.0,5197.0,455.4512,248.63952,0.0,1.0,0.30271,24.0
900.0,0.05,5.0,10.0,0.0,0.12756,0.207,226.78084,284.9923,263.82682,0.12756,4209.0,5930.0,0.0,248.63952,0.0,1.0,0.30271,24.0
900.0,0.05,6.0,7.0,0.0,0.12417,0.207,226.78084,283.89081,265.16665,0.12417,4209.0,50268.0,0.0,248.63952,0.0,5.0,0.33154,18.0
