,Omega,Tolerance,Step Size Rule,Iterations,Converged?,Gap LR,Gap Naive,Obj. Naive,Obj. LR,Gap,Time Naive,Time LR,Final Lambda,LB Heuristic,IR,AP
0,900.0,0.05,1.0,10.0,0.0,0.05757,0.207,226.78084,263.82682,0.05757,4209.0,2236.0,287.1,248.63952,-258.89876,0.0
1,900.0,0.05,2.0,3.0,0.0,0.05757,0.207,226.78084,263.82682,0.05757,4209.0,3131.0,0.46784,248.63952,-258.89876,0.0
2,900.0,0.05,3.0,10.0,0.0,0.05757,0.207,226.78084,263.82682,0.05757,4209.0,2237.0,503.56656,248.63952,-258.89876,0.0
3,900.0,0.05,4.0,10.0,0.0,0.05757,0.207,226.78084,263.82682,0.05757,4209.0,2242.0,455.4512,248.63952,-258.89876,0.0
4,900.0,0.05,5.0,3.0,0.0,0.05757,0.207,226.78084,263.82682,0.05757,4209.0,2692.0,0.2924,248.63952,-258.89876,0.0
5,900.0,0.05,6.0,3.0,0.0,0.05757,0.207,226.78084,263.82682,0.05757,4209.0,4274.0,0.0,248.63952,-258.89876,0.0
