"Omega","Tolerance","Step Size Rule","Iterations","Converged?","Gap LR","Gap Naive","Obj. Naive","Obj. LR","Gap","Time Naive","Time LR","Final Lambda","LB Heuristic"
900.00000,0.05000,1.00000,1.00000,1.00000,0.00000,0.13441,248.63952,248.63952,0.00000,4299.00000,2174.00000,0.30271,248.63952
900.00000,0.05000,2.00000,1.00000,1.00000,0.00000,0.13441,248.63952,248.63952,0.00000,4299.00000,2161.00000,0.30271,248.63952
900.00000,0.05000,3.00000,1.00000,1.00000,0.00000,0.13441,248.63952,248.63952,0.00000,4299.00000,2159.00000,0.30271,248.63952
900.00000,0.05000,4.00000,1.00000,1.00000,0.00000,0.13441,248.63952,248.63952,0.00000,4299.00000,2155.00000,0.30271,248.63952
900.00000,0.05000,5.00000,1.00000,1.00000,0.00000,0.13441,248.63952,248.63952,0.00000,4299.00000,2163.00000,0.30271,248.63952
900.00000,0.05000,6.00000,1.00000,1.00000,0.00000,0.13441,248.63952,248.63952,0.00000,4299.00000,2148.00000,0.30271,248.63952
