"Omega","Tolerance","Step Size Rule","Iterations","Converged?","Gap LR","Gap Naive","Obj. Naive","Obj. LR","Gap","Time Naive","Time LR","Final Lambda","LB Heuristic"
600.00000,0.01000,1.00000,2.00000,0.00000,2.86832,0.62670,3616.39362,-2349.52407,2.86832,4291.00000,4246.00000,486.57800,4389.65624
600.00000,0.01000,2.00000,2.00000,0.00000,-0.88775,0.62670,3616.39362,2325.33337,-0.88775,4291.00000,3107.00000,112.54137,4389.65624
600.00000,0.01000,3.00000,2.00000,0.00000,2.86832,0.62670,3616.39362,-2349.52407,2.86832,4291.00000,4252.00000,735.03800,4389.65624
600.00000,0.01000,4.00000,2.00000,0.00000,2.86832,0.62670,3616.39362,-2349.52407,2.86832,4291.00000,4251.00000,735.29536,4389.65624
600.00000,0.01000,5.00000,2.00000,0.00000,2.65677,0.62670,3616.39362,-2649.52407,2.65677,4291.00000,4253.00000,146.29558,4389.65624
600.00000,0.01000,6.00000,2.00000,0.00000,-0.71974,0.62670,3616.39362,2552.50946,-0.71974,4291.00000,4239.00000,0.00000,4389.65624
