"Omega","Tolerance","Step Size Rule","Iterations","Converged?","Gap LR","Gap Naive","Obj. Naive","Obj. LR","Gap","Time Naive","Time LR","Final Lambda","LB Heuristic"
600.00000,0.01000,1.00000,2.00000,0.00000,0.08563,0.91587,795.28604,4421.67147,0.08563,4207.00000,4214.00000,142.63800,4043.04577
600.00000,0.01000,2.00000,3.00000,0.00000,0.16221,0.91587,795.28604,4825.85297,0.16221,4207.00000,2466.00000,96.21140,4043.04577
600.00000,0.01000,3.00000,2.00000,0.00000,0.10700,0.91587,795.28604,4527.48325,0.10700,4207.00000,4219.00000,136.78800,4043.04577
600.00000,0.01000,4.00000,2.00000,0.00000,0.14710,0.91587,795.28604,4740.33967,0.14710,4207.00000,4217.00000,136.29536,4043.04577
600.00000,0.01000,5.00000,3.00000,0.00000,0.15319,0.91587,795.28604,4774.42091,0.15319,4207.00000,2500.00000,85.95888,4043.04577
600.00000,0.01000,6.00000,3.00000,0.00000,0.10700,0.91587,795.28604,4527.48325,0.10700,4207.00000,4387.00000,28.81195,4043.04577
