,Omega,Tolerance,Step Size Rule,Iterations,Converged?,Gap LR,Gap Naive,Obj. Naive,Obj. LR (UB),"Obj. LR (LB),",Gap,Time Naive,Time LR,Final Lambda,LB Heuristic,BBP,Best iter,Lambda best iter,Gamma best iter,Obj. LR,Time,QP,IR,AP
0,900.0,0.01,1.0,2.0,0.0,0.49787,0.53128,4434.95016,9656.62418,4930.33565,0.49787,4203.0,4204.0,87.05609,4848.91681,0.0,1.0,97.49609,9.0,,,-4527.056,-4848.91681,-4465.91132
1,900.0,0.01,2.0,3.0,0.0,0.49787,0.53128,4434.95016,9656.62418,4930.33565,0.49787,4203.0,4218.0,0.0,4848.91681,0.0,1.0,97.49609,9.0,,,-4527.056,-4848.91681,-4465.91132
2,900.0,0.01,3.0,2.0,0.0,0.4976,0.53128,4434.95016,9651.55246,4930.33565,0.4976,4203.0,4207.0,756.74609,4848.91681,0.0,1.0,97.49609,9.0,,,-4527.056,-4848.91681,-4465.91132
3,900.0,0.01,4.0,2.0,0.0,0.49787,0.53128,4434.95016,9656.62418,4930.33565,0.49787,4203.0,4203.0,718.52823,4848.91681,0.0,1.0,97.49609,9.0,,,-4527.056,-4848.91681,-4465.91132
4,900.0,0.01,5.0,3.0,0.0,0.49787,0.53128,4434.95016,9656.62418,4930.33565,0.49787,4203.0,4219.0,50.0,4848.91681,0.0,1.0,97.49609,9.0,,,-4527.056,-4848.91681,-4465.91132
5,900.0,0.01,6.0,3.0,0.0,0.4976,0.53128,4434.95016,9651.55246,4930.33565,0.4976,4203.0,4223.0,0.0,4848.91681,0.0,1.0,97.49609,9.0,,,-4527.056,-4848.91681,-4465.91132
