"Omega","Tolerance","Step Size Rule","Iterations","Converged?","Gap LR","Gap Naive","Obj. Naive","Obj. LR","Gap","Time Naive","Time LR","Final Lambda","LB Heuristic"
100.00000,0.07000,1.00000,3.00000,0.00000,0.35917,0.46411,7404.56792,11554.64039,0.35917,4209.00000,4493.00000,836.85371,7404.56792
100.00000,0.07000,2.00000,4.00000,0.00000,0.47825,0.46411,7404.56792,14191.82612,0.47825,4209.00000,3591.00000,799.63586,7404.56792
100.00000,0.07000,3.00000,3.00000,0.00000,0.37301,0.46411,7404.56792,11809.69769,0.37301,4209.00000,4483.00000,874.58371,7404.56792
100.00000,0.07000,4.00000,3.00000,0.00000,0.37425,0.46411,7404.56792,11833.13182,0.37425,4209.00000,4503.00000,875.04251,7404.56792
100.00000,0.07000,5.00000,4.00000,0.00000,0.48008,0.46411,7404.56792,14241.82612,0.48008,4209.00000,3366.00000,797.75414,7404.56792
100.00000,0.07000,6.00000,4.00000,0.00000,0.39888,0.46411,7404.56792,12317.87214,0.39888,4209.00000,4486.00000,242.17494,7404.56792
