"Omega","Tolerance","Step Size Rule","Iterations","Converged?","Gap LR","Gap Naive","Obj. Naive","Obj. LR","Gap","Time Naive","Time LR","Final Lambda","LB Heuristic"
100.00000,0.07000,1.00000,3.00000,0.00000,0.36146,0.47278,6880.90500,11567.16247,0.36146,4203.00000,4311.00000,836.85371,7386.11251
100.00000,0.07000,2.00000,6.00000,0.00000,0.46446,0.47278,6880.90500,13791.82612,0.46446,4203.00000,3942.00000,803.93694,7386.11251
100.00000,0.07000,3.00000,3.00000,0.00000,0.37376,0.47278,6880.90500,11794.40361,0.37376,4203.00000,4367.00000,874.58371,7386.11251
100.00000,0.07000,4.00000,3.00000,0.00000,0.37223,0.47278,6880.90500,11765.60842,0.37223,4203.00000,4309.00000,875.04251,7386.11251
100.00000,0.07000,5.00000,7.00000,0.00000,0.47455,0.47278,6880.90500,14056.82612,0.47455,4203.00000,2893.00000,799.39777,7386.11251
100.00000,0.07000,6.00000,4.00000,0.00000,0.40404,0.47278,6880.90500,12393.74036,0.40404,4203.00000,4296.00000,229.82120,7386.11251
