Omega,Tolerance,Step Size Rule,Iterations,Converged?,Gap LR,Gap Naive,Obj. Naive,Obj. LR (UB),"Obj. LR (LB),",Gap,Time Naive,Time LR,Final Lambda,LB Heuristic,BBP,Best iter,Lambda best iter,Gamma best iter
600.0,0.05,1.0,5.0,0.0,0.56268,0.6288,4642.92262,12716.12009,10257.32179,0.56268,4201.0,55008.0,393.69199,5560.98322,0.0,1.0,132.69199,-570.0
600.0,0.05,2.0,2.0,0.0,0.55949,0.61216,4858.97298,12840.73195,10320.36166,0.55949,4201.0,4202.0,132.46915,5656.52488,0.0,1.0,132.46915,-570.0
600.0,0.05,3.0,5.0,0.0,0.56268,0.6288,4642.92262,12716.12009,10257.32179,0.56268,4201.0,55007.0,634.33485,5560.98322,0.0,1.0,132.69199,-570.0
600.0,0.05,4.0,5.0,0.0,0.56268,0.6288,4642.92262,12716.12009,10257.32179,0.56268,4201.0,55009.0,635.74187,5560.98322,0.0,1.0,132.69199,-570.0
600.0,0.05,5.0,6.0,0.0,0.56268,0.6288,4642.92262,12716.12009,10257.32179,0.56268,4201.0,55026.0,117.69199,5560.98322,0.0,1.0,132.69199,-570.0
600.0,0.05,6.0,10.0,0.0,0.56236,0.6288,4642.92262,12706.80447,8731.05649,0.56236,4201.0,40093.0,114.34298,5560.98322,0.0,4.0,143.65201,30.0
