Omega,Tolerance,Step Size Rule,Iterations,Converged?,Gap LR,Gap Naive,Obj. Naive,Obj. LR (UB),"Obj. LR (LB),",Gap,Time Naive,Time LR,Final Lambda,LB Heuristic,BBP,Best iter,Lambda best iter,Gamma best iter
600.0,0.05,1.0,3.0,0.0,0.56063,0.6288,4642.92262,12656.78893,10257.32179,0.56063,4201.0,25003.0,428.49199,5560.98322,0.0,1.0,132.69199,-570.0
600.0,0.05,2.0,3.0,0.0,0.5532,0.6288,4642.92262,12446.20579,10257.32179,0.5532,4201.0,25003.0,332.69199,5560.98322,0.0,3.0,132.69199,-570.0
600.0,0.05,3.0,3.0,0.0,0.56063,0.6288,4642.92262,12656.78893,10257.32179,0.56063,4201.0,25003.0,662.19199,5560.98322,0.0,1.0,132.69199,-570.0
600.0,0.05,4.0,3.0,0.0,0.56063,0.6288,4642.92262,12656.78893,10257.32179,0.56063,4201.0,25002.0,664.15828,5560.98322,0.0,1.0,132.69199,-570.0
600.0,0.05,5.0,3.0,0.0,0.56063,0.6288,4642.92262,12656.78893,10257.32179,0.56063,4201.0,25003.0,182.69199,5560.98322,0.0,1.0,132.69199,-570.0
600.0,0.05,6.0,4.0,0.0,0.56,0.6288,4642.92262,12638.49904,8845.28674,0.56,4201.0,25009.0,0.0,5560.98322,0.0,4.0,143.65201,30.0
