Omega,Tolerance,Step Size Rule,Iterations,Converged?,Gap LR,Gap Naive,Obj. Naive,Obj. LR,Gap,Time Naive,Time LR,Final Lambda,LB Heuristic
600.0,0.05,1.0,2.0,0.0,0.62458,0.6288,4642.92262,10257.32179,0.54736,4201.0,4202.0,445.89199,3850.81078
600.0,0.05,2.0,2.0,0.0,0.61711,0.6288,4642.92262,10057.32179,0.53835,4201.0,4202.0,133.39375,3850.81078
600.0,0.05,3.0,2.0,0.0,0.62458,0.6288,4642.92262,10257.32179,0.54736,4201.0,4202.0,680.19199,3850.81078
600.0,0.05,4.0,2.0,0.0,0.62458,0.6288,4642.92262,10257.32179,0.54736,4201.0,4202.0,681.47879,3850.81078
600.0,0.05,5.0,2.0,0.0,0.61327,0.6288,4642.92262,9957.32179,0.53372,4201.0,4202.0,133.48147,3850.81078
600.0,0.05,6.0,2.0,0.0,0.57724,0.6288,4642.92262,9108.78388,0.49028,4201.0,4200.0,0.0,3850.81078
