Omega,Tolerance,Step Size Rule,Iterations,Converged?,Gap LR,Gap Naive,Obj. Naive,Obj. LR,Gap,Time Naive,Time LR,Final Lambda,LB Heuristic
600.0,0.05,1.0,2.0,0.0,0.62458,0.6288,4642.92262,10257.32179,0.54736,4201.0,4202.0,445.89199,3850.81078
600.0,0.05,2.0,2.0,0.0,0.61711,0.6288,4642.92262,10057.32179,0.53835,4201.0,4202.0,133.39375,3850.81078
600.0,0.05,3.0,2.0,0.0,0.62458,0.6288,4642.92262,10257.32179,0.54736,4201.0,4202.0,680.19199,3850.81078
600.0,0.05,4.0,2.0,0.0,0.62458,0.6288,4642.92262,10257.32179,0.54736,4201.0,4202.0,681.47879,3850.81078
600.0,0.03,5.0,2.0,0.0,0.44129,0.5712,4676.61581,6461.16479,0.2762,4201.0,4201.0,135.42661,3609.89087
600.0,0.03,6.0,2.0,0.0,0.46608,0.74652,1926.46176,6761.16479,0.46608,4204.0,4203.0,0.0,3609.89087
