"Omega","Tolerance","Step Size Rule","Iterations","Converged?","Gap LR","Gap Naive","Obj. Naive","Obj. LR","Gap","Time Naive","Time LR","Final Lambda","LB Heuristic"
600.00000,0.05000,1.00000,2.00000,0.00000,0.56221,0.68482,4133.41016,10257.32179,0.56221,4248.00000,4319.00000,445.89199,4490.53196
600.00000,0.05000,2.00000,2.00000,0.00000,0.55351,0.68482,4133.41016,10057.32179,0.55351,4248.00000,4323.00000,133.39375,4490.53196
600.00000,0.05000,3.00000,2.00000,0.00000,0.56221,0.68482,4133.41016,10257.32179,0.56221,4248.00000,4335.00000,680.19199,4490.53196
600.00000,0.05000,4.00000,2.00000,0.00000,0.56221,0.68482,4133.41016,10257.32179,0.56221,4248.00000,4340.00000,681.47879,4490.53196
600.00000,0.05000,5.00000,2.00000,0.00000,0.54902,0.68482,4133.41016,9957.32179,0.54902,4248.00000,4297.00000,133.48147,4490.53196
600.00000,0.05000,6.00000,2.00000,0.00000,0.44008,0.68482,4133.41016,8019.99264,0.44008,4248.00000,4304.00000,0.00000,4490.53196
