"Omega","Tolerance","Step Size Rule","Iterations","Converged?","Gap LR","Gap Naive","Obj. Naive","Obj. LR","Gap","Time Naive","Time LR","Final Lambda","LB Heuristic"
100.00000,0.01000,1.00000,2.00000,0.00000,0.10725,0.28608,6017.73167,6660.75745,0.09654,4203.00000,4204.00000,868.81136,5946.41958
100.00000,0.01000,2.00000,10.00000,0.00000,0.10863,0.28608,6017.73167,6671.12943,0.09794,4203.00000,2271.00000,688.15318,5946.41958
100.00000,0.01000,3.00000,2.00000,0.00000,0.07235,0.28608,6017.73167,6410.18488,0.06122,4203.00000,4210.00000,868.22136,5946.41958
100.00000,0.01000,4.00000,2.00000,0.00000,0.10142,0.28608,6017.73167,6617.57545,0.09064,4203.00000,4208.00000,868.26425,5946.41958
100.00000,0.01000,5.00000,10.00000,0.00000,0.10854,0.28608,6017.73167,6670.44749,0.09785,4203.00000,2273.00000,575.81672,5946.41958
100.00000,0.01000,6.00000,3.00000,0.00000,0.07886,0.28608,6017.73167,6455.50056,0.06781,4203.00000,4214.00000,164.66800,5946.41958
