"Omega","Tolerance","Step Size Rule","Iterations","Converged?","Gap LR","Gap Naive","Obj. Naive","Obj. LR","Gap","Time Naive","Time LR","Final Lambda","LB Heuristic"
600.00000,0.07000,1.00000,1.00000,1.00000,0.00000,0.12732,257.81014,257.81014,0.00000,4260.00000,2155.00000,0.45859,257.81014
600.00000,0.07000,2.00000,1.00000,1.00000,0.00000,0.12732,257.81014,257.81014,0.00000,4260.00000,2148.00000,0.45859,257.81014
600.00000,0.07000,3.00000,2.00000,0.00000,0.04675,0.12732,257.81014,270.45434,0.04675,4260.00000,2412.00000,418.50000,257.81014
600.00000,0.07000,4.00000,2.00000,0.00000,0.04675,0.12732,257.81014,270.45434,0.04675,4260.00000,2412.00000,394.56558,257.81014
600.00000,0.07000,5.00000,3.00000,2.00000,0.00000,0.12732,257.81014,257.81014,0.00000,4260.00000,4512.00000,0.26882,257.81014
600.00000,0.07000,6.00000,3.00000,0.00000,0.04675,0.12732,257.81014,270.45434,0.04675,4260.00000,4336.00000,0.13396,257.81014
