"Omega","Tolerance","Step Size Rule","Iterations","Converged?","Gap LR","Gap Naive","Obj. Naive","Obj. LR","Gap","Time Naive","Time LR","Final Lambda","LB Heuristic"
600.00000,0.07000,1.00000,2.00000,0.00000,0.60695,1.00000,373.20207,13144.41596,0.60695,4232.00000,4261.00000,431.15499,5166.43150
600.00000,0.07000,2.00000,2.00000,0.00000,0.60088,1.00000,373.20207,12944.41596,0.60088,4232.00000,4245.00000,132.59184,5166.43150
600.00000,0.07000,3.00000,2.00000,0.00000,0.60695,1.00000,373.20207,13144.41596,0.60695,4232.00000,4249.00000,658.37499,5166.43150
600.00000,0.07000,4.00000,2.00000,0.00000,0.60695,1.00000,373.20207,13144.41596,0.60695,4232.00000,4249.00000,660.17651,5166.43150
600.00000,0.07000,5.00000,2.00000,0.00000,0.59777,1.00000,373.20207,12844.41596,0.59777,4232.00000,4239.00000,132.68144,5166.43150
600.00000,0.07000,6.00000,2.00000,0.00000,0.52089,1.00000,373.20207,10783.50131,0.52089,4232.00000,4224.00000,0.00000,5166.43150
