"Omega","Tolerance","Step Size Rule","Iterations","Converged?","Gap LR","Gap Naive","Obj. Naive","Obj. LR","Gap","Time Naive","Time LR","Final Lambda","LB Heuristic"
600.00000,0.07000,1.00000,2.00000,0.00000,0.07844,0.89881,1489.70601,4842.09541,0.07844,4205.00000,2416.00000,450.87499,4462.27447
600.00000,0.07000,2.00000,3.00000,0.00000,0.42715,0.89881,1489.70601,7789.63030,0.42715,4205.00000,2517.00000,125.69529,4462.27447
600.00000,0.07000,3.00000,3.00000,0.00000,0.42715,0.89881,1489.70601,7789.63030,0.42715,4205.00000,4392.00000,496.17499,4462.27447
600.00000,0.07000,4.00000,3.00000,0.00000,0.43216,0.89881,1489.70601,7858.36363,0.43216,4205.00000,4396.00000,473.19186,4462.27447
600.00000,0.07000,5.00000,3.00000,0.00000,0.42884,0.89881,1489.70601,7812.59579,0.42884,4205.00000,2475.00000,122.64560,4462.27447
600.00000,0.07000,6.00000,3.00000,0.00000,0.42715,0.89881,1489.70601,7789.63030,0.42715,4205.00000,4395.00000,13.23615,4462.27447
