"Omega","Tolerance","Step Size Rule","Iterations","Converged?","Gap LR","Gap Naive","Obj. Naive","Obj. LR","Gap","Time Naive","Time LR","Final Lambda","LB Heuristic"
100.00000,0.03000,1.00000,10.00000,0.00000,0.01653,0.00000,280.24694,284.95775,0.01653,723.00000,624.00000,43.43659,280.24694
100.00000,0.03000,2.00000,10.00000,0.00000,0.01653,0.00000,280.24694,284.95775,0.01653,723.00000,1318.00000,0.00000,280.24694
100.00000,0.03000,3.00000,10.00000,0.00000,0.01653,0.00000,280.24694,284.95775,0.01653,723.00000,628.00000,63.57110,280.24694
100.00000,0.03000,4.00000,10.00000,0.00000,0.01653,0.00000,280.24694,284.95775,0.01653,723.00000,657.00000,58.64768,280.24694
100.00000,0.03000,5.00000,10.00000,0.00000,0.01653,0.00000,280.24694,284.95775,0.01653,723.00000,1062.00000,1.99681,280.24694
100.00000,0.03000,6.00000,10.00000,0.00000,0.01636,0.00000,280.24694,284.90879,0.01636,723.00000,1579.00000,2.60174,280.24694
