,Omega,Tolerance,Step Size Rule,Iterations,Converged?,Gap LR,Gap Naive,Obj. Naive,Obj. LR,Gap,Time Naive,Time LR,Final Lambda,LB Heuristic,IR,AP
0,1500.0,0.05,1.0,2.0,0.0,0.46682,0.71096,3837.10225,10641.58189,0.46682,4203.0,4211.0,835.89901,5673.8305,5674.49883,5194.84028
1,1500.0,0.05,2.0,2.0,0.0,0.45661,0.71096,3837.10225,10441.58189,0.45661,4203.0,4207.0,53.17971,5673.8305,5674.49883,5194.84028
2,1500.0,0.05,3.0,2.0,0.0,0.46682,0.71096,3837.10225,10641.58189,0.46682,4203.0,4210.0,1421.64901,5673.8305,5674.49883,5194.84028
3,1500.0,0.05,4.0,2.0,0.0,0.46682,0.71096,3837.10225,10641.58189,0.46682,4203.0,4208.0,1424.866,5673.8305,5674.49883,5194.84028
4,1500.0,0.05,5.0,2.0,0.0,0.45136,0.71096,3837.10225,10341.58189,0.45136,4203.0,4205.0,53.2148,5673.8305,5674.49883,5194.84028
5,1500.0,0.05,6.0,2.0,0.0,0.26094,0.71096,3837.10225,7677.06359,0.26094,4203.0,4208.0,6.45174,5673.8305,5674.49883,5194.84028
