,Omega,Tolerance,Step Size Rule,Iterations,Converged?,Gap LR,Gap Naive,Obj. Naive,Obj. LR,Gap,Time Naive,Time LR,Final Lambda,LB Heuristic,IR,AP
0,100.0,0.03,1.0,10.0,0.0,0.00893,0.0,280.98261,283.51406,0.00893,216.0,379.0,44.03965,280.98261,-276.43702,-276.44545
1,100.0,0.03,2.0,10.0,0.0,0.00893,0.0,280.98261,283.51406,0.00893,216.0,742.0,0.0,280.98261,-276.43702,-276.44545
2,100.0,0.03,3.0,10.0,0.0,0.00893,0.0,280.98261,283.51406,0.00893,216.0,353.0,64.43075,280.98261,-276.43702,-276.44545
3,100.0,0.03,4.0,10.0,0.0,0.00893,0.0,280.98261,283.51406,0.00893,216.0,339.0,59.50733,280.98261,-276.43702,-276.44545
4,100.0,0.03,5.0,10.0,0.0,0.00893,0.0,280.98261,283.51406,0.00893,216.0,590.0,1.99681,280.98261,-276.43702,-276.44545
5,100.0,0.03,6.0,10.0,0.0,0.00881,0.0,280.98261,283.4794,0.00881,216.0,1080.0,2.66676,280.98261,-276.43702,-276.44545
