Omega,Tolerance,Step Size Rule,Iterations,Converged?,Gap LR,Gap Naive,Obj. Naive,Obj. LR (UB),"Obj. LR (LB),",Gap,Time Naive,Time LR,Final Lambda,LB Heuristic,BBP,Best iter,Lambda best iter,Gamma best iter
600.0,0.05,1.0,2.0,0.0,0.56268,0.62769,4687.28478,12890.35549,10906.77766,0.56268,4201.0,4203.0,444.59866,5637.23272,0.0,1.0,131.39866,-570.0
600.0,0.05,2.0,2.0,0.0,0.56268,0.62769,4687.28478,12890.35549,10906.77766,0.56268,4201.0,4202.0,131.39866,5637.23272,0.0,1.0,131.39866,-570.0
600.0,0.05,3.0,2.0,0.0,0.56245,0.62769,4687.28478,12883.5847,10906.77766,0.56245,4201.0,4206.0,678.89866,5637.23272,0.0,1.0,131.39866,-570.0
600.0,0.05,4.0,2.0,0.0,0.56268,0.62769,4687.28478,12890.35549,10906.77766,0.56268,4201.0,4202.0,680.18546,5637.23272,0.0,1.0,131.39866,-570.0
600.0,0.05,5.0,2.0,0.0,0.56268,0.62769,4687.28478,12890.35549,10906.77766,0.56268,4201.0,4203.0,281.39866,5637.23272,0.0,1.0,131.39866,-570.0
600.0,0.05,6.0,2.0,0.0,0.56268,0.62769,4687.28478,12890.35549,10906.77766,0.56268,4201.0,4203.0,0.0,5637.23272,0.0,1.0,131.39866,-570.0
