Omega,Tolerance,Step Size Rule,Iterations,Converged?,Gap LR,Gap Naive,Obj. Naive,Obj. LR (UB),"Obj. LR (LB),",Gap,Time Naive,Time LR,Final Lambda,LB Heuristic,BBP,Best iter,Lambda best iter,Gamma best iter
600.0,0.05,1.0,5.0,0.0,0.55964,0.62769,4687.28478,12801.55473,10906.77766,0.55964,4201.0,55010.0,392.39866,5637.23272,0.0,1.0,131.39866,-570.0
600.0,0.05,2.0,2.0,0.0,0.55949,0.61216,4858.97298,12840.73195,10320.36166,0.55949,4201.0,4202.0,132.46915,5656.52488,0.0,1.0,132.46915,-570.0
600.0,0.05,3.0,5.0,0.0,0.55964,0.62769,4687.28478,12801.55473,10906.77766,0.55964,4201.0,55008.0,633.04152,5637.23272,0.0,1.0,131.39866,-570.0
600.0,0.05,4.0,5.0,0.0,0.55964,0.62769,4687.28478,12801.55473,10906.77766,0.55964,4201.0,55022.0,634.44854,5637.23272,0.0,1.0,131.39866,-570.0
600.0,0.05,5.0,6.0,0.0,0.55964,0.62769,4687.28478,12801.55473,10906.77766,0.55964,4201.0,55026.0,116.39866,5637.23272,0.0,1.0,131.39866,-570.0
600.0,0.05,6.0,10.0,0.0,0.55897,0.62769,4687.28478,12781.86427,9100.82269,0.55897,4201.0,40093.0,114.06015,5637.23272,0.0,4.0,143.36431,30.0
