,Omega,Tolerance,Step Size Rule,Iterations,Converged?,Gap LR,Gap Naive,Obj. Naive,Obj. LR,Gap,Time Naive,Time LR,Final Lambda,LB Heuristic,IR,AP
0,600.0,0.05,1.0,2.0,0.0,0.64477,0.62769,4687.28478,10906.77766,0.57024,4201.0,4204.0,444.59866,3874.36853,5637.24738,5146.18263
1,600.0,0.05,2.0,2.0,0.0,0.63814,0.62769,4687.28478,10706.77766,0.56221,4201.0,4203.0,132.10042,3874.36853,5637.24738,5146.18263
2,600.0,0.05,3.0,2.0,0.0,0.64477,0.62769,4687.28478,10906.77766,0.57024,4201.0,4203.0,678.89866,3874.36853,5637.24738,5146.18263
3,600.0,0.05,4.0,2.0,0.0,0.64477,0.62769,4687.28478,10906.77766,0.57024,4201.0,4204.0,680.18546,3874.36853,5637.24738,5146.18263
4,600.0,0.05,5.0,2.0,0.0,0.63473,0.62769,4687.28478,10606.77766,0.55809,4201.0,4203.0,132.18814,3874.36853,5637.24738,5146.18263
5,600.0,0.05,6.0,2.0,0.0,0.58042,0.62769,4687.28478,9233.91957,0.49238,4201.0,4202.0,0.0,3874.36853,5637.24738,5146.18263
