Omega,Tolerance,Step Size Rule,Iterations,Converged?,Gap LR,Gap Naive,Obj. Naive,Obj. LR,Gap,Time Naive,Time LR,Final Lambda,LB Heuristic
600.0,0.05,1.0,2.0,0.0,0.64477,0.62769,4687.28478,10906.77766,0.57024,4201.0,4204.0,444.59866,3874.36853
600.0,0.05,2.0,2.0,0.0,0.63814,0.62769,4687.28478,10706.77766,0.56221,4201.0,4203.0,132.10042,3874.36853
600.0,0.05,3.0,2.0,0.0,0.64477,0.62769,4687.28478,10906.77766,0.57024,4201.0,4203.0,678.89866,3874.36853
600.0,0.05,4.0,2.0,0.0,0.64477,0.62769,4687.28478,10906.77766,0.57024,4201.0,4204.0,680.18546,3874.36853
600.0,0.03,5.0,2.0,0.0,0.49997,0.56545,4778.4178,7253.1599,0.3412,4201.0,4202.0,133.97736,3626.80912
600.0,0.03,6.0,2.0,0.0,0.48059,0.73409,2013.54643,6982.51014,0.48059,4204.0,4201.0,0.0,3626.80912
