Omega,Tolerance,Step Size Rule,Iterations,Converged?,Gap LR,Gap Naive,Obj. Naive,Obj. LR (UB),"Obj. LR (LB),",Gap,Time Naive,Time LR,Final Lambda,LB Heuristic,BBP,Best iter,Lambda best iter,Gamma best iter
600.0,0.05,1.0,3.0,0.0,0.5579,0.62769,4687.28478,12751.03764,10906.77766,0.5579,4201.0,25002.0,427.19866,5637.23272,0.0,1.0,131.39866,-570.0
600.0,0.05,2.0,3.0,0.0,0.55081,0.62769,4687.28478,12549.78215,10906.77766,0.55081,4201.0,25004.0,331.39866,5637.23272,0.0,3.0,131.39866,-570.0
600.0,0.05,3.0,3.0,0.0,0.5579,0.62769,4687.28478,12751.03764,10906.77766,0.5579,4201.0,25004.0,660.89866,5637.23272,0.0,1.0,131.39866,-570.0
600.0,0.05,4.0,3.0,0.0,0.5579,0.62769,4687.28478,12751.03764,10906.77766,0.5579,4201.0,25004.0,662.86495,5637.23272,0.0,1.0,131.39866,-570.0
600.0,0.05,5.0,3.0,0.0,0.5579,0.62769,4687.28478,12751.03764,10906.77766,0.5579,4201.0,25004.0,181.39866,5637.23272,0.0,1.0,131.39866,-570.0
600.0,0.05,6.0,4.0,0.0,0.55639,0.62769,4687.28478,12707.75419,9111.81952,0.55639,4201.0,25009.0,0.0,5637.23272,0.0,4.0,143.36431,30.0
