"Omega","Tolerance","Step Size Rule","Iterations","Converged?","Gap LR","Gap Naive","Obj. Naive","Obj. LR","Gap","Time Naive","Time LR","Final Lambda","LB Heuristic"
600.00000,0.05000,1.00000,2.00000,0.00000,0.62458,0.63242,4854.38117,10906.77766,0.55492,4274.00000,4324.00000,444.59866,4094.65746
600.00000,0.05000,2.00000,2.00000,0.00000,0.61756,0.63242,4854.38117,10706.77766,0.54661,4274.00000,4324.00000,132.10042,4094.65746
600.00000,0.05000,3.00000,2.00000,0.00000,0.62458,0.63242,4854.38117,10906.77766,0.55492,4274.00000,4346.00000,678.89866,4094.65746
600.00000,0.05000,4.00000,2.00000,0.00000,0.62458,0.63242,4854.38117,10906.77766,0.55492,4274.00000,4354.00000,680.18546,4094.65746
600.00000,0.05000,5.00000,2.00000,0.00000,0.61396,0.63242,4854.38117,10606.77766,0.54233,4274.00000,4307.00000,132.18814,4094.65746
600.00000,0.05000,6.00000,2.00000,0.00000,0.50728,0.63242,4854.38117,8310.28404,0.41586,4274.00000,4349.00000,0.00000,4094.65746
