"Omega","Tolerance","Step Size Rule","Iterations","Converged?","Gap LR","Gap Naive","Obj. Naive","Obj. LR","Gap","Time Naive","Time LR","Final Lambda","LB Heuristic"
600.00000,0.05000,1.00000,2.00000,0.00000,0.03845,0.11960,254.51549,264.69161,0.03845,4249.00000,2767.00000,330.60000,254.51549
600.00000,0.05000,2.00000,2.00000,0.00000,0.03845,0.11960,254.51549,264.69161,0.03845,4249.00000,2642.00000,0.35088,254.51549
600.00000,0.05000,3.00000,2.00000,0.00000,0.03845,0.11960,254.51549,264.69161,0.03845,4249.00000,2645.00000,427.50000,254.51549
600.00000,0.05000,4.00000,2.00000,0.00000,0.03845,0.11960,254.51549,264.69161,0.03845,4249.00000,2604.00000,403.05087,254.51549
600.00000,0.05000,5.00000,2.00000,0.00000,0.03845,0.11960,254.51549,264.69161,0.03845,4249.00000,2615.00000,0.26316,254.51549
600.00000,0.05000,6.00000,3.00000,0.00000,0.03845,0.11960,254.51549,264.69161,0.03845,4249.00000,4499.00000,0.07578,254.51549
