,Omega,Tolerance,Step Size Rule,Iterations,Converged?,Gap LR,Gap Naive,Obj. Naive,Obj. LR,Gap,Time Naive,Time LR,Final Lambda,LB Heuristic,IR,AP
0,1500.0,0.05,1.0,2.0,0.0,0.47023,0.74001,3420.57,10508.10504,0.47023,4204.0,4213.0,835.9428,5566.9182,5562.93442,5206.68872
1,1500.0,0.05,2.0,2.0,0.0,0.47023,0.74001,3420.57,10508.10504,0.47023,4204.0,4213.0,52.9428,5566.9182,5562.93442,5206.68872
2,1500.0,0.05,3.0,2.0,0.0,0.47023,0.74001,3420.57,10508.10504,0.47023,4204.0,4205.0,1421.6928,5566.9182,5562.93442,5206.68872
3,1500.0,0.05,4.0,2.0,0.0,0.47023,0.74001,3420.57,10508.10504,0.47023,4204.0,4212.0,1424.90979,5566.9182,5562.93442,5206.68872
4,1500.0,0.05,5.0,2.0,0.0,0.47023,0.74001,3420.57,10508.10504,0.47023,4204.0,4212.0,202.9428,5566.9182,5562.93442,5206.68872
5,1500.0,0.05,6.0,2.0,0.0,0.28632,0.74001,3420.57,7800.34971,0.28632,4204.0,4228.0,0.31962,5566.9182,5562.93442,5206.68872
