Omega,Tolerance,Step Size Rule,Iterations,Converged?,Gap LR,Gap Naive,Obj. Naive,Obj. LR (UB),"Obj. LR (LB),",Gap,Time Naive,Time LR,Final Lambda,LB Heuristic,BBP,Best iter,Lambda best iter,Gamma best iter
1500.0,0.05,1.0,2.0,0.0,0.57766,0.74001,3420.57,13181.12975,10508.10504,0.57766,4204.0,4216.0,835.9428,5566.9182,0.0,1.0,52.9428,-1425.0
1500.0,0.05,2.0,2.0,0.0,0.57766,0.74001,3420.57,13181.12975,10508.10504,0.57766,4204.0,4212.0,52.9428,5566.9182,0.0,1.0,52.9428,-1425.0
1500.0,0.05,3.0,2.0,0.0,0.57766,0.74001,3420.57,13181.12975,10508.10504,0.57766,4204.0,4205.0,1421.6928,5566.9182,0.0,1.0,52.9428,-1425.0
1500.0,0.05,4.0,2.0,0.0,0.57757,0.74001,3420.57,13178.25953,10508.10504,0.57757,4204.0,4227.0,1424.90979,5566.9182,0.0,1.0,52.9428,-1425.0
1500.0,0.05,5.0,2.0,0.0,0.57766,0.74001,3420.57,13181.12975,10508.10504,0.57766,4204.0,4212.0,202.9428,5566.9182,0.0,1.0,52.9428,-1425.0
1500.0,0.05,6.0,2.0,0.0,0.57757,0.74001,3420.57,13178.25953,10508.10504,0.57757,4204.0,4232.0,0.0,5566.9182,0.0,1.0,52.9428,-1425.0
