Omega,Tolerance,Step Size Rule,Iterations,Converged?,Gap LR,Gap Naive,Obj. Naive,Obj. LR,Gap,Time Naive,Time LR,Final Lambda,LB Heuristic
1500.0,0.05,1.0,2.0,0.0,0.47023,0.74001,3420.57,10508.10504,0.47023,4204.0,4213.0,835.9428,5566.9182
1500.0,0.05,2.0,2.0,0.0,0.45995,0.74001,3420.57,10308.10504,0.45995,4204.0,4214.0,53.2235,5566.9182
1500.0,0.05,3.0,2.0,0.0,0.47023,0.74001,3420.57,10508.10504,0.47023,4204.0,4205.0,1421.6928,5566.9182
1500.0,0.05,4.0,2.0,0.0,0.47023,0.74001,3420.57,10508.10504,0.47023,4204.0,4212.0,1424.90979,5566.9182
1500.0,0.05,5.0,2.0,0.0,0.45466,0.74001,3420.57,10208.10504,0.45466,4204.0,4211.0,53.25859,5566.9182
1500.0,0.05,6.0,2.0,0.0,0.28632,0.74001,3420.57,7800.34971,0.28632,4204.0,4228.0,0.31962,5566.9182
,,,,,,,,,,,,,5562.93442
,,,,,,,,,,,,,5206.68872
