,Omega,Tolerance,Step Size Rule,Iterations,Converged?,Gap LR,Gap Naive,Obj. Naive,Obj. LR,Gap,Time Naive,Time LR,Final Lambda,LB Heuristic,IR,AP
0,100.0,0.03,1.0,10.0,0.0,0.03035,0.00941,281.525,290.24994,0.03006,195.0,357.0,43.35741,281.44074,-254.1946,-232.67628
1,100.0,0.03,2.0,10.0,0.0,0.02578,0.00941,281.525,288.88726,0.02548,195.0,693.0,4.12371,281.44074,-254.1946,-232.67628
2,100.0,0.03,3.0,10.0,0.0,0.03035,0.00941,281.525,290.24994,0.03006,195.0,318.0,88.32851,281.44074,-254.1946,-232.67628
3,100.0,0.03,4.0,10.0,0.0,0.03035,0.00941,281.525,290.24994,0.03006,195.0,321.0,87.69441,281.44074,-254.1946,-232.67628
4,100.0,0.03,5.0,10.0,0.0,0.01771,0.00941,281.525,286.51612,0.01742,195.0,593.0,1.03952,281.44074,-254.1946,-232.67628
5,100.0,0.03,6.0,10.0,0.0,0.0171,0.00941,281.525,286.33628,0.0168,195.0,1413.0,2.38927,281.44074,-254.1946,-232.67628
