"Omega","Tolerance","Step Size Rule","Iterations","Converged?","Gap LR","Gap Naive","Obj. Naive","Obj. LR","Gap","Time Naive","Time LR","Final Lambda","LB Heuristic"
600.00000,0.05000,1.00000,1.00000,1.00000,0.00000,0.13665,248.21290,248.21290,0.00000,4251.00000,2147.00000,0.45967,248.21290
600.00000,0.05000,2.00000,2.00000,0.00000,0.02800,0.13665,248.21290,255.36203,0.02800,4251.00000,2766.00000,0.35088,248.21290
600.00000,0.05000,3.00000,2.00000,0.00000,0.02800,0.13665,248.21290,255.36203,0.02800,4251.00000,2704.00000,427.50000,248.21290
600.00000,0.05000,4.00000,2.00000,0.00000,0.02800,0.13665,248.21290,255.36203,0.02800,4251.00000,2736.00000,403.05087,248.21290
600.00000,0.05000,5.00000,2.00000,0.00000,0.02800,0.13665,248.21290,255.36203,0.02800,4251.00000,2684.00000,0.26316,248.21290
600.00000,0.05000,6.00000,2.00000,0.00000,0.02800,0.13665,248.21290,255.36203,0.02800,4251.00000,2406.00000,0.99505,248.21290
