"Omega","Tolerance","Step Size Rule","Iterations","Converged?","Gap LR","Gap Naive","Obj. Naive","Obj. LR","Gap","Time Naive","Time LR","Final Lambda","LB Heuristic"
100.00000,0.07000,1.00000,2.00000,0.00000,0.36060,0.47402,7391.72029,11507.08302,0.35764,4217.00000,2746.00000,837.28074,7357.59977
100.00000,0.07000,2.00000,3.00000,0.00000,0.49142,0.47402,7391.72029,14466.93869,0.48906,4217.00000,3540.00000,793.85236,7357.59977
100.00000,0.07000,3.00000,2.00000,0.00000,0.37926,0.47402,7391.72029,11853.01591,0.37638,4217.00000,2710.00000,875.15074,7357.59977
100.00000,0.07000,4.00000,2.00000,0.00000,0.37926,0.47402,7391.72029,11853.01591,0.37638,4217.00000,2678.00000,875.45100,7357.59977
100.00000,0.07000,5.00000,3.00000,0.00000,0.42814,0.47402,7391.72029,12866.06662,0.42549,4217.00000,4173.00000,793.31472,7357.59977
100.00000,0.07000,6.00000,2.00000,0.00000,0.40409,0.47402,7391.72029,12346.83223,0.40133,4217.00000,2673.00000,0.00000,7357.59977
