Omega,Tolerance,Step Size Rule,Iterations,Converged?,Gap LR,Gap Naive,Obj. Naive,Obj. LR (UB),"Obj. LR (LB),",Gap,Time Naive,Time LR,Final Lambda,LB Heuristic,BBP,Best iter,Lambda best iter,Gamma best iter
900.0,0.05,1.0,2.0,0.0,0.56446,0.65851,4342.63716,12926.57615,10792.94331,0.56446,4202.0,4204.0,557.61387,5629.99991,0.0,1.0,87.81387,-855.0
900.0,0.05,2.0,2.0,0.0,0.56446,0.65851,4342.63716,12926.57615,10792.94331,0.56446,4202.0,4203.0,87.81387,5629.99991,0.0,1.0,87.81387,-855.0
900.0,0.05,3.0,2.0,0.0,0.56446,0.65851,4342.63716,12926.57615,10792.94331,0.56446,4202.0,4202.0,909.06387,5629.99991,0.0,1.0,87.81387,-855.0
900.0,0.05,4.0,2.0,0.0,0.56446,0.65851,4342.63716,12926.57615,10792.94331,0.56446,4202.0,4202.0,910.99407,5629.99991,0.0,1.0,87.81387,-855.0
900.0,0.05,5.0,2.0,0.0,0.56446,0.65851,4342.63716,12926.57615,10792.94331,0.56446,4202.0,4204.0,237.81387,5629.99991,0.0,1.0,87.81387,-855.0
900.0,0.05,6.0,2.0,0.0,0.56446,0.65851,4342.63716,12926.57615,10792.94331,0.56446,4202.0,4203.0,0.0,5629.99991,0.0,1.0,87.81387,-855.0
