Omega,Tolerance,Step Size Rule,Iterations,Converged?,Gap LR,Gap Naive,Obj. Naive,Obj. LR,Gap,Time Naive,Time LR,Final Lambda,LB Heuristic
900.0,0.05,1.0,2.0,0.0,0.63286,0.65851,4342.63716,10792.94331,0.59764,4202.0,4204.0,557.61387,3962.47959
900.0,0.05,2.0,2.0,0.0,0.62593,0.65851,4342.63716,10592.94331,0.59004,4202.0,4203.0,88.28171,3962.47959
900.0,0.05,3.0,2.0,0.0,0.63286,0.65851,4342.63716,10792.94331,0.59764,4202.0,4203.0,909.06387,3962.47959
900.0,0.05,4.0,2.0,0.0,0.63286,0.65851,4342.63716,10792.94331,0.59764,4202.0,4204.0,910.99407,3962.47959
900.0,0.05,5.0,2.0,0.0,0.62237,0.65851,4342.63716,10492.94331,0.58614,4202.0,4203.0,88.34019,3962.47959
900.0,0.05,6.0,2.0,0.0,0.54123,0.65851,4342.63716,8637.26016,0.49722,4202.0,4207.0,0.0,3962.47959
,,,,,,,,,,,,,5628.86432
,,,,,,,,,,,,,5290.52544
