Omega,Tolerance,Step Size Rule,Iterations,Converged?,Gap LR,Gap Naive,Obj. Naive,Obj. LR (UB),"Obj. LR (LB),",Gap,Time Naive,Time LR,Final Lambda,LB Heuristic,BBP,Best iter,Lambda best iter,Gamma best iter
1500.0,0.05,1.0,10.0,0.0,0.14074,0.16018,241.76709,287.29869,255.21042,0.14074,4212.0,5572.0,478.5,246.86385,0.0,1.0,0.17924,75.0
1500.0,0.05,2.0,10.0,0.0,0.14074,0.16018,241.76709,287.29869,255.21042,0.14074,4212.0,7000.0,200.0,246.86385,0.0,1.0,0.17924,75.0
1500.0,0.05,3.0,10.0,0.0,0.14074,0.16018,241.76709,287.29869,255.21042,0.14074,4212.0,5556.0,839.2776,246.86385,0.0,1.0,0.17924,75.0
1500.0,0.05,4.0,10.0,0.0,0.14074,0.16018,241.76709,287.29869,255.21042,0.14074,4212.0,5561.0,759.08533,246.86385,0.0,1.0,0.17924,75.0
1500.0,0.05,5.0,10.0,0.0,0.14074,0.16018,241.76709,287.29869,255.21042,0.14074,4212.0,6787.0,0.0,246.86385,0.0,1.0,0.17924,75.0
1500.0,0.05,6.0,7.0,0.0,0.13723,0.16018,241.76709,286.1278,263.71579,0.13723,4212.0,51321.0,0.0,246.86385,0.0,7.0,0.20004,60.0
