Omega,Tolerance,Step Size Rule,Iterations,Converged?,Gap LR,Gap Naive,Obj. Naive,Obj. LR (UB),"Obj. LR (LB),",Gap,Time Naive,Time LR,Final Lambda,LB Heuristic,BBP,Best iter,Lambda best iter,Gamma best iter
1500.0,0.05,1.0,2.0,0.0,0.14247,0.16018,241.76709,287.87865,255.21042,0.14247,4212.0,2421.0,826.5,246.86385,0.0,1.0,0.17924,75.0
1500.0,0.05,2.0,2.0,0.0,0.14247,0.16018,241.76709,287.87865,255.21042,0.14247,4212.0,2418.0,200.0,246.86385,0.0,1.0,0.17924,75.0
1500.0,0.05,3.0,2.0,0.0,0.14247,0.16018,241.76709,287.87865,255.21042,0.14247,4212.0,2416.0,1068.75,246.86385,0.0,1.0,0.17924,75.0
1500.0,0.05,4.0,2.0,0.0,0.14247,0.16018,241.76709,287.87865,255.21042,0.14247,4212.0,2416.0,1007.62716,246.86385,0.0,1.0,0.17924,75.0
1500.0,0.05,5.0,2.0,0.0,0.14247,0.16018,241.76709,287.87865,255.21042,0.14247,4212.0,2422.0,150.0,246.86385,0.0,1.0,0.17924,75.0
1500.0,0.05,6.0,2.0,0.0,0.14247,0.16018,241.76709,287.87865,255.21042,0.14247,4212.0,2449.0,0.40008,246.86385,0.0,1.0,0.17924,75.0
