,Omega,Tolerance,Step Size Rule,Iterations,Converged?,Gap LR,Gap Naive,Obj. Naive,Obj. LR,Gap,Time Naive,Time LR,Final Lambda,LB Heuristic,Heuristic Time,IR,AP
0,1500.0,0.05,1.0,2.0,0.0,0.0327,0.16018,241.76709,255.21042,0.0327,4212.0,2413.0,826.5,246.86385,,0.0,0.0
1,1500.0,0.05,2.0,2.0,0.0,0.0327,0.16018,241.76709,255.21042,0.0327,4212.0,2406.0,0.14035,246.86385,,0.0,0.0
2,1500.0,0.05,3.0,2.0,0.0,0.0327,0.16018,241.76709,255.21042,0.0327,4212.0,2417.0,1068.75,246.86385,,0.0,0.0
3,1500.0,0.05,4.0,2.0,0.0,0.0327,0.16018,241.76709,255.21042,0.0327,4212.0,2409.0,1007.62716,246.86385,,0.0,0.0
4,1500.0,0.05,5.0,2.0,0.0,0.0327,0.16018,241.76709,255.21042,0.0327,4212.0,2411.0,0.10526,246.86385,,0.0,0.0
5,1500.0,0.05,6.0,2.0,0.0,0.0327,0.16018,241.76709,255.21042,0.0327,4212.0,2452.0,0.40008,246.86385,82.0,0.0,0.0
