"Omega","Tolerance","Step Size Rule","Iterations","Converged?","Gap LR","Gap Naive","Obj. Naive","Obj. LR","Gap","Time Naive","Time LR","Final Lambda","LB Heuristic"
100.00000,0.01000,1.00000,2.00000,0.00000,0.09234,0.33480,6054.43454,6670.36159,0.09234,4204.00000,4207.00000,863.50542,6054.43454
100.00000,0.01000,2.00000,10.00000,0.00000,0.09629,0.33480,6054.43454,6699.52386,0.09629,4204.00000,2348.00000,682.84724,6054.43454
100.00000,0.01000,3.00000,2.00000,0.00000,0.09629,0.33480,6054.43454,6699.52386,0.09629,4204.00000,4209.00000,862.91542,6054.43454
100.00000,0.01000,4.00000,2.00000,0.00000,0.09629,0.33480,6054.43454,6699.52386,0.09629,4204.00000,4209.00000,862.95831,6054.43454
100.00000,0.01000,5.00000,10.00000,0.00000,0.09629,0.33480,6054.43454,6699.52386,0.09629,4204.00000,2278.00000,570.51078,6054.43454
100.00000,0.01000,6.00000,3.00000,0.00000,0.09629,0.33480,6054.43454,6699.52386,0.09629,4204.00000,4214.00000,218.42091,6054.43454
