"Omega","Tolerance","Step Size Rule","Iterations","Converged?","Gap LR","Gap Naive","Obj. Naive","Obj. LR","Gap","Time Naive","Time LR","Final Lambda","LB Heuristic"
100.00000,0.01000,1.00000,2.00000,0.00000,0.09952,0.29349,6059.36790,6808.80634,0.09952,4203.00000,4207.00000,863.50542,6131.21538
100.00000,0.01000,2.00000,10.00000,0.00000,0.09489,0.29349,6059.36790,6773.98326,0.09489,4203.00000,2314.00000,682.84724,6131.21538
100.00000,0.01000,3.00000,2.00000,0.00000,0.07874,0.29349,6059.36790,6655.24652,0.07874,4203.00000,4208.00000,862.91542,6131.21538
100.00000,0.01000,4.00000,2.00000,0.00000,0.09046,0.29349,6059.36790,6740.98608,0.09046,4203.00000,4210.00000,862.95831,6131.21538
100.00000,0.01000,5.00000,10.00000,0.00000,0.09227,0.29349,6059.36790,6754.45771,0.09227,4203.00000,2293.00000,570.51078,6131.21538
100.00000,0.01000,6.00000,3.00000,0.00000,0.07998,0.29349,6059.36790,6664.18710,0.07998,4203.00000,4214.00000,102.90159,6131.21538
