"Omega","Tolerance","Step Size Rule","Iterations","Converged?","Gap LR","Gap Naive","Obj. Naive","Obj. LR","Gap","Time Naive","Time LR","Final Lambda","LB Heuristic"
100.00000,0.03000,1.00000,2.00000,0.00000,0.23596,0.43468,6064.28047,8012.43681,0.23596,4211.00000,4226.00000,865.82397,6121.85577
100.00000,0.03000,2.00000,7.00000,0.00000,0.23596,0.43468,6064.28047,8012.43681,0.23596,4211.00000,2454.00000,757.00844,6121.85577
100.00000,0.03000,3.00000,2.00000,0.00000,0.23596,0.43468,6064.28047,8012.43681,0.23596,4211.00000,4237.00000,806.05397,6121.85577
100.00000,0.03000,4.00000,2.00000,0.00000,0.23596,0.43468,6064.28047,8012.43681,0.23596,4211.00000,4244.00000,806.18265,6121.85577
100.00000,0.03000,5.00000,6.00000,0.00000,0.23596,0.43468,6064.28047,8012.43681,0.23596,4211.00000,2404.00000,715.78851,6121.85577
100.00000,0.03000,6.00000,3.00000,0.00000,0.23678,0.43468,6064.28047,8021.04066,0.23678,4211.00000,4273.00000,151.48952,6121.85577
