Omega,Tolerance,Step Size Rule,Iterations,Converged?,Gap LR,Gap Naive,Obj. Naive,Obj. LR (UB),"Obj. LR (LB),",Gap,Time Naive,Time LR,Final Lambda,LB Heuristic,BBP,Best iter,Lambda best iter,Gamma best iter
600.0,0.01,1.0,1.0,1.0,0.05591,0.05509,247.50851,256.28056,251.14026,0.03423,4241.0,2102.0,1.26062,241.95267,1.0,1.0,1.26062,0.0
600.0,0.01,2.0,1.0,1.0,0.05618,0.05509,247.50851,256.35505,251.14026,0.03451,4241.0,2102.0,1.26062,241.95267,1.0,1.0,1.26062,0.0
600.0,0.01,3.0,1.0,1.0,0.05532,0.05509,247.50851,256.12085,251.14026,0.03363,4241.0,2102.0,1.26062,241.95267,1.0,1.0,1.26062,0.0
600.0,0.01,4.0,1.0,1.0,0.05591,0.05509,247.50851,256.28056,251.14026,0.03423,4241.0,2101.0,1.26062,241.95267,1.0,1.0,1.26062,0.0
600.0,0.01,5.0,1.0,1.0,0.05659,0.05509,247.50851,256.4653,251.14026,0.03492,4241.0,2101.0,1.26062,241.95267,1.0,1.0,1.26062,0.0
600.0,0.01,6.0,1.0,1.0,0.05827,0.05509,247.50851,256.92337,251.14026,0.03664,4241.0,2103.0,1.26062,241.95267,1.0,1.0,1.26062,0.0
