,Omega,Tolerance,Step Size Rule,Iterations,Converged?,Gap LR,Gap Naive,Obj. Naive,Obj. LR,Gap,Time Naive,Time LR,Final Lambda,LB Heuristic,IR,AP
0,600.0,0.01,1.0,2.0,0.0,0.02697,0.05509,247.50851,248.65777,0.00462,4241.0,4238.0,1.84062,241.95267,0.0,0.0
1,600.0,0.01,2.0,2.0,0.0,0.00367,0.05509,247.50851,242.84505,-0.0192,4241.0,2627.0,0.3367,241.95267,0.0,0.0
2,600.0,0.01,3.0,2.0,0.0,0.00367,0.05509,247.50851,242.84505,-0.0192,4241.0,2562.0,445.5,241.95267,0.0,0.0
3,600.0,0.01,4.0,2.0,0.0,0.00367,0.05509,247.50851,242.84505,-0.0192,4241.0,2562.0,420.02143,241.95267,0.0,0.0
4,600.0,0.01,5.0,2.0,0.0,0.00367,0.05509,247.50851,242.84505,-0.0192,4241.0,2583.0,0.25253,241.95267,0.0,0.0
5,600.0,0.01,6.0,2.0,0.0,0.00367,0.05509,247.50851,242.84505,-0.0192,4241.0,4258.0,10.06381,241.95267,0.0,0.0
