Omega,Tolerance,Step Size Rule,Iterations,Converged?,Gap LR,Gap Naive,Obj. Naive,Obj. LR,Gap,Time Naive,Time LR,Final Lambda,LB Heuristic
100.0,0.01,1.0,10.0,0.0,0.00456,0.0,269.93166,271.16686,0.00456,75.0,677.0,57.55178,269.93166
100.0,0.01,2.0,10.0,0.0,0.00824,0.0,269.93166,272.17549,0.00824,75.0,758.0,0.0,269.93166
100.0,0.01,3.0,10.0,0.0,0.00444,0.0,269.93166,271.13686,0.00444,75.0,582.0,43.39929,269.93166
100.0,0.01,4.0,10.0,0.0,0.00469,0.0,269.93166,271.20241,0.00469,75.0,675.0,45.05214,269.93166
100.0,0.01,5.0,10.0,0.0,0.00548,0.0,269.93166,271.41791,0.00548,75.0,507.0,1.95647,269.93166
100.0,0.01,6.0,10.0,0.0,0.00359,0.0,269.93166,270.90457,0.00359,75.0,1264.0,2.63267,269.93166
,,,,,,,,,,,,,0.0
,,,,,,,,,,,,,-232.33147
