"Omega","Tolerance","Step Size Rule","Iterations","Converged?","Gap LR","Gap Naive","Obj. Naive","Obj. LR","Gap","Time Naive","Time LR","Final Lambda","LB Heuristic"
600.00000,0.03000,1.00000,2.00000,0.00000,0.33522,1.00000,388.45523,6432.54995,0.33522,4232.00000,4267.00000,461.92381,4276.23047
600.00000,0.03000,2.00000,2.00000,0.00000,0.31389,1.00000,388.45523,6232.54995,0.31389,4232.00000,4245.00000,135.49109,4276.23047
600.00000,0.03000,3.00000,2.00000,0.00000,0.33522,1.00000,388.45523,6432.54995,0.33522,4232.00000,4250.00000,703.30381,4276.23047
600.00000,0.03000,4.00000,2.00000,0.00000,0.33522,1.00000,388.45523,6432.54995,0.33522,4232.00000,4266.00000,704.07589,4276.23047
600.00000,0.03000,5.00000,2.00000,0.00000,0.30270,1.00000,388.45523,6132.54995,0.30270,4232.00000,4240.00000,135.57700,4276.23047
600.00000,0.03000,6.00000,2.00000,0.00000,0.32055,1.00000,388.45523,6293.65558,0.32055,4232.00000,4224.00000,0.00000,4276.23047
