"Omega","Tolerance","Step Size Rule","Iterations","Converged?","Gap LR","Gap Naive","Obj. Naive","Obj. LR","Gap","Time Naive","Time LR","Final Lambda","LB Heuristic"
600.00000,0.03000,1.00000,2.00000,0.00000,0.19909,0.81651,2042.15903,4962.91341,0.19909,4207.00000,4215.00000,122.04381,3974.85033
600.00000,0.03000,2.00000,3.00000,0.00000,0.32682,0.81651,2042.15903,5904.61668,0.32682,4207.00000,2526.00000,121.20538,3974.85033
600.00000,0.03000,3.00000,3.00000,0.00000,0.34574,0.81651,2042.15903,6075.35668,0.34574,4207.00000,4385.00000,543.50381,3974.85033
600.00000,0.03000,4.00000,3.00000,0.00000,0.34574,0.81651,2042.15903,6075.35668,0.34574,4207.00000,4381.00000,518.94765,3974.85033
600.00000,0.03000,5.00000,3.00000,0.00000,0.33379,0.81651,2042.15903,5966.38523,0.33379,4207.00000,2428.00000,116.48336,3974.85033
600.00000,0.03000,6.00000,3.00000,0.00000,0.34574,0.81651,2042.15903,6075.35668,0.34574,4207.00000,4369.00000,0.00000,3974.85033
