,Omega,Tolerance,Step Size Rule,Iterations,Converged?,Gap LR,Gap Naive,Obj. Naive,Obj. LR,Gap,Time Naive,Time LR,Final Lambda,LB Heuristic,IR,AP
0,600.0,0.05,1.0,2.0,0.0,0.04225,0.14484,245.28541,258.63679,0.04225,4241.0,2438.0,330.6,247.70851,-258.77517,0.0
1,600.0,0.05,2.0,2.0,0.0,0.04225,0.14484,245.28541,258.63679,0.04225,4241.0,2435.0,0.35088,247.70851,-258.77517,0.0
2,600.0,0.05,3.0,2.0,0.0,0.04225,0.14484,245.28541,258.63679,0.04225,4241.0,2446.0,427.5,247.70851,-258.77517,0.0
3,600.0,0.05,4.0,2.0,0.0,0.04225,0.14484,245.28541,258.63679,0.04225,4241.0,2483.0,403.05087,247.70851,-258.77517,0.0
4,600.0,0.05,5.0,2.0,0.0,0.04225,0.14484,245.28541,258.63679,0.04225,4241.0,2471.0,0.26316,247.70851,-258.77517,0.0
5,600.0,0.05,6.0,2.0,0.0,0.04225,0.14484,245.28541,258.63679,0.04225,4241.0,2487.0,0.99444,247.70851,-258.77517,0.0
