Omega,Tolerance,Step Size Rule,Iterations,Converged?,Gap LR,Gap Naive,Obj. Naive,Obj. LR,Gap,Time Naive,Time LR,Final Lambda,LB Heuristic
600.0,0.05,1.0,10.0,0.0,0.10506,0.14484,245.28541,276.78818,0.10506,4241.0,2174.0,174.4462,247.70851
600.0,0.05,2.0,5.0,0.0,0.07765,0.14484,245.28541,268.56383,0.07765,4241.0,6661.0,0.0,247.70851
600.0,0.05,3.0,10.0,0.0,0.10506,0.14484,245.28541,276.78818,0.10506,4241.0,2177.0,456.15724,247.70851
600.0,0.05,4.0,10.0,0.0,0.10506,0.14484,245.28541,276.78818,0.10506,4241.0,2179.0,449.81627,247.70851
600.0,0.05,5.0,7.0,0.0,0.0573,0.14484,245.28541,262.76488,0.0573,4241.0,7124.0,0.0,247.70851
600.0,0.05,6.0,4.0,0.0,0.06478,0.14484,245.28541,264.86585,0.06478,4241.0,6353.0,0.0,247.70851
