,Omega,Tolerance,Step Size Rule,Iterations,Converged?,Gap LR,Gap Naive,Obj. Naive,Obj. LR,Gap,Time Naive,Time LR,Final Lambda,LB Heuristic,IR,AP
0,600.0,0.05,1.0,10.0,0.0,0.10506,0.14484,245.28541,276.78818,0.10506,4241.0,2174.0,174.4462,247.70851,-253.22133,0.0
1,600.0,0.05,2.0,3.0,0.0,0.10506,0.14484,245.28541,276.78818,0.10506,4241.0,4212.0,200.4462,247.70851,-253.22133,0.0
2,600.0,0.05,3.0,10.0,0.0,0.10506,0.14484,245.28541,276.78818,0.10506,4241.0,2177.0,456.15724,247.70851,-253.22133,0.0
3,600.0,0.05,4.0,10.0,0.0,0.10506,0.14484,245.28541,276.78818,0.10506,4241.0,2179.0,449.81627,247.70851,-253.22133,0.0
4,600.0,0.05,5.0,8.0,0.0,0.10506,0.14484,245.28541,276.78818,0.10506,4241.0,2252.0,37.5,247.70851,-253.22133,0.0
5,600.0,0.05,6.0,4.0,0.0,0.06478,0.14484,245.28541,264.86585,0.06478,4241.0,6353.0,0.0,247.70851,-253.22133,0.0
