Omega,Tolerance,Step Size Rule,Iterations,Converged?,Gap LR,Gap Naive,Obj. Naive,Obj. LR (UB),"Obj. LR (LB),",Gap,Time Naive,Time LR,Final Lambda,LB Heuristic,BBP,Best iter,Lambda best iter,Gamma best iter
600.0,0.05,1.0,10.0,0.0,0.1285,0.14484,245.28541,284.23137,276.78818,0.1285,4241.0,5071.0,174.4462,247.70851,0.0,1.0,0.4462,-570.0
600.0,0.05,2.0,7.0,0.0,0.10506,0.14484,245.28541,276.78818,276.78818,0.10506,4241.0,47298.0,200.4462,247.70851,0.0,3.0,0.4462,-570.0
600.0,0.05,3.0,10.0,0.0,0.1285,0.14484,245.28541,284.23137,276.78818,0.1285,4241.0,5069.0,456.15724,247.70851,0.0,1.0,0.4462,-570.0
600.0,0.05,4.0,10.0,0.0,0.1285,0.14484,245.28541,284.23137,276.78818,0.1285,4241.0,5073.0,449.81627,247.70851,0.0,1.0,0.4462,-570.0
600.0,0.05,5.0,10.0,0.0,0.1285,0.14484,245.28541,284.23137,276.78818,0.1285,4241.0,5272.0,0.0,247.70851,0.0,1.0,0.4462,-570.0
600.0,0.05,6.0,10.0,0.0,0.10549,0.14484,245.28541,276.92163,276.92163,0.10549,4241.0,46443.0,0.0,247.70851,0.0,6.0,0.99444,25.0
