Omega,Tolerance,Step Size Rule,Iterations,Converged?,Gap LR,Gap Naive,Obj. Naive,Obj. LR (UB),"Obj. LR (LB),",Gap,Time Naive,Time LR,Final Lambda,LB Heuristic,BBP,Best iter,Lambda best iter,Gamma best iter
600.0,0.05,1.0,10.0,0.0,0.12966,0.14484,245.28541,284.61227,276.78818,0.12966,4241.0,2181.0,174.4462,247.70851,0.0,1.0,0.4462,-570.0
600.0,0.05,2.0,3.0,0.0,0.12738,0.14484,245.28541,283.86898,276.78818,0.12738,4241.0,4213.0,200.4462,247.70851,0.0,3.0,0.4462,-570.0
600.0,0.05,3.0,10.0,0.0,0.12965,0.14484,245.28541,284.60855,276.78818,0.12965,4241.0,2183.0,456.15724,247.70851,0.0,1.0,0.4462,-570.0
600.0,0.05,4.0,10.0,0.0,0.12965,0.14484,245.28541,284.60855,276.78818,0.12965,4241.0,2184.0,449.81627,247.70851,0.0,1.0,0.4462,-570.0
600.0,0.05,5.0,10.0,0.0,0.12966,0.14484,245.28541,284.61227,276.78818,0.12966,4241.0,2372.0,0.0,247.70851,0.0,1.0,0.4462,-570.0
600.0,0.05,6.0,2.0,0.0,0.12757,0.14484,245.28541,283.92816,265.32443,0.12757,4241.0,4205.0,0.0,247.70851,0.0,2.0,0.57568,24.0
