,Omega,Tolerance,Step Size Rule,Iterations,Converged?,Gap LR,Gap Naive,Obj. Naive,Obj. LR,Gap,Time Naive,Time LR,Final Lambda,LB Heuristic,IR,AP
0,100.0,0.03,1.0,10.0,0.0,0.01808,0.00851,276.63269,281.72562,0.01808,214.0,372.0,43.51752,276.63269,-271.95576,-275.78359
1,100.0,0.03,2.0,10.0,0.0,0.01808,0.00851,276.63269,281.72562,0.01808,214.0,767.0,0.0,276.63269,-271.95576,-275.78359
2,100.0,0.03,3.0,10.0,0.0,0.01808,0.00851,276.63269,281.72562,0.01808,214.0,327.0,63.5711,276.63269,-271.95576,-275.78359
3,100.0,0.03,4.0,10.0,0.0,0.01808,0.00851,276.63269,281.72562,0.01808,214.0,350.0,58.64768,276.63269,-271.95576,-275.78359
4,100.0,0.03,5.0,10.0,0.0,0.01808,0.00851,276.63269,281.72562,0.01808,214.0,607.0,1.99681,276.63269,-271.95576,-275.78359
5,100.0,0.03,6.0,10.0,0.0,0.01727,0.00851,276.63269,281.49436,0.01727,214.0,1012.0,2.61255,276.63269,-271.95576,-275.78359
