"Omega","Tolerance","Step Size Rule","Iterations","Converged?","Gap LR","Gap Naive","Obj. Naive","Obj. LR","Gap","Time Naive","Time LR","Final Lambda","LB Heuristic"
600.00000,0.05000,1.00000,3.00000,0.00000,0.34047,0.97016,383.68910,5901.81391,0.34047,4204.00000,4445.00000,436.71563,3892.44272
600.00000,0.05000,2.00000,3.00000,0.00000,0.46807,0.97016,383.68910,7317.56579,0.46807,4204.00000,2539.00000,124.92997,3892.44272
600.00000,0.05000,3.00000,3.00000,0.00000,0.51153,0.97016,383.68910,7968.65995,0.51153,4204.00000,4373.00000,513.53563,3892.44272
600.00000,0.05000,4.00000,3.00000,0.00000,0.46887,0.97016,383.68910,7328.60056,0.46887,4204.00000,4395.00000,491.36598,3892.44272
600.00000,0.05000,5.00000,3.00000,0.00000,0.48677,0.97016,383.68910,7584.17042,0.48677,4204.00000,2506.00000,121.35994,3892.44272
600.00000,0.05000,6.00000,3.00000,0.00000,0.51153,0.97016,383.68910,7968.65995,0.51153,4204.00000,4374.00000,0.00000,3892.44272
