"Omega","Tolerance","Step Size Rule","Iterations","Converged?","Gap LR","Gap Naive","Obj. Naive","Obj. LR","Gap","Time Naive","Time LR","Final Lambda","LB Heuristic"
600.00000,0.05000,1.00000,2.00000,0.00000,0.56802,1.00000,383.68910,10806.43133,0.56802,4235.00000,4252.00000,444.83563,4668.15265
600.00000,0.05000,2.00000,2.00000,0.00000,0.55988,1.00000,383.68910,10606.43133,0.55988,4235.00000,4250.00000,132.33738,4668.15265
600.00000,0.05000,3.00000,2.00000,0.00000,0.56802,1.00000,383.68910,10806.43133,0.56802,4235.00000,4249.00000,679.13563,4668.15265
600.00000,0.05000,4.00000,2.00000,0.00000,0.56802,1.00000,383.68910,10806.43133,0.56802,4235.00000,4249.00000,680.42242,4668.15265
600.00000,0.05000,5.00000,2.00000,0.00000,0.55569,1.00000,383.68910,10506.43133,0.55569,4235.00000,4237.00000,132.42510,4668.15265
600.00000,0.05000,6.00000,2.00000,0.00000,0.48574,1.00000,383.68910,9077.36127,0.48574,4235.00000,4228.00000,0.00000,4668.15265
