Omega,Tolerance,Step Size Rule,Iterations,Converged?,Gap LR,Gap Naive,Obj. Naive,Obj. LR,Gap,Time Naive,Time LR,Final Lambda,LB Heuristic
900.0,0.07,1.0,10.0,0.0,0.07951,1.0,242.73486,271.01149,0.07951,4251.0,2232.0,193.14,249.46415
900.0,0.07,2.0,3.0,0.0,0.07951,1.0,242.73486,271.01149,0.07951,4251.0,3446.0,0.4779,249.46415
900.0,0.07,3.0,10.0,0.0,0.07951,1.0,242.73486,271.01149,0.07951,4251.0,2232.0,434.99318,249.46415
900.0,0.07,4.0,7.0,0.0,0.05034,1.0,242.73486,262.68757,0.05034,4251.0,2256.0,446.26945,249.46415
900.0,0.07,5.0,3.0,0.0,0.05034,1.0,242.73486,262.68757,0.05034,4251.0,2711.0,0.29869,249.46415
900.0,0.07,6.0,3.0,0.0,0.05034,1.0,242.73486,262.68757,0.05034,4251.0,4297.0,0.0,249.46415
,,,,,,,,,,,,,0.0
,,,,,,,,,,,,,0.0
