Omega,Tolerance,Step Size Rule,Iterations,Converged?,Gap LR,Gap Naive,Obj. Naive,Obj. LR,Gap,Time Naive,Time LR,Final Lambda,LB Heuristic
900.0,0.07,1.0,10.0,0.0,0.07951,1.0,242.73486,271.01149,0.07951,4251.0,2232.0,193.14,249.46415
900.0,0.07,2.0,3.0,0.0,0.07951,1.0,242.73486,271.01149,0.07951,4251.0,3446.0,0.4779,249.46415
900.0,0.07,3.0,10.0,0.0,0.07951,1.0,242.73486,271.01149,0.07951,4251.0,2232.0,434.99318,249.46415
900.0,0.07,4.0,1.0,1.0,0.0,1.0,242.73486,249.46415,0.0,4251.0,2122.0,0.30565,249.46415
900.0,0.07,5.0,1.0,1.0,0.0,1.0,242.73486,249.46415,0.0,4251.0,2127.0,0.30565,249.46415
900.0,0.07,6.0,1.0,1.0,0.0,1.0,242.73486,249.46415,0.0,4251.0,2128.0,0.30565,249.46415
