Omega,Tolerance,Step Size Rule,Iterations,Converged?,Gap LR,Gap Naive,Obj. Naive,Obj. LR (UB),"Obj. LR (LB),",Gap,Time Naive,Time LR,Final Lambda,LB Heuristic,BBP,Best iter,Lambda best iter,Gamma best iter
900.0,0.05,1.0,2.0,0.0,0.58111,0.64596,4540.11717,13033.25062,10331.23636,0.58111,4202.0,4205.0,558.29648,5459.52697,0.0,1.0,88.49648,-855.0
900.0,0.05,2.0,2.0,0.0,0.58111,0.64596,4540.11717,13033.25062,10331.23636,0.58111,4202.0,4203.0,88.49648,5459.52697,0.0,1.0,88.49648,-855.0
900.0,0.05,3.0,2.0,0.0,0.58111,0.64596,4540.11717,13033.25062,10331.23636,0.58111,4202.0,4203.0,909.74648,5459.52697,0.0,1.0,88.49648,-855.0
900.0,0.05,4.0,2.0,0.0,0.58111,0.64596,4540.11717,13033.25062,10331.23636,0.58111,4202.0,4209.0,911.67667,5459.52697,0.0,1.0,88.49648,-855.0
900.0,0.05,5.0,2.0,0.0,0.58111,0.64596,4540.11717,13033.25062,10331.23636,0.58111,4202.0,4203.0,238.49648,5459.52697,0.0,1.0,88.49648,-855.0
900.0,0.05,6.0,2.0,0.0,0.58111,0.64596,4540.11717,13033.25062,10331.23636,0.58111,4202.0,4203.0,0.0,5459.52697,0.0,1.0,88.49648,-855.0
