,Omega,Tolerance,Step Size Rule,Iterations,Converged?,Gap LR,Gap Naive,Obj. Naive,Obj. LR,Gap,Time Naive,Time LR,Final Lambda,LB Heuristic,IR,AP
0,900.0,0.05,1.0,2.0,0.0,0.62526,0.64596,4540.11717,10331.23636,0.56054,4202.0,4208.0,558.29648,3871.54154,5459.51932,5086.83544
1,900.0,0.05,2.0,2.0,0.0,0.50795,0.64596,4540.11717,10331.23636,0.50795,4202.0,4202.0,88.49648,5083.5039,5459.51932,5086.83544
2,900.0,0.05,3.0,2.0,0.0,0.62526,0.64596,4540.11717,10331.23636,0.56054,4202.0,4208.0,909.74648,3871.54154,5459.51932,5086.83544
3,900.0,0.05,4.0,2.0,0.0,0.62526,0.64596,4540.11717,10331.23636,0.56054,4202.0,4206.0,911.67667,3871.54154,5459.51932,5086.83544
4,900.0,0.05,5.0,2.0,0.0,0.50795,0.64596,4540.11717,10331.23636,0.50795,4202.0,4206.0,238.49648,5083.5039,5459.51932,5086.83544
5,900.0,0.05,6.0,2.0,0.0,0.56518,0.64596,4540.11717,8903.80685,0.49009,4202.0,4204.0,0.0,3871.54154,5459.51932,5086.83544
