"Omega","Tolerance","Step Size Rule","Iterations","Converged?","Gap LR","Gap Naive","Obj. Naive","Obj. LR","Gap","Time Naive","Time LR","Final Lambda","LB Heuristic"
900.00000,0.07000,1.00000,1.00000,1.00000,0.00000,0.15909,246.92225,246.92225,0.00000,4315.00000,2186.00000,0.30633,246.92225
900.00000,0.07000,2.00000,1.00000,1.00000,0.00000,0.15909,246.92225,246.92225,0.00000,4315.00000,2176.00000,0.30633,246.92225
900.00000,0.07000,3.00000,1.00000,1.00000,0.00000,0.15909,246.92225,246.92225,0.00000,4315.00000,2177.00000,0.30633,246.92225
900.00000,0.07000,4.00000,1.00000,1.00000,0.00000,0.15909,246.92225,246.92225,0.00000,4315.00000,2175.00000,0.30633,246.92225
900.00000,0.07000,5.00000,1.00000,1.00000,0.00000,0.15909,246.92225,246.92225,0.00000,4315.00000,2171.00000,0.30633,246.92225
900.00000,0.07000,6.00000,1.00000,1.00000,0.00000,0.15909,246.92225,246.92225,0.00000,4315.00000,2156.00000,0.30633,246.92225
