"Omega","Tolerance","Step Size Rule","Iterations","Converged?","Gap LR","Gap Naive","Obj. Naive","Obj. LR","Gap","Time Naive","Time LR","Final Lambda","LB Heuristic"
600.00000,0.01000,1.00000,2.00000,0.00000,0.17299,0.56743,4271.65854,4891.83973,0.12678,4279.00000,4309.00000,138.82611,4045.59400
600.00000,0.01000,2.00000,2.00000,0.00000,0.17627,0.56743,4271.65854,4911.33973,0.13025,4279.00000,2556.00000,104.96281,4045.59400
600.00000,0.01000,3.00000,2.00000,0.00000,0.19888,0.56743,4271.65854,5049.90600,0.15411,4279.00000,4366.00000,134.12611,4045.59400
600.00000,0.01000,4.00000,2.00000,0.00000,0.19930,0.56743,4271.65854,5052.56312,0.15456,4279.00000,4395.00000,134.38347,4045.59400
600.00000,0.01000,5.00000,2.00000,0.00000,0.20444,0.56743,4271.65854,5085.22979,0.15999,4279.00000,2629.00000,94.87864,4045.59400
600.00000,0.01000,6.00000,2.00000,0.00000,0.19888,0.56743,4271.65854,5049.90600,0.15411,4279.00000,2559.00000,274.73531,4045.59400
