"Omega","Tolerance","Step Size Rule","Iterations","Converged?","Gap LR","Gap Naive","Obj. Naive","Obj. LR","Gap","Time Naive","Time LR","Final Lambda","LB Heuristic"
600.00000,0.01000,1.00000,2.00000,0.00000,0.07859,0.86029,1339.84516,4131.95669,0.07859,4207.00000,4213.00000,141.14611,3807.22697
600.00000,0.01000,2.00000,3.00000,0.00000,0.24109,0.86029,1339.84516,5016.72722,0.24109,4207.00000,2470.00000,111.96618,3807.22697
600.00000,0.01000,3.00000,2.00000,0.00000,0.14979,0.86029,1339.84516,4477.96877,0.14979,4207.00000,4219.00000,135.12611,3807.22697
600.00000,0.01000,4.00000,2.00000,0.00000,0.16685,0.86029,1339.84516,4569.68982,0.16685,4207.00000,4218.00000,135.79768,3807.22697
600.00000,0.01000,5.00000,3.00000,0.00000,0.18814,0.86029,1339.84516,4689.52058,0.18814,4207.00000,2493.00000,70.04699,3807.22697
600.00000,0.01000,6.00000,3.00000,0.00000,0.15492,0.86029,1339.84516,4505.17220,0.15492,4207.00000,4380.00000,14.79678,3807.22697
