"Omega","Tolerance","Step Size Rule","Iterations","Converged?","Gap LR","Gap Naive","Obj. Naive","Obj. LR","Gap","Time Naive","Time LR","Final Lambda","LB Heuristic"
600.00000,0.01000,1.00000,2.00000,0.00000,3.23778,0.63968,3550.37926,-1816.80119,3.23778,4232.00000,4260.00000,485.66611,4065.59400
600.00000,0.01000,2.00000,2.00000,0.00000,3.01586,0.63968,3550.37926,-2016.80119,3.01586,4232.00000,4246.00000,145.29951,4065.59400
600.00000,0.01000,3.00000,2.00000,0.00000,3.23778,0.63968,3550.37926,-1816.80119,3.23778,4232.00000,4258.00000,734.12611,4065.59400
600.00000,0.01000,4.00000,2.00000,0.00000,3.23778,0.63968,3550.37926,-1816.80119,3.23778,4232.00000,4280.00000,734.38347,4065.59400
600.00000,0.01000,5.00000,2.00000,0.00000,-0.23154,0.63968,3550.37926,3301.24067,-0.23154,4232.00000,2734.00000,94.87864,4065.59400
600.00000,0.01000,6.00000,2.00000,0.00000,-0.23154,0.63968,3550.37926,3301.24067,-0.23154,4232.00000,4237.00000,5.75275,4065.59400
