,Omega,Tolerance,Step Size Rule,Iterations,Converged?,Gap LR,Gap Naive,Obj. Naive,Obj. LR,Gap,Time Naive,Time LR,Final Lambda,LB Heuristic,IR,AP
0,600.0,0.01,1.0,2.0,0.0,0.01388,0.08719,242.86644,249.54281,0.01388,4237.0,2593.0,344.52,246.07828,-235.59936,0.0
1,600.0,0.01,2.0,2.0,0.0,0.01388,0.08719,242.86644,249.54281,0.01388,4237.0,2615.0,0.3367,246.07828,-235.59936,0.0
2,600.0,0.01,3.0,2.0,0.0,0.01388,0.08719,242.86644,249.54281,0.01388,4237.0,2581.0,445.5,246.07828,-235.59936,0.0
3,600.0,0.01,4.0,2.0,0.0,0.01388,0.08719,242.86644,249.54281,0.01388,4237.0,2592.0,420.02143,246.07828,-235.59936,0.0
4,600.0,0.01,5.0,2.0,0.0,0.01388,0.08719,242.86644,249.54281,0.01388,4237.0,2621.0,0.25253,246.07828,-235.59936,0.0
5,600.0,0.01,6.0,2.0,0.0,0.01388,0.08719,242.86644,249.54281,0.01388,4237.0,2844.0,0.73423,246.07828,-235.59936,0.0
