Omega,Tolerance,Step Size Rule,Iterations,Converged?,Gap LR,Gap Naive,Obj. Naive,Obj. LR,Gap,Time Naive,Time LR,Final Lambda,LB Heuristic
600.0,0.03,1.0,2.0,0.0,0.44992,0.73072,1993.3461,6728.06527,0.44992,4204.0,4202.0,461.89492,3701.00696
600.0,0.03,2.0,2.0,0.0,0.43306,0.73072,1993.3461,6528.06527,0.43306,4204.0,4202.0,135.4622,3701.00696
600.0,0.03,2.0,2.0,0.0,0.43306,0.73072,1993.3461,6528.06527,0.43306,4204.0,4200.0,135.4622,3701.00696
600.0,0.03,4.0,2.0,0.0,0.44992,0.73072,1993.3461,6728.06527,0.44992,4204.0,4202.0,704.04699,3701.00696
600.0,0.03,5.0,2.0,0.0,0.42424,0.73072,1993.3461,6428.06527,0.42424,4204.0,4201.0,135.54811,3701.00696
600.0,0.03,6.0,2.0,0.0,0.44992,0.73072,1993.3461,6728.06527,0.44992,4204.0,4202.0,0.0,3701.00696
