Omega,Tolerance,Step Size Rule,Iterations,Converged?,Gap LR,Gap Naive,Obj. Naive,Obj. LR,Gap,Time Naive,Time LR,Final Lambda,LB Heuristic
100.0,0.03,1.0,10.0,0.0,0.02716,0.0,281.43983,287.80288,0.02211,350.0,325.0,43.35776,279.98574
100.0,0.03,2.0,10.0,0.0,0.02716,0.0,281.43983,287.80288,0.02211,350.0,658.0,4.12371,279.98574
100.0,0.03,3.0,10.0,0.0,0.02716,0.0,281.43983,287.80288,0.02211,350.0,310.0,88.32886,279.98574
100.0,0.03,4.0,10.0,0.0,0.02716,0.0,281.43983,287.80288,0.02211,350.0,325.0,87.69476,279.98574
100.0,0.03,5.0,10.0,0.0,0.02375,0.0,281.43983,286.79573,0.01867,350.0,576.0,1.03952,279.98574
100.0,0.03,6.0,10.0,0.0,0.02272,0.0,281.43983,286.49634,0.01765,350.0,1087.0,2.43143,279.98574
,,,,,,,,,,,,,0.0
,,,,,,,,,,,,,-232.03797
