"Omega","Tolerance","Step Size Rule","Iterations","Converged?","Gap LR","Gap Naive","Obj. Naive","Obj. LR","Gap","Time Naive","Time LR","Final Lambda","LB Heuristic"
100.00000,0.03000,1.00000,10.00000,0.00000,0.02716,0.00000,281.43983,287.80288,0.02211,390.00000,336.00000,43.35776,279.98574
100.00000,0.03000,2.00000,10.00000,0.00000,0.02716,0.00000,281.43983,287.80288,0.02211,390.00000,1199.00000,4.12371,279.98574
100.00000,0.03000,3.00000,10.00000,0.00000,0.02716,0.00000,281.43983,287.80288,0.02211,390.00000,599.00000,88.32886,279.98574
100.00000,0.03000,4.00000,10.00000,0.00000,0.02716,0.00000,281.43983,287.80288,0.02211,390.00000,576.00000,87.69476,279.98574
100.00000,0.03000,5.00000,10.00000,0.00000,0.02375,0.00000,281.43983,286.79573,0.01867,390.00000,1135.00000,1.03952,279.98574
100.00000,0.03000,6.00000,10.00000,0.00000,0.02272,0.00000,281.43983,286.49634,0.01765,390.00000,1821.00000,2.43143,279.98574
