Omega,Tolerance,Step Size Rule,Iterations,Converged?,Gap LR,Gap Naive,Obj. Naive,Obj. LR,Gap,Time Naive,Time LR,Final Lambda,LB Heuristic
900.0,0.03,1.0,1.0,1.0,0.0,1.0,240.56914,247.7459,0.0,4251.0,2154.0,0.36772,247.7459
900.0,0.03,2.0,1.0,1.0,0.0,1.0,240.56914,247.7459,0.0,4251.0,2160.0,0.36772,247.7459
900.0,0.03,3.0,1.0,1.0,0.0,1.0,240.56914,247.7459,0.0,4251.0,2154.0,0.36772,247.7459
900.0,0.03,4.0,1.0,1.0,0.0,1.0,240.56914,247.7459,0.0,4251.0,2167.0,0.36772,247.7459
900.0,0.03,5.0,1.0,1.0,0.0,1.0,240.56914,247.7459,0.0,4251.0,2167.0,0.36772,247.7459
900.0,0.03,6.0,1.0,1.0,0.0,1.0,240.56914,247.7459,0.0,4251.0,2160.0,0.36772,247.7459
