"Omega","Tolerance","Step Size Rule","Iterations","Converged?","Gap LR","Gap Naive","Obj. Naive","Obj. LR","Gap","Time Naive","Time LR","Final Lambda","LB Heuristic"
900.00000,0.03000,1.00000,1.00000,1.00000,0.00000,0.11614,247.74590,247.74590,0.00000,4299.00000,2195.00000,0.36772,247.74590
900.00000,0.03000,2.00000,1.00000,1.00000,0.00000,0.11614,247.74590,247.74590,0.00000,4299.00000,2186.00000,0.36772,247.74590
900.00000,0.03000,3.00000,1.00000,1.00000,0.00000,0.11614,247.74590,247.74590,0.00000,4299.00000,2167.00000,0.36772,247.74590
900.00000,0.03000,4.00000,1.00000,1.00000,0.00000,0.11614,247.74590,247.74590,0.00000,4299.00000,2160.00000,0.36772,247.74590
900.00000,0.03000,5.00000,1.00000,1.00000,0.00000,0.11614,247.74590,247.74590,0.00000,4299.00000,2164.00000,0.36772,247.74590
900.00000,0.03000,6.00000,1.00000,1.00000,0.00000,0.11614,247.74590,247.74590,0.00000,4299.00000,2156.00000,0.36772,247.74590
