"Omega","Tolerance","Step Size Rule","Iterations","Converged?","Gap LR","Gap Naive","Obj. Naive","Obj. LR","Gap","Time Naive","Time LR","Final Lambda","LB Heuristic"
900.00000,0.03000,1.00000,1.00000,1.00000,0.00000,0.12944,243.95169,243.95169,0.00000,4289.00000,2172.00000,0.36864,243.95169
900.00000,0.03000,2.00000,1.00000,1.00000,0.00000,0.12944,243.95169,243.95169,0.00000,4289.00000,2177.00000,0.36864,243.95169
900.00000,0.03000,3.00000,1.00000,1.00000,0.00000,0.12944,243.95169,243.95169,0.00000,4289.00000,2160.00000,0.36864,243.95169
900.00000,0.03000,4.00000,1.00000,1.00000,0.00000,0.12944,243.95169,243.95169,0.00000,4289.00000,2168.00000,0.36864,243.95169
900.00000,0.03000,5.00000,1.00000,1.00000,0.00000,0.12944,243.95169,243.95169,0.00000,4289.00000,2159.00000,0.36864,243.95169
900.00000,0.03000,6.00000,1.00000,1.00000,0.00000,0.12944,243.95169,243.95169,0.00000,4289.00000,2156.00000,0.36864,243.95169
