Omega,Tolerance,Step Size Rule,Iterations,Converged?,Gap LR,Gap Naive,Obj. Naive,Obj. LR (UB),"Obj. LR (LB),",Gap,Time Naive,Time LR,Final Lambda,LB Heuristic,BBP,Best iter,Lambda best iter,Gamma best iter
100.0,0.05,1.0,5.0,0.0,0.48223,0.42756,6498.88603,11145.38765,9883.30143,0.4169,4203.0,51571.0,838.71661,5770.80213,0.0,5.0,841.61661,5.0
100.0,0.05,2.0,2.0,0.0,0.51581,0.42756,6498.88603,11918.56253,11918.56253,0.45473,4203.0,3673.0,795.21661,5770.80213,0.0,1.0,795.21661,-95.0
100.0,0.05,3.0,5.0,0.0,0.47641,0.42756,6498.88603,11021.60733,10080.05143,0.41035,4203.0,51576.0,878.82376,5770.80213,0.0,5.0,880.96661,5.0
100.0,0.05,4.0,5.0,0.0,0.4776,0.42756,6498.88603,11046.75396,10081.69,0.41169,4203.0,51568.0,879.05826,5770.80213,0.0,5.0,881.29433,5.0
100.0,0.05,5.0,6.0,0.0,0.48816,0.42756,6498.88603,11274.58525,9900.79003,0.42358,4203.0,51568.0,780.21661,5770.80213,0.0,4.0,845.21661,5.0
100.0,0.05,6.0,8.0,0.0,0.47741,0.42756,6498.88603,11042.68336,9974.86776,0.41148,4203.0,51559.0,0.0,5770.80213,0.0,8.0,859.92988,5.0
