Omega,Tolerance,Step Size Rule,Iterations,Converged?,Gap LR,Gap Naive,Obj. Naive,Obj. LR (UB),"Obj. LR (LB),",Gap,Time Naive,Time LR,Final Lambda,LB Heuristic,BBP,Best iter,Lambda best iter,Gamma best iter
100.0,0.05,1.0,2.0,0.0,0.51318,0.42756,6498.88603,11854.03762,9901.35892,0.45176,4203.0,3679.0,847.41661,5770.80213,0.0,2.0,850.31661,5.0
100.0,0.05,2.0,2.0,0.0,0.51581,0.42756,6498.88603,11918.56253,11918.56253,0.45473,4203.0,3673.0,795.21661,5770.80213,0.0,1.0,795.21661,-95.0
100.0,0.05,3.0,2.0,0.0,0.51581,0.42756,6498.88603,11918.56253,11918.56253,0.45473,4203.0,3677.0,886.46661,5770.80213,0.0,1.0,795.21661,-95.0
100.0,0.05,4.0,2.0,0.0,0.51581,0.42756,6498.88603,11918.56253,11918.56253,0.45473,4203.0,3677.0,886.68108,5770.80213,0.0,1.0,795.21661,-95.0
100.0,0.05,5.0,2.0,0.0,0.51581,0.42756,6498.88603,11918.56253,11918.56253,0.45473,4203.0,3677.0,945.21661,5770.80213,0.0,1.0,795.21661,-95.0
100.0,0.05,6.0,2.0,0.0,0.51581,0.42756,6498.88603,11918.56253,11918.56253,0.45473,4203.0,3683.0,0.0,5770.80213,0.0,1.0,795.21661,-95.0
