,Omega,Tolerance,Step Size Rule,Iterations,Converged?,Gap LR,Gap Naive,Obj. Naive,Obj. LR,Gap,Time Naive,Time LR,Final Lambda,LB Heuristic,IR,AP
0,100.0,0.05,1.0,2.0,0.0,0.57943,0.42756,6498.88603,9901.35892,0.34364,4203.0,3669.0,847.41661,4164.22737,5770.80288,5444.15096
1,100.0,0.05,2.0,2.0,0.0,0.48662,0.42756,6498.88603,10604.55858,0.38716,4203.0,3672.0,795.21661,5444.1394,5770.80288,5444.15096
2,100.0,0.05,3.0,2.0,0.0,0.58875,0.42756,6498.88603,10125.79003,0.35818,4203.0,3670.0,886.46661,4164.22737,5770.80288,5444.15096
3,100.0,0.05,4.0,2.0,0.0,0.58875,0.42756,6498.88603,10125.79003,0.35818,4203.0,3668.0,886.68108,4164.22737,5770.80288,5444.15096
4,100.0,0.05,5.0,2.0,0.0,0.5115,0.42756,6498.88603,11144.57931,0.41686,4203.0,3662.0,945.21661,5444.1394,5770.80288,5444.15096
5,100.0,0.05,6.0,2.0,0.0,0.6021,0.42756,6498.88603,10465.5324,0.37902,4203.0,3676.0,0.0,4164.22737,5770.80288,5444.15096
