Omega,Tolerance,Step Size Rule,Iterations,Converged?,Gap LR,Gap Naive,Obj. Naive,Obj. LR,Gap,Time Naive,Time LR,Final Lambda,LB Heuristic
100.0,0.05,1.0,2.0,0.0,0.57943,0.42756,6498.88603,9901.35892,0.34364,4203.0,3669.0,847.41661,4164.22737
100.0,0.05,2.0,2.0,0.0,0.64465,0.42756,6498.88603,11718.56253,0.44542,4203.0,3663.0,799.42714,4164.22737
100.0,0.05,3.0,2.0,0.0,0.58875,0.42756,6498.88603,10125.79003,0.35818,4203.0,3670.0,886.46661,4164.22737
100.0,0.05,4.0,2.0,0.0,0.58875,0.42756,6498.88603,10125.79003,0.35818,4203.0,3668.0,886.68108,4164.22737
100.0,0.05,5.0,2.0,0.0,0.64159,0.42756,6498.88603,11618.56253,0.44065,4203.0,3653.0,799.95345,4164.22737
100.0,0.05,6.0,2.0,0.0,0.6021,0.42756,6498.88603,10465.5324,0.37902,4203.0,3676.0,0.0,4164.22737
,,,,,,,,,,,,,5770.80288
,,,,,,,,,,,,,5444.15096
