Omega,Tolerance,Step Size Rule,Iterations,Converged?,Gap LR,Gap Naive,Obj. Naive,Obj. LR,Gap,Time Naive,Time LR,Final Lambda,LB Heuristic
900.0,0.01,1.0,2.0,0.0,0.01356,0.09674,239.86993,247.36108,0.01356,4249.0,2418.0,516.78,244.00707
900.0,0.01,2.0,2.0,0.0,0.01356,0.09674,239.86993,247.36108,0.01356,4249.0,2417.0,0.22447,244.00707
900.0,0.01,3.0,2.0,0.0,0.01356,0.09674,239.86993,247.36108,0.01356,4249.0,2369.0,668.25,244.00707
900.0,0.01,4.0,2.0,0.0,0.01356,0.09674,239.86993,247.36108,0.01356,4249.0,2405.0,630.03214,244.00707
900.0,0.01,5.0,2.0,0.0,0.01356,0.09674,239.86993,247.36108,0.01356,4249.0,2342.0,0.16835,244.00707
900.0,0.01,6.0,2.0,0.0,0.01356,0.09674,239.86993,247.36108,0.01356,4249.0,2682.0,0.47626,244.00707
,,,,,,,,,,,,,0.0
,,,,,,,,,,,,,0.0
