"Omega","Tolerance","Step Size Rule","Iterations","Converged?","Gap LR","Gap Naive","Obj. Naive","Obj. LR","Gap","Time Naive","Time LR","Final Lambda","LB Heuristic"
600.00000,0.07000,1.00000,2.00000,0.00000,0.11562,0.84705,2203.03440,4795.26163,0.11562,4205.00000,2447.00000,450.94211,4240.83692
600.00000,0.07000,2.00000,3.00000,0.00000,0.51714,0.84705,2203.03440,8782.83328,0.51714,4205.00000,2603.00000,127.25355,4240.83692
600.00000,0.07000,3.00000,3.00000,0.00000,0.51714,0.84705,2203.03440,8782.83328,0.51714,4205.00000,4429.00000,490.04211,4240.83692
600.00000,0.07000,4.00000,3.00000,0.00000,0.51457,0.84705,2203.03440,8736.32016,0.51457,4205.00000,4429.00000,465.25898,4240.83692
600.00000,0.07000,5.00000,3.00000,0.00000,0.52983,0.84705,2203.03440,9019.78747,0.52983,4205.00000,2472.00000,124.49540,4240.83692
600.00000,0.07000,6.00000,3.00000,0.00000,0.51714,0.84705,2203.03440,8782.83328,0.51714,4205.00000,4383.00000,14.12407,4240.83692
