"Omega","Tolerance","Step Size Rule","Iterations","Converged?","Gap LR","Gap Naive","Obj. Naive","Obj. LR","Gap","Time Naive","Time LR","Final Lambda","LB Heuristic"
600.00000,0.07000,1.00000,2.00000,0.00000,0.63476,1.00000,341.70141,12793.85830,0.63476,4229.00000,4247.00000,431.22211,4672.87000
600.00000,0.07000,2.00000,2.00000,0.00000,0.62896,1.00000,341.70141,12593.85830,0.62896,4229.00000,4244.00000,132.65896,4672.87000
600.00000,0.07000,3.00000,2.00000,0.00000,0.63476,1.00000,341.70141,12793.85830,0.63476,4229.00000,4277.00000,658.44211,4672.87000
600.00000,0.07000,4.00000,2.00000,0.00000,0.63476,1.00000,341.70141,12793.85830,0.63476,4229.00000,4304.00000,660.24363,4672.87000
600.00000,0.07000,5.00000,2.00000,0.00000,0.62599,1.00000,341.70141,12493.85830,0.62599,4229.00000,4243.00000,132.74856,4672.87000
600.00000,0.07000,6.00000,2.00000,0.00000,0.57411,1.00000,341.70141,10971.93061,0.57411,4229.00000,4224.00000,0.00000,4672.87000
