"Omega","Tolerance","Step Size Rule","Iterations","Converged?","Gap LR","Gap Naive","Obj. Naive","Obj. LR","Gap","Time Naive","Time LR","Final Lambda","LB Heuristic"
600.00000,0.07000,1.00000,2.00000,0.00000,0.64915,0.69393,4488.75237,12793.85830,0.64915,4281.00000,4321.00000,431.22211,4488.75237
600.00000,0.07000,2.00000,2.00000,0.00000,0.64358,0.69393,4488.75237,12593.85830,0.64358,4281.00000,4316.00000,132.65896,4488.75237
600.00000,0.07000,3.00000,2.00000,0.00000,0.64915,0.69393,4488.75237,12793.85830,0.64915,4281.00000,4336.00000,658.44211,4488.75237
600.00000,0.07000,4.00000,2.00000,0.00000,0.64915,0.69393,4488.75237,12793.85830,0.64915,4281.00000,4326.00000,660.24363,4488.75237
600.00000,0.07000,5.00000,2.00000,0.00000,0.64072,0.69393,4488.75237,12493.85830,0.64072,4281.00000,4303.00000,132.74856,4488.75237
600.00000,0.07000,6.00000,2.00000,0.00000,0.56754,0.69393,4488.75237,10379.69709,0.56754,4281.00000,4259.00000,0.00000,4488.75237
