"Omega","Tolerance","Step Size Rule","Iterations","Converged?","Gap LR","Gap Naive","Obj. Naive","Obj. LR","Gap","Time Naive","Time LR","Final Lambda","LB Heuristic"
600.00000,0.07000,1.00000,1.00000,1.00000,0.00000,0.15318,248.66136,248.66136,0.00000,4263.00000,2148.00000,0.46096,248.66136
600.00000,0.07000,2.00000,1.00000,1.00000,0.00000,0.15318,248.66136,248.66136,0.00000,4263.00000,2143.00000,0.46096,248.66136
600.00000,0.07000,3.00000,2.00000,0.00000,0.04518,0.15318,248.66136,260.42851,0.04518,4263.00000,2658.00000,418.50000,248.66136
600.00000,0.07000,4.00000,2.00000,0.00000,0.04518,0.15318,248.66136,260.42851,0.04518,4263.00000,2652.00000,394.56558,248.66136
600.00000,0.07000,5.00000,2.00000,0.00000,0.04518,0.15318,248.66136,260.42851,0.04518,4263.00000,2729.00000,0.26882,248.66136
600.00000,0.07000,6.00000,3.00000,0.00000,0.04518,0.15318,248.66136,260.42851,0.04518,4263.00000,4454.00000,0.02061,248.66136
