,Omega,Tolerance,Step Size Rule,Iterations,Converged?,Gap LR,Gap Naive,Obj. Naive,Obj. LR (UB),"Obj. LR (LB),",Gap,Time Naive,Time LR,Final Lambda,LB Heuristic,BBP,Best iter,Lambda best iter,Gamma best iter,Obj. LR,Time,QP,IR,AP
0,900.0,0.01,1.0,2.0,0.0,0.49068,0.54244,4367.56635,9739.61801,4592.76862,0.49068,4202.0,4204.0,85.95167,4960.60836,0.0,1.0,96.39167,9.0,,,-4499.244,-4960.60836,-4419.14872
1,900.0,0.01,2.0,3.0,0.0,0.49068,0.54244,4367.56635,9739.61801,4592.76862,0.49068,4202.0,4223.0,0.0,4960.60836,0.0,1.0,96.39167,9.0,,,-4499.244,-4960.60836,-4419.14872
2,900.0,0.01,3.0,2.0,0.0,0.49068,0.54244,4367.56635,9739.61801,4592.76862,0.49068,4202.0,4204.0,755.64167,4960.60836,0.0,1.0,96.39167,9.0,,,-4499.244,-4960.60836,-4419.14872
3,900.0,0.01,4.0,2.0,0.0,0.49068,0.54244,4367.56635,9739.61801,4592.76862,0.49068,4202.0,4208.0,717.42381,4960.60836,0.0,1.0,96.39167,9.0,,,-4499.244,-4960.60836,-4419.14872
4,900.0,0.01,5.0,3.0,0.0,0.49068,0.54244,4367.56635,9739.61801,4592.76862,0.49068,4202.0,4220.0,50.0,4960.60836,0.0,1.0,96.39167,9.0,,,-4499.244,-4960.60836,-4419.14872
5,900.0,0.01,6.0,3.0,0.0,0.49068,0.54244,4367.56635,9739.61801,4592.76862,0.49068,4202.0,4218.0,0.0,4960.60836,0.0,1.0,96.39167,9.0,,,-4499.244,-4960.60836,-4419.14872
