Omega,Tolerance,Step Size Rule,Iterations,Converged?,Gap LR,Gap Naive,Obj. Naive,Obj. LR,Gap,Time Naive,Time LR,Final Lambda,LB Heuristic
100.0,0.01,1.0,10.0,0.0,0.01167,0.00219,269.15581,272.43142,0.01167,70.0,928.0,4.82531,269.25283
100.0,0.01,2.0,10.0,0.0,0.01317,0.00219,269.15581,272.84552,0.01317,70.0,551.0,2.0202,269.25283
100.0,0.01,3.0,10.0,0.0,0.01153,0.00219,269.15581,272.39433,0.01153,70.0,875.0,4.94957,269.25283
100.0,0.01,4.0,10.0,0.0,0.01149,0.00219,269.15581,272.38126,0.01149,70.0,1006.0,4.90793,269.25283
100.0,0.01,5.0,10.0,0.0,0.01317,0.00219,269.15581,272.84552,0.01317,70.0,503.0,1.45142,269.25283
100.0,0.01,6.0,10.0,0.0,0.01185,0.00219,269.15581,272.48112,0.01185,70.0,1454.0,4.77903,269.25283
,,,,,,,,,,,,,0.0
,,,,,,,,,,,,,-232.50577
