Omega,Tolerance,Step Size Rule,Iterations,Converged?,Gap LR,Gap Naive,Obj. Naive,Obj. LR,Gap,Time Naive,Time LR,Final Lambda,LB Heuristic
100.0,0.01,1.0,10.0,0.0,0.01167,0.00219,269.15581,272.43142,0.01167,70.0,928.0,4.82531,269.25283
100.0,0.01,2.0,10.0,0.0,0.01317,0.00219,269.15581,272.84552,0.01317,70.0,551.0,2.0202,269.25283
100.0,0.01,3.0,1.0,1.0,UNDF,,,0.0,UNDF,,0.0,0.0,0.0
100.0,0.01,4.0,1.0,1.0,UNDF,,,0.0,UNDF,,0.0,0.0,0.0
100.0,0.01,5.0,1.0,1.0,UNDF,,,0.0,UNDF,,0.0,0.0,0.0
100.0,0.01,6.0,10.0,0.0,0.01185,0.00219,269.15581,272.48112,0.01185,70.0,1454.0,4.77903,269.25283
