Omega,Tolerance,Step Size Rule,Iterations,Converged?,Gap LR,Gap Naive,Obj. Naive,Obj. LR,Gap,Time Naive,Time LR,Final Lambda,LB Heuristic
600.0,0.03,1.0,2.0,0.0,0.42312,0.73314,1991.31543,6351.45221,0.42312,4210.0,4239.0,462.16264,3664.0457
600.0,0.03,2.0,2.0,0.0,0.40436,0.73314,1991.31543,6151.45221,0.40436,4210.0,4206.0,135.72993,3664.0457
600.0,0.03,3.0,2.0,0.0,0.42312,0.73314,1991.31543,6351.45221,0.42312,4210.0,4202.0,703.54264,3664.0457
600.0,0.03,4.0,2.0,0.0,0.42312,0.73314,1991.31543,6351.45221,0.42312,4210.0,4202.0,704.31472,3664.0457
600.0,0.03,5.0,2.0,0.0,0.39452,0.57437,4621.19716,6051.45221,0.23635,4201.0,4204.0,135.81584,3664.0457
600.0,0.03,6.0,2.0,0.0,0.42312,0.73314,1991.31543,6351.45221,0.42312,4210.0,4202.0,0.0,3664.0457
