Omega,Tolerance,Step Size Rule,Iterations,Converged?,Gap LR,Gap Naive,Obj. Naive,Obj. LR,Gap,Time Naive,Time LR,Final Lambda,LB Heuristic
900.0,0.03,1.0,2.0,0.0,0.48061,0.76291,2116.18538,7023.9152,0.48061,4203.0,4206.0,580.00766,3648.16225
900.0,0.03,2.0,2.0,0.0,0.46539,0.76291,2116.18538,6823.9152,0.46539,4203.0,4203.0,89.78585,3648.16225
900.0,0.03,3.0,2.0,0.0,0.48061,0.76291,2116.18538,7023.9152,0.48061,4203.0,4203.0,942.07766,3648.16225
900.0,0.03,4.0,2.0,0.0,0.48061,0.76291,2116.18538,7023.9152,0.48061,4203.0,4203.0,943.23578,3648.16225
900.0,0.03,5.0,2.0,0.0,0.45743,0.60886,4385.89664,6723.9152,0.34772,4202.0,4203.0,89.84313,3648.16225
900.0,0.03,6.0,2.0,0.0,0.47701,0.60886,4385.89664,6975.52405,0.37124,4202.0,4215.0,0.0,3648.16225
