,Omega,Tolerance,Step Size Rule,Iterations,Converged?,Gap LR,Gap Naive,Obj. Naive,Obj. LR,Gap,Time Naive,Time LR,Final Lambda,LB Heuristic,IR,AP
0,900.0,0.05,1.0,2.0,0.0,0.6356,0.65468,4423.11659,10684.1636,0.58601,4202.0,4205.0,557.65006,3893.31315,5653.53445,5298.12076
1,900.0,0.05,2.0,2.0,0.0,0.50411,0.65468,4423.11659,10684.1636,0.50411,4202.0,4204.0,87.85006,5298.13062,5653.53445,5298.12076
2,900.0,0.05,3.0,2.0,0.0,0.6356,0.65468,4423.11659,10684.1636,0.58601,4202.0,4207.0,909.10006,3893.31315,5653.53445,5298.12076
3,900.0,0.05,4.0,2.0,0.0,0.6356,0.65468,4423.11659,10684.1636,0.58601,4202.0,4205.0,911.03025,3893.31315,5653.53445,5298.12076
4,900.0,0.05,5.0,2.0,0.0,0.50411,0.65468,4423.11659,10684.1636,0.50411,4202.0,4207.0,237.85006,5298.13062,5653.53445,5298.12076
5,900.0,0.05,6.0,2.0,0.0,0.56273,0.65468,4423.11659,8903.75833,0.50323,4202.0,4205.0,0.0,3893.31315,5653.53445,5298.12076
