Omega,Tolerance,Step Size Rule,Iterations,Converged?,Gap LR,Gap Naive,Obj. Naive,Obj. LR,Gap,Time Naive,Time LR,Final Lambda,LB Heuristic
900.0,0.05,1.0,2.0,0.0,0.6356,0.65468,4423.11659,10684.1636,0.58601,4202.0,4205.0,557.65006,3893.31315
900.0,0.05,2.0,2.0,0.0,0.62865,0.65468,4423.11659,10484.1636,0.57811,4202.0,4204.0,88.31789,3893.31315
900.0,0.05,3.0,2.0,0.0,0.6356,0.65468,4423.11659,10684.1636,0.58601,4202.0,4207.0,909.10006,3893.31315
900.0,0.05,4.0,2.0,0.0,0.6356,0.65468,4423.11659,10684.1636,0.58601,4202.0,4205.0,911.03025,3893.31315
900.0,0.05,5.0,2.0,0.0,0.62507,0.65468,4423.11659,10384.1636,0.57405,4202.0,4205.0,88.37637,3893.31315
900.0,0.05,6.0,2.0,0.0,0.56273,0.65468,4423.11659,8903.75833,0.50323,4202.0,4205.0,0.0,3893.31315
,,,,,,,,,,,,,5653.53445
,,,,,,,,,,,,,5298.12076
