Omega,Tolerance,Step Size Rule,Iterations,Converged?,Gap LR,Gap Naive,Obj. Naive,Obj. LR (UB),"Obj. LR (LB),",Gap,Time Naive,Time LR,Final Lambda,LB Heuristic,BBP,Best iter,Lambda best iter,Gamma best iter
900.0,0.05,1.0,2.0,0.0,0.56547,0.65468,4423.11659,13015.77627,10684.1636,0.56547,4202.0,4205.0,557.65006,5655.77752,0.0,1.0,87.85006,-855.0
900.0,0.05,2.0,2.0,0.0,0.56547,0.65468,4423.11659,13015.77627,10684.1636,0.56547,4202.0,4204.0,87.85006,5655.77752,0.0,1.0,87.85006,-855.0
900.0,0.05,3.0,2.0,0.0,0.56547,0.65468,4423.11659,13015.77627,10684.1636,0.56547,4202.0,4204.0,909.10006,5655.77752,0.0,1.0,87.85006,-855.0
900.0,0.05,4.0,2.0,0.0,0.56594,0.65468,4423.11659,13030.00478,10684.1636,0.56594,4202.0,4202.0,911.03025,5655.77752,0.0,1.0,87.85006,-855.0
900.0,0.05,5.0,2.0,0.0,0.56594,0.65468,4423.11659,13030.00478,10684.1636,0.56594,4202.0,4202.0,237.85006,5655.77752,0.0,1.0,87.85006,-855.0
900.0,0.05,6.0,2.0,0.0,0.56594,0.65468,4423.11659,13030.00478,10684.1636,0.56594,4202.0,4204.0,0.0,5655.77752,0.0,1.0,87.85006,-855.0
