"Omega","Tolerance","Step Size Rule","Iterations","Converged?","Gap LR","Gap Naive","Obj. Naive","Obj. LR","Gap","Time Naive","Time LR","Final Lambda","LB Heuristic"
100.00000,0.01000,1.00000,2.00000,0.00000,0.09864,0.36310,5989.67056,6670.86299,0.09864,4214.00000,4236.00000,863.50542,6012.85670
100.00000,0.01000,2.00000,6.00000,0.00000,0.10727,0.36310,5989.67056,6735.33435,0.10727,4214.00000,2402.00000,674.76643,6012.85670
100.00000,0.01000,3.00000,2.00000,0.00000,0.09885,0.36310,5989.67056,6672.41394,0.09885,4214.00000,4249.00000,862.91542,6012.85670
100.00000,0.01000,4.00000,2.00000,0.00000,0.10246,0.36310,5989.67056,6699.26945,0.10246,4214.00000,4232.00000,862.95831,6012.85670
100.00000,0.01000,5.00000,7.00000,0.00000,0.10841,0.36310,5989.67056,6743.99328,0.10841,4214.00000,2434.00000,569.49226,6012.85670
100.00000,0.01000,6.00000,3.00000,0.00000,0.09885,0.36310,5989.67056,6672.41394,0.09885,4214.00000,4274.00000,267.88590,6012.85670
