Omega,Tolerance,Step Size Rule,Iterations,Converged?,Gap LR,Gap Naive,Obj. Naive,Obj. LR (UB),"Obj. LR (LB),",Gap,Time Naive,Time LR,Final Lambda,LB Heuristic,BBP,Best iter,Lambda best iter,Gamma best iter
1500.0,0.05,1.0,5.0,0.0,0.56479,0.75681,3209.89604,13135.12177,10626.5416,0.56479,4204.0,55079.0,705.39735,5716.52377,0.0,1.0,52.89735,-1425.0
1500.0,0.05,2.0,2.0,0.0,0.56741,0.75681,3209.89604,13214.61685,10626.5416,0.56741,4204.0,4215.0,52.89735,5716.52377,0.0,1.0,52.89735,-1425.0
1500.0,0.05,3.0,5.0,0.0,0.56492,0.75681,3209.89604,13139.08357,10626.5416,0.56492,4204.0,55035.0,1307.00449,5716.52377,0.0,1.0,52.89735,-1425.0
1500.0,0.05,4.0,5.0,0.0,0.56492,0.75681,3209.89604,13139.08357,10626.5416,0.56492,4204.0,55047.0,1310.52205,5716.52377,0.0,1.0,52.89735,-1425.0
1500.0,0.05,5.0,6.0,0.0,0.56492,0.75681,3209.89604,13139.08357,10626.5416,0.56492,4204.0,55109.0,37.89735,5716.52377,0.0,1.0,52.89735,-1425.0
1500.0,0.05,6.0,10.0,0.0,0.56479,0.75681,3209.89604,13135.12177,10626.5416,0.56479,4204.0,25479.0,51.2479,5716.52377,0.0,1.0,52.89735,-1425.0
