,Omega,Tolerance,Step Size Rule,Iterations,Converged?,Gap LR,Gap Naive,Obj. Naive,Obj. LR,Gap,Time Naive,Time LR,Final Lambda,LB Heuristic,IR,AP
0,1500.0,0.05,1.0,2.0,0.0,0.46205,0.75681,3209.89604,10626.5416,0.46205,4204.0,4206.0,835.89735,5716.52377,5717.86096,5154.13499
1,1500.0,0.05,2.0,2.0,0.0,0.46205,0.75681,3209.89604,10626.5416,0.46205,4204.0,4214.0,52.89735,5716.52377,5717.86096,5154.13499
2,1500.0,0.05,3.0,2.0,0.0,0.46205,0.75681,3209.89604,10626.5416,0.46205,4204.0,4209.0,1421.64735,5716.52377,5717.86096,5154.13499
3,1500.0,0.05,4.0,2.0,0.0,0.46205,0.75681,3209.89604,10626.5416,0.46205,4204.0,4206.0,1424.86434,5716.52377,5717.86096,5154.13499
4,1500.0,0.05,5.0,2.0,0.0,0.46205,0.75681,3209.89604,10626.5416,0.46205,4204.0,4210.0,202.89735,5716.52377,5717.86096,5154.13499
5,1500.0,0.05,6.0,2.0,0.0,0.28268,0.75681,3209.89604,7969.30729,0.28268,4204.0,4207.0,0.0,5716.52377,5717.86096,5154.13499
