Omega,Tolerance,Step Size Rule,Iterations,Converged?,Gap LR,Gap Naive,Obj. Naive,Obj. LR (UB),"Obj. LR (LB),",Gap,Time Naive,Time LR,Final Lambda,LB Heuristic,BBP,Best iter,Lambda best iter,Gamma best iter
1500.0,0.05,1.0,2.0,0.0,0.56741,0.75681,3209.89604,13214.61685,10626.5416,0.56741,4204.0,4214.0,835.89735,5716.52377,0.0,1.0,52.89735,-1425.0
1500.0,0.05,2.0,2.0,0.0,0.56741,0.75681,3209.89604,13214.61685,10626.5416,0.56741,4204.0,4215.0,52.89735,5716.52377,0.0,1.0,52.89735,-1425.0
1500.0,0.05,3.0,2.0,0.0,0.56741,0.75681,3209.89604,13214.61685,10626.5416,0.56741,4204.0,4211.0,1421.64735,5716.52377,0.0,1.0,52.89735,-1425.0
1500.0,0.05,4.0,2.0,0.0,0.56774,0.75681,3209.89604,13224.80978,10626.5416,0.56774,4204.0,4212.0,1424.86434,5716.52377,0.0,1.0,52.89735,-1425.0
1500.0,0.05,5.0,2.0,0.0,0.56741,0.75681,3209.89604,13214.61685,10626.5416,0.56741,4204.0,4208.0,202.89735,5716.52377,0.0,1.0,52.89735,-1425.0
1500.0,0.05,6.0,2.0,0.0,0.56741,0.75681,3209.89604,13214.61685,10626.5416,0.56741,4204.0,4206.0,0.0,5716.52377,0.0,1.0,52.89735,-1425.0
