Omega,Tolerance,Step Size Rule,Iterations,Converged?,Gap LR,Gap Naive,Obj. Naive,Obj. LR,Gap,Time Naive,Time LR,Final Lambda,LB Heuristic
1500.0,0.05,1.0,2.0,0.0,0.46205,0.75681,3209.89604,10626.5416,0.46205,4204.0,4206.0,835.89735,5716.52377
1500.0,0.05,2.0,2.0,0.0,0.45173,0.75681,3209.89604,10426.5416,0.45173,4204.0,4211.0,53.17805,5716.52377
1500.0,0.05,3.0,2.0,0.0,0.46205,0.75681,3209.89604,10626.5416,0.46205,4204.0,4209.0,1421.64735,5716.52377
1500.0,0.05,4.0,2.0,0.0,0.46205,0.75681,3209.89604,10626.5416,0.46205,4204.0,4206.0,1424.86434,5716.52377
1500.0,0.05,5.0,2.0,0.0,0.44642,0.75681,3209.89604,10326.5416,0.44642,4204.0,4211.0,53.21314,5716.52377
1500.0,0.05,6.0,2.0,0.0,0.28268,0.75681,3209.89604,7969.30729,0.28268,4204.0,4207.0,0.0,5716.52377
,,,,,,,,,,,,,5717.86096
,,,,,,,,,,,,,5154.13499
