,Omega,Tolerance,Step Size Rule,Iterations,Converged?,Gap LR,Gap Naive,Obj. Naive,Obj. LR,Gap,Time Naive,Time LR,Final Lambda,LB Heuristic,IR,AP
0,600.0,0.05,1.0,2.0,0.0,0.61898,0.62057,4779.31771,10368.59453,0.53906,4201.0,4201.0,445.58322,3950.6332,5533.47891,5074.57508
1,600.0,0.05,2.0,2.0,0.0,0.51026,0.62057,4779.31771,10368.59453,0.51026,4201.0,4202.0,132.38322,5077.94148,5533.47891,5074.57508
2,600.0,0.05,3.0,2.0,0.0,0.61898,0.62057,4779.31771,10368.59453,0.53906,4201.0,4202.0,679.88322,3950.6332,5533.47891,5074.57508
3,600.0,0.05,4.0,2.0,0.0,0.61898,0.62057,4779.31771,10368.59453,0.53906,4201.0,4202.0,681.17002,3950.6332,5533.47891,5074.57508
4,600.0,0.05,5.0,2.0,0.0,0.51026,0.62057,4779.31771,10368.59453,0.51026,4201.0,4203.0,282.38322,5077.94148,5533.47891,5074.57508
5,600.0,0.05,6.0,2.0,0.0,0.5712,0.62057,4779.31771,9213.12448,0.48125,4201.0,4202.0,0.0,3950.6332,5533.47891,5074.57508
