Omega,Tolerance,Step Size Rule,Iterations,Converged?,Gap LR,Gap Naive,Obj. Naive,Obj. LR (UB),"Obj. LR (LB),",Gap,Time Naive,Time LR,Final Lambda,LB Heuristic,BBP,Best iter,Lambda best iter,Gamma best iter
600.0,0.05,1.0,5.0,0.0,0.56582,0.62057,4779.31771,12752.39051,10368.59453,0.56582,4201.0,55009.0,393.38322,5536.82963,0.0,1.0,132.38322,-570.0
600.0,0.05,2.0,5.0,0.0,0.55915,0.62057,4779.31771,12559.43147,10368.59453,0.55915,4201.0,55007.0,332.38322,5536.82963,0.0,3.0,132.38322,-570.0
600.0,0.05,3.0,5.0,0.0,0.56582,0.62057,4779.31771,12752.39051,10368.59453,0.56582,4201.0,55006.0,634.02608,5536.82963,0.0,1.0,132.38322,-570.0
600.0,0.05,4.0,5.0,0.0,0.56582,0.62057,4779.31771,12752.39051,10368.59453,0.56582,4201.0,55008.0,635.4331,5536.82963,0.0,1.0,132.38322,-570.0
600.0,0.05,5.0,6.0,0.0,0.56582,0.62057,4779.31771,12752.39051,10368.59453,0.56582,4201.0,55024.0,117.38322,5536.82963,0.0,1.0,132.38322,-570.0
600.0,0.05,6.0,10.0,0.0,0.56545,0.62057,4779.31771,12741.40062,8806.73838,0.56545,4201.0,40086.0,114.03083,5536.82963,0.0,4.0,143.58083,30.0
