"Omega","Tolerance","Step Size Rule","Iterations","Converged?","Gap LR","Gap Naive","Obj. Naive","Obj. LR","Gap","Time Naive","Time LR","Final Lambda","LB Heuristic"
600.00000,0.05000,1.00000,2.00000,0.00000,0.55377,0.62829,4906.46930,10368.59453,0.52680,4347.00000,4328.00000,445.58322,4626.73641
600.00000,0.05000,2.00000,2.00000,0.00000,0.54500,0.62829,4906.46930,10168.59453,0.51749,4347.00000,4337.00000,133.08498,4626.73641
600.00000,0.05000,3.00000,2.00000,0.00000,0.55377,0.62829,4906.46930,10368.59453,0.52680,4347.00000,4357.00000,679.88322,4626.73641
600.00000,0.05000,4.00000,2.00000,0.00000,0.55377,0.62829,4906.46930,10368.59453,0.52680,4347.00000,4349.00000,681.17002,4626.73641
600.00000,0.05000,5.00000,2.00000,0.00000,0.54048,0.62829,4906.46930,10068.59453,0.51270,4347.00000,4318.00000,133.17270,4626.73641
600.00000,0.05000,6.00000,2.00000,0.00000,0.39464,0.62829,4906.46930,7642.98004,0.35804,4347.00000,4291.00000,0.00000,4626.73641
