"Omega","Tolerance","Step Size Rule","Iterations","Converged?","Gap LR","Gap Naive","Obj. Naive","Obj. LR","Gap","Time Naive","Time LR","Final Lambda","LB Heuristic"
600.00000,0.01000,1.00000,2.00000,0.00000,0.01739,0.07302,247.42953,251.80956,0.01739,4248.00000,2710.00000,344.52000,247.42953
600.00000,0.01000,2.00000,2.00000,0.00000,0.01739,0.07302,247.42953,251.80956,0.01739,4248.00000,2578.00000,0.33670,247.42953
600.00000,0.01000,3.00000,2.00000,0.00000,0.01739,0.07302,247.42953,251.80956,0.01739,4248.00000,2591.00000,445.50000,247.42953
600.00000,0.01000,4.00000,2.00000,0.00000,0.01739,0.07302,247.42953,251.80956,0.01739,4248.00000,2584.00000,420.02143,247.42953
600.00000,0.01000,5.00000,2.00000,0.00000,0.01739,0.07302,247.42953,251.80956,0.01739,4248.00000,2605.00000,0.25253,247.42953
600.00000,0.01000,6.00000,3.00000,0.00000,0.00970,0.07302,247.42953,249.85297,0.00970,4248.00000,4466.00000,0.00000,247.42953
