,Omega,Tolerance,Step Size Rule,Iterations,Converged?,Gap LR,Gap Naive,Obj. Naive,Obj. LR,Gap,Time Naive,Time LR,Final Lambda,LB Heuristic,IR,AP
0,600.0,0.05,1.0,10.0,0.0,0.04487,0.13674,248.4933,262.39362,0.04487,4240.0,2195.0,191.4,250.62119,-253.68378,0.0
1,600.0,0.05,2.0,8.0,0.0,0.04487,0.13674,248.4933,262.39362,0.04487,4240.0,2256.0,200.0,250.62119,-253.68378,0.0
2,600.0,0.05,3.0,10.0,0.0,0.04487,0.13674,248.4933,262.39362,0.04487,4240.0,2189.0,335.71104,250.62119,-253.68378,0.0
3,600.0,0.05,4.0,10.0,0.0,0.04487,0.13674,248.4933,262.39362,0.04487,4240.0,2183.0,303.63413,250.62119,-253.68378,0.0
4,600.0,0.05,5.0,7.0,0.0,0.04487,0.13674,248.4933,262.39362,0.04487,4240.0,2256.0,0.0,250.62119,-253.68378,0.0
5,600.0,0.05,6.0,5.0,0.0,0.04464,0.13674,248.4933,262.33125,0.04464,4240.0,6424.0,0.0,250.62119,-253.68378,0.0
