Omega,Tolerance,Step Size Rule,Iterations,Converged?,Gap LR,Gap Naive,Obj. Naive,Obj. LR (UB),"Obj. LR (LB),",Gap,Time Naive,Time LR,Final Lambda,LB Heuristic,BBP,Best iter,Lambda best iter,Gamma best iter
600.0,0.05,1.0,10.0,0.0,0.11773,0.13674,248.4933,284.06433,274.50696,0.11773,4240.0,5067.0,174.45266,250.62119,0.0,1.0,0.45266,-570.0
600.0,0.05,2.0,7.0,0.0,0.11016,0.13674,248.4933,281.64892,274.50696,0.11016,4240.0,50023.0,200.45266,250.62119,0.0,3.0,0.45266,-570.0
600.0,0.05,3.0,10.0,0.0,0.11774,0.13674,248.4933,284.06812,274.50696,0.11774,4240.0,5064.0,456.1637,250.62119,0.0,1.0,0.45266,-570.0
600.0,0.05,4.0,10.0,0.0,0.11773,0.13674,248.4933,284.06433,274.50696,0.11773,4240.0,5064.0,449.82272,250.62119,0.0,1.0,0.45266,-570.0
600.0,0.05,5.0,10.0,0.0,0.11774,0.13674,248.4933,284.06812,274.50696,0.11774,4240.0,5269.0,0.0,250.62119,0.0,1.0,0.45266,-570.0
600.0,0.05,6.0,8.0,0.0,0.10894,0.13674,248.4933,281.26083,264.09976,0.10894,4240.0,55143.0,0.0,250.62119,0.0,6.0,0.49457,24.0
