,Omega,Tolerance,Step Size Rule,Iterations,Converged?,Gap LR,Gap Naive,Obj. Naive,Obj. LR,Gap,Time Naive,Time LR,Final Lambda,LB Heuristic,IR,AP
0,600.0,0.05,1.0,2.0,0.0,0.02802,0.13674,248.4933,257.84657,0.02802,4240.0,2535.0,330.6,250.62119,0.0,0.0
1,600.0,0.05,2.0,2.0,0.0,0.02802,0.13674,248.4933,257.84657,0.02802,4240.0,2559.0,0.35088,250.62119,0.0,0.0
2,600.0,0.05,3.0,2.0,0.0,0.02802,0.13674,248.4933,257.84657,0.02802,4240.0,2500.0,427.5,250.62119,0.0,0.0
3,600.0,0.05,4.0,2.0,0.0,0.02802,0.13674,248.4933,257.84657,0.02802,4240.0,2496.0,403.05087,250.62119,0.0,0.0
4,600.0,0.05,5.0,2.0,0.0,0.02802,0.13674,248.4933,257.84657,0.02802,4240.0,2506.0,0.26316,250.62119,0.0,0.0
5,600.0,0.05,6.0,2.0,0.0,0.02802,0.13674,248.4933,257.84657,0.02802,4240.0,2565.0,0.98913,250.62119,0.0,0.0
