Omega,Tolerance,Step Size Rule,Iterations,Converged?,Gap LR,Gap Naive,Obj. Naive,Obj. LR (UB),"Obj. LR (LB),",Gap,Time Naive,Time LR,Final Lambda,LB Heuristic,BBP,Best iter,Lambda best iter,Gamma best iter
600.0,0.05,1.0,10.0,0.0,0.12048,0.13674,248.4933,284.95346,262.39362,0.12048,4240.0,2197.0,191.4,250.62119,0.0,1.0,0.45266,13.0
600.0,0.05,2.0,10.0,0.0,0.12048,0.13674,248.4933,284.95346,262.39362,0.12048,4240.0,2306.0,200.0,250.62119,0.0,1.0,0.45266,13.0
600.0,0.05,3.0,10.0,0.0,0.1196,0.13674,248.4933,284.66629,262.39362,0.1196,4240.0,2195.0,335.71104,250.62119,0.0,1.0,0.45266,13.0
600.0,0.05,4.0,10.0,0.0,0.1196,0.13674,248.4933,284.66629,262.39362,0.1196,4240.0,2194.0,303.63413,250.62119,0.0,1.0,0.45266,13.0
600.0,0.05,5.0,10.0,0.0,0.1196,0.13674,248.4933,284.66629,262.39362,0.1196,4240.0,2424.0,0.0,250.62119,0.0,1.0,0.45266,13.0
600.0,0.05,6.0,3.0,0.0,0.1196,0.13674,248.4933,284.66629,262.39362,0.1196,4240.0,4247.0,0.0,250.62119,0.0,1.0,0.45266,13.0
