Omega,Tolerance,Step Size Rule,Iterations,Converged?,Gap LR,Gap Naive,Obj. Naive,Obj. LR (UB),"Obj. LR (LB),",Gap,Time Naive,Time LR,Final Lambda,LB Heuristic,BBP,Best iter,Lambda best iter,Gamma best iter
1500.0,0.01,1.0,10.0,0.0,0.11772,0.14435,228.4152,266.52212,248.12978,0.11772,4211.0,5405.0,791.7,235.14835,0.0,1.0,0.52421,7.0
1500.0,0.01,2.0,10.0,0.0,0.11772,0.14435,228.4152,266.52212,248.12978,0.11772,4211.0,6304.0,200.0,235.14835,0.0,1.0,0.52421,7.0
1500.0,0.01,3.0,10.0,0.0,0.11772,0.14435,228.4152,266.52212,248.12978,0.11772,4211.0,5411.0,1067.85552,235.14835,0.0,1.0,0.52421,7.0
1500.0,0.01,4.0,10.0,0.0,0.11772,0.14435,228.4152,266.52212,248.12978,0.11772,4211.0,5413.0,1000.3452,235.14835,0.0,1.0,0.52421,7.0
1500.0,0.01,5.0,10.0,0.0,0.11772,0.14435,228.4152,266.52212,248.12978,0.11772,4211.0,6403.0,0.0,235.14835,0.0,1.0,0.52421,7.0
1500.0,0.01,6.0,7.0,0.0,0.09494,0.14435,228.4152,259.81576,259.81576,0.09494,4211.0,54575.0,0.0,235.14835,0.0,6.0,1.60228,10.0
