Omega,Tolerance,Step Size Rule,Iterations,Converged?,Gap LR,Gap Naive,Obj. Naive,Obj. LR,Gap,Time Naive,Time LR,Final Lambda,LB Heuristic,Heuristic Time
1500.0,0.01,1.0,2.0,0.0,0.05232,0.14435,228.4152,248.12978,0.05232,4211.0,2359.0,861.3,235.14835,
1500.0,0.01,2.0,2.0,0.0,0.05232,0.14435,228.4152,248.12978,0.05232,4211.0,2358.0,0.13468,235.14835,
1500.0,0.01,3.0,2.0,0.0,0.05232,0.14435,228.4152,248.12978,0.05232,4211.0,2365.0,1113.75,235.14835,
1500.0,0.01,4.0,2.0,0.0,0.05232,0.14435,228.4152,248.12978,0.05232,4211.0,2362.0,1050.05357,235.14835,
1500.0,0.01,5.0,2.0,0.0,0.05232,0.14435,228.4152,248.12978,0.05232,4211.0,2362.0,0.10101,235.14835,
1500.0,0.01,6.0,2.0,0.0,0.05232,0.14435,228.4152,248.12978,0.05232,4211.0,2363.0,0.35884,235.14835,52.0
