Omega,Tolerance,Step Size Rule,Iterations,Converged?,Gap LR,Gap Naive,Obj. Naive,Obj. LR (UB),"Obj. LR (LB),",Gap,Time Naive,Time LR,Final Lambda,LB Heuristic,BBP,Best iter,Lambda best iter,Gamma best iter
1500.0,0.01,1.0,5.0,0.0,0.1214,0.14435,228.4152,267.64035,248.12978,0.1214,4211.0,2414.0,835.2,235.14835,0.0,1.0,0.52421,7.0
1500.0,0.01,2.0,4.0,0.0,0.1214,0.14435,228.4152,267.64035,248.12978,0.1214,4211.0,2527.0,200.0,235.14835,0.0,1.0,0.52421,7.0
1500.0,0.01,3.0,5.0,0.0,0.1214,0.14435,228.4152,267.64035,248.12978,0.1214,4211.0,2413.0,1090.82143,235.14835,0.0,1.0,0.52421,7.0
1500.0,0.01,4.0,5.0,0.0,0.1214,0.14435,228.4152,267.64035,248.12978,0.1214,4211.0,2407.0,1027.18511,235.14835,0.0,1.0,0.52421,7.0
1500.0,0.01,5.0,4.0,0.0,0.1214,0.14435,228.4152,267.64035,248.12978,0.1214,4211.0,2411.0,0.0,235.14835,0.0,1.0,0.52421,7.0
1500.0,0.01,6.0,3.0,0.0,0.1214,0.14435,228.4152,267.64035,248.12978,0.1214,4211.0,4472.0,0.0,235.14835,0.0,1.0,0.52421,7.0
