Omega,Tolerance,Step Size Rule,Iterations,Converged?,Gap LR,Gap Naive,Obj. Naive,Obj. LR,Gap,Time Naive,Time LR,Final Lambda,LB Heuristic
100.0,0.05,1.0,10.0,0.0,0.055,0.00978,282.72106,299.25533,0.055,380.0,351.0,31.77818,282.79711
100.0,0.05,2.0,10.0,0.0,0.02572,0.00978,282.72106,290.26132,0.02572,380.0,796.0,4.21053,282.79711
100.0,0.05,3.0,10.0,0.0,0.055,0.00978,282.72106,299.25533,0.055,380.0,316.0,78.73002,282.79711
100.0,0.05,4.0,10.0,0.0,0.055,0.00978,282.72106,299.25533,0.055,380.0,324.0,77.67319,282.79711
100.0,0.05,5.0,10.0,0.0,0.01752,0.00978,282.72106,287.84093,0.01752,380.0,709.0,1.0614,282.79711
100.0,0.05,6.0,10.0,0.0,0.01719,0.00978,282.72106,287.74379,0.01719,380.0,1431.0,2.48768,282.79711
,,,,,,,,,,,,,0.0
,,,,,,,,,,,,,0.0
