Omega,Tolerance,Step Size Rule,Iterations,Converged?,Gap LR,Gap Naive,Obj. Naive,Obj. LR (UB),"Obj. LR (LB),",Gap,Time Naive,Time LR,Final Lambda,LB Heuristic,BBP,Best iter,Lambda best iter,Gamma best iter
100.0,0.05,1.0,10.0,0.0,0.055,0.00096,283.02118,299.25533,299.25533,0.05425,432.0,38.0,31.77818,282.79711,0.0,1.0,2.77818,-95.0
100.0,0.05,2.0,10.0,0.0,0.055,0.00096,283.02118,299.25533,299.25533,0.05425,432.0,115.0,2.77818,282.79711,0.0,3.0,2.77818,-95.0
100.0,0.05,3.0,10.0,0.0,0.055,0.00096,283.02118,299.25533,299.25533,0.05425,432.0,29.0,78.73002,282.79711,0.0,1.0,2.77818,-95.0
100.0,0.05,4.0,10.0,0.0,0.055,0.00096,283.02118,299.25533,299.25533,0.05425,432.0,29.0,77.67319,282.79711,0.0,1.0,2.77818,-95.0
100.0,0.05,5.0,10.0,0.0,0.02542,0.00096,283.02118,290.17427,290.17427,0.02465,432.0,58.0,0.0,282.79711,0.0,10.0,4.16667,2.0
100.0,0.05,6.0,10.0,0.0,0.01719,0.00096,283.02118,287.74379,287.74379,0.01641,432.0,178.0,0.47809,282.79711,0.0,10.0,2.95143,2.0
