,Omega,Tolerance,Step Size Rule,Iterations,Converged?,Gap LR,Gap Naive,Obj. Naive,Obj. LR,Gap,Time Naive,Time LR,Final Lambda,LB Heuristic,IR,AP
0,600.0,0.01,1.0,2.0,0.0,0.0489,0.04864,251.81213,255.83785,0.01574,4237.0,2586.0,344.52,243.32793,-242.42145,0.0
1,600.0,0.01,2.0,2.0,0.0,0.0489,0.04864,251.81213,255.83785,0.01574,4237.0,2628.0,0.3367,243.32793,-242.42145,0.0
2,600.0,0.01,3.0,2.0,0.0,0.0489,0.04864,251.81213,255.83785,0.01574,4237.0,2593.0,445.5,243.32793,-242.42145,0.0
3,600.0,0.01,4.0,2.0,0.0,0.0489,0.04864,251.81213,255.83785,0.01574,4237.0,2647.0,420.02143,243.32793,-242.42145,0.0
4,600.0,0.01,5.0,2.0,0.0,0.0489,0.04864,251.81213,255.83785,0.01574,4237.0,2625.0,0.25253,243.32793,-242.42145,0.0
5,600.0,0.01,6.0,2.0,0.0,0.0489,0.04864,251.81213,255.83785,0.01574,4237.0,2616.0,0.86105,243.32793,-242.42145,0.0
