"Omega","Tolerance","Step Size Rule","Iterations","Converged?","Gap LR","Gap Naive","Obj. Naive","Obj. LR","Gap","Time Naive","Time LR","Final Lambda","LB Heuristic"
600.00000,0.01000,1.00000,2.00000,0.00000,0.04890,0.08352,246.14156,255.83785,0.03790,4255.00000,2933.00000,344.52000,243.32793
600.00000,0.01000,2.00000,2.00000,0.00000,0.04890,0.08352,246.14156,255.83785,0.03790,4255.00000,2857.00000,0.33670,243.32793
600.00000,0.01000,3.00000,2.00000,0.00000,0.04890,0.08352,246.14156,255.83785,0.03790,4255.00000,2903.00000,445.50000,243.32793
600.00000,0.01000,4.00000,2.00000,0.00000,0.04890,0.08352,246.14156,255.83785,0.03790,4255.00000,2774.00000,420.02143,243.32793
600.00000,0.01000,5.00000,2.00000,0.00000,0.04890,0.08352,246.14156,255.83785,0.03790,4255.00000,2459.00000,0.25253,243.32793
600.00000,0.01000,6.00000,3.00000,0.00000,0.04586,0.08352,246.14156,255.02428,0.03483,4255.00000,4468.00000,0.00000,243.32793
