"Omega","Tolerance","Step Size Rule","Iterations","Converged?","Gap LR","Gap Naive","Obj. Naive","Obj. LR","Gap","Time Naive","Time LR","Final Lambda","LB Heuristic"
100.00000,0.07000,1.00000,3.00000,0.00000,0.36074,0.46504,7203.17365,11583.10029,0.36074,4203.00000,4335.00000,836.85371,7404.56792
100.00000,0.07000,2.00000,5.00000,0.00000,0.47079,0.46504,7203.17365,13991.82612,0.47079,4203.00000,2874.00000,801.78640,7404.56792
100.00000,0.07000,3.00000,3.00000,0.00000,0.37296,0.46504,7203.17365,11808.69560,0.37296,4203.00000,4391.00000,874.58371,7404.56792
100.00000,0.07000,4.00000,3.00000,0.00000,0.37559,0.46504,7203.17365,11858.56971,0.37559,4203.00000,4382.00000,875.04251,7404.56792
100.00000,0.07000,5.00000,6.00000,0.00000,0.47511,0.46504,7203.17365,14106.82612,0.47511,4203.00000,2927.00000,798.93694,7404.56792
100.00000,0.07000,6.00000,4.00000,0.00000,0.40256,0.46504,7203.17365,12393.76390,0.40256,4203.00000,4337.00000,242.17494,7404.56792
