"Omega","Tolerance","Step Size Rule","Iterations","Converged?","Gap LR","Gap Naive","Obj. Naive","Obj. LR","Gap","Time Naive","Time LR","Final Lambda","LB Heuristic"
100.00000,0.07000,1.00000,3.00000,0.00000,0.36867,0.47352,6880.90500,11620.57929,0.36867,4203.00000,4304.00000,836.85371,7336.37627
100.00000,0.07000,2.00000,5.00000,0.00000,0.47567,0.47352,6880.90500,13991.82612,0.47567,4203.00000,2424.00000,801.78640,7336.37627
100.00000,0.07000,3.00000,3.00000,0.00000,0.37604,0.47352,6880.90500,11757.84684,0.37604,4203.00000,4367.00000,874.58371,7336.37627
100.00000,0.07000,4.00000,3.00000,0.00000,0.38085,0.47352,6880.90500,11849.11421,0.38085,4203.00000,4325.00000,875.04251,7336.37627
100.00000,0.07000,5.00000,6.00000,0.00000,0.47994,0.47352,6880.90500,14106.82612,0.47994,4203.00000,2565.00000,798.93694,7336.37627
100.00000,0.07000,6.00000,4.00000,0.00000,0.41336,0.47352,6880.90500,12505.83244,0.41336,4203.00000,4312.00000,223.23960,7336.37627
