"Omega","Tolerance","Step Size Rule","Iterations","Converged?","Gap LR","Gap Naive","Obj. Naive","Obj. LR","Gap","Time Naive","Time LR","Final Lambda","LB Heuristic"
900.00000,0.01000,1.00000,2.00000,0.00000,0.01949,0.08663,246.43198,251.33151,0.01949,4300.00000,3890.00000,516.78000,246.43198
900.00000,0.01000,2.00000,2.00000,0.00000,0.01949,0.08663,246.43198,251.33151,0.01949,4300.00000,3588.00000,0.22447,246.43198
900.00000,0.01000,3.00000,2.00000,0.00000,0.01949,0.08663,246.43198,251.33151,0.01949,4300.00000,3508.00000,668.25000,246.43198
900.00000,0.01000,4.00000,2.00000,0.00000,0.01949,0.08663,246.43198,251.33151,0.01949,4300.00000,2826.00000,630.03214,246.43198
900.00000,0.01000,5.00000,2.00000,0.00000,0.01949,0.08663,246.43198,251.33151,0.01949,4300.00000,2560.00000,0.16835,246.43198
900.00000,0.01000,6.00000,3.00000,0.00000,0.02133,0.08663,246.43198,251.80335,0.02133,4300.00000,4344.00000,2.50446,246.43198
