Omega,Tolerance,Step Size Rule,Iterations,Converged?,Gap LR,Gap Naive,Obj. Naive,Obj. LR,Gap,Time Naive,Time LR,Final Lambda,LB Heuristic
600.0,0.07,1.0,2.0,0.0,0.04675,0.143,252.13225,270.45434,0.04675,4244.0,2335.0,323.64,257.81014
600.0,0.07,2.0,2.0,0.0,0.09701,0.143,252.13225,285.5081,0.09701,4244.0,4203.0,0.0,257.81014
600.0,0.07,3.0,2.0,0.0,0.04675,0.143,252.13225,270.45434,0.04675,4244.0,2332.0,418.5,257.81014
600.0,0.07,4.0,2.0,0.0,0.04675,0.143,252.13225,270.45434,0.04675,4244.0,2373.0,394.56558,257.81014
600.0,0.07,5.0,2.0,0.0,0.09812,0.143,252.13225,285.85816,0.09812,4244.0,4203.0,0.0,257.81014
600.0,0.07,6.0,2.0,0.0,0.06333,0.143,252.13225,275.24168,0.06333,4244.0,4204.0,0.0,257.81014
,,,,,,,,,,,,,0.0
,,,,,,,,,,,,,0.0
