Omega,Tolerance,Step Size Rule,Iterations,Converged?,Gap LR,Gap Naive,Obj. Naive,Obj. LR,Gap,Time Naive,Time LR,Final Lambda,LB Heuristic
600.0,0.07,1.0,2.0,0.0,0.04675,0.143,252.13225,270.45434,0.04675,4244.0,2335.0,323.64,257.81014
600.0,0.07,2.0,2.0,0.0,0.04675,0.143,252.13225,270.45434,0.04675,4244.0,2322.0,0.35842,257.81014
600.0,0.07,3.0,2.0,0.0,0.04675,0.143,252.13225,270.45434,0.04675,4244.0,2332.0,418.5,257.81014
600.0,0.07,4.0,2.0,0.0,0.04675,0.143,252.13225,270.45434,0.04675,4244.0,2373.0,394.56558,257.81014
600.0,0.07,5.0,2.0,0.0,0.04675,0.143,252.13225,270.45434,0.04675,4244.0,2346.0,0.26882,257.81014
600.0,0.07,6.0,1.0,1.0,0.0,0.143,252.13225,257.81014,0.0,4244.0,2145.0,0.45859,257.81014
