Omega,Tolerance,Step Size Rule,Iterations,Converged?,Gap LR,Gap Naive,Obj. Naive,Obj. LR (UB),"Obj. LR (LB),",Gap,Time Naive,Time LR,Final Lambda,LB Heuristic,BBP,Best iter,Lambda best iter,Gamma best iter
900.0,0.05,1.0,10.0,0.0,0.13492,0.15761,240.81072,285.27813,260.99291,0.13492,4208.0,5213.0,287.1,246.78907,0.0,1.0,0.29859,20.0
900.0,0.05,2.0,10.0,0.0,0.13492,0.15761,240.81072,285.27813,260.99291,0.13492,4208.0,5435.0,200.0,246.78907,0.0,1.0,0.29859,20.0
900.0,0.05,3.0,10.0,0.0,0.13492,0.15761,240.81072,285.27813,260.99291,0.13492,4208.0,5192.0,503.56656,246.78907,0.0,1.0,0.29859,20.0
900.0,0.05,4.0,10.0,0.0,0.13492,0.15761,240.81072,285.27813,260.99291,0.13492,4208.0,5195.0,455.4512,246.78907,0.0,1.0,0.29859,20.0
900.0,0.05,5.0,10.0,0.0,0.13492,0.15761,240.81072,285.27813,260.99291,0.13492,4208.0,5552.0,0.0,246.78907,0.0,1.0,0.29859,20.0
900.0,0.05,6.0,7.0,0.0,0.1319,0.15761,240.81072,284.28784,263.92024,0.1319,4208.0,50262.0,0.0,246.78907,0.0,5.0,0.33281,26.0
