,Omega,Tolerance,Step Size Rule,Iterations,Converged?,Gap LR,Gap Naive,Obj. Naive,Obj. LR,Gap,Time Naive,Time LR,Final Lambda,LB Heuristic,IR,AP
0,900.0,0.05,1.0,3.0,0.0,0.02247,1.0,239.02627,252.46284,0.02247,4252.0,2271.0,469.8,246.78907,-253.51324,0.0
1,900.0,0.05,2.0,4.0,0.0,0.03507,0.15761,240.81072,255.75852,0.03507,4208.0,2266.0,200.0,246.78907,-253.51324,0.0
2,900.0,0.05,3.0,3.0,0.0,0.02247,1.0,239.02627,252.46284,0.02247,4252.0,2268.0,614.25,246.78907,-253.51324,0.0
3,900.0,0.05,4.0,3.0,0.0,0.02247,1.0,239.02627,252.46284,0.02247,4252.0,2264.0,578.59554,246.78907,-253.51324,0.0
4,900.0,0.05,5.0,5.0,0.0,0.03507,0.15761,240.81072,255.75852,0.03507,4208.0,2285.0,60.0,246.78907,-253.51324,0.0
5,900.0,0.05,6.0,2.0,0.0,0.02247,1.0,239.02627,252.46284,0.02247,4252.0,2351.0,0.61919,246.78907,-253.51324,0.0
