Omega,Tolerance,Step Size Rule,Iterations,Converged?,Gap LR,Gap Naive,Obj. Naive,Obj. LR,Gap,Time Naive,Time LR,Final Lambda,LB Heuristic
900.0,0.05,1.0,1.0,1.0,0.0,1.0,239.02627,246.78907,0.0,4252.0,2137.0,0.29859,246.78907
900.0,0.05,2.0,1.0,1.0,0.0,1.0,239.02627,246.78907,0.0,4252.0,2124.0,0.29859,246.78907
900.0,0.05,3.0,1.0,1.0,0.0,1.0,239.02627,246.78907,0.0,4252.0,2133.0,0.29859,246.78907
900.0,0.05,4.0,1.0,1.0,0.0,1.0,239.02627,246.78907,0.0,4252.0,2128.0,0.29859,246.78907
900.0,0.05,5.0,1.0,1.0,0.0,1.0,239.02627,246.78907,0.0,4252.0,2134.0,0.29859,246.78907
900.0,0.05,6.0,1.0,1.0,0.0,1.0,239.02627,246.78907,0.0,4252.0,2134.0,0.29859,246.78907
