Omega,Tolerance,Step Size Rule,Iterations,Converged?,Gap LR,Gap Naive,Obj. Naive,Obj. LR (UB),"Obj. LR (LB),",Gap,Time Naive,Time LR,Final Lambda,LB Heuristic,BBP,Best iter,Lambda best iter,Gamma best iter
900.0,0.05,1.0,10.0,0.0,0.13869,0.15761,240.81072,286.52875,255.75852,0.13869,4208.0,2303.0,287.1,246.78907,0.0,1.0,0.29859,43.0
900.0,0.05,2.0,8.0,0.0,0.13869,0.15761,240.81072,286.52875,255.75852,0.13869,4208.0,2442.0,200.0,246.78907,0.0,1.0,0.29859,43.0
900.0,0.05,3.0,10.0,0.0,0.13869,0.15761,240.81072,286.52875,255.75852,0.13869,4208.0,2293.0,503.56656,246.78907,0.0,1.0,0.29859,43.0
900.0,0.05,4.0,10.0,0.0,0.13869,0.15761,240.81072,286.52875,255.75852,0.13869,4208.0,2301.0,455.4512,246.78907,0.0,1.0,0.29859,43.0
900.0,0.05,5.0,7.0,0.0,0.13869,0.15761,240.81072,286.52875,255.75852,0.13869,4208.0,2405.0,0.0,246.78907,0.0,1.0,0.29859,43.0
900.0,0.05,6.0,3.0,0.0,0.13869,0.15761,240.81072,286.52875,255.75852,0.13869,4208.0,4293.0,0.0,246.78907,0.0,1.0,0.29859,43.0
