Omega,Tolerance,Step Size Rule,Iterations,Converged?,Gap LR,Gap Naive,Obj. Naive,Obj. LR,Gap,Time Naive,Time LR,Final Lambda,LB Heuristic
100.0,0.03,1.0,10.0,0.0,0.00583,0.0,277.99176,279.62145,0.00583,221.0,385.0,43.4244,277.99176
100.0,0.03,2.0,10.0,0.0,0.00583,0.0,277.99176,279.62145,0.00583,221.0,910.0,4.12371,277.99176
100.0,0.03,3.0,10.0,0.0,0.00583,0.0,277.99176,279.62145,0.00583,221.0,330.0,88.3955,277.99176
100.0,0.03,4.0,10.0,0.0,0.00583,0.0,277.99176,279.62145,0.00583,221.0,358.0,87.7614,277.99176
100.0,0.03,5.0,10.0,0.0,0.00495,0.0,277.99176,279.37518,0.00495,221.0,743.0,1.03952,277.99176
100.0,0.03,6.0,10.0,0.0,0.00426,0.0,277.99176,279.18128,0.00426,221.0,2098.0,2.72968,277.99176
