"Omega","Tolerance","Step Size Rule","Iterations","Converged?","Gap LR","Gap Naive","Obj. Naive","Obj. LR","Gap","Time Naive","Time LR","Final Lambda","LB Heuristic"
600.00000,0.07000,1.00000,2.00000,0.00000,0.64743,0.70169,4382.65051,12844.71351,0.64743,4250.00000,4303.00000,431.23251,4528.71371
600.00000,0.07000,2.00000,2.00000,0.00000,0.64185,0.70169,4382.65051,12644.71351,0.64185,4250.00000,4334.00000,132.66936,4528.71371
600.00000,0.07000,3.00000,2.00000,0.00000,0.64743,0.70169,4382.65051,12844.71351,0.64743,4250.00000,4335.00000,658.45251,4528.71371
600.00000,0.07000,4.00000,2.00000,0.00000,0.64743,0.70169,4382.65051,12844.71351,0.64743,4250.00000,4317.00000,660.25403,4528.71371
600.00000,0.07000,5.00000,2.00000,0.00000,0.63899,0.70169,4382.65051,12544.71351,0.63899,4250.00000,4300.00000,132.75896,4528.71371
600.00000,0.07000,6.00000,2.00000,0.00000,0.58155,0.70169,4382.65051,10822.54423,0.58155,4250.00000,4296.00000,0.00000,4528.71371
