"Omega","Tolerance","Step Size Rule","Iterations","Converged?","Gap LR","Gap Naive","Obj. Naive","Obj. LR","Gap","Time Naive","Time LR","Final Lambda","LB Heuristic"
600.00000,0.01000,1.00000,2.00000,0.00000,12.35020,0.60659,3824.72301,-328.26173,12.65144,4233.00000,4298.00000,486.45381,3725.83506
600.00000,0.01000,2.00000,2.00000,0.00000,-1.65311,0.60659,3824.72301,1404.32897,-1.72352,4233.00000,3123.00000,112.41718,3725.83506
600.00000,0.01000,3.00000,2.00000,0.00000,2.55542,0.60659,3824.72301,-2395.38173,2.59671,4233.00000,4281.00000,734.91381,3725.83506
600.00000,0.01000,4.00000,2.00000,0.00000,2.55542,0.60659,3824.72301,-2395.38173,2.59671,4233.00000,4249.00000,735.17117,3725.83506
600.00000,0.01000,5.00000,2.00000,0.00000,2.55542,0.60659,3824.72301,-2395.38173,2.59671,4233.00000,4260.00000,120.91886,3725.83506
600.00000,0.01000,6.00000,2.00000,0.00000,-0.83724,0.60659,3824.72301,2027.95453,-0.88600,4233.00000,4249.00000,0.00000,3725.83506
