"Omega","Tolerance","Step Size Rule","Iterations","Converged?","Gap LR","Gap Naive","Obj. Naive","Obj. LR","Gap","Time Naive","Time LR","Final Lambda","LB Heuristic"
600.00000,0.01000,1.00000,2.00000,0.00000,0.12219,0.62942,3506.62191,4284.65750,0.12219,4207.00000,4211.00000,141.93381,3761.12204
600.00000,0.01000,2.00000,3.00000,0.00000,0.22508,0.62942,3506.62191,4853.54563,0.22508,4207.00000,2498.00000,106.08721,3761.12204
600.00000,0.01000,3.00000,2.00000,0.00000,0.17098,0.62942,3506.62191,4536.81022,0.17098,4207.00000,4221.00000,135.66381,3761.12204
600.00000,0.01000,4.00000,2.00000,0.00000,0.18043,0.62942,3506.62191,4589.11272,0.18043,4207.00000,4222.00000,136.87828,3761.12204
600.00000,0.01000,5.00000,3.00000,0.00000,0.19494,0.62942,3506.62191,4671.83873,0.19494,4207.00000,2502.00000,85.83468,3761.12204
600.00000,0.01000,6.00000,3.00000,0.00000,0.19463,0.62942,3506.62191,4670.05391,0.19463,4207.00000,4380.00000,0.00000,3761.12204
