"Omega","Tolerance","Step Size Rule","Iterations","Converged?","Gap LR","Gap Naive","Obj. Naive","Obj. LR","Gap","Time Naive","Time LR","Final Lambda","LB Heuristic"
600.00000,0.05000,1.00000,1.00000,1.00000,0.00000,0.15171,243.27609,243.27609,0.00000,4246.00000,2150.00000,0.45326,243.27609
600.00000,0.05000,2.00000,2.00000,0.00000,0.04510,0.15171,243.27609,254.76732,0.04510,4246.00000,2771.00000,0.35088,243.27609
600.00000,0.05000,3.00000,2.00000,0.00000,0.04510,0.15171,243.27609,254.76732,0.04510,4246.00000,2715.00000,427.50000,243.27609
600.00000,0.05000,4.00000,2.00000,0.00000,0.04510,0.15171,243.27609,254.76732,0.04510,4246.00000,2738.00000,403.05087,243.27609
600.00000,0.05000,5.00000,2.00000,0.00000,0.04510,0.15171,243.27609,254.76732,0.04510,4246.00000,2765.00000,0.26316,243.27609
600.00000,0.05000,6.00000,2.00000,0.00000,0.04510,0.15171,243.27609,254.76732,0.04510,4246.00000,2446.00000,1.01517,243.27609
