Omega,Tolerance,Step Size Rule,Iterations,Converged?,Gap LR,Gap Naive,Obj. Naive,Obj. LR,Gap,Time Naive,Time LR,Final Lambda,LB Heuristic,Heuristic Time
1500.0,0.03,1.0,2.0,0.0,0.04244,0.1794,229.48878,254.41197,0.04244,4211.0,2443.0,843.9,243.61424,
1500.0,0.03,2.0,2.0,0.0,0.04244,0.1794,229.48878,254.41197,0.04244,4211.0,2444.0,0.13746,243.61424,
1500.0,0.03,3.0,2.0,0.0,0.04244,0.1794,229.48878,254.41197,0.04244,4211.0,2444.0,1091.25,243.61424,
1500.0,0.03,4.0,2.0,0.0,0.04244,0.1794,229.48878,254.41197,0.04244,4211.0,2450.0,1028.84037,243.61424,
1500.0,0.03,5.0,2.0,0.0,0.04244,0.1794,229.48878,254.41197,0.04244,4211.0,2441.0,0.10309,243.61424,
1500.0,0.03,6.0,2.0,0.0,0.04244,0.1794,229.48878,254.41197,0.04244,4211.0,2440.0,0.37955,243.61424,66.0
