,Omega,Tolerance,Step Size Rule,Iterations,Converged?,Gap LR,Gap Naive,Obj. Naive,Obj. LR,Gap,Time Naive,Time LR,Final Lambda,LB Heuristic,IR,AP
0,600.0,0.01,1.0,2.0,0.0,0.01081,0.06651,247.05856,253.50098,0.01081,4243.0,2548.0,344.52,250.76098,-251.60136,0.0
1,600.0,0.01,2.0,2.0,0.0,0.01081,0.06651,247.05856,253.50098,0.01081,4243.0,2602.0,0.3367,250.76098,-251.60136,0.0
2,600.0,0.01,3.0,2.0,0.0,0.01081,0.06651,247.05856,253.50098,0.01081,4243.0,2544.0,445.5,250.76098,-251.60136,0.0
3,600.0,0.01,4.0,2.0,0.0,0.01081,0.06651,247.05856,253.50098,0.01081,4243.0,2545.0,420.02143,250.76098,-251.60136,0.0
4,600.0,0.01,5.0,2.0,0.0,0.01081,0.06651,247.05856,253.50098,0.01081,4243.0,2580.0,0.25253,250.76098,-251.60136,0.0
5,600.0,0.01,6.0,2.0,0.0,0.01081,0.06651,247.05856,253.50098,0.01081,4243.0,2952.0,0.59374,250.76098,-251.60136,0.0
