Omega,Tolerance,Step Size Rule,Iterations,Converged?,Gap LR,Gap Naive,Obj. Naive,Obj. LR (UB),"Obj. LR (LB),",Gap,Time Naive,Time LR,Final Lambda,LB Heuristic,BBP,Best iter,Lambda best iter,Gamma best iter
600.0,0.01,1.0,10.0,0.0,0.01804,0.06651,247.05856,255.36799,255.36799,0.01804,4243.0,1550.0,316.68331,250.76098,0.0,1.0,1.16331,2.0
600.0,0.01,2.0,10.0,0.0,0.01804,0.06651,247.05856,255.36799,255.36799,0.01804,4243.0,1704.0,200.0,250.76098,0.0,1.0,1.16331,2.0
600.0,0.01,3.0,10.0,0.0,0.01804,0.06651,247.05856,255.36799,255.36799,0.01804,4243.0,1569.0,427.14221,250.76098,0.0,1.0,1.16331,2.0
600.0,0.01,4.0,10.0,0.0,0.01804,0.06651,247.05856,255.36799,255.36799,0.01804,4243.0,1556.0,400.13808,250.76098,0.0,1.0,1.16331,2.0
600.0,0.01,5.0,10.0,0.0,0.01804,0.06651,247.05856,255.36799,255.36799,0.01804,4243.0,1689.0,0.0,250.76098,0.0,1.0,1.16331,2.0
600.0,0.01,6.0,3.0,1.0,0.01702,0.06651,247.05856,255.10311,255.10311,0.01702,4243.0,7353.0,0.84372,250.76098,1.0,3.0,0.84372,0.0
