Omega,Tolerance,Step Size Rule,Iterations,Converged?,Gap LR,Gap Naive,Obj. Naive,Obj. LR (UB),"Obj. LR (LB),",Gap,Time Naive,Time LR,Final Lambda,LB Heuristic,BBP,Best iter,Lambda best iter,Gamma best iter
600.0,0.01,1.0,10.0,0.0,0.01804,0.06651,247.05856,255.36799,255.36799,0.01804,4243.0,1550.0,316.68331,250.76098,0.0,1.0,1.16331,2.0
600.0,0.01,2.0,10.0,0.0,0.01804,0.06651,247.05856,255.36799,255.36799,0.01804,4243.0,1692.0,200.0,250.76098,0.0,1.0,1.16331,2.0
600.0,0.01,3.0,10.0,0.0,0.01804,0.06651,247.05856,255.36799,255.36799,0.01804,4243.0,1563.0,427.14221,250.76098,0.0,1.0,1.16331,2.0
600.0,0.01,4.0,10.0,0.0,0.01804,0.06651,247.05856,255.36799,255.36799,0.01804,4243.0,1560.0,400.13808,250.76098,0.0,1.0,1.16331,2.0
600.0,0.01,5.0,10.0,0.0,0.01804,0.06651,247.05856,255.36799,255.36799,0.01804,4243.0,1684.0,0.0,250.76098,0.0,1.0,1.16331,2.0
600.0,0.01,6.0,3.0,0.0,0.01804,0.06651,247.05856,255.36799,255.36799,0.01804,4243.0,3554.0,0.0,250.76098,0.0,1.0,1.16331,2.0
