"Omega","Tolerance","Step Size Rule","Iterations","Converged?","Gap LR","Gap Naive","Obj. Naive","Obj. LR","Gap","Time Naive","Time LR","Final Lambda","LB Heuristic"
600.00000,0.01000,1.00000,2.00000,0.00000,0.01081,0.06243,250.76098,253.50098,0.01081,4249.00000,2808.00000,344.52000,250.76098
600.00000,0.01000,2.00000,2.00000,0.00000,0.01081,0.06243,250.76098,253.50098,0.01081,4249.00000,2647.00000,0.33670,250.76098
600.00000,0.01000,3.00000,2.00000,0.00000,0.01081,0.06243,250.76098,253.50098,0.01081,4249.00000,2664.00000,445.50000,250.76098
600.00000,0.01000,4.00000,2.00000,0.00000,0.01081,0.06243,250.76098,253.50098,0.01081,4249.00000,2666.00000,420.02143,250.76098
600.00000,0.01000,5.00000,2.00000,0.00000,0.01081,0.06243,250.76098,253.50098,0.01081,4249.00000,2660.00000,0.25253,250.76098
600.00000,0.01000,6.00000,2.00000,0.00000,0.01081,0.06243,250.76098,253.50098,0.01081,4249.00000,3244.00000,0.59374,250.76098
