"Omega","Tolerance","Step Size Rule","Iterations","Converged?","Gap LR","Gap Naive","Obj. Naive","Obj. LR","Gap","Time Naive","Time LR","Final Lambda","LB Heuristic"
600.00000,0.07000,1.00000,2.00000,0.00000,0.58557,1.00000,437.92388,12859.89616,0.58557,4230.00000,4242.00000,431.28944,5329.46697
600.00000,0.07000,2.00000,2.00000,0.00000,0.57903,1.00000,437.92388,12659.89616,0.57903,4230.00000,4244.00000,132.72629,5329.46697
600.00000,0.07000,3.00000,2.00000,0.00000,0.58557,1.00000,437.92388,12859.89616,0.58557,4230.00000,4248.00000,658.50944,5329.46697
600.00000,0.07000,4.00000,2.00000,0.00000,0.58557,1.00000,437.92388,12859.89616,0.58557,4230.00000,4249.00000,660.31096,5329.46697
600.00000,0.07000,5.00000,2.00000,0.00000,0.57568,1.00000,437.92388,12559.89616,0.57568,4230.00000,4238.00000,132.81589,5329.46697
600.00000,0.07000,6.00000,2.00000,0.00000,0.48806,1.00000,437.92388,10410.34850,0.48806,4230.00000,4225.00000,0.00000,5329.46697
