"Omega","Tolerance","Step Size Rule","Iterations","Converged?","Gap LR","Gap Naive","Obj. Naive","Obj. LR","Gap","Time Naive","Time LR","Final Lambda","LB Heuristic"
600.00000,0.07000,1.00000,2.00000,0.00000,0.04558,0.96982,437.92388,4485.75043,0.04558,4209.00000,2493.00000,452.16944,4281.27097
600.00000,0.07000,2.00000,3.00000,0.00000,0.51127,0.96982,437.92388,8759.92353,0.51127,4209.00000,2603.00000,127.32088,4281.27097
600.00000,0.07000,3.00000,3.00000,0.00000,0.51127,0.96982,437.92388,8759.92353,0.51127,4209.00000,4411.00000,488.30944,4281.27097
600.00000,0.07000,4.00000,3.00000,0.00000,0.49305,0.96982,437.92388,8445.11129,0.49305,4209.00000,4404.00000,468.32631,4281.27097
600.00000,0.07000,5.00000,3.00000,0.00000,0.44719,0.96982,437.92388,7744.61412,0.44719,4209.00000,2457.00000,122.11264,4281.27097
600.00000,0.07000,6.00000,3.00000,0.00000,0.51127,0.96982,437.92388,8759.92353,0.51127,4209.00000,4388.00000,13.72656,4281.27097
