"Omega","Tolerance","Step Size Rule","Iterations","Converged?","Gap LR","Gap Naive","Obj. Naive","Obj. LR","Gap","Time Naive","Time LR","Final Lambda","LB Heuristic"
600.00000,0.03000,1.00000,2.00000,0.00000,0.02471,0.11615,245.93653,252.16799,0.02471,4248.00000,2769.00000,337.56000,245.93653
600.00000,0.03000,2.00000,2.00000,0.00000,0.02471,0.11615,245.93653,252.16799,0.02471,4248.00000,2638.00000,0.34364,245.93653
600.00000,0.03000,3.00000,2.00000,0.00000,0.02471,0.11615,245.93653,252.16799,0.02471,4248.00000,2638.00000,436.50000,245.93653
600.00000,0.03000,4.00000,2.00000,0.00000,0.02471,0.11615,245.93653,252.16799,0.02471,4248.00000,2659.00000,411.53615,245.93653
600.00000,0.03000,5.00000,2.00000,0.00000,0.02471,0.11615,245.93653,252.16799,0.02471,4248.00000,2613.00000,0.25773,245.93653
600.00000,0.03000,6.00000,3.00000,0.00000,0.02471,0.11615,245.93653,252.16799,0.02471,4248.00000,4496.00000,0.04717,245.93653
