Omega,Tolerance,Step Size Rule,Iterations,Converged?,Gap LR,Gap Naive,Obj. Naive,Obj. LR,Gap,Time Naive,Time LR,Final Lambda,LB Heuristic
100.0,0.01,1.0,10.0,0.0,0.00648,0.00532,273.28377,275.69421,0.00648,76.0,588.0,57.24116,273.90879
100.0,0.01,2.0,10.0,0.0,0.01121,0.00532,273.28377,277.01345,0.01121,76.0,603.0,0.0,273.90879
100.0,0.01,3.0,10.0,0.0,0.00637,0.00532,273.28377,275.66421,0.00637,76.0,471.0,43.08867,273.90879
100.0,0.01,4.0,10.0,0.0,0.0066,0.00532,273.28377,275.72975,0.0066,76.0,554.0,44.74152,273.90879
100.0,0.01,5.0,10.0,0.0,0.0085,0.00532,273.28377,276.25587,0.0085,76.0,531.0,1.95647,273.90879
100.0,0.01,6.0,10.0,0.0,0.00628,0.00532,273.28377,275.63919,0.00628,76.0,983.0,2.42281,273.90879
,,,,,,,,,,,,,0.0
,,,,,,,,,,,,,0.0
