Omega,Tolerance,Step Size Rule,Iterations,Converged?,Gap LR,Gap Naive,Obj. Naive,Obj. LR,Gap,Time Naive,Time LR,Final Lambda,LB Heuristic
100.0,0.01,1.0,10.0,0.0,0.01501,0.00244,267.6494,271.72716,0.01501,64.0,1072.0,5.94686,267.6494
100.0,0.01,2.0,10.0,0.0,0.01919,0.00244,267.6494,272.88716,0.01919,64.0,785.0,4.78686,267.6494
100.0,0.01,3.0,10.0,0.0,0.01473,0.00244,267.6494,271.65134,0.01473,64.0,857.0,6.27268,267.6494
100.0,0.01,4.0,10.0,0.0,0.01474,0.00244,267.6494,271.65412,0.01474,64.0,951.0,6.33614,267.6494
100.0,0.01,5.0,10.0,0.0,0.01919,0.00244,267.6494,272.88716,0.01919,64.0,378.0,2.56253,267.6494
100.0,0.01,6.0,10.0,0.0,0.01471,0.00244,267.6494,271.64407,0.01471,64.0,1343.0,5.8193,267.6494
,,,,,,,,,,,,,0.0
,,,,,,,,,,,,,0.0
