"Omega","Tolerance","Step Size Rule","Iterations","Converged?","Gap LR","Gap Naive","Obj. Naive","Obj. LR","Gap","Time Naive","Time LR","Final Lambda","LB Heuristic"
600.00000,0.03000,1.00000,2.00000,0.00000,0.35751,0.73884,2987.07316,7001.98183,0.35751,4265.00000,4298.00000,460.94418,4498.70119
600.00000,0.03000,2.00000,2.00000,0.00000,0.33862,0.73884,2987.07316,6801.98183,0.33862,4265.00000,4317.00000,134.51146,4498.70119
600.00000,0.03000,3.00000,2.00000,0.00000,0.35751,0.73884,2987.07316,7001.98183,0.35751,4265.00000,4329.00000,702.32418,4498.70119
600.00000,0.03000,4.00000,2.00000,0.00000,0.35751,0.73884,2987.07316,7001.98183,0.35751,4265.00000,4340.00000,703.09626,4498.70119
600.00000,0.03000,5.00000,2.00000,0.00000,0.32875,0.73884,2987.07316,6701.98183,0.32875,4265.00000,4297.00000,134.59738,4498.70119
600.00000,0.03000,6.00000,2.00000,0.00000,0.22082,0.73884,2987.07316,5773.63664,0.22082,4265.00000,4253.00000,0.76702,4498.70119
