"Omega","Tolerance","Step Size Rule","Iterations","Converged?","Gap LR","Gap Naive","Obj. Naive","Obj. LR","Gap","Time Naive","Time LR","Final Lambda","LB Heuristic"
600.00000,0.05000,1.00000,2.00000,0.00000,0.56765,1.00000,341.70141,10487.97779,0.56765,4230.00000,4241.00000,445.27242,4534.52732
600.00000,0.05000,2.00000,2.00000,0.00000,0.55924,1.00000,341.70141,10287.97779,0.55924,4230.00000,4244.00000,132.77417,4534.52732
600.00000,0.05000,3.00000,2.00000,0.00000,0.56765,1.00000,341.70141,10487.97779,0.56765,4230.00000,4255.00000,679.57242,4534.52732
600.00000,0.05000,4.00000,2.00000,0.00000,0.56765,1.00000,341.70141,10487.97779,0.56765,4230.00000,4278.00000,680.85921,4534.52732
600.00000,0.05000,5.00000,2.00000,0.00000,0.55491,1.00000,341.70141,10187.97779,0.55491,4230.00000,4239.00000,132.86189,4534.52732
600.00000,0.05000,6.00000,2.00000,0.00000,0.44514,1.00000,341.70141,8172.43154,0.44514,4230.00000,4223.00000,0.00000,4534.52732
