"Omega","Tolerance","Step Size Rule","Iterations","Converged?","Gap LR","Gap Naive","Obj. Naive","Obj. LR","Gap","Time Naive","Time LR","Final Lambda","LB Heuristic"
600.00000,0.05000,1.00000,2.00000,0.00000,0.58361,0.63255,4793.83308,10487.97779,0.54292,4281.00000,4317.00000,445.27242,4367.12249
600.00000,0.05000,2.00000,2.00000,0.00000,0.57551,0.63255,4793.83308,10287.97779,0.53404,4281.00000,4318.00000,132.77417,4367.12249
600.00000,0.05000,3.00000,2.00000,0.00000,0.58361,0.63255,4793.83308,10487.97779,0.54292,4281.00000,4338.00000,679.57242,4367.12249
600.00000,0.05000,4.00000,2.00000,0.00000,0.58361,0.63255,4793.83308,10487.97779,0.54292,4281.00000,4323.00000,680.85921,4367.12249
600.00000,0.05000,5.00000,2.00000,0.00000,0.57135,0.63255,4793.83308,10187.97779,0.52946,4281.00000,4297.00000,132.86189,4367.12249
600.00000,0.05000,6.00000,2.00000,0.00000,0.42064,0.63255,4793.83308,7537.84885,0.36403,4281.00000,4253.00000,0.00000,4367.12249
