"Omega","Tolerance","Step Size Rule","Iterations","Converged?","Gap LR","Gap Naive","Obj. Naive","Obj. LR","Gap","Time Naive","Time LR","Final Lambda","LB Heuristic"
600.00000,0.05000,1.00000,2.00000,0.00000,0.14867,0.80890,2438.63976,4715.86203,0.14867,4207.00000,2489.00000,459.77242,4014.73502
600.00000,0.05000,2.00000,3.00000,0.00000,0.45423,0.80890,2438.63976,7356.05967,0.45423,4207.00000,2560.00000,125.36676,4014.73502
600.00000,0.05000,3.00000,3.00000,0.00000,0.45423,0.80890,2438.63976,7356.05967,0.45423,4207.00000,4409.00000,514.57242,4014.73502
600.00000,0.05000,4.00000,3.00000,0.00000,0.39534,0.80890,2438.63976,6639.70407,0.39534,4207.00000,4383.00000,493.80277,4014.73502
600.00000,0.05000,5.00000,3.00000,0.00000,0.48066,0.80890,2438.63976,7730.44344,0.48066,4207.00000,2475.00000,121.79673,4014.73502
600.00000,0.05000,6.00000,3.00000,0.00000,0.45423,0.80890,2438.63976,7356.05967,0.45423,4207.00000,4381.00000,18.34079,4014.73502
