"Omega","Tolerance","Step Size Rule","Iterations","Converged?","Gap LR","Gap Naive","Obj. Naive","Obj. LR","Gap","Time Naive","Time LR","Final Lambda","LB Heuristic"
900.00000,0.05000,1.00000,1.00000,1.00000,0.00000,0.13929,247.07077,247.07077,0.00000,4307.00000,2175.00000,0.29785,247.07077
900.00000,0.05000,2.00000,1.00000,1.00000,0.00000,0.13929,247.07077,247.07077,0.00000,4307.00000,2176.00000,0.29785,247.07077
900.00000,0.05000,3.00000,1.00000,1.00000,0.00000,0.13929,247.07077,247.07077,0.00000,4307.00000,2165.00000,0.29785,247.07077
900.00000,0.05000,4.00000,1.00000,1.00000,0.00000,0.13929,247.07077,247.07077,0.00000,4307.00000,2158.00000,0.29785,247.07077
900.00000,0.05000,5.00000,1.00000,1.00000,0.00000,0.13929,247.07077,247.07077,0.00000,4307.00000,2151.00000,0.29785,247.07077
900.00000,0.05000,6.00000,1.00000,1.00000,0.00000,0.13929,247.07077,247.07077,0.00000,4307.00000,2141.00000,0.29785,247.07077
