,Omega,Tolerance,Step Size Rule,Iterations,Converged?,Gap LR,Gap Naive,Obj. Naive,Obj. LR,Gap,Time Naive,Time LR,Final Lambda,LB Heuristic,IR,AP
0,600.0,0.05,1.0,10.0,0.0,0.06055,0.15832,242.36433,263.69123,0.06055,4243.0,2188.0,191.4,247.72581,-253.79446,0.0
1,600.0,0.05,2.0,10.0,0.0,0.06055,0.15832,242.36433,263.69123,0.06055,4243.0,2282.0,200.0,247.72581,-253.79446,0.0
2,600.0,0.05,3.0,10.0,0.0,0.06055,0.15832,242.36433,263.69123,0.06055,4243.0,2185.0,335.71104,247.72581,-253.79446,0.0
3,600.0,0.05,4.0,10.0,0.0,0.06055,0.15832,242.36433,263.69123,0.06055,4243.0,2188.0,303.63413,247.72581,-253.79446,0.0
4,600.0,0.05,5.0,10.0,0.0,0.06055,0.15832,242.36433,263.69123,0.06055,4243.0,2451.0,0.0,247.72581,-253.79446,0.0
5,600.0,0.05,6.0,5.0,0.0,0.06055,0.15832,242.36433,263.69123,0.06055,4243.0,6373.0,0.0,247.72581,-253.79446,0.0
