Omega,Tolerance,Step Size Rule,Iterations,Converged?,Gap LR,Gap Naive,Obj. Naive,Obj. LR,Gap,Time Naive,Time LR,Final Lambda,LB Heuristic
600.0,0.05,1.0,10.0,0.0,0.0549,0.15832,242.36433,262.11483,0.0549,4243.0,2204.0,191.4,247.72581
600.0,0.05,2.0,3.0,0.0,0.0549,0.15832,242.36433,262.11483,0.0549,4243.0,2412.0,0.70175,247.72581
600.0,0.05,3.0,10.0,0.0,0.0549,0.15832,242.36433,262.11483,0.0549,4243.0,2205.0,335.71104,247.72581
600.0,0.05,4.0,10.0,0.0,0.0549,0.15832,242.36433,262.11483,0.0549,4243.0,2204.0,303.63413,247.72581
600.0,0.05,5.0,3.0,0.0,0.0549,0.15832,242.36433,262.11483,0.0549,4243.0,2387.0,0.4386,247.72581
600.0,0.05,6.0,3.0,0.0,0.0549,0.15832,242.36433,262.11483,0.0549,4243.0,4245.0,0.0,247.72581
