Omega,Tolerance,Step Size Rule,Iterations,Converged?,Gap LR,Gap Naive,Obj. Naive,Obj. LR,Gap,Time Naive,Time LR,Final Lambda,LB Heuristic
600.0,0.05,1.0,1.0,1.0,0.0,0.15832,242.36433,247.72581,0.0,4243.0,2134.0,0.45643,247.72581
600.0,0.05,2.0,1.0,1.0,0.0,0.15832,242.36433,247.72581,0.0,4243.0,2138.0,0.45643,247.72581
600.0,0.05,3.0,1.0,1.0,0.0,0.15832,242.36433,247.72581,0.0,4243.0,2129.0,0.45643,247.72581
600.0,0.05,4.0,2.0,0.0,0.0308,0.15832,242.36433,255.59843,0.0308,4243.0,2463.0,403.05087,247.72581
600.0,0.05,5.0,2.0,0.0,0.0308,0.15832,242.36433,255.59843,0.0308,4243.0,2473.0,0.26316,247.72581
600.0,0.05,6.0,1.0,1.0,0.0,0.15832,242.36433,247.72581,0.0,4243.0,2135.0,0.45643,247.72581
