Omega,Tolerance,Step Size Rule,Iterations,Converged?,Gap LR,Gap Naive,Obj. Naive,Obj. LR (UB),"Obj. LR (LB),",Gap,Time Naive,Time LR,Final Lambda,LB Heuristic,BBP,Best iter,Lambda best iter,Gamma best iter
600.0,0.05,1.0,10.0,0.0,0.12978,0.15832,242.36433,284.67127,263.69123,0.12978,4243.0,2193.0,191.4,247.72581,0.0,1.0,0.45643,13.0
600.0,0.05,2.0,10.0,0.0,0.12978,0.15832,242.36433,284.67127,263.69123,0.12978,4243.0,2276.0,200.0,247.72581,0.0,1.0,0.45643,13.0
600.0,0.05,3.0,10.0,0.0,0.12965,0.15832,242.36433,284.62914,263.69123,0.12965,4243.0,2191.0,335.71104,247.72581,0.0,1.0,0.45643,13.0
600.0,0.05,4.0,10.0,0.0,0.12965,0.15832,242.36433,284.62914,263.69123,0.12965,4243.0,2189.0,303.63413,247.72581,0.0,1.0,0.45643,13.0
600.0,0.05,5.0,10.0,0.0,0.12968,0.15832,242.36433,284.6366,263.69123,0.12968,4243.0,2446.0,0.0,247.72581,0.0,1.0,0.45643,13.0
600.0,0.05,6.0,3.0,0.0,0.12968,0.15832,242.36433,284.6366,263.69123,0.12968,4243.0,4239.0,0.0,247.72581,0.0,1.0,0.45643,13.0
