Omega,Tolerance,Step Size Rule,Iterations,Converged?,Gap LR,Gap Naive,Obj. Naive,Obj. LR (UB),"Obj. LR (LB),",Gap,Time Naive,Time LR,Final Lambda,LB Heuristic,BBP,Best iter,Lambda best iter,Gamma best iter
600.0,0.05,1.0,10.0,0.0,0.12853,0.15832,242.36433,284.2636,271.87274,0.12853,4243.0,5069.0,174.45643,247.72581,0.0,1.0,0.45643,-570.0
600.0,0.05,2.0,7.0,0.0,0.10535,0.15832,242.36433,276.89822,271.87274,0.10535,4243.0,50024.0,200.45643,247.72581,0.0,3.0,0.45643,-570.0
600.0,0.05,3.0,10.0,0.0,0.12853,0.15832,242.36433,284.2636,271.87274,0.12853,4243.0,5069.0,456.16746,247.72581,0.0,1.0,0.45643,-570.0
600.0,0.05,4.0,10.0,0.0,0.12853,0.15832,242.36433,284.2636,271.87274,0.12853,4243.0,5070.0,449.82649,247.72581,0.0,1.0,0.45643,-570.0
600.0,0.05,5.0,10.0,0.0,0.12853,0.15832,242.36433,284.2636,271.87274,0.12853,4243.0,5316.0,0.0,247.72581,0.0,1.0,0.45643,-570.0
600.0,0.05,6.0,10.0,0.0,0.09831,0.15832,242.36433,274.73408,274.73408,0.09831,4243.0,40805.0,0.31174,247.72581,0.0,4.0,0.99758,25.0
