,Omega,Tolerance,Step Size Rule,Iterations,Converged?,Gap LR,Gap Naive,Obj. Naive,Obj. LR,Gap,Time Naive,Time LR,Final Lambda,LB Heuristic,IR,AP
0,900.0,0.05,1.0,2.0,0.0,0.0715,1.0,237.14288,257.39164,0.0715,4252.0,2295.0,495.9,238.98927,-253.75027,0.0
1,900.0,0.05,2.0,2.0,0.0,0.0715,1.0,237.14288,257.39164,0.0715,4252.0,2290.0,0.23392,238.98927,-253.75027,0.0
2,900.0,0.05,3.0,2.0,0.0,0.0715,1.0,237.14288,257.39164,0.0715,4252.0,2292.0,641.25,238.98927,-253.75027,0.0
3,900.0,0.05,4.0,2.0,0.0,0.0715,1.0,237.14288,257.39164,0.0715,4252.0,2290.0,604.5763,238.98927,-253.75027,0.0
4,900.0,0.05,5.0,2.0,0.0,0.0715,1.0,237.14288,257.39164,0.0715,4252.0,2292.0,0.17544,238.98927,-253.75027,0.0
5,900.0,0.05,6.0,2.0,0.0,0.0715,1.0,237.14288,257.39164,0.0715,4252.0,2309.0,0.68855,238.98927,-253.75027,0.0
