Omega,Tolerance,Step Size Rule,Iterations,Converged?,Gap LR,Gap Naive,Obj. Naive,Obj. LR (UB),"Obj. LR (LB),",Gap,Time Naive,Time LR,Final Lambda,LB Heuristic,BBP,Best iter,Lambda best iter,Gamma best iter
900.0,0.05,1.0,10.0,0.0,0.16239,0.16041,239.80308,285.32382,262.12032,0.15954,4208.0,5225.0,287.1,238.98927,0.0,1.0,0.30526,25.0
900.0,0.05,2.0,10.0,0.0,0.16239,0.16041,239.80308,285.32382,262.12032,0.15954,4208.0,5533.0,200.0,238.98927,0.0,1.0,0.30526,25.0
900.0,0.05,3.0,10.0,0.0,0.16239,0.16041,239.80308,285.32382,262.12032,0.15954,4208.0,5215.0,503.56656,238.98927,0.0,1.0,0.30526,25.0
900.0,0.05,4.0,10.0,0.0,0.16239,0.16041,239.80308,285.32382,262.12032,0.15954,4208.0,5213.0,455.4512,238.98927,0.0,1.0,0.30526,25.0
900.0,0.05,5.0,10.0,0.0,0.16239,0.16041,239.80308,285.32382,262.12032,0.15954,4208.0,5654.0,0.0,238.98927,0.0,1.0,0.30526,25.0
900.0,0.05,6.0,7.0,0.0,0.16064,0.16041,239.80308,284.72865,263.06855,0.15778,4208.0,50330.0,0.0,238.98927,0.0,5.0,0.34428,25.0
