Omega,Tolerance,Step Size Rule,Iterations,Converged?,Gap LR,Gap Naive,Obj. Naive,Obj. LR (UB),"Obj. LR (LB),",Gap,Time Naive,Time LR,Final Lambda,LB Heuristic,BBP,Best iter,Lambda best iter,Gamma best iter
900.0,0.05,1.0,10.0,0.0,0.16471,0.16041,239.80308,286.11368,262.12032,0.16186,4208.0,2317.0,287.1,238.98927,0.0,1.0,0.30526,25.0
900.0,0.05,2.0,6.0,0.0,0.16471,0.16041,239.80308,286.11368,262.12032,0.16186,4208.0,2430.0,200.0,238.98927,0.0,1.0,0.30526,25.0
900.0,0.05,3.0,10.0,0.0,0.16471,0.16041,239.80308,286.11368,262.12032,0.16186,4208.0,2316.0,503.56656,238.98927,0.0,1.0,0.30526,25.0
900.0,0.05,4.0,10.0,0.0,0.16471,0.16041,239.80308,286.11368,262.12032,0.16186,4208.0,2319.0,455.4512,238.98927,0.0,1.0,0.30526,25.0
900.0,0.05,5.0,8.0,0.0,0.16471,0.16041,239.80308,286.11368,262.12032,0.16186,4208.0,2456.0,37.5,238.98927,0.0,1.0,0.30526,25.0
900.0,0.05,6.0,3.0,0.0,0.16471,0.16041,239.80308,286.11368,262.12032,0.16186,4208.0,4314.0,0.0,238.98927,0.0,1.0,0.30526,25.0
