Omega,Tolerance,Step Size Rule,Iterations,Converged?,Gap LR,Gap Naive,Obj. Naive,Obj. LR,Gap,Time Naive,Time LR,Final Lambda,LB Heuristic
900.0,0.05,1.0,1.0,1.0,0.0,1.0,237.14288,238.98927,0.0,4252.0,2148.0,0.30526,238.98927
900.0,0.05,2.0,1.0,1.0,0.0,1.0,237.14288,238.98927,0.0,4252.0,2139.0,0.30526,238.98927
900.0,0.05,3.0,1.0,1.0,0.0,1.0,237.14288,238.98927,0.0,4252.0,2141.0,0.30526,238.98927
900.0,0.05,4.0,1.0,1.0,0.0,1.0,237.14288,238.98927,0.0,4252.0,2139.0,0.30526,238.98927
900.0,0.05,5.0,1.0,1.0,0.0,1.0,237.14288,238.98927,0.0,4252.0,2142.0,0.30526,238.98927
900.0,0.05,6.0,1.0,1.0,0.0,1.0,237.14288,238.98927,0.0,4252.0,2152.0,0.30526,238.98927
