Omega,Tolerance,Step Size Rule,Iterations,Converged?,Gap LR,Gap Naive,Obj. Naive,Obj. LR (UB),"Obj. LR (LB),",Gap,Time Naive,Time LR,Final Lambda,LB Heuristic,BBP,Best iter,Lambda best iter,Gamma best iter
100.0,0.05,1.0,10.0,0.0,0.05511,0.0,284.07028,299.26198,299.26198,0.05076,445.0,36.0,31.79395,282.76862,0.0,1.0,2.79395,-95.0
100.0,0.05,2.0,10.0,0.0,0.05511,0.0,284.07028,299.26198,299.26198,0.05076,445.0,142.0,2.79395,282.76862,0.0,1.0,2.79395,-95.0
100.0,0.05,3.0,10.0,0.0,0.05511,0.0,284.07028,299.26198,299.26198,0.05076,445.0,28.0,78.74579,282.76862,0.0,1.0,2.79395,-95.0
100.0,0.05,4.0,10.0,0.0,0.05511,0.0,284.07028,299.26198,299.26198,0.05076,445.0,30.0,77.68896,282.76862,0.0,1.0,2.79395,-95.0
100.0,0.05,5.0,10.0,0.0,0.0489,0.0,284.07028,297.3065,297.3065,0.04452,445.0,51.0,0.0,282.76862,0.0,10.0,4.16667,4.0
100.0,0.05,6.0,10.0,0.0,0.03333,0.0,284.07028,292.51781,292.51008,0.02888,445.0,145.0,2.51013,282.76862,0.0,6.0,2.96756,4.0
