"Omega","Tolerance","Step Size Rule","Iterations","Converged?","Gap LR","Gap Naive","Obj. Naive","Obj. LR","Gap","Time Naive","Time LR","Final Lambda","LB Heuristic"
100.00000,0.03000,1.00000,2.00000,0.00000,0.17847,0.42540,5944.32303,7587.99648,0.17847,4202.00000,4205.00000,856.64489,6233.74003
100.00000,0.03000,2.00000,2.00000,0.00000,0.15623,0.42540,5944.32303,7387.99648,0.15623,4202.00000,4206.00000,806.24861,6233.74003
100.00000,0.03000,3.00000,2.00000,0.00000,0.17847,0.42540,5944.32303,7587.99648,0.17847,4202.00000,4210.00000,896.87489,6233.74003
100.00000,0.03000,4.00000,2.00000,0.00000,0.17847,0.42540,5944.32303,7587.99648,0.17847,4202.00000,4208.00000,897.00357,6233.74003
100.00000,0.03000,5.00000,2.00000,0.00000,0.17847,0.42540,5944.32303,7587.99648,0.17847,4202.00000,4205.00000,806.76407,6233.74003
100.00000,0.03000,6.00000,2.00000,0.00000,0.23796,0.42540,5944.32303,8180.38459,0.23796,4202.00000,4203.00000,0.00000,6233.74003
