"Omega","Tolerance","Step Size Rule","Iterations","Converged?","Gap LR","Gap Naive","Obj. Naive","Obj. LR","Gap","Time Naive","Time LR","Final Lambda","LB Heuristic"
100.00000,0.03000,1.00000,2.00000,0.00000,0.22110,0.37937,6141.71875,7946.20771,0.22110,4203.00000,4206.00000,798.64489,6189.32114
100.00000,0.03000,2.00000,10.00000,0.00000,0.23317,0.37937,6141.71875,8071.29649,0.23317,4203.00000,2285.00000,754.01493,6189.32114
100.00000,0.03000,3.00000,2.00000,0.00000,0.20862,0.37937,6141.71875,7820.97039,0.20862,4203.00000,4211.00000,796.87489,6189.32114
100.00000,0.03000,4.00000,2.00000,0.00000,0.22762,0.37937,6141.71875,8013.32788,0.22762,4203.00000,4208.00000,797.00357,6189.32114
100.00000,0.03000,5.00000,10.00000,0.00000,0.21929,0.37937,6141.71875,7927.77030,0.21929,4203.00000,2263.00000,708.09078,6189.32114
100.00000,0.03000,6.00000,3.00000,0.00000,0.21019,0.37937,6141.71875,7836.46439,0.21019,4203.00000,4213.00000,167.39142,6189.32114
