Omega,Tolerance,Step Size Rule,Iterations,Converged?,Gap LR,Gap Naive,Obj. Naive,Obj. LR,Gap,Time Naive,Time LR,Final Lambda,LB Heuristic
900.0,0.03,1.0,1.0,1.0,0.0,0.16649,233.10605,245.89224,0.0,4253.0,2149.0,0.39529,245.89224
900.0,0.03,2.0,1.0,1.0,0.0,0.16649,233.10605,245.89224,0.0,4253.0,2146.0,0.39529,245.89224
900.0,0.03,3.0,1.0,1.0,0.0,0.16649,233.10605,245.89224,0.0,4253.0,2144.0,0.39529,245.89224
900.0,0.03,4.0,1.0,1.0,0.0,0.16649,233.10605,245.89224,0.0,4253.0,2148.0,0.39529,245.89224
900.0,0.03,5.0,1.0,1.0,0.0,0.16649,233.10605,245.89224,0.0,4253.0,2148.0,0.39529,245.89224
900.0,0.03,6.0,1.0,1.0,0.0,0.16649,233.10605,245.89224,0.0,4253.0,2151.0,0.39529,245.89224
