Omega,Tolerance,Step Size Rule,Iterations,Converged?,Gap LR,Gap Naive,Obj. Naive,Obj. LR,Gap,Time Naive,Time LR,Final Lambda,LB Heuristic
900.0,0.03,1.0,10.0,0.0,0.02277,0.16649,233.10605,251.62242,0.02277,4253.0,2210.0,381.06,245.89224
900.0,0.03,2.0,3.0,0.0,0.02277,0.16649,233.10605,251.62242,0.02277,4253.0,2659.0,0.45819,245.89224
900.0,0.03,3.0,10.0,0.0,0.02277,0.16649,233.10605,251.62242,0.02277,4253.0,2203.0,572.13994,245.89224
900.0,0.03,4.0,10.0,0.0,0.02277,0.16649,233.10605,251.62242,0.02277,4253.0,2205.0,527.82916,245.89224
900.0,0.03,5.0,3.0,0.0,0.02277,0.16649,233.10605,251.62242,0.02277,4253.0,2401.0,0.28637,245.89224
900.0,0.03,6.0,3.0,0.0,0.02277,0.16649,233.10605,251.62242,0.02277,4253.0,4253.0,0.0,245.89224
