"Omega","Tolerance","Step Size Rule","Iterations","Converged?","Gap LR","Gap Naive","Obj. Naive","Obj. LR","Gap","Time Naive","Time LR","Final Lambda","LB Heuristic"
100.00000,0.07000,1.00000,3.00000,0.00000,0.37029,0.48118,6765.76629,11415.50920,0.37029,4203.00000,4484.00000,839.31283,7188.49403
100.00000,0.07000,2.00000,4.00000,0.00000,0.48244,0.48118,6765.76629,13889.25388,0.48244,4203.00000,2452.00000,802.09499,7188.49403
100.00000,0.07000,3.00000,2.00000,0.00000,0.38214,0.48118,6765.76629,11634.41349,0.38214,4203.00000,2460.00000,881.24283,7188.49403
100.00000,0.07000,4.00000,3.00000,0.00000,0.38580,0.48118,6765.76629,11703.77715,0.38580,4203.00000,4504.00000,877.50163,7188.49403
100.00000,0.07000,5.00000,4.00000,0.00000,0.48430,0.48118,6765.76629,13939.25388,0.48430,4203.00000,2743.00000,800.21326,7188.49403
100.00000,0.07000,6.00000,2.00000,0.00000,0.41704,0.48118,6765.76629,12330.98774,0.41704,4203.00000,2411.00000,0.00000,7188.49403
