"Omega","Tolerance","Step Size Rule","Iterations","Converged?","Gap LR","Gap Naive","Obj. Naive","Obj. LR","Gap","Time Naive","Time LR","Final Lambda","LB Heuristic"
100.00000,0.07000,1.00000,2.00000,0.00000,0.37571,0.47082,7116.95157,11561.53374,0.37571,4203.00000,2476.00000,843.37283,7217.73588
100.00000,0.07000,2.00000,4.00000,0.00000,0.48034,0.47082,7116.95157,13889.25387,0.48034,4203.00000,4245.00000,802.09498,7217.73588
100.00000,0.07000,3.00000,2.00000,0.00000,0.38709,0.47082,7116.95157,11776.09010,0.38709,4203.00000,2491.00000,881.24283,7217.73588
100.00000,0.07000,4.00000,2.00000,0.00000,0.38709,0.47082,7116.95157,11776.09010,0.38709,4203.00000,2487.00000,881.54309,7217.73588
100.00000,0.07000,5.00000,3.00000,0.00000,0.48589,0.47082,7116.95157,14039.25387,0.48589,4203.00000,2734.00000,799.40681,7217.73588
100.00000,0.07000,6.00000,2.00000,0.00000,0.40857,0.47082,7116.95157,12203.96119,0.40857,4203.00000,2499.00000,0.00000,7217.73588
