"Omega","Tolerance","Step Size Rule","Iterations","Converged?","Gap LR","Gap Naive","Obj. Naive","Obj. LR","Gap","Time Naive","Time LR","Final Lambda","LB Heuristic"
100.00000,0.07000,1.00000,2.00000,0.00000,0.36950,0.47700,7241.09345,11447.61361,0.36746,4213.00000,2985.00000,843.37283,7217.73588
100.00000,0.07000,2.00000,2.00000,0.00000,0.49488,0.47700,7241.09345,14289.25387,0.49325,4213.00000,2679.00000,797.79391,7217.73588
100.00000,0.07000,3.00000,2.00000,0.00000,0.38574,0.47700,7241.09345,11750.32407,0.38375,4213.00000,3098.00000,881.24283,7217.73588
100.00000,0.07000,4.00000,2.00000,0.00000,0.38574,0.47700,7241.09345,11750.32407,0.38375,4213.00000,2994.00000,881.54309,7217.73588
100.00000,0.07000,5.00000,2.00000,0.00000,0.49132,0.47700,7241.09345,14189.25387,0.48968,4213.00000,3055.00000,798.33154,7217.73588
100.00000,0.07000,6.00000,2.00000,0.00000,0.40773,0.47700,7241.09345,12186.49081,0.40581,4213.00000,3032.00000,0.00000,7217.73588
