Omega,Tolerance,Step Size Rule,Iterations,Converged?,Gap LR,Gap Naive,Obj. Naive,Obj. LR (UB),"Obj. LR (LB),",Gap,Time Naive,Time LR,Final Lambda,LB Heuristic,BBP,Best iter,Lambda best iter,Gamma best iter
100.0,0.05,1.0,3.0,0.0,0.50782,0.43733,6293.60004,11579.58216,9716.54484,0.45649,4200.0,4340.0,841.58583,5699.23913,0.0,3.0,844.48583,5.0
100.0,0.05,2.0,4.0,0.0,0.52205,0.43733,6293.60004,11924.36737,10503.4725,0.47221,4200.0,4476.0,792.28583,5699.23913,0.0,4.0,992.28583,5.0
100.0,0.05,3.0,3.0,0.0,0.51158,0.43733,6293.60004,11668.75667,9911.79484,0.46065,4200.0,4336.0,880.53583,5699.23913,0.0,3.0,883.53583,5.0
100.0,0.05,4.0,3.0,0.0,0.5103,0.43733,6293.60004,11638.31661,9912.86717,0.45923,4200.0,4337.0,880.86355,5699.23913,0.0,3.0,883.7503,5.0
100.0,0.05,5.0,3.0,0.0,0.51363,0.43733,6293.60004,11718.0126,10205.54484,0.46291,4200.0,4336.0,842.28583,5699.23913,0.0,3.0,942.28583,5.0
100.0,0.05,6.0,4.0,0.0,0.5281,0.43733,6293.60004,12077.29173,10178.47533,0.47889,4200.0,4339.0,0.0,5699.23913,0.0,2.0,936.87193,5.0
