,Omega,Tolerance,Step Size Rule,Iterations,Converged?,Gap LR,Gap Naive,Obj. Naive,Obj. LR,Gap,Time Naive,Time LR,Final Lambda,LB Heuristic,IR,AP
0,100.0,0.05,1.0,3.0,0.0,0.56772,0.43733,6293.60004,9716.54484,0.35228,4200.0,4338.0,841.58583,4200.28221,5699.24243,5170.26905
1,100.0,0.05,2.0,4.0,0.0,0.5055,0.43733,6293.60004,10455.54484,0.39806,4200.0,4475.0,792.28583,5170.2564,5699.24243,5170.26905
2,100.0,0.05,3.0,3.0,0.0,0.57623,0.43733,6293.60004,9911.79484,0.36504,4200.0,4336.0,880.53583,4200.28221,5699.24243,5170.26905
3,100.0,0.05,4.0,3.0,0.0,0.57628,0.43733,6293.60004,9912.86717,0.36511,4200.0,4336.0,880.86355,4200.28221,5699.24243,5170.26905
4,100.0,0.05,5.0,3.0,0.0,0.49339,0.43733,6293.60004,10205.54484,0.38332,4200.0,4335.0,842.28583,5170.2564,5699.24243,5170.26905
5,100.0,0.05,6.0,4.0,0.0,0.59364,0.43733,6293.60004,10336.26027,0.39111,4200.0,4339.0,0.0,4200.28221,5699.24243,5170.26905
