Omega,Tolerance,Step Size Rule,Iterations,Converged?,Gap LR,Gap Naive,Obj. Naive,Obj. LR,Gap,Time Naive,Time LR,Final Lambda,LB Heuristic
100.0,0.03,1.0,2.0,0.0,0.49896,0.77593,1400.21143,7901.76833,0.49896,4204.0,4200.0,808.53888,3959.11571
100.0,0.03,2.0,10.0,0.0,0.49896,0.77593,1400.21143,7901.76833,0.49896,4204.0,2112.0,763.90891,3959.11571
100.0,0.03,3.0,2.0,0.0,0.49896,0.77593,1400.21143,7901.76833,0.49896,4204.0,4200.0,806.76888,3959.11571
100.0,0.03,4.0,2.0,0.0,0.49896,0.77593,1400.21143,7901.76833,0.49896,4204.0,4200.0,806.89756,3959.11571
100.0,0.03,5.0,10.0,0.0,0.49896,0.77593,1400.21143,7901.76833,0.49896,4204.0,2110.0,717.98476,3959.11571
100.0,0.03,6.0,3.0,0.0,0.49896,0.77593,1400.21143,7901.76833,0.49896,4204.0,4200.0,0.0,3959.11571
