Omega,Tolerance,Step Size Rule,Iterations,Converged?,Gap LR,Gap Naive,Obj. Naive,Obj. LR,Gap,Time Naive,Time LR,Final Lambda,LB Heuristic
100.0,0.05,1.0,3.0,0.0,0.56772,0.43733,6293.60004,9716.54484,0.35228,4200.0,4338.0,841.58583,4200.28221
100.0,0.05,2.0,5.0,0.0,0.64305,0.43733,6293.60004,11767.07878,0.46515,4200.0,3504.0,802.81215,4200.28221
100.0,0.05,3.0,3.0,0.0,0.57623,0.43733,6293.60004,9911.79484,0.36504,4200.0,4336.0,880.53583,4200.28221
100.0,0.05,4.0,3.0,0.0,0.57628,0.43733,6293.60004,9912.86717,0.36511,4200.0,4336.0,880.86355,4200.28221
100.0,0.05,5.0,5.0,0.0,0.64828,0.43733,6293.60004,11942.07878,0.47299,4200.0,2974.0,799.49636,4200.28221
100.0,0.05,6.0,4.0,0.0,0.59364,0.43733,6293.60004,10336.26027,0.39111,4200.0,4339.0,0.0,4200.28221
