"Omega","Tolerance","Step Size Rule","Iterations","Converged?","Gap LR","Gap Naive","Obj. Naive","Obj. LR","Gap","Time Naive","Time LR","Final Lambda","LB Heuristic"
100.00000,0.05000,1.00000,2.00000,0.00000,0.31163,0.44950,6669.19171,9660.16574,0.30962,4210.00000,3506.00000,844.48583,6649.76713
100.00000,0.05000,2.00000,2.00000,0.00000,0.38520,0.44950,6669.19171,10816.20671,0.38341,4210.00000,3617.00000,796.49636,6649.76713
100.00000,0.05000,3.00000,2.00000,0.00000,0.32699,0.44950,6669.19171,9880.60637,0.32502,4210.00000,3580.00000,883.53583,6649.76713
100.00000,0.05000,4.00000,2.00000,0.00000,0.32699,0.44950,6669.19171,9880.60637,0.32502,4210.00000,3593.00000,883.75030,6649.76713
100.00000,0.05000,5.00000,2.00000,0.00000,0.37947,0.44950,6669.19171,10716.20671,0.37765,4210.00000,3679.00000,797.02268,6649.76713
100.00000,0.05000,6.00000,2.00000,0.00000,0.33750,0.44950,6669.19171,10037.39896,0.33557,4210.00000,3389.00000,0.00000,6649.76713
