"Omega","Tolerance","Step Size Rule","Iterations","Converged?","Gap LR","Gap Naive","Obj. Naive","Obj. LR","Gap","Time Naive","Time LR","Final Lambda","LB Heuristic"
600.00000,0.05000,1.00000,1.00000,1.00000,0.00000,0.13856,246.19984,246.19984,0.00000,4253.00000,2151.00000,0.46120,246.19984
600.00000,0.05000,2.00000,1.00000,1.00000,0.00000,0.13856,246.19984,246.19984,0.00000,4253.00000,2151.00000,0.46120,246.19984
600.00000,0.05000,3.00000,1.00000,1.00000,0.00000,0.13856,246.19984,246.19984,0.00000,4253.00000,2145.00000,0.46120,246.19984
600.00000,0.05000,4.00000,1.00000,1.00000,0.00000,0.13856,246.19984,246.19984,0.00000,4253.00000,2139.00000,0.46120,246.19984
600.00000,0.05000,5.00000,1.00000,1.00000,0.00000,0.13856,246.19984,246.19984,0.00000,4253.00000,2138.00000,0.46120,246.19984
600.00000,0.05000,6.00000,1.00000,1.00000,0.00000,0.13856,246.19984,246.19984,0.00000,4253.00000,2141.00000,0.46120,246.19984
