"Omega","Tolerance","Step Size Rule","Iterations","Converged?","Gap LR","Gap Naive","Obj. Naive","Obj. LR","Gap","Time Naive","Time LR","Final Lambda","LB Heuristic"
100.00000,0.01000,1.00000,2.00000,0.00000,0.10502,0.36815,5879.08974,6554.35855,0.10303,4216.00000,4220.00000,868.81136,5866.04836
100.00000,0.01000,2.00000,7.00000,0.00000,0.11349,0.36815,5879.08974,6617.02375,0.11152,4216.00000,2404.00000,682.09257,5866.04836
100.00000,0.01000,3.00000,2.00000,0.00000,0.10501,0.36815,5879.08974,6554.30720,0.10302,4216.00000,4234.00000,868.22136,5866.04836
100.00000,0.01000,4.00000,2.00000,0.00000,0.10529,0.36815,5879.08974,6556.39278,0.10330,4216.00000,4237.00000,868.26425,5866.04836
100.00000,0.01000,5.00000,8.00000,0.00000,0.10543,0.36815,5879.08974,6557.39278,0.10344,4216.00000,2424.00000,575.17699,5866.04836
100.00000,0.01000,6.00000,3.00000,0.00000,0.10501,0.36815,5879.08974,6554.30720,0.10302,4216.00000,4262.00000,160.20099,5866.04836
