,Omega,Tolerance,Step Size Rule,Iterations,Converged?,Gap LR,Gap Naive,Obj. Naive,Obj. LR,Gap,Time Naive,Time LR,Final Lambda,LB Heuristic,IR,AP
0,100.0,0.01,1.0,10.0,0.0,0.00377,0.00229,268.85066,269.86895,0.00377,54.0,1282.0,4.36203,268.85066,-264.07568,-266.69174
1,100.0,0.01,2.0,10.0,0.0,0.00417,0.00229,268.85066,269.9768,0.00417,54.0,706.0,0.0,268.85066,-264.07568,-266.69174
2,100.0,0.01,3.0,10.0,0.0,0.0034,0.00229,268.85066,269.76895,0.0034,54.0,1184.0,3.97629,268.85066,-264.07568,-266.69174
3,100.0,0.01,4.0,10.0,0.0,0.00361,0.00229,268.85066,269.82528,0.00361,54.0,1500.0,3.88577,268.85066,-264.07568,-266.69174
4,100.0,0.01,5.0,10.0,0.0,0.00745,0.00229,268.85066,270.86734,0.00745,54.0,481.0,1.45142,268.85066,-264.07568,-266.69174
5,100.0,0.01,6.0,10.0,0.0,0.00612,0.00229,268.85066,270.5052,0.00612,54.0,657.0,4.25387,268.85066,-264.07568,-266.69174
