Omega,Tolerance,Step Size Rule,Iterations,Converged?,Gap LR,Gap Naive,Obj. Naive,Obj. LR,Gap,Time Naive,Time LR,Final Lambda,LB Heuristic
900.0,0.03,1.0,1.0,1.0,0.0,0.19834,224.82865,245.70998,0.0,4251.0,2156.0,0.40819,245.70998
900.0,0.03,2.0,1.0,1.0,0.0,0.19834,224.82865,245.70998,0.0,4251.0,2152.0,0.40819,245.70998
900.0,0.03,3.0,1.0,1.0,0.0,0.19834,224.82865,245.70998,0.0,4251.0,2148.0,0.40819,245.70998
900.0,0.03,4.0,1.0,1.0,0.0,0.19834,224.82865,245.70998,0.0,4251.0,2160.0,0.40819,245.70998
900.0,0.03,5.0,1.0,1.0,0.0,0.19834,224.82865,245.70998,0.0,4251.0,2150.0,0.40819,245.70998
900.0,0.03,6.0,1.0,1.0,0.0,0.19834,224.82865,245.70998,0.0,4251.0,2153.0,0.40819,245.70998
