,Omega,Tolerance,Step Size Rule,Iterations,Converged?,Gap LR,Gap Naive,Obj. Naive,Obj. LR,Gap,Time Naive,Time LR,Final Lambda,LB Heuristic,IR,AP
0,900.0,0.03,1.0,3.0,0.0,0.02591,0.19834,224.82865,252.24497,0.02591,4251.0,2272.0,490.68,245.70998,-239.7066,0.0
1,900.0,0.03,2.0,3.0,0.0,0.02591,0.19834,224.82865,252.24497,0.02591,4251.0,2441.0,0.45819,245.70998,-239.7066,0.0
2,900.0,0.03,3.0,3.0,0.0,0.02591,0.19834,224.82865,252.24497,0.02591,4251.0,2266.0,638.55,245.70998,-239.7066,0.0
3,900.0,0.03,4.0,3.0,0.0,0.02591,0.19834,224.82865,252.24497,0.02591,4251.0,2269.0,601.71576,245.70998,-239.7066,0.0
4,900.0,0.03,5.0,3.0,0.0,0.02591,0.19834,224.82865,252.24497,0.02591,4251.0,2346.0,0.28637,245.70998,-239.7066,0.0
5,900.0,0.03,6.0,2.0,0.0,0.02591,0.19834,224.82865,252.24497,0.02591,4251.0,2252.0,0.62779,245.70998,-239.7066,0.0
