Omega,Tolerance,Step Size Rule,Iterations,Converged?,Gap LR,Gap Naive,Obj. Naive,Obj. LR,Gap,Time Naive,Time LR,Final Lambda,LB Heuristic,Obj. LR (UB),"Obj. LR (LB),",BBP,Best iter,Lambda best iter,Gamma best iter
900.0,0.03,1.0,3.0,0.0,0.02591,0.19834,224.82865,252.24497,0.02591,4251.0,2272.0,490.68,245.70998,,,,,,
900.0,0.03,2.0,3.0,0.0,0.02591,0.19834,224.82865,252.24497,0.02591,4251.0,2441.0,0.45819,245.70998,,,,,,
900.0,0.03,3.0,3.0,0.0,0.02591,0.19834,224.82865,252.24497,0.02591,4251.0,2266.0,638.55,245.70998,,,,,,
900.0,0.03,4.0,3.0,0.0,0.02591,0.19834,224.82865,252.24497,0.02591,4251.0,2269.0,601.71576,245.70998,,,,,,
900.0,0.03,5.0,3.0,0.0,0.02591,0.19834,224.82865,252.24497,0.02591,4251.0,2346.0,0.28637,245.70998,,,,,,
900.0,0.03,6.0,3.0,0.0,0.11556,0.19834,224.82865,,0.11556,4251.0,4249.0,0.0,245.70998,277.81298,257.8754,0.0,1.0,0.40819,6.0
