Omega,Tolerance,Step Size Rule,Iterations,Converged?,Gap LR,Gap Naive,Obj. Naive,Obj. LR,Gap,Time Naive,Time LR,Final Lambda,LB Heuristic
600.0,0.07,1.0,1.0,1.0,0.0,0.22104,226.67839,246.57647,0.0,4240.0,2135.0,0.45614,246.57647
600.0,0.07,2.0,1.0,1.0,0.0,0.22104,226.67839,246.57647,0.0,4240.0,2137.0,0.45614,246.57647
600.0,0.07,3.0,1.0,1.0,0.0,0.22104,226.67839,246.57647,0.0,4240.0,2132.0,0.45614,246.57647
600.0,0.07,4.0,1.0,1.0,0.0,0.22104,226.67839,246.57647,0.0,4240.0,2133.0,0.45614,246.57647
600.0,0.07,5.0,1.0,1.0,0.0,0.22104,226.67839,246.57647,0.0,4240.0,2128.0,0.45614,246.57647
600.0,0.07,6.0,1.0,1.0,0.0,0.22104,226.67839,246.57647,0.0,4240.0,2130.0,0.45614,246.57647
