"Omega","Tolerance","Step Size Rule","Iterations","Converged?","Gap LR","Gap Naive","Obj. Naive","Obj. LR","Gap","Time Naive","Time LR","Final Lambda","LB Heuristic"
600.00000,0.07000,1.00000,2.00000,0.00000,0.62120,0.66846,4928.76556,13011.53812,0.62120,4278.00000,4313.00000,431.13332,4928.76556
600.00000,0.07000,2.00000,2.00000,0.00000,0.61529,0.66846,4928.76556,12811.53812,0.61529,4278.00000,4321.00000,132.57017,4928.76556
600.00000,0.07000,3.00000,2.00000,0.00000,0.62120,0.66846,4928.76556,13011.53812,0.62120,4278.00000,4335.00000,658.35332,4928.76556
600.00000,0.07000,4.00000,2.00000,0.00000,0.62120,0.66846,4928.76556,13011.53812,0.62120,4278.00000,4329.00000,660.15483,4928.76556
600.00000,0.07000,5.00000,2.00000,0.00000,0.61226,0.66846,4928.76556,12711.53812,0.61226,4278.00000,4301.00000,132.65977,4928.76556
600.00000,0.07000,6.00000,2.00000,0.00000,0.52903,0.66846,4928.76556,10465.04389,0.52903,4278.00000,4264.00000,0.00000,4928.76556
