,Omega,Tolerance,Step Size Rule,Iterations,Converged?,Gap LR,Gap Naive,Obj. Naive,Obj. LR,Gap,Time Naive,Time LR,Final Lambda,LB Heuristic,IR,AP
0,600.0,0.01,1.0,2.0,0.0,0.03054,0.05436,248.41553,253.21938,0.01897,4236.0,2551.0,344.52,245.48647,-242.10695,0.0
1,600.0,0.01,2.0,2.0,0.0,0.03035,0.05436,248.41553,253.17141,0.01879,4236.0,2543.0,0.3367,245.48647,-242.10695,0.0
2,600.0,0.01,3.0,2.0,0.0,0.03054,0.05436,248.41553,253.21938,0.01897,4236.0,2525.0,445.5,245.48647,-242.10695,0.0
3,600.0,0.01,4.0,2.0,0.0,0.03054,0.05436,248.41553,253.21938,0.01897,4236.0,2511.0,420.02143,245.48647,-242.10695,0.0
4,600.0,0.01,5.0,2.0,0.0,0.03054,0.05436,248.41553,253.21938,0.01897,4236.0,2522.0,0.25253,245.48647,-242.10695,0.0
5,600.0,0.01,6.0,2.0,0.0,0.03035,0.05436,248.41553,253.17141,0.01879,4236.0,2546.0,0.84383,245.48647,-242.10695,0.0
