,Omega,Tolerance,Step Size Rule,Iterations,Converged?,Gap LR,Gap Naive,Obj. Naive,Obj. LR (UB),"Obj. LR (LB),",Gap,Time Naive,Time LR,Final Lambda,LB Heuristic,BBP,Best iter,Lambda best iter,Gamma best iter,Obj. LR,Time,QP,IR,AP
0,900.0,0.01,1.0,2.0,0.0,0.49372,0.5445,4353.3174,9736.74179,4794.81569,0.49372,4202.0,4204.0,85.83768,4929.52986,0.0,1.0,96.27768,9.0,,,-4514.784,-4929.52986,-4406.02065
1,900.0,0.01,2.0,3.0,0.0,0.49397,0.5445,4353.3174,9741.66974,4794.81569,0.49397,4202.0,4216.0,0.0,4929.52986,0.0,1.0,96.27768,9.0,,,-4514.784,-4929.52986,-4406.02065
2,900.0,0.01,3.0,2.0,0.0,0.49372,0.5445,4353.3174,9736.74179,4794.81569,0.49372,4202.0,4210.0,755.52768,4929.52986,0.0,1.0,96.27768,9.0,,,-4514.784,-4929.52986,-4406.02065
3,900.0,0.01,4.0,2.0,0.0,0.49397,0.5445,4353.3174,9741.66974,4794.81569,0.49397,4202.0,4204.0,717.30982,4929.52986,0.0,1.0,96.27768,9.0,,,-4514.784,-4929.52986,-4406.02065
4,900.0,0.01,5.0,3.0,0.0,0.49397,0.5445,4353.3174,9741.66974,4794.81569,0.49397,4202.0,4216.0,50.0,4929.52986,0.0,1.0,96.27768,9.0,,,-4514.784,-4929.52986,-4406.02065
5,900.0,0.01,6.0,3.0,0.0,0.49397,0.5445,4353.3174,9741.66974,4794.81569,0.49397,4202.0,4217.0,0.0,4929.52986,0.0,1.0,96.27768,9.0,,,-4514.784,-4929.52986,-4406.02065
