"Omega","Tolerance","Step Size Rule","Iterations","Converged?","Gap LR","Gap Naive","Obj. Naive","Obj. LR","Gap","Time Naive","Time LR","Final Lambda","LB Heuristic"
600.00000,0.05000,1.00000,2.00000,0.00000,0.35343,0.98209,232.19129,4996.29273,0.35343,4206.00000,2410.00000,455.75338,3230.44682
600.00000,0.05000,2.00000,3.00000,0.00000,0.57885,0.98209,232.19129,7670.45109,0.57885,4206.00000,2670.00000,125.91858,3230.44682
600.00000,0.05000,3.00000,3.00000,0.00000,0.57885,0.98209,232.19129,7670.45109,0.57885,4206.00000,4392.00000,512.61338,3230.44682
600.00000,0.05000,4.00000,3.00000,0.00000,0.57135,0.98209,232.19129,7536.32618,0.57135,4206.00000,4413.00000,489.84373,3230.44682
600.00000,0.05000,5.00000,3.00000,0.00000,0.56288,0.98209,232.19129,7390.31519,0.56288,4206.00000,2484.00000,121.44086,3230.44682
600.00000,0.05000,6.00000,3.00000,0.00000,0.57885,0.98209,232.19129,7670.45109,0.57885,4206.00000,4389.00000,0.00000,3230.44682
