"Omega","Tolerance","Step Size Rule","Iterations","Converged?","Gap LR","Gap Naive","Obj. Naive","Obj. LR","Gap","Time Naive","Time LR","Final Lambda","LB Heuristic"
600.00000,0.05000,1.00000,2.00000,0.00000,0.62542,0.66610,4420.59163,10583.45561,0.58231,4329.00000,4308.00000,445.31338,3964.30902
600.00000,0.05000,2.00000,2.00000,0.00000,0.61821,0.66610,4420.59163,10383.45561,0.57427,4329.00000,4312.00000,132.81513,3964.30902
600.00000,0.05000,3.00000,2.00000,0.00000,0.62542,0.66610,4420.59163,10583.45561,0.58231,4329.00000,4345.00000,679.61338,3964.30902
600.00000,0.05000,4.00000,2.00000,0.00000,0.62542,0.66610,4420.59163,10583.45561,0.58231,4329.00000,4356.00000,680.90017,3964.30902
600.00000,0.05000,5.00000,2.00000,0.00000,0.61450,0.66610,4420.59163,10283.45561,0.57013,4329.00000,4310.00000,132.90285,3964.30902
600.00000,0.05000,6.00000,2.00000,0.00000,0.51307,0.66610,4420.59163,8141.49823,0.45703,4329.00000,4300.00000,0.00000,3964.30902
