"Omega","Tolerance","Step Size Rule","Iterations","Converged?","Gap LR","Gap Naive","Obj. Naive","Obj. LR","Gap","Time Naive","Time LR","Final Lambda","LB Heuristic"
600.00000,0.05000,1.00000,2.00000,0.00000,0.62046,1.00000,232.19129,10583.45561,0.62046,4233.00000,4251.00000,445.31338,4016.84767
600.00000,0.05000,2.00000,2.00000,0.00000,0.61315,1.00000,232.19129,10383.45561,0.61315,4233.00000,4248.00000,132.81513,4016.84767
600.00000,0.05000,3.00000,2.00000,0.00000,0.62046,1.00000,232.19129,10583.45561,0.62046,4233.00000,4248.00000,679.61338,4016.84767
600.00000,0.05000,4.00000,2.00000,0.00000,0.62046,1.00000,232.19129,10583.45561,0.62046,4233.00000,4254.00000,680.90017,4016.84767
600.00000,0.05000,5.00000,2.00000,0.00000,0.60939,1.00000,232.19129,10283.45561,0.60939,4233.00000,4236.00000,132.90285,4016.84767
600.00000,0.05000,6.00000,2.00000,0.00000,0.55418,1.00000,232.19129,9009.99188,0.55418,4233.00000,4225.00000,0.00000,4016.84767
