,Omega,Tolerance,Step Size Rule,Iterations,Converged?,Gap LR,Gap Naive,Obj. Naive,Obj. LR,Gap,Time Naive,Time LR,Final Lambda,LB Heuristic,IR,AP
0,900.0,0.05,1.0,8.0,0.0,0.0267,1.0,240.67548,254.46277,0.0267,4251.0,2254.0,339.3,247.6685,0.0,0.0
1,900.0,0.05,2.0,3.0,0.0,0.0267,1.0,240.67548,254.46277,0.0267,4251.0,3769.0,0.46784,247.6685,0.0,0.0
2,900.0,0.05,3.0,8.0,0.0,0.0267,1.0,240.67548,254.46277,0.0267,4251.0,2254.0,527.08929,247.6685,0.0,0.0
3,900.0,0.05,4.0,8.0,0.0,0.0267,1.0,240.67548,254.46277,0.0267,4251.0,2252.0,484.68145,247.6685,0.0,0.0
4,900.0,0.05,5.0,3.0,0.0,0.0267,1.0,240.67548,254.46277,0.0267,4251.0,2723.0,0.2924,247.6685,0.0,0.0
5,900.0,0.05,6.0,3.0,0.0,0.0267,1.0,240.67548,254.46277,0.0267,4251.0,4331.0,0.0,247.6685,0.0,0.0
