Omega,Tolerance,Step Size Rule,Iterations,Converged?,Gap LR,Gap Naive,Obj. Naive,Obj. LR (UB),"Obj. LR (LB),",Gap,Time Naive,Time LR,Final Lambda,LB Heuristic,BBP,Best iter,Lambda best iter,Gamma best iter
900.0,0.05,1.0,10.0,0.0,0.13109,0.15051,242.25609,285.03508,257.99367,0.13109,4210.0,5161.0,287.1,247.6685,0.0,1.0,0.30638,32.0
900.0,0.05,2.0,10.0,0.0,0.13109,0.15051,242.25609,285.03508,257.99367,0.13109,4210.0,5364.0,200.0,247.6685,0.0,1.0,0.30638,32.0
900.0,0.05,3.0,10.0,0.0,0.13109,0.15051,242.25609,285.03508,257.99367,0.13109,4210.0,5154.0,503.56656,247.6685,0.0,1.0,0.30638,32.0
900.0,0.05,4.0,10.0,0.0,0.13109,0.15051,242.25609,285.03508,257.99367,0.13109,4210.0,5160.0,455.4512,247.6685,0.0,1.0,0.30638,32.0
900.0,0.05,5.0,10.0,0.0,0.13109,0.15051,242.25609,285.03508,257.99367,0.13109,4210.0,5539.0,0.0,247.6685,0.0,1.0,0.30638,32.0
900.0,0.05,6.0,7.0,0.0,0.12798,0.15051,242.25609,284.01768,261.71918,0.12798,4210.0,50217.0,0.0,247.6685,0.0,5.0,0.3327,29.0
