Omega,Tolerance,Step Size Rule,Iterations,Converged?,Gap LR,Gap Naive,Obj. Naive,Obj. LR (UB),"Obj. LR (LB),",Gap,Time Naive,Time LR,Final Lambda,LB Heuristic,BBP,Best iter,Lambda best iter,Gamma best iter
900.0,0.05,1.0,10.0,0.0,0.1339,0.15051,242.25609,285.95822,255.06815,0.1339,4210.0,2272.0,287.1,247.6685,0.0,1.0,0.30638,43.0
900.0,0.05,2.0,10.0,0.0,0.13324,0.15051,242.25609,285.74107,255.06815,0.13324,4210.0,2438.0,200.0,247.6685,0.0,1.0,0.30638,43.0
900.0,0.05,3.0,10.0,0.0,0.1339,0.15051,242.25609,285.95822,255.06815,0.1339,4210.0,2267.0,503.56656,247.6685,0.0,1.0,0.30638,43.0
900.0,0.05,4.0,10.0,0.0,0.1339,0.15051,242.25609,285.95822,255.06815,0.1339,4210.0,2276.0,455.4512,247.6685,0.0,1.0,0.30638,43.0
900.0,0.05,5.0,8.0,0.0,0.1339,0.15051,242.25609,285.95822,255.06815,0.1339,4210.0,2409.0,37.5,247.6685,0.0,1.0,0.30638,43.0
900.0,0.05,6.0,3.0,0.0,0.1339,0.15051,242.25609,285.95822,255.06815,0.1339,4210.0,4271.0,0.0,247.6685,0.0,1.0,0.30638,43.0
