Omega,Tolerance,Step Size Rule,Iterations,Converged?,Gap LR,Gap Naive,Obj. Naive,Obj. LR,Gap,Time Naive,Time LR,Final Lambda,LB Heuristic
900.0,0.05,1.0,1.0,1.0,0.0,1.0,240.67548,247.6685,0.0,4251.0,2131.0,0.30638,247.6685
900.0,0.05,2.0,1.0,1.0,0.0,1.0,240.67548,247.6685,0.0,4251.0,2138.0,0.30638,247.6685
900.0,0.05,3.0,1.0,1.0,0.0,1.0,240.67548,247.6685,0.0,4251.0,2134.0,0.30638,247.6685
900.0,0.05,4.0,1.0,1.0,0.0,1.0,240.67548,247.6685,0.0,4251.0,2137.0,0.30638,247.6685
900.0,0.05,5.0,1.0,1.0,0.0,1.0,240.67548,247.6685,0.0,4251.0,2134.0,0.30638,247.6685
900.0,0.05,6.0,1.0,1.0,0.0,1.0,240.67548,247.6685,0.0,4251.0,2140.0,0.30638,247.6685
