"Omega","Tolerance","Step Size Rule","Iterations","Converged?","Gap LR","Gap Naive","Obj. Naive","Obj. LR","Gap","Time Naive","Time LR","Final Lambda","LB Heuristic"
100.00000,0.05000,1.00000,10.00000,0.00000,0.05322,0.00000,282.69468,298.58466,0.05322,534.00000,634.00000,31.77018,282.69468
100.00000,0.05000,2.00000,10.00000,0.00000,0.04053,0.00000,282.69468,294.63688,0.04053,534.00000,1387.00000,4.21053,282.69468
100.00000,0.05000,3.00000,10.00000,0.00000,0.05322,0.00000,282.69468,298.58466,0.05322,534.00000,649.00000,78.72202,282.69468
100.00000,0.05000,4.00000,10.00000,0.00000,0.05322,0.00000,282.69468,298.58466,0.05322,534.00000,654.00000,77.66519,282.69468
100.00000,0.05000,5.00000,10.00000,0.00000,0.02450,0.00000,282.69468,289.79477,0.02450,534.00000,1245.00000,1.06140,282.69468
100.00000,0.05000,6.00000,10.00000,0.00000,0.02366,0.00000,282.69468,289.54455,0.02366,534.00000,2206.00000,2.08121,282.69468
