"Omega","Tolerance","Step Size Rule","Iterations","Converged?","Gap LR","Gap Naive","Obj. Naive","Obj. LR","Gap","Time Naive","Time LR","Final Lambda","LB Heuristic"
100.00000,0.01000,1.00000,2.00000,0.00000,0.11240,0.27841,6034.54307,6612.12998,0.08735,4203.00000,4205.00000,867.13314,5868.89655
100.00000,0.01000,2.00000,10.00000,0.00000,0.11278,0.27841,6034.54307,6614.93653,0.08774,4203.00000,2314.00000,686.47496,5868.89655
100.00000,0.01000,3.00000,2.00000,0.00000,0.10967,0.27841,6034.54307,6591.79285,0.08454,4203.00000,4210.00000,866.54314,5868.89655
100.00000,0.01000,4.00000,2.00000,0.00000,0.11264,0.27841,6034.54307,6613.85829,0.08759,4203.00000,4211.00000,866.58604,5868.89655
100.00000,0.01000,5.00000,10.00000,0.00000,0.11278,0.27841,6034.54307,6614.93653,0.08774,4203.00000,2294.00000,574.13850,5868.89655
100.00000,0.01000,6.00000,3.00000,0.00000,0.11202,0.27841,6034.54307,6609.24992,0.08695,4203.00000,4215.00000,133.33141,5868.89655
