"Omega","Tolerance","Step Size Rule","Iterations","Converged?","Gap LR","Gap Naive","Obj. Naive","Obj. LR","Gap","Time Naive","Time LR","Final Lambda","LB Heuristic"
100.00000,0.03000,1.00000,2.00000,0.00000,0.26407,0.42721,5769.25225,7699.84562,0.25073,4204.00000,4206.00000,867.04603,5666.52921
100.00000,0.03000,2.00000,7.00000,0.00000,0.26407,0.42721,5769.25225,7699.84562,0.25073,4204.00000,2446.00000,758.23049,5666.52921
100.00000,0.03000,3.00000,2.00000,0.00000,0.15189,0.42721,5769.25225,6681.35793,0.13652,4204.00000,4207.00000,882.27603,5666.52921
100.00000,0.03000,4.00000,2.00000,0.00000,0.15189,0.42721,5769.25225,6681.35793,0.13652,4204.00000,4207.00000,878.11538,5666.52921
100.00000,0.03000,5.00000,8.00000,0.00000,0.26407,0.42721,5769.25225,7699.84562,0.25073,4204.00000,2412.00000,717.83899,5666.52921
100.00000,0.03000,6.00000,3.00000,0.00000,0.26407,0.42721,5769.25225,7699.84562,0.25073,4204.00000,4218.00000,134.23067,5666.52921
