"Omega","Tolerance","Step Size Rule","Iterations","Converged?","Gap LR","Gap Naive","Obj. Naive","Obj. LR","Gap","Time Naive","Time LR","Final Lambda","LB Heuristic"
100.00000,0.03000,1.00000,2.00000,0.00000,0.27191,0.38985,5880.76193,7804.04505,0.24645,4203.00000,4205.00000,809.04603,5682.03037
100.00000,0.03000,2.00000,10.00000,0.00000,0.27240,0.38985,5880.76193,7809.26505,0.24695,4203.00000,2332.00000,764.41606,5682.03037
100.00000,0.03000,3.00000,2.00000,0.00000,0.24991,0.38985,5880.76193,7575.14545,0.22368,4203.00000,4208.00000,807.27603,5682.03037
100.00000,0.03000,4.00000,2.00000,0.00000,0.26995,0.38985,5880.76193,7783.05221,0.24441,4203.00000,4209.00000,807.40471,5682.03037
100.00000,0.03000,5.00000,10.00000,0.00000,0.27117,0.38985,5880.76193,7796.08765,0.24568,4203.00000,2280.00000,718.49191,5682.03037
100.00000,0.03000,6.00000,3.00000,0.00000,0.26720,0.38985,5880.76193,7753.83959,0.24157,4203.00000,4215.00000,103.44780,5682.03037
