,Omega,Tolerance,Step Size Rule,Iterations,Converged?,Gap LR,Gap Naive,Obj. Naive,Obj. LR,Gap,Time Naive,Time LR,Final Lambda,LB Heuristic,IR,AP
0,100.0,0.07,1.0,10.0,0.0,0.07269,0.00926,283.74756,305.85646,0.07229,615.0,370.0,20.23581,283.62285,-278.52438,-280.49887
1,100.0,0.07,2.0,10.0,0.0,0.05234,0.00926,283.74756,299.28633,0.05192,615.0,881.0,4.30108,283.62285,-278.52438,-280.49887
2,100.0,0.07,3.0,10.0,0.0,0.07269,0.00926,283.74756,305.85646,0.07229,615.0,308.0,69.16838,283.62285,-278.52438,-280.49887
3,100.0,0.07,4.0,10.0,0.0,0.07269,0.00926,283.74756,305.85646,0.07229,615.0,307.0,67.68882,283.62285,-278.52438,-280.49887
4,100.0,0.07,5.0,10.0,0.0,0.03641,0.00926,283.74756,294.34009,0.03599,615.0,688.0,1.08423,283.62285,-278.52438,-280.49887
5,100.0,0.07,6.0,10.0,0.0,0.03655,0.00926,283.74756,294.38154,0.03612,615.0,1465.0,2.57056,283.62285,-278.52438,-280.49887
