"Omega","Tolerance","Step Size Rule","Iterations","Converged?","Gap LR","Gap Naive","Obj. Naive","Obj. LR","Gap","Time Naive","Time LR","Final Lambda","LB Heuristic"
100.00000,0.03000,1.00000,2.00000,0.00000,0.22110,0.38203,6141.71875,7946.20771,0.22110,4203.00000,4204.00000,798.64489,6189.32114
100.00000,0.03000,2.00000,10.00000,0.00000,0.23259,0.38203,6141.71875,8065.24251,0.23259,4203.00000,2289.00000,754.01493,6189.32114
100.00000,0.03000,3.00000,2.00000,0.00000,0.21094,0.38203,6141.71875,7843.87328,0.21094,4203.00000,4207.00000,796.87489,6189.32114
100.00000,0.03000,4.00000,2.00000,0.00000,0.21551,0.38203,6141.71875,7889.58967,0.21551,4203.00000,4209.00000,797.00357,6189.32114
100.00000,0.03000,5.00000,10.00000,0.00000,0.22981,0.38203,6141.71875,8036.07918,0.22981,4203.00000,2265.00000,708.09078,6189.32114
100.00000,0.03000,6.00000,3.00000,0.00000,0.21019,0.38203,6141.71875,7836.46439,0.21019,4203.00000,4214.00000,167.39142,6189.32114
