,Omega,Tolerance,Step Size Rule,Iterations,Converged?,Gap LR,Gap Naive,Obj. Naive,Obj. LR,Gap,Time Naive,Time LR,Final Lambda,LB Heuristic,IR,AP
0,600.0,0.07,1.0,2.0,0.0,0.06251,0.16287,245.78739,264.5235,0.06251,4243.0,2450.0,323.64,247.98821,-261.88461,0.0
1,600.0,0.07,2.0,2.0,0.0,0.06251,0.16287,245.78739,264.5235,0.06251,4243.0,2472.0,0.35842,247.98821,-261.88461,0.0
2,600.0,0.07,3.0,2.0,0.0,0.06251,0.16287,245.78739,264.5235,0.06251,4243.0,2458.0,418.5,247.98821,-261.88461,0.0
3,600.0,0.07,4.0,2.0,0.0,0.06251,0.16287,245.78739,264.5235,0.06251,4243.0,2503.0,394.56558,247.98821,-261.88461,0.0
4,600.0,0.07,5.0,2.0,0.0,0.06251,0.16287,245.78739,264.5235,0.06251,4243.0,2484.0,0.26882,247.98821,-261.88461,0.0
5,600.0,0.07,6.0,2.0,0.0,0.06251,0.16287,245.78739,264.5235,0.06251,4243.0,2501.0,1.04778,247.98821,-261.88461,0.0
