"Omega","Tolerance","Step Size Rule","Iterations","Converged?","Gap LR","Gap Naive","Obj. Naive","Obj. LR","Gap","Time Naive","Time LR","Final Lambda","LB Heuristic"
600.00000,0.05000,1.00000,2.00000,0.00000,0.22920,0.97202,358.15628,4944.45657,0.22920,4206.00000,2414.00000,458.01624,3811.18767
600.00000,0.05000,2.00000,3.00000,0.00000,0.42337,0.97202,358.15628,6609.36294,0.42337,4206.00000,2507.00000,122.75799,3811.18767
600.00000,0.05000,3.00000,3.00000,0.00000,0.42337,0.97202,358.15628,6609.36294,0.42337,4206.00000,4381.00000,521.55624,3811.18767
600.00000,0.05000,4.00000,3.00000,0.00000,0.45075,0.97202,358.15628,6938.86334,0.45075,4206.00000,4401.00000,493.78660,3811.18767
600.00000,0.05000,5.00000,3.00000,0.00000,0.46347,0.97202,358.15628,7103.39317,0.46347,4206.00000,2441.00000,119.45136,3811.18767
600.00000,0.05000,6.00000,3.00000,0.00000,0.42337,0.97202,358.15628,6609.36294,0.42337,4206.00000,4376.00000,5.15584,3811.18767
