Omega,Tolerance,Step Size Rule,Iterations,Converged?,Gap LR,Gap Naive,Obj. Naive,Obj. LR (UB),"Obj. LR (LB),",Gap,Time Naive,Time LR,Final Lambda,LB Heuristic,BBP,Best iter,Lambda best iter,Gamma best iter
1500.0,0.05,1.0,10.0,0.0,0.1545,0.1811,234.79217,286.71638,254.36335,0.1545,4210.0,5648.0,478.5,242.41962,0.0,1.0,0.18509,68.0
1500.0,0.05,2.0,10.0,0.0,0.1545,0.1811,234.79217,286.71638,254.36335,0.1545,4210.0,7207.0,200.0,242.41962,0.0,1.0,0.18509,68.0
1500.0,0.05,3.0,10.0,0.0,0.1545,0.1811,234.79217,286.71638,254.36335,0.1545,4210.0,5643.0,839.2776,242.41962,0.0,1.0,0.18509,68.0
1500.0,0.05,4.0,10.0,0.0,0.1545,0.1811,234.79217,286.71638,254.36335,0.1545,4210.0,5638.0,759.08533,242.41962,0.0,1.0,0.18509,68.0
1500.0,0.05,5.0,10.0,0.0,0.1545,0.1811,234.79217,286.71638,254.36335,0.1545,4210.0,7048.0,0.0,242.41962,0.0,1.0,0.18509,68.0
1500.0,0.05,6.0,7.0,0.0,0.14943,0.1811,234.79217,285.00846,260.19258,0.14943,4210.0,51822.0,0.0,242.41962,0.0,7.0,0.20274,51.0
