,Omega,Tolerance,Step Size Rule,Iterations,Converged?,Gap LR,Gap Naive,Obj. Naive,Obj. LR,Gap,Time Naive,Time LR,Final Lambda,LB Heuristic,Heuristic Time,IR,AP
0,1500.0,0.05,1.0,2.0,0.0,0.02389,0.1811,234.79217,248.35327,0.02389,4210.0,2557.0,826.5,242.41962,,-253.53324,0.0
1,1500.0,0.05,2.0,2.0,0.0,0.02389,0.1811,234.79217,248.35327,0.02389,4210.0,2564.0,0.14035,242.41962,,-253.53324,0.0
2,1500.0,0.05,3.0,2.0,0.0,0.02389,0.1811,234.79217,248.35327,0.02389,4210.0,2564.0,1068.75,242.41962,,-253.53324,0.0
3,1500.0,0.05,4.0,2.0,0.0,0.02389,0.1811,234.79217,248.35327,0.02389,4210.0,2557.0,1007.62716,242.41962,,-253.53324,0.0
4,1500.0,0.05,5.0,2.0,0.0,0.02389,0.1811,234.79217,248.35327,0.02389,4210.0,2561.0,0.10526,242.41962,,-253.53324,0.0
5,1500.0,0.05,6.0,2.0,0.0,0.02389,0.1811,234.79217,248.35327,0.02389,4210.0,2650.0,0.37861,242.41962,73.0,-253.53324,0.0
