Omega,Tolerance,Step Size Rule,Iterations,Converged?,Gap LR,Gap Naive,Obj. Naive,Obj. LR (UB),"Obj. LR (LB),",Gap,Time Naive,Time LR,Final Lambda,LB Heuristic,BBP,Best iter,Lambda best iter,Gamma best iter
1500.0,0.05,1.0,2.0,0.0,0.15545,0.1811,234.79217,287.04086,248.35327,0.15545,4210.0,2555.0,826.5,242.41962,0.0,1.0,0.18509,75.0
1500.0,0.05,2.0,2.0,0.0,0.15545,0.1811,234.79217,287.04086,248.35327,0.15545,4210.0,2561.0,200.0,242.41962,0.0,1.0,0.18509,75.0
1500.0,0.05,3.0,2.0,0.0,0.15545,0.1811,234.79217,287.04086,248.35327,0.15545,4210.0,2558.0,1068.75,242.41962,0.0,1.0,0.18509,75.0
1500.0,0.05,4.0,2.0,0.0,0.15545,0.1811,234.79217,287.04086,248.35327,0.15545,4210.0,2565.0,1007.62716,242.41962,0.0,1.0,0.18509,75.0
1500.0,0.05,5.0,2.0,0.0,0.15545,0.1811,234.79217,287.04086,248.35327,0.15545,4210.0,2563.0,150.0,242.41962,0.0,1.0,0.18509,75.0
1500.0,0.05,6.0,2.0,0.0,0.15545,0.1811,234.79217,287.04086,248.35327,0.15545,4210.0,2561.0,0.40548,242.41962,0.0,1.0,0.18509,75.0
