"Omega","Tolerance","Step Size Rule","Iterations","Converged?","Gap LR","Gap Naive","Obj. Naive","Obj. LR","Gap","Time Naive","Time LR","Final Lambda","LB Heuristic"
600.00000,0.01000,1.00000,2.00000,0.00000,7.66463,0.73688,2600.56786,-687.27819,7.66463,4231.00000,4248.00000,483.70150,4580.45153
600.00000,0.01000,2.00000,2.00000,0.00000,6.16236,0.73688,2600.56786,-887.27819,6.16236,4231.00000,4248.00000,143.33490,4580.45153
600.00000,0.01000,3.00000,2.00000,0.00000,7.66463,0.73688,2600.56786,-687.27819,7.66463,4231.00000,4255.00000,732.16150,4580.45153
600.00000,0.01000,4.00000,2.00000,0.00000,7.66463,0.73688,2600.56786,-687.27819,7.66463,4231.00000,4275.00000,732.41886,4580.45153
600.00000,0.01000,5.00000,2.00000,0.00000,7.66463,0.73688,2600.56786,-687.27819,7.66463,4231.00000,4242.00000,118.16655,4580.45153
600.00000,0.01000,6.00000,2.00000,0.00000,-0.63317,0.73688,2600.56786,2804.64518,-0.63317,4231.00000,4251.00000,0.00000,4580.45153
