"Omega","Tolerance","Step Size Rule","Iterations","Converged?","Gap LR","Gap Naive","Obj. Naive","Obj. LR","Gap","Time Naive","Time LR","Final Lambda","LB Heuristic"
600.00000,0.01000,1.00000,2.00000,0.00000,0.13324,0.56979,4136.65105,4355.06594,0.05015,4206.00000,4213.00000,135.70150,3774.81562
600.00000,0.01000,2.00000,3.00000,0.00000,0.20822,0.56979,4136.65105,4767.53507,0.13233,4206.00000,2448.00000,110.00157,3774.81562
600.00000,0.01000,3.00000,2.00000,0.00000,0.19525,0.56979,4136.65105,4690.64380,0.11811,4206.00000,4227.00000,132.91150,3774.81562
600.00000,0.01000,4.00000,2.00000,0.00000,0.24003,0.56979,4136.65105,4967.05376,0.16718,4206.00000,4218.00000,132.41886,3774.81562
600.00000,0.01000,5.00000,3.00000,0.00000,0.25085,0.56979,4136.65105,5038.77136,0.17904,4206.00000,2460.00000,93.08237,3774.81562
600.00000,0.01000,6.00000,3.00000,0.00000,0.21762,0.56979,4136.65105,4824.77790,0.14262,4206.00000,4373.00000,0.00000,3774.81562
