Omega,Tolerance,Step Size Rule,Iterations,Converged?,Gap LR,Gap Naive,Obj. Naive,Obj. LR,Gap,Time Naive,Time LR,Final Lambda,LB Heuristic
600.0,0.03,1.0,2.0,0.0,0.00899,0.15078,234.69932,244.4091,0.00899,4237.0,2556.0,337.56,242.212
600.0,0.03,2.0,2.0,0.0,0.00899,0.15078,234.69932,244.4091,0.00899,4237.0,2572.0,0.34364,242.212
600.0,0.03,3.0,2.0,0.0,0.00899,0.15078,234.69932,244.4091,0.00899,4237.0,2516.0,436.5,242.212
600.0,0.03,4.0,2.0,0.0,0.00899,0.15078,234.69932,244.4091,0.00899,4237.0,2518.0,411.53615,242.212
600.0,0.03,5.0,2.0,0.0,0.00899,0.15078,234.69932,244.4091,0.00899,4237.0,2538.0,0.25773,242.212
600.0,0.03,6.0,2.0,0.0,0.00899,0.15078,234.69932,244.4091,0.00899,4237.0,3145.0,0.6401,242.212
