"Omega","Tolerance","Step Size Rule","Iterations","Converged?","Gap LR","Gap Naive","Obj. Naive","Obj. LR","Gap","Time Naive","Time LR","Final Lambda","LB Heuristic"
100.00000,0.01000,1.00000,2.00000,0.00000,0.09864,0.36650,5989.67056,6670.86299,0.09864,4207.00000,4225.00000,863.50542,6012.85670
100.00000,0.01000,2.00000,8.00000,0.00000,0.10727,0.36650,5989.67056,6735.33435,0.10727,4207.00000,2450.00000,678.80683,6012.85670
100.00000,0.01000,3.00000,2.00000,0.00000,0.09885,0.36650,5989.67056,6672.41394,0.09885,4207.00000,4222.00000,862.91542,6012.85670
100.00000,0.01000,4.00000,2.00000,0.00000,0.10246,0.36650,5989.67056,6699.26945,0.10246,4207.00000,4226.00000,862.95831,6012.85670
100.00000,0.01000,5.00000,8.00000,0.00000,0.10841,0.36650,5989.67056,6743.99328,0.10841,4207.00000,2416.00000,569.87104,6012.85670
100.00000,0.01000,6.00000,3.00000,0.00000,0.09885,0.36650,5989.67056,6672.41394,0.09885,4207.00000,4265.00000,267.88590,6012.85670
