"Omega","Tolerance","Step Size Rule","Iterations","Converged?","Gap LR","Gap Naive","Obj. Naive","Obj. LR","Gap","Time Naive","Time LR","Final Lambda","LB Heuristic"
100.00000,0.01000,1.00000,2.00000,0.00000,0.09959,0.35156,6088.12866,6724.07159,0.09458,4218.00000,4230.00000,863.50542,6054.43454
100.00000,0.01000,2.00000,7.00000,0.00000,0.09284,0.35156,6088.12866,6674.05892,0.08779,4218.00000,2429.00000,676.78663,6054.43454
100.00000,0.01000,3.00000,2.00000,0.00000,0.09306,0.35156,6088.12866,6675.65319,0.08801,4218.00000,4228.00000,862.91542,6054.43454
100.00000,0.01000,4.00000,2.00000,0.00000,0.09420,0.35156,6088.12866,6684.05892,0.08916,4218.00000,4230.00000,862.95831,6054.43454
100.00000,0.01000,5.00000,7.00000,0.00000,0.09804,0.35156,6088.12866,6712.51964,0.09302,4218.00000,2419.00000,569.49226,6054.43454
100.00000,0.01000,6.00000,3.00000,0.00000,0.09306,0.35156,6088.12866,6675.65319,0.08801,4218.00000,4280.00000,342.37429,6054.43454
