Omega,Tolerance,Step Size Rule,Iterations,Converged?,Gap LR,Gap Naive,Obj. Naive,Obj. LR,Gap,Time Naive,Time LR,Final Lambda,LB Heuristic
900.0,0.01,1.0,2.0,0.0,0.01435,0.13264,233.16562,248.31469,0.01435,4250.0,3337.0,0.0,244.75051
900.0,0.01,2.0,10.0,0.0,0.01435,0.13264,233.16562,248.31469,0.01435,4250.0,2283.0,0.85259,244.75051
900.0,0.01,3.0,2.0,0.0,0.01435,0.13264,233.16562,248.31469,0.01435,4250.0,2610.0,0.0,244.75051
900.0,0.01,4.0,2.0,0.0,0.01435,0.13264,233.16562,248.31469,0.01435,4250.0,2678.0,0.0,244.75051
900.0,0.01,5.0,10.0,0.0,0.01435,0.13264,233.16562,248.31469,0.01435,4250.0,2210.0,236.55364,244.75051
900.0,0.01,6.0,3.0,0.0,0.01435,0.13264,233.16562,248.31469,0.01435,4250.0,2300.0,0.28393,244.75051
,,,,,,,,,,,,,0.0
,,,,,,,,,,,,,0.0
