Omega,Tolerance,Step Size Rule,Iterations,Converged?,Gap LR,Gap Naive,Obj. Naive,Obj. LR (UB),"Obj. LR (LB),",Gap,Time Naive,Time LR,Final Lambda,LB Heuristic,BBP,Best iter,Lambda best iter,Gamma best iter
900.0,0.01,1.0,10.0,0.0,0.03232,0.13264,233.16562,252.92461,252.92461,0.03232,4250.0,7828.0,480.24,244.75051,0.0,2.0,1.43259,6.0
900.0,0.01,2.0,10.0,0.0,0.02063,0.13264,233.16562,249.906,249.906,0.02063,4250.0,13403.0,200.0,244.75051,0.0,3.0,0.85259,4.0
900.0,0.01,3.0,10.0,0.0,0.04293,0.13264,233.16562,255.72939,255.72939,0.04293,4250.0,5719.0,512.46331,244.75051,0.0,2.0,1.85259,7.0
900.0,0.01,4.0,10.0,0.0,0.04293,0.13264,233.16562,255.72939,255.72939,0.04293,4250.0,5719.0,489.79022,244.75051,0.0,2.0,1.85259,7.0
900.0,0.01,5.0,10.0,0.0,0.04687,0.13264,233.16562,256.78716,248.31469,0.04687,4250.0,5763.0,0.0,244.75051,0.0,1.0,0.85259,-1.0
900.0,0.01,6.0,4.0,0.0,0.04687,0.13264,233.16562,256.78716,248.31469,0.04687,4250.0,20156.0,1.24305,244.75051,0.0,1.0,0.85259,-1.0
