Omega,Tolerance,Step Size Rule,Iterations,Converged?,Gap LR,Gap Naive,Obj. Naive,Obj. LR (UB),"Obj. LR (LB),",Gap,Time Naive,Time LR,Final Lambda,LB Heuristic,BBP,Best iter,Lambda best iter,Gamma best iter
900.0,0.01,1.0,1.0,1.0,0.07171,0.13264,233.16562,263.65605,244.75051,0.07171,4250.0,2105.0,0.85259,244.75051,1.0,1.0,0.85259,0.0
900.0,0.01,2.0,1.0,1.0,0.07171,0.13264,233.16562,263.65605,244.75051,0.07171,4250.0,2104.0,0.85259,244.75051,1.0,1.0,0.85259,0.0
900.0,0.01,3.0,1.0,1.0,0.07171,0.13264,233.16562,263.65605,244.75051,0.07171,4250.0,2104.0,0.85259,244.75051,1.0,1.0,0.85259,0.0
900.0,0.01,4.0,1.0,1.0,0.07171,0.13264,233.16562,263.65605,244.75051,0.07171,4250.0,2105.0,0.85259,244.75051,1.0,1.0,0.85259,0.0
900.0,0.01,5.0,1.0,1.0,0.07171,0.13264,233.16562,263.65605,244.75051,0.07171,4250.0,2104.0,0.85259,244.75051,1.0,1.0,0.85259,0.0
900.0,0.01,6.0,1.0,1.0,0.07171,0.13264,233.16562,263.65605,244.75051,0.07171,4250.0,2105.0,0.85259,244.75051,1.0,1.0,0.85259,0.0
