"Omega","Tolerance","Step Size Rule","Iterations","Converged?","Gap LR","Gap Naive","Obj. Naive","Obj. LR","Gap","Time Naive","Time LR","Final Lambda","LB Heuristic"
900.00000,0.01000,1.00000,1.00000,1.00000,0.00000,0.08399,244.75051,244.75051,0.00000,4291.00000,2191.00000,0.85259,244.75051
900.00000,0.01000,2.00000,1.00000,1.00000,0.00000,0.08399,244.75051,244.75051,0.00000,4291.00000,2176.00000,0.85259,244.75051
900.00000,0.01000,3.00000,1.00000,1.00000,0.00000,0.08399,244.75051,244.75051,0.00000,4291.00000,2170.00000,0.85259,244.75051
900.00000,0.01000,4.00000,1.00000,1.00000,0.00000,0.08399,244.75051,244.75051,0.00000,4291.00000,2155.00000,0.85259,244.75051
900.00000,0.01000,5.00000,1.00000,1.00000,0.00000,0.08399,244.75051,244.75051,0.00000,4291.00000,2159.00000,0.85259,244.75051
900.00000,0.01000,6.00000,1.00000,1.00000,0.00000,0.08399,244.75051,244.75051,0.00000,4291.00000,2158.00000,0.85259,244.75051
