"Omega","Tolerance","Step Size Rule","Iterations","Converged?","Gap LR","Gap Naive","Obj. Naive","Obj. LR","Gap","Time Naive","Time LR","Final Lambda","LB Heuristic"
100.00000,0.05000,1.00000,10.00000,0.00000,0.06490,0.00000,279.61933,296.17693,0.05590,791.00000,637.00000,31.79514,276.95525
100.00000,0.05000,2.00000,10.00000,0.00000,0.05806,0.00000,279.61933,294.02568,0.04900,791.00000,1502.00000,4.21053,276.95525
100.00000,0.05000,3.00000,10.00000,0.00000,0.06490,0.00000,279.61933,296.17693,0.05590,791.00000,629.00000,78.74698,276.95525
100.00000,0.05000,4.00000,10.00000,0.00000,0.06490,0.00000,279.61933,296.17693,0.05590,791.00000,635.00000,77.69015,276.95525
100.00000,0.05000,5.00000,10.00000,0.00000,0.03826,0.00000,279.61933,287.97305,0.02901,791.00000,1279.00000,1.06140,276.95525
100.00000,0.05000,6.00000,10.00000,0.00000,0.03822,0.00000,279.61933,287.96041,0.02897,791.00000,1844.00000,2.58478,276.95525
