"Omega","Tolerance","Step Size Rule","Iterations","Converged?","Gap LR","Gap Naive","Obj. Naive","Obj. LR","Gap","Time Naive","Time LR","Final Lambda","LB Heuristic"
600.00000,0.07000,1.00000,2.00000,0.00000,0.62848,1.00000,318.56731,12865.05758,0.62848,4230.00000,4242.00000,431.41508,4779.56328
600.00000,0.07000,2.00000,2.00000,0.00000,0.62262,1.00000,318.56731,12665.05758,0.62262,4230.00000,4245.00000,132.85193,4779.56328
600.00000,0.07000,3.00000,2.00000,0.00000,0.62848,1.00000,318.56731,12865.05758,0.62848,4230.00000,4252.00000,658.63508,4779.56328
600.00000,0.07000,4.00000,2.00000,0.00000,0.62848,1.00000,318.56731,12865.05758,0.62848,4230.00000,4276.00000,660.43660,4779.56328
600.00000,0.07000,5.00000,2.00000,0.00000,0.61961,1.00000,318.56731,12565.05758,0.61961,4230.00000,4240.00000,132.94153,4779.56328
600.00000,0.07000,6.00000,2.00000,0.00000,0.56749,1.00000,318.56731,11050.82920,0.56749,4230.00000,4224.00000,0.00000,4779.56328
