"Omega","Tolerance","Step Size Rule","Iterations","Converged?","Gap LR","Gap Naive","Obj. Naive","Obj. LR","Gap","Time Naive","Time LR","Final Lambda","LB Heuristic"
600.00000,0.01000,1.00000,2.00000,0.00000,0.13321,0.67634,3253.19028,4892.63367,0.13321,4247.00000,4335.00000,139.97388,4240.88886
600.00000,0.01000,2.00000,2.00000,0.00000,0.13518,0.67634,3253.19028,4903.80034,0.13518,4247.00000,2560.00000,106.11058,4240.88886
600.00000,0.01000,3.00000,2.00000,0.00000,0.14788,0.67634,3253.19028,4976.86210,0.14788,4247.00000,4370.00000,135.27388,4240.88886
600.00000,0.01000,4.00000,2.00000,0.00000,0.14788,0.67634,3253.19028,4976.86210,0.14788,4247.00000,4374.00000,135.53124,4240.88886
600.00000,0.01000,5.00000,2.00000,0.00000,0.15344,0.67634,3253.19028,5009.52877,0.15344,4247.00000,2619.00000,96.02641,4240.88886
600.00000,0.01000,6.00000,2.00000,0.00000,0.15398,0.67634,3253.19028,5012.77752,0.15398,4247.00000,2547.00000,274.51507,4240.88886
