"Omega","Tolerance","Step Size Rule","Iterations","Converged?","Gap LR","Gap Naive","Obj. Naive","Obj. LR","Gap","Time Naive","Time LR","Final Lambda","LB Heuristic"
900.00000,0.03000,1.00000,1.00000,1.00000,0.00000,0.12144,245.70998,245.70998,0.00000,4296.00000,2185.00000,0.40819,245.70998
900.00000,0.03000,2.00000,1.00000,1.00000,0.00000,0.12144,245.70998,245.70998,0.00000,4296.00000,2167.00000,0.40819,245.70998
900.00000,0.03000,3.00000,1.00000,1.00000,0.00000,0.12144,245.70998,245.70998,0.00000,4296.00000,2168.00000,0.40819,245.70998
900.00000,0.03000,4.00000,1.00000,1.00000,0.00000,0.12144,245.70998,245.70998,0.00000,4296.00000,2178.00000,0.40819,245.70998
900.00000,0.03000,5.00000,1.00000,1.00000,0.00000,0.12144,245.70998,245.70998,0.00000,4296.00000,2157.00000,0.40819,245.70998
900.00000,0.03000,6.00000,1.00000,1.00000,0.00000,0.12144,245.70998,245.70998,0.00000,4296.00000,2155.00000,0.40819,245.70998
