Omega,Tolerance,Step Size Rule,Iterations,Converged?,Gap LR,Gap Naive,Obj. Naive,Obj. LR,Gap,Time Naive,Time LR,Final Lambda,LB Heuristic
600.0,0.07,1.0,1.0,1.0,0.0,0.15664,247.89068,250.79961,0.0,4238.0,2139.0,0.45573,250.79961
600.0,0.07,2.0,1.0,1.0,0.0,0.15664,247.89068,250.79961,0.0,4238.0,2146.0,0.45573,250.79961
600.0,0.07,3.0,1.0,1.0,0.0,0.15664,247.89068,250.79961,0.0,4238.0,2133.0,0.45573,250.79961
600.0,0.07,4.0,1.0,1.0,0.0,0.15664,247.89068,250.79961,0.0,4238.0,2134.0,0.45573,250.79961
600.0,0.07,5.0,1.0,1.0,0.0,0.15664,247.89068,250.79961,0.0,4238.0,2131.0,0.45573,250.79961
600.0,0.07,6.0,1.0,1.0,0.0,0.15664,247.89068,250.79961,0.0,4238.0,2135.0,0.45573,250.79961
