Omega,Tolerance,Step Size Rule,Iterations,Converged?,Gap LR,Gap Naive,Obj. Naive,Obj. LR,Gap,Time Naive,Time LR,Final Lambda,LB Heuristic
100.0,0.03,1.0,2.0,0.0,0.51084,0.7712,1460.7251,8183.12558,0.51084,4225.0,4200.0,811.63447,4002.87821
100.0,0.03,2.0,10.0,0.0,0.51084,0.7712,1460.7251,8183.12558,0.51084,4225.0,2112.0,767.0045,4002.87821
100.0,0.03,3.0,2.0,0.0,0.51083,0.7712,1460.7251,8182.98678,0.51083,4225.0,4201.0,809.86447,4002.87821
100.0,0.03,4.0,2.0,0.0,0.51083,0.7712,1460.7251,8182.98678,0.51083,4225.0,4201.0,809.99314,4002.87821
100.0,0.03,5.0,10.0,0.0,0.51084,0.7712,1460.7251,8183.12558,0.51084,4225.0,2109.0,721.08035,4002.87821
100.0,0.03,6.0,3.0,0.0,0.51084,0.7712,1460.7251,8183.12558,0.51084,4225.0,4201.0,0.0,4002.87821
