"Omega","Tolerance","Step Size Rule","Iterations","Converged?","Gap LR","Gap Naive","Obj. Naive","Obj. LR","Gap","Time Naive","Time LR","Final Lambda","LB Heuristic"
100.00000,0.01000,1.00000,2.00000,0.00000,0.09760,0.34734,5761.29338,6448.13900,0.09760,4204.00000,4206.00000,861.43139,5818.83283
100.00000,0.01000,2.00000,10.00000,0.00000,0.09760,0.34734,5761.29338,6448.13900,0.09760,4204.00000,2356.00000,680.77320,5818.83283
100.00000,0.01000,3.00000,2.00000,0.00000,0.09760,0.34734,5761.29338,6448.13900,0.09760,4204.00000,4207.00000,860.84139,5818.83283
100.00000,0.01000,4.00000,2.00000,0.00000,0.09760,0.34734,5761.29338,6448.13900,0.09760,4204.00000,4212.00000,860.88428,5818.83283
100.00000,0.01000,5.00000,10.00000,0.00000,0.09760,0.34734,5761.29338,6448.13900,0.09760,4204.00000,2279.00000,568.43675,5818.83283
100.00000,0.01000,6.00000,3.00000,0.00000,0.09854,0.34734,5761.29338,6454.90664,0.09854,4204.00000,4214.00000,211.58109,5818.83283
