"Omega","Tolerance","Step Size Rule","Iterations","Converged?","Gap LR","Gap Naive","Obj. Naive","Obj. LR","Gap","Time Naive","Time LR","Final Lambda","LB Heuristic"
100.00000,0.01000,1.00000,2.00000,0.00000,0.09809,0.29739,5815.11209,6370.33367,0.08716,4203.00000,4205.00000,861.43139,5745.44026
100.00000,0.01000,2.00000,10.00000,0.00000,0.10431,0.29739,5815.11209,6414.56982,0.09345,4203.00000,2319.00000,680.77320,5745.44026
100.00000,0.01000,3.00000,2.00000,0.00000,0.09699,0.29739,5815.11209,6362.53705,0.08604,4203.00000,4210.00000,860.84139,5745.44026
100.00000,0.01000,4.00000,2.00000,0.00000,0.10590,0.29739,5815.11209,6425.96543,0.09506,4203.00000,4213.00000,860.88428,5745.44026
100.00000,0.01000,5.00000,10.00000,0.00000,0.10850,0.29739,5815.11209,6444.70014,0.09769,4203.00000,2286.00000,568.43675,5745.44026
100.00000,0.01000,6.00000,3.00000,0.00000,0.09982,0.29739,5815.11209,6382.53705,0.08890,4203.00000,4215.00000,94.57610,5745.44026
