"Omega","Tolerance","Step Size Rule","Iterations","Converged?","Gap LR","Gap Naive","Obj. Naive","Obj. LR","Gap","Time Naive","Time LR","Final Lambda","LB Heuristic"
600.00000,0.07000,1.00000,1.00000,1.00000,0.00000,0.15022,250.47216,250.47216,0.00000,4262.00000,2151.00000,0.45603,250.47216
600.00000,0.07000,2.00000,1.00000,1.00000,0.00000,0.15022,250.47216,250.47216,0.00000,4262.00000,2144.00000,0.45603,250.47216
600.00000,0.07000,3.00000,1.00000,1.00000,0.00000,0.15022,250.47216,250.47216,0.00000,4262.00000,2146.00000,0.45603,250.47216
600.00000,0.07000,4.00000,2.00000,0.00000,0.05190,0.15022,250.47216,264.18338,0.05190,4262.00000,2674.00000,394.56558,250.47216
600.00000,0.07000,5.00000,2.00000,0.00000,0.05190,0.15022,250.47216,264.18338,0.05190,4262.00000,2620.00000,0.26882,250.47216
600.00000,0.07000,6.00000,3.00000,0.00000,0.05190,0.15022,250.47216,264.18338,0.05190,4262.00000,4479.00000,0.04989,250.47216
