"Omega","Tolerance","Step Size Rule","Iterations","Converged?","Gap LR","Gap Naive","Obj. Naive","Obj. LR","Gap","Time Naive","Time LR","Final Lambda","LB Heuristic"
600.00000,0.03000,1.00000,2.00000,0.00000,0.16443,0.94619,598.19651,4976.33590,0.16443,4207.00000,4213.00000,125.12703,4158.09334
600.00000,0.03000,2.00000,3.00000,0.00000,0.23723,0.94619,598.19651,5451.29191,0.23723,4207.00000,2450.00000,115.67431,4158.09334
600.00000,0.03000,3.00000,3.00000,0.00000,0.26777,0.94619,598.19651,5678.64575,0.26777,4207.00000,4385.00000,543.68703,4158.09334
600.00000,0.03000,4.00000,3.00000,0.00000,0.32201,0.94619,598.19651,6132.95588,0.32201,4207.00000,4373.00000,518.13087,4158.09334
600.00000,0.03000,5.00000,3.00000,0.00000,0.30051,0.94619,598.19651,5944.46639,0.30051,4207.00000,2428.00000,116.66658,4158.09334
600.00000,0.03000,6.00000,3.00000,0.00000,0.26777,0.94619,598.19651,5678.64575,0.26777,4207.00000,4361.00000,22.20015,4158.09334
