"Omega","Tolerance","Step Size Rule","Iterations","Converged?","Gap LR","Gap Naive","Obj. Naive","Obj. LR","Gap","Time Naive","Time LR","Final Lambda","LB Heuristic"
600.00000,0.03000,1.00000,2.00000,0.00000,0.31756,0.96652,384.29140,6429.62762,0.31756,4232.00000,4246.00000,462.10703,4387.82411
600.00000,0.03000,2.00000,2.00000,0.00000,0.29565,0.96652,384.29140,6229.62762,0.29565,4232.00000,4246.00000,135.67431,4387.82411
600.00000,0.03000,3.00000,2.00000,0.00000,0.31756,0.96652,384.29140,6429.62762,0.31756,4232.00000,4266.00000,703.48703,4387.82411
600.00000,0.03000,4.00000,2.00000,0.00000,0.31756,0.96652,384.29140,6429.62762,0.31756,4232.00000,4271.00000,704.25911,4387.82411
600.00000,0.03000,5.00000,2.00000,0.00000,0.28416,0.96652,384.29140,6129.62762,0.28416,4232.00000,4244.00000,135.76023,4387.82411
600.00000,0.03000,6.00000,2.00000,0.00000,0.31494,0.96652,384.29140,6405.03592,0.31494,4232.00000,4223.00000,0.00000,4387.82411
