Omega,Tolerance,Step Size Rule,Iterations,Converged?,Gap LR,Gap Naive,Obj. Naive,Obj. LR,Gap,Time Naive,Time LR,Final Lambda,LB Heuristic
600.0,0.05,1.0,2.0,0.0,0.04316,0.13696,248.03597,260.82918,0.04316,4237.0,2443.0,330.6,249.5731
600.0,0.05,2.0,2.0,0.0,0.04316,0.13696,248.03597,260.82918,0.04316,4237.0,2433.0,0.35088,249.5731
600.0,0.05,3.0,2.0,0.0,0.04316,0.13696,248.03597,260.82918,0.04316,4237.0,2439.0,427.5,249.5731
600.0,0.05,4.0,2.0,0.0,0.04316,0.13696,248.03597,260.82918,0.04316,4237.0,2435.0,403.05087,249.5731
600.0,0.05,5.0,2.0,0.0,0.04316,0.13696,248.03597,260.82918,0.04316,4237.0,2453.0,0.26316,249.5731
600.0,0.05,6.0,2.0,0.0,0.04316,0.13696,248.03597,260.82918,0.04316,4237.0,2481.0,0.98059,249.5731
,,,,,,,,,,,,,0.0
,,,,,,,,,,,,,0.0
