,Omega,Tolerance,Step Size Rule,Iterations,Converged?,Gap LR,Gap Naive,Obj. Naive,Obj. LR,Gap,Time Naive,Time LR,Final Lambda,LB Heuristic,IR,AP
0,600.0,0.05,1.0,10.0,0.0,0.05736,0.13696,248.03597,264.76105,0.05736,4237.0,2203.0,191.4,249.5731,-253.52998,0.0
1,600.0,0.05,2.0,10.0,0.0,0.05736,0.13696,248.03597,264.76105,0.05736,4237.0,2332.0,200.0,249.5731,-253.52998,0.0
2,600.0,0.05,3.0,10.0,0.0,0.05736,0.13696,248.03597,264.76105,0.05736,4237.0,2198.0,335.71104,249.5731,-253.52998,0.0
3,600.0,0.05,4.0,10.0,0.0,0.05736,0.13696,248.03597,264.76105,0.05736,4237.0,2199.0,303.63413,249.5731,-253.52998,0.0
4,600.0,0.05,5.0,10.0,0.0,0.05736,0.13696,248.03597,264.76105,0.05736,4237.0,2378.0,0.0,249.5731,-253.52998,0.0
5,600.0,0.05,6.0,5.0,0.0,0.05736,0.13696,248.03597,264.76105,0.05736,4237.0,6391.0,0.04751,249.5731,-253.52998,0.0
