Omega,Tolerance,Step Size Rule,Iterations,Converged?,Gap LR,Gap Naive,Obj. Naive,Obj. LR (UB),"Obj. LR (LB),",Gap,Time Naive,Time LR,Final Lambda,LB Heuristic,BBP,Best iter,Lambda best iter,Gamma best iter
600.0,0.05,1.0,10.0,0.0,0.12472,0.13696,248.03597,285.13559,264.76105,0.12472,4237.0,2211.0,191.4,249.5731,0.0,1.0,0.44692,22.0
600.0,0.05,2.0,10.0,0.0,0.12472,0.13696,248.03597,285.13559,264.76105,0.12472,4237.0,2335.0,200.0,249.5731,0.0,1.0,0.44692,22.0
600.0,0.05,3.0,10.0,0.0,0.12472,0.13696,248.03597,285.13559,264.76105,0.12472,4237.0,2205.0,335.71104,249.5731,0.0,1.0,0.44692,22.0
600.0,0.05,4.0,10.0,0.0,0.12472,0.13696,248.03597,285.13559,264.76105,0.12472,4237.0,2202.0,303.63413,249.5731,0.0,1.0,0.44692,22.0
600.0,0.05,5.0,10.0,0.0,0.12471,0.13696,248.03597,285.13194,264.76105,0.12471,4237.0,2390.0,0.0,249.5731,0.0,1.0,0.44692,22.0
600.0,0.05,6.0,3.0,0.0,0.11916,0.13696,248.03597,283.33461,277.45468,0.11916,4237.0,4246.0,0.0,249.5731,0.0,3.0,0.98059,29.0
