Omega,Tolerance,Step Size Rule,Iterations,Converged?,Gap LR,Gap Naive,Obj. Naive,Obj. LR (UB),"Obj. LR (LB),",Gap,Time Naive,Time LR,Final Lambda,LB Heuristic,BBP,Best iter,Lambda best iter,Gamma best iter
600.0,0.05,1.0,10.0,0.0,0.12164,0.13696,248.03597,284.13467,274.29946,0.12164,4237.0,5076.0,174.44692,249.5731,0.0,1.0,0.44692,-570.0
600.0,0.05,2.0,7.0,0.0,0.0983,0.13696,248.03597,276.78188,274.29946,0.0983,4237.0,50034.0,200.44692,249.5731,0.0,3.0,0.44692,-570.0
600.0,0.05,3.0,10.0,0.0,0.12164,0.13696,248.03597,284.13467,274.29946,0.12164,4237.0,5070.0,456.15795,249.5731,0.0,1.0,0.44692,-570.0
600.0,0.05,4.0,10.0,0.0,0.12164,0.13696,248.03597,284.13467,274.29946,0.12164,4237.0,5069.0,449.81698,249.5731,0.0,1.0,0.44692,-570.0
600.0,0.05,5.0,10.0,0.0,0.12164,0.13696,248.03597,284.13467,274.29946,0.12164,4237.0,5256.0,0.0,249.5731,0.0,1.0,0.44692,-570.0
600.0,0.05,6.0,10.0,0.0,0.10049,0.13696,248.03597,277.45468,277.45468,0.10049,4237.0,32147.0,0.30643,249.5731,0.0,4.0,0.98059,29.0
