"Omega","Tolerance","Step Size Rule","Iterations","Converged?","Gap LR","Gap Naive","Obj. Naive","Obj. LR","Gap","Time Naive","Time LR","Final Lambda","LB Heuristic"
600.00000,0.05000,1.00000,2.00000,0.00000,0.04316,0.13027,249.57310,260.82918,0.04316,4255.00000,2687.00000,330.60000,249.57310
600.00000,0.05000,2.00000,2.00000,0.00000,0.04316,0.13027,249.57310,260.82918,0.04316,4255.00000,2548.00000,0.35088,249.57310
600.00000,0.05000,3.00000,2.00000,0.00000,0.04316,0.13027,249.57310,260.82918,0.04316,4255.00000,2554.00000,427.50000,249.57310
600.00000,0.05000,4.00000,2.00000,0.00000,0.04316,0.13027,249.57310,260.82918,0.04316,4255.00000,2557.00000,403.05087,249.57310
600.00000,0.05000,5.00000,2.00000,0.00000,0.04316,0.13027,249.57310,260.82918,0.04316,4255.00000,2596.00000,0.26316,249.57310
600.00000,0.05000,6.00000,3.00000,0.00000,0.04316,0.13027,249.57310,260.82918,0.04316,4255.00000,4462.00000,0.07171,249.57310
