"Omega","Tolerance","Step Size Rule","Iterations","Converged?","Gap LR","Gap Naive","Obj. Naive","Obj. LR","Gap","Time Naive","Time LR","Final Lambda","LB Heuristic"
100.00000,0.01000,1.00000,2.00000,0.00000,0.08981,0.34577,5713.86962,6430.20739,0.08981,4203.00000,4205.00000,879.52500,5852.71683
100.00000,0.01000,2.00000,10.00000,0.00000,0.08994,0.34577,5713.86962,6431.10005,0.08994,4203.00000,2363.00000,698.86682,5852.71683
100.00000,0.01000,3.00000,2.00000,0.00000,0.08994,0.34577,5713.86962,6431.10005,0.08994,4203.00000,4210.00000,878.93500,5852.71683
100.00000,0.01000,4.00000,2.00000,0.00000,0.08994,0.34577,5713.86962,6431.10005,0.08994,4203.00000,4206.00000,878.97789,5852.71683
100.00000,0.01000,5.00000,10.00000,0.00000,0.08994,0.34577,5713.86962,6431.10005,0.08994,4203.00000,2272.00000,586.53036,5852.71683
100.00000,0.01000,6.00000,3.00000,0.00000,0.09091,0.34577,5713.86962,6437.96592,0.09091,4203.00000,4215.00000,183.84900,5852.71683
