"Omega","Tolerance","Step Size Rule","Iterations","Converged?","Gap LR","Gap Naive","Obj. Naive","Obj. LR","Gap","Time Naive","Time LR","Final Lambda","LB Heuristic"
100.00000,0.01000,1.00000,2.00000,0.00000,0.10461,0.27562,5949.37734,6557.02925,0.09267,4203.00000,4204.00000,879.52500,5871.06963
100.00000,0.01000,2.00000,10.00000,0.00000,0.10469,0.27562,5949.37734,6557.60924,0.09275,4203.00000,2272.00000,698.86682,5871.06963
100.00000,0.01000,3.00000,2.00000,0.00000,0.07940,0.27562,5949.37734,6377.43314,0.06712,4203.00000,4208.00000,878.93500,5871.06963
100.00000,0.01000,4.00000,2.00000,0.00000,0.09624,0.27562,5949.37734,6496.25904,0.08418,4203.00000,4209.00000,878.97789,5871.06963
100.00000,0.01000,5.00000,10.00000,0.00000,0.10131,0.27562,5949.37734,6532.92164,0.08932,4203.00000,2270.00000,586.53036,5871.06963
100.00000,0.01000,6.00000,3.00000,0.00000,0.07940,0.27562,5949.37734,6377.43314,0.06712,4203.00000,4216.00000,200.73456,5871.06963
