"Omega","Tolerance","Step Size Rule","Iterations","Converged?","Gap LR","Gap Naive","Obj. Naive","Obj. LR","Gap","Time Naive","Time LR","Final Lambda","LB Heuristic"
100.00000,0.01000,1.00000,2.00000,0.00000,0.08789,0.35112,5881.87220,6429.09831,0.08512,4223.00000,4227.00000,879.52500,5864.05134
100.00000,0.01000,2.00000,7.00000,0.00000,0.08797,0.35112,5881.87220,6429.67831,0.08520,4223.00000,2412.00000,692.80621,5864.05134
100.00000,0.01000,3.00000,2.00000,0.00000,0.07999,0.35112,5881.87220,6373.87653,0.07719,4223.00000,4256.00000,878.93500,5864.05134
100.00000,0.01000,4.00000,2.00000,0.00000,0.08335,0.35112,5881.87220,6397.27162,0.08057,4223.00000,4237.00000,878.97789,5864.05134
100.00000,0.01000,5.00000,7.00000,0.00000,0.08491,0.35112,5881.87220,6408.20045,0.08213,4223.00000,2404.00000,585.51184,5864.05134
100.00000,0.01000,6.00000,3.00000,0.00000,0.08095,0.35112,5881.87220,6380.54508,0.07816,4223.00000,4265.00000,387.31880,5864.05134
