Omega,Tolerance,Step Size Rule,Iterations,Converged?,Gap LR,Gap Naive,Obj. Naive,Obj. LR,Gap,Time Naive,Time LR,Final Lambda,LB Heuristic,Heuristic Time
1500.0,0.07,1.0,2.0,0.0,0.0374,0.20063,234.47115,253.66039,0.0374,4212.0,2461.0,809.1,244.17426,
1500.0,0.07,2.0,2.0,0.0,0.0374,0.20063,234.47115,253.66039,0.0374,4212.0,2459.0,0.14337,244.17426,
1500.0,0.07,3.0,2.0,0.0,0.0374,0.20063,234.47115,253.66039,0.0374,4212.0,2459.0,1046.25,244.17426,
1500.0,0.07,4.0,2.0,0.0,0.0374,0.20063,234.47115,253.66039,0.0374,4212.0,2461.0,986.41396,244.17426,
1500.0,0.07,5.0,2.0,0.0,0.0374,0.20063,234.47115,253.66039,0.0374,4212.0,2462.0,0.10753,244.17426,
1500.0,0.07,6.0,2.0,0.0,0.0374,0.20063,234.47115,253.66039,0.0374,4212.0,2441.0,0.4192,244.17426,53.0
,,,,,,,,,,,,,0.0,
,,,,,,,,,,,,,0.0,
