Omega,Tolerance,Step Size Rule,Iterations,Converged?,Gap LR,Gap Naive,Obj. Naive,Obj. LR,Gap,Time Naive,Time LR,Final Lambda,LB Heuristic
900.0,0.03,1.0,2.0,0.0,0.48308,0.60964,4388.95084,7396.11679,0.40659,4201.0,4204.0,579.68006,3823.19637
900.0,0.03,2.0,2.0,0.0,0.46871,0.60964,4388.95084,7196.11679,0.39009,4201.0,4202.0,89.45825,3823.19637
900.0,0.03,3.0,2.0,0.0,0.48308,0.60964,4388.95084,7396.11679,0.40659,4201.0,4203.0,941.75006,3823.19637
900.0,0.03,4.0,2.0,0.0,0.48308,0.60964,4388.95084,7396.11679,0.40659,4201.0,4203.0,942.90818,3823.19637
900.0,0.03,5.0,2.0,0.0,0.46123,0.62473,4263.69584,7096.11679,0.39915,4202.0,4202.0,89.51553,3823.19637
900.0,0.03,6.0,2.0,0.0,0.43757,0.62473,4263.69584,6797.60425,0.37276,4202.0,4233.0,0.0,3823.19637
