Omega,Tolerance,Step Size Rule,Iterations,Converged?,Gap LR,Gap Naive,Obj. Naive,Obj. LR,Gap,Time Naive,Time LR,Final Lambda,LB Heuristic
900.0,0.03,1.0,2.0,0.0,0.02284,0.13904,241.78757,252.31639,0.02284,4250.0,2457.0,506.34,246.55223
900.0,0.03,2.0,2.0,0.0,0.02284,0.13904,241.78757,252.31639,0.02284,4250.0,2455.0,0.2291,246.55223
900.0,0.03,3.0,2.0,0.0,0.02284,0.13904,241.78757,252.31639,0.02284,4250.0,2427.0,654.75,246.55223
900.0,0.03,4.0,2.0,0.0,0.02284,0.13904,241.78757,252.31639,0.02284,4250.0,2435.0,617.30422,246.55223
900.0,0.03,5.0,2.0,0.0,0.02284,0.13904,241.78757,252.31639,0.02284,4250.0,2439.0,0.17182,246.55223
900.0,0.03,6.0,2.0,0.0,0.02284,0.13904,241.78757,252.31639,0.02284,4250.0,2528.0,0.62811,246.55223
