"Omega","Tolerance","Step Size Rule","Iterations","Converged?","Gap LR","Gap Naive","Obj. Naive","Obj. LR","Gap","Time Naive","Time LR","Final Lambda","LB Heuristic"
900.00000,0.03000,1.00000,1.00000,1.00000,0.00000,0.11878,246.55223,246.55223,0.00000,4283.00000,2174.00000,0.38996,246.55223
900.00000,0.03000,2.00000,2.00000,0.00000,0.02284,0.11878,246.55223,252.31639,0.02284,4283.00000,3532.00000,0.22910,246.55223
900.00000,0.03000,3.00000,2.00000,0.00000,0.02284,0.11878,246.55223,252.31639,0.02284,4283.00000,3582.00000,654.75000,246.55223
900.00000,0.03000,4.00000,2.00000,0.00000,0.02284,0.11878,246.55223,252.31639,0.02284,4283.00000,3579.00000,617.30422,246.55223
900.00000,0.03000,5.00000,2.00000,0.00000,0.02284,0.11878,246.55223,252.31639,0.02284,4283.00000,2801.00000,0.17182,246.55223
900.00000,0.03000,6.00000,3.00000,0.00000,0.03133,0.11878,246.55223,254.52674,0.03133,4283.00000,4360.00000,0.03320,246.55223
