Omega,Tolerance,Step Size Rule,Iterations,Converged?,Gap LR,Gap Naive,Obj. Naive,Obj. LR,Gap,Time Naive,Time LR,Final Lambda,LB Heuristic
600.0,0.03,1.0,1.0,1.0,0.0,0.17546,226.90989,245.94151,0.0,4240.0,2129.0,0.59395,245.94151
600.0,0.03,2.0,1.0,1.0,0.0,0.17546,226.90989,245.94151,0.0,4240.0,2140.0,0.59395,245.94151
600.0,0.03,3.0,1.0,1.0,0.0,0.17546,226.90989,245.94151,0.0,4240.0,2130.0,0.59395,245.94151
600.0,0.03,4.0,1.0,1.0,0.0,0.17546,226.90989,245.94151,0.0,4240.0,2130.0,0.59395,245.94151
600.0,0.03,5.0,1.0,1.0,0.0,0.17546,226.90989,245.94151,0.0,4240.0,2131.0,0.59395,245.94151
600.0,0.03,6.0,1.0,1.0,0.0,0.17546,226.90989,245.94151,0.0,4240.0,2149.0,0.59395,245.94151
