"Omega","Tolerance","Step Size Rule","Iterations","Converged?","Gap LR","Gap Naive","Obj. Naive","Obj. LR","Gap","Time Naive","Time LR","Final Lambda","LB Heuristic"
100.00000,0.07000,1.00000,10.00000,0.00000,0.07226,0.01599,281.95537,303.08681,0.06972,4210.00000,592.00000,20.20742,281.18626
100.00000,0.07000,2.00000,10.00000,0.00000,0.07226,0.01599,281.95537,303.08681,0.06972,4210.00000,1130.00000,4.30108,281.18626
100.00000,0.07000,3.00000,10.00000,0.00000,0.07226,0.01599,281.95537,303.08681,0.06972,4210.00000,576.00000,69.13999,281.18626
100.00000,0.07000,4.00000,10.00000,0.00000,0.07226,0.01599,281.95537,303.08681,0.06972,4210.00000,527.00000,67.66043,281.18626
100.00000,0.07000,5.00000,10.00000,0.00000,0.05610,0.01599,281.95537,297.89961,0.05352,4210.00000,942.00000,1.08423,281.18626
100.00000,0.07000,6.00000,10.00000,0.00000,0.05562,0.01599,281.95537,297.74835,0.05304,4210.00000,1350.00000,2.59928,281.18626
