"Omega","Tolerance","Step Size Rule","Iterations","Converged?","Gap LR","Gap Naive","Obj. Naive","Obj. LR","Gap","Time Naive","Time LR","Final Lambda","LB Heuristic"
600.00000,0.07000,1.00000,2.00000,0.00000,0.06251,0.15586,247.98821,264.52350,0.06251,4256.00000,2768.00000,323.64000,247.98821
600.00000,0.07000,2.00000,2.00000,0.00000,0.06251,0.15586,247.98821,264.52350,0.06251,4256.00000,2644.00000,0.35842,247.98821
600.00000,0.07000,3.00000,2.00000,0.00000,0.06251,0.15586,247.98821,264.52350,0.06251,4256.00000,2661.00000,418.50000,247.98821
600.00000,0.07000,4.00000,2.00000,0.00000,0.06251,0.15586,247.98821,264.52350,0.06251,4256.00000,2701.00000,394.56558,247.98821
600.00000,0.07000,5.00000,2.00000,0.00000,0.06251,0.15586,247.98821,264.52350,0.06251,4256.00000,2602.00000,0.26882,247.98821
600.00000,0.07000,6.00000,3.00000,0.00000,0.06251,0.15586,247.98821,264.52350,0.06251,4256.00000,4487.00000,0.00000,247.98821
