"Omega","Tolerance","Step Size Rule","Iterations","Converged?","Gap LR","Gap Naive","Obj. Naive","Obj. LR","Gap","Time Naive","Time LR","Final Lambda","LB Heuristic"
100.00000,0.05000,1.00000,2.00000,0.00000,0.25189,0.43998,6431.20966,8982.63573,0.25189,4203.00000,3741.00000,847.41661,6720.02953
100.00000,0.05000,2.00000,10.00000,0.00000,0.27251,0.43998,6431.20966,9237.27442,0.27251,4203.00000,2410.00000,774.16398,6720.02953
100.00000,0.05000,3.00000,2.00000,0.00000,0.29370,0.43998,6431.20966,9514.37892,0.29370,4203.00000,3240.00000,861.46661,6720.02953
100.00000,0.05000,4.00000,2.00000,0.00000,0.29811,0.43998,6431.20966,9574.22464,0.29811,4203.00000,3286.00000,857.39176,6720.02953
100.00000,0.05000,5.00000,10.00000,0.00000,0.29358,0.43998,6431.20966,9512.81579,0.29358,4203.00000,2399.00000,741.30809,6720.02953
100.00000,0.05000,6.00000,3.00000,0.00000,0.29347,0.43998,6431.20966,9511.36187,0.29347,4203.00000,4219.00000,211.07404,6720.02953
