"Omega","Tolerance","Step Size Rule","Iterations","Converged?","Gap LR","Gap Naive","Obj. Naive","Obj. LR","Gap","Time Naive","Time LR","Final Lambda","LB Heuristic"
100.00000,0.01000,1.00000,10.00000,0.00000,0.01125,0.00000,268.45136,271.50588,0.01125,156.00000,1933.00000,4.62459,268.45136
100.00000,0.01000,2.00000,10.00000,0.00000,0.01127,0.00000,268.45136,271.51007,0.01127,156.00000,1568.00000,204.04040,268.45136
100.00000,0.01000,3.00000,10.00000,0.00000,0.01061,0.00000,268.45136,271.32897,0.01061,156.00000,2250.00000,4.24423,268.45136
100.00000,0.01000,4.00000,10.00000,0.00000,0.01062,0.00000,268.45136,271.33226,0.01062,156.00000,2096.00000,4.23532,268.45136
100.00000,0.01000,5.00000,10.00000,0.00000,0.01612,0.00000,268.45136,272.85068,0.01612,156.00000,878.00000,1.45142,268.45136
100.00000,0.01000,6.00000,10.00000,0.00000,0.01091,0.00000,268.45136,271.41129,0.01091,156.00000,1365.00000,4.00149,268.45136
