Omega,Tolerance,Step Size Rule,Iterations,Converged?,Gap LR,Gap Naive,Obj. Naive,Obj. LR (UB),"Obj. LR (LB),",Gap,Time Naive,Time LR,Final Lambda,LB Heuristic,BBP,Best iter,Lambda best iter,Gamma best iter
1500.0,0.01,1.0,3.0,0.0,0.09671,0.0931,242.61655,267.86259,249.07989,0.09425,4211.0,2415.0,852.6,241.95789,0.0,1.0,0.48627,15.0
1500.0,0.01,2.0,3.0,0.0,0.0964,0.0931,242.61655,267.77062,249.07989,0.09394,4211.0,2413.0,0.0,241.95789,0.0,1.0,0.48627,15.0
1500.0,0.01,3.0,3.0,0.0,0.09618,0.0931,242.61655,267.70597,249.07989,0.09372,4211.0,2412.0,1104.75,241.95789,0.0,1.0,0.48627,15.0
1500.0,0.01,4.0,3.0,0.0,0.09671,0.0931,242.61655,267.86259,249.07989,0.09425,4211.0,2403.0,1041.39332,241.95789,0.0,1.0,0.48627,15.0
1500.0,0.01,5.0,3.0,0.0,0.0964,0.0931,242.61655,267.77062,249.07989,0.09394,4211.0,2415.0,50.0,241.95789,0.0,1.0,0.48627,15.0
1500.0,0.01,6.0,3.0,0.0,0.0964,0.0931,242.61655,267.77062,249.07989,0.09394,4211.0,4500.0,0.0,241.95789,0.0,1.0,0.48627,15.0
