Omega,Tolerance,Step Size Rule,Iterations,Converged?,Gap LR,Gap Naive,Obj. Naive,Obj. LR,Gap,Time Naive,Time LR,Final Lambda,LB Heuristic,Heuristic Time
1500.0,0.01,1.0,2.0,0.0,0.02859,0.0931,242.61655,249.07989,0.02595,4211.0,2398.0,861.3,241.95789,
1500.0,0.01,2.0,2.0,0.0,0.02859,0.0931,242.61655,249.07989,0.02595,4211.0,2397.0,0.13468,241.95789,
1500.0,0.01,3.0,2.0,0.0,0.02859,0.0931,242.61655,249.07989,0.02595,4211.0,2394.0,1113.75,241.95789,
1500.0,0.01,4.0,2.0,0.0,0.02859,0.0931,242.61655,249.07989,0.02595,4211.0,2394.0,1050.05357,241.95789,
1500.0,0.01,5.0,2.0,0.0,0.02859,0.0931,242.61655,249.07989,0.02595,4211.0,2394.0,0.10101,241.95789,
1500.0,0.01,6.0,2.0,0.0,0.02859,0.0931,242.61655,249.07989,0.02595,4211.0,2392.0,0.34474,241.95789,47.0
