Omega,Tolerance,Step Size Rule,Iterations,Converged?,Gap LR,Gap Naive,Obj. Naive,Obj. LR (UB),"Obj. LR (LB),",Gap,Time Naive,Time LR,Final Lambda,LB Heuristic,BBP,Best iter,Lambda best iter,Gamma best iter
1500.0,0.01,1.0,10.0,0.0,0.09392,0.0931,242.61655,267.03797,249.07989,0.09145,4211.0,5477.0,791.7,241.95789,0.0,1.0,0.48627,15.0
1500.0,0.01,2.0,10.0,0.0,0.09392,0.0931,242.61655,267.03797,249.07989,0.09145,4211.0,6575.0,200.0,241.95789,0.0,1.0,0.48627,15.0
1500.0,0.01,3.0,10.0,0.0,0.09392,0.0931,242.61655,267.03797,249.07989,0.09145,4211.0,5466.0,1067.85552,241.95789,0.0,1.0,0.48627,15.0
1500.0,0.01,4.0,10.0,0.0,0.09392,0.0931,242.61655,267.03797,249.07989,0.09145,4211.0,5476.0,1000.3452,241.95789,0.0,1.0,0.48627,15.0
1500.0,0.01,5.0,10.0,0.0,0.09392,0.0931,242.61655,267.03797,249.07989,0.09145,4211.0,6267.0,0.0,241.95789,0.0,1.0,0.48627,15.0
1500.0,0.01,6.0,3.0,0.0,0.09392,0.0931,242.61655,267.03674,250.29075,0.09145,4211.0,20310.0,0.0,241.95789,0.0,3.0,0.34474,3.0
