Omega,Tolerance,Step Size Rule,Iterations,Converged?,Gap LR,Gap Naive,Obj. Naive,Obj. LR,Gap,Time Naive,Time LR,Final Lambda,LB Heuristic
600.0,0.07,1.0,2.0,0.0,0.04786,0.16614,243.13899,261.20604,0.04786,4244.0,2452.0,323.64,248.70407
600.0,0.07,2.0,1.0,1.0,0.0,0.16614,243.13899,248.70407,0.0,4244.0,2138.0,0.45929,248.70407
600.0,0.07,3.0,2.0,0.0,0.04786,0.16614,243.13899,261.20604,0.04786,4244.0,2457.0,418.5,248.70407
600.0,0.07,4.0,2.0,0.0,0.04786,0.16614,243.13899,261.20604,0.04786,4244.0,2454.0,394.56558,248.70407
600.0,0.07,5.0,1.0,1.0,0.0,0.16614,243.13899,248.70407,0.0,4244.0,2139.0,0.45929,248.70407
600.0,0.07,6.0,1.0,1.0,0.0,0.16614,243.13899,248.70407,0.0,4244.0,2137.0,0.45929,248.70407
