"Omega","Tolerance","Step Size Rule","Iterations","Converged?","Gap LR","Gap Naive","Obj. Naive","Obj. LR","Gap","Time Naive","Time LR","Final Lambda","LB Heuristic"
600.00000,0.07000,1.00000,1.00000,1.00000,0.00000,0.15097,248.70407,248.70407,0.00000,4289.00000,2156.00000,0.45929,248.70407
600.00000,0.07000,2.00000,1.00000,1.00000,0.00000,0.15097,248.70407,248.70407,0.00000,4289.00000,2138.00000,0.45929,248.70407
600.00000,0.07000,3.00000,1.00000,1.00000,0.00000,0.15097,248.70407,248.70407,0.00000,4289.00000,2142.00000,0.45929,248.70407
600.00000,0.07000,4.00000,1.00000,1.00000,0.00000,0.15097,248.70407,248.70407,0.00000,4289.00000,2148.00000,0.45929,248.70407
600.00000,0.07000,5.00000,2.00000,0.00000,0.04786,0.15097,248.70407,261.20604,0.04786,4289.00000,2688.00000,0.26882,248.70407
600.00000,0.07000,6.00000,2.00000,0.00000,0.04786,0.15097,248.70407,261.20604,0.04786,4289.00000,2416.00000,1.04179,248.70407
