"Omega","Tolerance","Step Size Rule","Iterations","Converged?","Gap LR","Gap Naive","Obj. Naive","Obj. LR","Gap","Time Naive","Time LR","Final Lambda","LB Heuristic"
600.00000,0.07000,1.00000,3.00000,0.00000,0.16379,0.97330,384.29140,5325.19204,0.16379,4206.00000,4465.00000,424.80040,4452.95336
600.00000,0.07000,2.00000,3.00000,0.00000,0.43983,0.97330,384.29140,7949.32261,0.43983,4206.00000,2519.00000,126.36725,4452.95336
600.00000,0.07000,3.00000,3.00000,0.00000,0.48184,0.97330,384.29140,8593.75460,0.48184,4206.00000,4387.00000,490.20040,4452.95336
600.00000,0.07000,4.00000,3.00000,0.00000,0.45460,0.97330,384.29140,8164.59223,0.45460,4206.00000,4399.00000,462.21728,4452.95336
600.00000,0.07000,5.00000,3.00000,0.00000,0.48184,0.97330,384.29140,8593.80229,0.48184,4206.00000,2491.00000,124.01510,4452.95336
600.00000,0.07000,6.00000,3.00000,0.00000,0.48184,0.97330,384.29140,8593.75460,0.48184,4206.00000,4365.00000,17.26194,4452.95336
