"Omega","Tolerance","Step Size Rule","Iterations","Converged?","Gap LR","Gap Naive","Obj. Naive","Obj. LR","Gap","Time Naive","Time LR","Final Lambda","LB Heuristic"
600.00000,0.07000,1.00000,2.00000,0.00000,0.61704,1.00000,384.29140,12806.36834,0.61704,4232.00000,4272.00000,431.18040,4904.31963
600.00000,0.07000,2.00000,2.00000,0.00000,0.61096,1.00000,384.29140,12606.36834,0.61096,4232.00000,4244.00000,132.61725,4904.31963
600.00000,0.07000,3.00000,2.00000,0.00000,0.61704,1.00000,384.29140,12806.36834,0.61704,4232.00000,4250.00000,658.40040,4904.31963
600.00000,0.07000,4.00000,2.00000,0.00000,0.61704,1.00000,384.29140,12806.36834,0.61704,4232.00000,4249.00000,660.20192,4904.31963
600.00000,0.07000,5.00000,2.00000,0.00000,0.60785,1.00000,384.29140,12506.36834,0.60785,4232.00000,4241.00000,132.70686,4904.31963
600.00000,0.07000,6.00000,2.00000,0.00000,0.51354,1.00000,384.29140,10081.65483,0.51354,4232.00000,4227.00000,0.00000,4904.31963
