"Omega","Tolerance","Step Size Rule","Iterations","Converged?","Gap LR","Gap Naive","Obj. Naive","Obj. LR","Gap","Time Naive","Time LR","Final Lambda","LB Heuristic"
900.00000,0.01000,1.00000,2.00000,0.00000,0.02265,0.09694,243.80646,249.45650,0.02265,4278.00000,3725.00000,516.78000,243.80646
900.00000,0.01000,2.00000,2.00000,0.00000,0.02265,0.09694,243.80646,249.45650,0.02265,4278.00000,3555.00000,0.22447,243.80646
900.00000,0.01000,3.00000,2.00000,0.00000,0.02265,0.09694,243.80646,249.45650,0.02265,4278.00000,3519.00000,668.25000,243.80646
900.00000,0.01000,4.00000,2.00000,0.00000,0.02265,0.09694,243.80646,249.45650,0.02265,4278.00000,2833.00000,630.03214,243.80646
900.00000,0.01000,5.00000,2.00000,0.00000,0.02349,0.09694,243.80646,249.67206,0.02349,4278.00000,2547.00000,0.16835,243.80646
900.00000,0.01000,6.00000,4.00000,0.00000,0.02606,0.09694,243.80646,250.32943,0.02606,4278.00000,4483.00000,1.24686,243.80646
