Omega,Tolerance,Step Size Rule,Iterations,Converged?,Gap LR,Gap Naive,Obj. Naive,Obj. LR (UB),"Obj. LR (LB),",Gap,Time Naive,Time LR,Final Lambda,LB Heuristic,BBP,Best iter,Lambda best iter,Gamma best iter
900.0,0.05,1.0,5.0,0.0,0.57364,0.65528,4400.46598,12838.1465,10502.4306,0.57364,4202.0,55012.0,479.58113,5473.68947,0.0,1.0,88.08113,-855.0
900.0,0.05,2.0,2.0,0.0,0.57827,0.65528,4400.46598,12979.22328,10502.4306,0.57827,4202.0,4203.0,88.08113,5473.68947,0.0,1.0,88.08113,-855.0
900.0,0.05,3.0,5.0,0.0,0.57364,0.65528,4400.46598,12838.1465,10502.4306,0.57364,4202.0,55010.0,840.54542,5473.68947,0.0,1.0,88.08113,-855.0
900.0,0.05,4.0,5.0,0.0,0.57364,0.65528,4400.46598,12838.1465,10502.4306,0.57364,4202.0,55009.0,842.65596,5473.68947,0.0,1.0,88.08113,-855.0
900.0,0.05,5.0,6.0,0.0,0.57364,0.65528,4400.46598,12838.1465,10502.4306,0.57364,4202.0,55039.0,73.08113,5473.68947,0.0,1.0,88.08113,-855.0
900.0,0.05,6.0,10.0,0.0,0.57364,0.65528,4400.46598,12838.1465,10502.4306,0.57364,4202.0,25203.0,85.4647,5473.68947,0.0,1.0,88.08113,-855.0
