,Omega,Tolerance,Step Size Rule,Iterations,Converged?,Gap LR,Gap Naive,Obj. Naive,Obj. LR,Gap,Time Naive,Time LR,Final Lambda,LB Heuristic,IR,AP
0,900.0,0.05,1.0,2.0,0.0,0.6283,0.65528,4400.46598,10502.4306,0.581,4202.0,4205.0,557.88113,3903.76009,5473.68618,5055.95523
1,900.0,0.05,2.0,2.0,0.0,0.5187,0.65528,4400.46598,10502.4306,0.5187,4202.0,4205.0,88.08113,5054.84406,5473.68618,5055.95523
2,900.0,0.05,3.0,2.0,0.0,0.6283,0.65528,4400.46598,10502.4306,0.581,4202.0,4204.0,909.33113,3903.76009,5473.68618,5055.95523
3,900.0,0.05,4.0,2.0,0.0,0.6283,0.65528,4400.46598,10502.4306,0.581,4202.0,4205.0,911.26133,3903.76009,5473.68618,5055.95523
4,900.0,0.05,5.0,2.0,0.0,0.5187,0.65528,4400.46598,10502.4306,0.5187,4202.0,4206.0,238.08113,5054.84406,5473.68618,5055.95523
5,900.0,0.05,6.0,2.0,0.0,0.56223,0.65528,4400.46598,8917.34684,0.50653,4202.0,4203.0,0.0,3903.76009,5473.68618,5055.95523
