Omega,Tolerance,Step Size Rule,Iterations,Converged?,Gap LR,Gap Naive,Obj. Naive,Obj. LR,Gap,Time Naive,Time LR,Final Lambda,LB Heuristic
900.0,0.05,1.0,2.0,0.0,0.6283,0.65528,4400.46598,10502.4306,0.581,4202.0,4205.0,557.88113,3903.76009
900.0,0.05,2.0,2.0,0.0,0.62108,0.65528,4400.46598,10302.4306,0.57287,4202.0,4204.0,88.54897,3903.76009
900.0,0.05,3.0,2.0,0.0,0.6283,0.65528,4400.46598,10502.4306,0.581,4202.0,4204.0,909.33113,3903.76009
900.0,0.05,4.0,2.0,0.0,0.6283,0.65528,4400.46598,10502.4306,0.581,4202.0,4205.0,911.26133,3903.76009
900.0,0.05,5.0,2.0,0.0,0.61737,0.65528,4400.46598,10202.4306,0.56868,4202.0,4202.0,88.60745,3903.76009
900.0,0.05,6.0,2.0,0.0,0.56223,0.65528,4400.46598,8917.34684,0.50653,4202.0,4203.0,0.0,3903.76009
,,,,,,,,,,,,,5473.68618
,,,,,,,,,,,,,5055.95523
