Omega,Tolerance,Step Size Rule,Iterations,Converged?,Gap LR,Gap Naive,Obj. Naive,Obj. LR (UB),"Obj. LR (LB),",Gap,Time Naive,Time LR,Final Lambda,LB Heuristic,BBP,Best iter,Lambda best iter,Gamma best iter
900.0,0.05,1.0,2.0,0.0,0.57782,0.65528,4400.46598,12965.43592,10502.4306,0.57782,4202.0,4206.0,557.88113,5473.68947,0.0,1.0,88.08113,-855.0
900.0,0.05,2.0,2.0,0.0,0.57827,0.65528,4400.46598,12979.22328,10502.4306,0.57827,4202.0,4203.0,88.08113,5473.68947,0.0,1.0,88.08113,-855.0
900.0,0.05,3.0,2.0,0.0,0.57827,0.65528,4400.46598,12979.22328,10502.4306,0.57827,4202.0,4203.0,909.33113,5473.68947,0.0,1.0,88.08113,-855.0
900.0,0.05,4.0,2.0,0.0,0.57827,0.65528,4400.46598,12979.22328,10502.4306,0.57827,4202.0,4203.0,911.26133,5473.68947,0.0,1.0,88.08113,-855.0
900.0,0.05,5.0,2.0,0.0,0.57827,0.65528,4400.46598,12979.22328,10502.4306,0.57827,4202.0,4205.0,238.08113,5473.68947,0.0,1.0,88.08113,-855.0
900.0,0.05,6.0,2.0,0.0,0.57827,0.65528,4400.46598,12979.22328,10502.4306,0.57827,4202.0,4204.0,0.0,5473.68947,0.0,1.0,88.08113,-855.0
