Omega,Tolerance,Step Size Rule,Iterations,Converged?,Gap LR,Gap Naive,Obj. Naive,Obj. LR,Gap,Time Naive,Time LR,Final Lambda,LB Heuristic
600.0,0.07,1.0,2.0,0.0,0.02829,0.16993,242.63133,261.37652,0.02829,4242.0,2454.0,323.64,253.98108
600.0,0.07,2.0,1.0,1.0,0.0,0.16993,242.63133,253.98108,0.0,4242.0,2141.0,0.45946,253.98108
600.0,0.07,3.0,2.0,0.0,0.02829,0.16993,242.63133,261.37652,0.02829,4242.0,2461.0,418.5,253.98108
600.0,0.07,4.0,2.0,0.0,0.02829,0.16993,242.63133,261.37652,0.02829,4242.0,2477.0,394.56558,253.98108
600.0,0.07,5.0,2.0,0.0,0.02829,0.16993,242.63133,261.37652,0.02829,4242.0,2453.0,0.26882,253.98108
600.0,0.07,6.0,2.0,0.0,0.02829,0.16993,242.63133,261.37652,0.02829,4242.0,2640.0,0.91511,253.98108
