"Omega","Tolerance","Step Size Rule","Iterations","Converged?","Gap LR","Gap Naive","Obj. Naive","Obj. LR","Gap","Time Naive","Time LR","Final Lambda","LB Heuristic"
600.00000,0.07000,1.00000,2.00000,0.00000,0.60886,0.65619,5102.04773,13043.95056,0.60886,4319.00000,4306.00000,430.98576,5102.04773
600.00000,0.07000,2.00000,2.00000,0.00000,0.60277,0.65619,5102.04773,12843.95056,0.60277,4319.00000,4336.00000,132.42261,5102.04773
600.00000,0.07000,3.00000,2.00000,0.00000,0.60886,0.65619,5102.04773,13043.95056,0.60886,4319.00000,4357.00000,658.20576,5102.04773
600.00000,0.07000,4.00000,2.00000,0.00000,0.60886,0.65619,5102.04773,13043.95056,0.60886,4319.00000,4365.00000,660.00728,5102.04773
600.00000,0.07000,5.00000,2.00000,0.00000,0.59965,0.65619,5102.04773,12743.95056,0.59965,4319.00000,4317.00000,132.51222,5102.04773
600.00000,0.07000,6.00000,2.00000,0.00000,0.49018,0.65619,5102.04773,10007.64148,0.49018,4319.00000,4266.00000,0.00000,5102.04773
