"Omega","Tolerance","Step Size Rule","Iterations","Converged?","Gap LR","Gap Naive","Obj. Naive","Obj. LR","Gap","Time Naive","Time LR","Final Lambda","LB Heuristic"
600.00000,0.07000,1.00000,2.00000,0.00000,0.66107,0.72716,4050.14249,13043.95056,0.66107,4248.00000,4316.00000,430.98576,4421.03111
600.00000,0.07000,2.00000,2.00000,0.00000,0.65579,0.72716,4050.14249,12843.95056,0.65579,4248.00000,4312.00000,132.42261,4421.03111
600.00000,0.07000,3.00000,2.00000,0.00000,0.66107,0.72716,4050.14249,13043.95056,0.66107,4248.00000,4337.00000,658.20576,4421.03111
600.00000,0.07000,4.00000,2.00000,0.00000,0.66107,0.72716,4050.14249,13043.95056,0.66107,4248.00000,4336.00000,660.00728,4421.03111
600.00000,0.07000,5.00000,2.00000,0.00000,0.65309,0.72716,4050.14249,12743.95056,0.65309,4248.00000,4299.00000,132.51222,4421.03111
600.00000,0.07000,6.00000,2.00000,0.00000,0.56903,0.72716,4050.14249,10258.42955,0.56903,4248.00000,4253.00000,0.00000,4421.03111
