"Omega","Tolerance","Step Size Rule","Iterations","Converged?","Gap LR","Gap Naive","Obj. Naive","Obj. LR","Gap","Time Naive","Time LR","Final Lambda","LB Heuristic"
600.00000,0.07000,1.00000,2.00000,0.00000,0.11788,0.84479,2259.60815,5002.20802,0.11788,4206.00000,2424.00000,450.70576,4412.56957
600.00000,0.07000,2.00000,3.00000,0.00000,0.45714,0.84479,2259.60815,8128.33529,0.45714,4206.00000,2556.00000,126.17261,4412.56957
600.00000,0.07000,3.00000,3.00000,0.00000,0.45714,0.84479,2259.60815,8128.33529,0.45714,4206.00000,4431.00000,493.00576,4412.56957
600.00000,0.07000,4.00000,3.00000,0.00000,0.48318,0.84479,2259.60815,8537.88856,0.48318,4206.00000,4408.00000,465.02264,4412.56957
600.00000,0.07000,5.00000,3.00000,0.00000,0.47180,0.84479,2259.60815,8353.91102,0.47180,4206.00000,2545.00000,123.58236,4412.56957
600.00000,0.07000,6.00000,3.00000,0.00000,0.45714,0.84479,2259.60815,8128.33529,0.45714,4206.00000,4377.00000,25.60040,4412.56957
