"Omega","Tolerance","Step Size Rule","Iterations","Converged?","Gap LR","Gap Naive","Obj. Naive","Obj. LR","Gap","Time Naive","Time LR","Final Lambda","LB Heuristic"
600.00000,0.07000,1.00000,2.00000,0.00000,0.60603,1.00000,320.16603,13043.95056,0.60603,4230.00000,4243.00000,430.98576,5138.87087
600.00000,0.07000,2.00000,2.00000,0.00000,0.59990,1.00000,320.16603,12843.95056,0.59990,4230.00000,4244.00000,132.42261,5138.87087
600.00000,0.07000,3.00000,2.00000,0.00000,0.60603,1.00000,320.16603,13043.95056,0.60603,4230.00000,4249.00000,658.20576,5138.87087
600.00000,0.07000,4.00000,2.00000,0.00000,0.60603,1.00000,320.16603,13043.95056,0.60603,4230.00000,4253.00000,660.00728,5138.87087
600.00000,0.07000,5.00000,2.00000,0.00000,0.59676,1.00000,320.16603,12743.95056,0.59676,4230.00000,4240.00000,132.51222,5138.87087
600.00000,0.07000,6.00000,2.00000,0.00000,0.45284,1.00000,320.16603,9391.96509,0.45284,4230.00000,4225.00000,0.00000,5138.87087
