"Omega","Tolerance","Step Size Rule","Iterations","Converged?","Gap LR","Gap Naive","Obj. Naive","Obj. LR","Gap","Time Naive","Time LR","Final Lambda","LB Heuristic"
100.00000,0.07000,1.00000,2.00000,0.00000,0.36963,0.48949,7256.64350,11685.21453,0.36963,4208.00000,2673.00000,840.75850,7366.01890
100.00000,0.07000,2.00000,3.00000,0.00000,0.49228,0.48949,7256.64350,14508.05816,0.49228,4208.00000,3437.00000,797.33011,7366.01890
100.00000,0.07000,3.00000,2.00000,0.00000,0.38447,0.48949,7256.64350,11966.87118,0.38447,4208.00000,2591.00000,878.62850,7366.01890
100.00000,0.07000,4.00000,2.00000,0.00000,0.38447,0.48949,7256.64350,11966.87118,0.38447,4208.00000,2651.00000,878.92875,7366.01890
100.00000,0.07000,5.00000,3.00000,0.00000,0.42931,0.48949,7256.64350,12907.18609,0.42931,4208.00000,3970.00000,796.79248,7366.01890
100.00000,0.07000,6.00000,2.00000,0.00000,0.41158,0.48949,7256.64350,12518.32998,0.41158,4208.00000,2641.00000,0.00000,7366.01890
