"Omega","Tolerance","Step Size Rule","Iterations","Converged?","Gap LR","Gap Naive","Obj. Naive","Obj. LR","Gap","Time Naive","Time LR","Final Lambda","LB Heuristic"
100.00000,0.07000,1.00000,2.00000,0.00000,0.36720,0.47161,7440.40634,11685.21453,0.36326,4213.00000,2652.00000,840.75850,7394.36998
100.00000,0.07000,2.00000,3.00000,0.00000,0.49033,0.47161,7440.40634,14508.05816,0.48715,4213.00000,3702.00000,797.33011,7394.36998
100.00000,0.07000,3.00000,2.00000,0.00000,0.38319,0.47161,7440.40634,11988.12225,0.37935,4213.00000,2621.00000,878.62850,7394.36998
100.00000,0.07000,4.00000,2.00000,0.00000,0.38319,0.47161,7440.40634,11988.12225,0.37935,4213.00000,2582.00000,878.92875,7394.36998
100.00000,0.07000,5.00000,3.00000,0.00000,0.48572,0.47161,7440.40634,14378.05816,0.48252,4213.00000,3821.00000,796.79248,7394.36998
100.00000,0.07000,6.00000,2.00000,0.00000,0.40581,0.47161,7440.40634,12444.36213,0.40211,4213.00000,2640.00000,0.00000,7394.36998
