Omega,Tolerance,Step Size Rule,Iterations,Converged?,Gap LR,Gap Naive,Obj. Naive,Obj. LR,Gap,Time Naive,Time LR,Final Lambda,LB Heuristic
900.0,0.07,1.0,1.0,1.0,0.0,1.0,236.81118,246.92225,0.0,4252.0,2130.0,0.30633,246.92225
900.0,0.07,2.0,1.0,1.0,0.0,1.0,236.81118,246.92225,0.0,4252.0,2130.0,0.30633,246.92225
900.0,0.07,3.0,1.0,1.0,0.0,1.0,236.81118,246.92225,0.0,4252.0,2133.0,0.30633,246.92225
900.0,0.07,4.0,1.0,1.0,0.0,1.0,236.81118,246.92225,0.0,4252.0,2124.0,0.30633,246.92225
900.0,0.07,5.0,1.0,1.0,0.0,1.0,236.81118,246.92225,0.0,4252.0,2124.0,0.30633,246.92225
900.0,0.07,6.0,1.0,1.0,0.0,1.0,236.81118,246.92225,0.0,4252.0,2134.0,0.30633,246.92225
