Omega,Tolerance,Step Size Rule,Iterations,Converged?,Gap LR,Gap Naive,Obj. Naive,Obj. LR,Gap,Time Naive,Time LR,Final Lambda,LB Heuristic
900.0,0.07,1.0,2.0,0.0,0.03587,1.0,236.81118,256.11,0.03587,4252.0,2305.0,485.46,246.92225
900.0,0.07,2.0,2.0,0.0,0.03587,1.0,236.81118,256.11,0.03587,4252.0,2306.0,0.23895,246.92225
900.0,0.07,3.0,2.0,0.0,0.03587,1.0,236.81118,256.11,0.03587,4252.0,2304.0,627.75,246.92225
900.0,0.07,4.0,2.0,0.0,0.03587,1.0,236.81118,256.11,0.03587,4252.0,2304.0,591.84838,246.92225
900.0,0.07,5.0,2.0,0.0,0.03587,1.0,236.81118,256.11,0.03587,4252.0,2309.0,0.17921,246.92225
900.0,0.07,6.0,2.0,0.0,0.03587,1.0,236.81118,256.11,0.03587,4252.0,2300.0,0.68649,246.92225
