Omega,Tolerance,Step Size Rule,Iterations,Converged?,Gap LR,Gap Naive,Obj. Naive,Obj. LR,Gap,Time Naive,Time LR,Final Lambda,LB Heuristic
900.0,0.03,1.0,1.0,1.0,0.0,0.15594,237.14288,238.78024,0.0,4248.0,2146.0,0.3949,238.78024
900.0,0.03,2.0,1.0,1.0,0.0,0.15594,237.14288,238.78024,0.0,4248.0,2154.0,0.3949,238.78024
900.0,0.03,3.0,1.0,1.0,0.0,0.15594,237.14288,238.78024,0.0,4248.0,2148.0,0.3949,238.78024
900.0,0.03,4.0,1.0,1.0,0.0,0.15594,237.14288,238.78024,0.0,4248.0,2158.0,0.3949,238.78024
900.0,0.03,5.0,1.0,1.0,0.0,0.15594,237.14288,238.78024,0.0,4248.0,2150.0,0.3949,238.78024
900.0,0.03,6.0,1.0,1.0,0.0,0.15594,237.14288,238.78024,0.0,4248.0,2159.0,0.3949,238.78024
