Omega,Tolerance,Step Size Rule,Iterations,Converged?,Gap LR,Gap Naive,Obj. Naive,Obj. LR,Gap,Time Naive,Time LR,Final Lambda,LB Heuristic
900.0,0.03,1.0,2.0,0.0,0.0554,0.15594,237.14288,252.78513,0.0554,4248.0,2262.0,506.34,238.78024
900.0,0.03,2.0,2.0,0.0,0.0554,0.15594,237.14288,252.78513,0.0554,4248.0,2259.0,0.2291,238.78024
900.0,0.03,3.0,2.0,0.0,0.0554,0.15594,237.14288,252.78513,0.0554,4248.0,2256.0,654.75,238.78024
900.0,0.03,4.0,2.0,0.0,0.0554,0.15594,237.14288,252.78513,0.0554,4248.0,2262.0,617.30422,238.78024
900.0,0.03,5.0,2.0,0.0,0.0554,0.15594,237.14288,252.78513,0.0554,4248.0,2260.0,0.17182,238.78024
900.0,0.03,6.0,2.0,0.0,0.0554,0.15594,237.14288,252.78513,0.0554,4248.0,2263.0,0.64748,238.78024
