"Omega","Tolerance","Step Size Rule","Iterations","Converged?","Gap LR","Gap Naive","Obj. Naive","Obj. LR","Gap","Time Naive","Time LR","Final Lambda","LB Heuristic"
900.00000,0.03000,1.00000,1.00000,1.00000,0.00000,0.15011,238.78024,238.78024,0.00000,4298.00000,2188.00000,0.39490,238.78024
900.00000,0.03000,2.00000,1.00000,1.00000,0.00000,0.15011,238.78024,238.78024,0.00000,4298.00000,2181.00000,0.39490,238.78024
900.00000,0.03000,3.00000,1.00000,1.00000,0.00000,0.15011,238.78024,238.78024,0.00000,4298.00000,2164.00000,0.39490,238.78024
900.00000,0.03000,4.00000,1.00000,1.00000,0.00000,0.15011,238.78024,238.78024,0.00000,4298.00000,2165.00000,0.39490,238.78024
900.00000,0.03000,5.00000,1.00000,1.00000,0.00000,0.15011,238.78024,238.78024,0.00000,4298.00000,2161.00000,0.39490,238.78024
900.00000,0.03000,6.00000,1.00000,1.00000,0.00000,0.15011,238.78024,238.78024,0.00000,4298.00000,2155.00000,0.39490,238.78024
