Omega,Tolerance,Step Size Rule,Iterations,Converged?,Gap LR,Gap Naive,Obj. Naive,Obj. LR,Gap,Time Naive,Time LR,Final Lambda,LB Heuristic,Heuristic Time
1500.0,0.03,1.0,2.0,0.0,0.046,0.15653,235.03115,253.39696,0.046,4210.0,2463.0,843.9,241.74116,
1500.0,0.03,2.0,2.0,0.0,0.046,0.15653,235.03115,253.39696,0.046,4210.0,2464.0,0.13746,241.74116,
1500.0,0.03,3.0,2.0,0.0,0.046,0.15653,235.03115,253.39696,0.046,4210.0,2470.0,1091.25,241.74116,
1500.0,0.03,4.0,2.0,0.0,0.046,0.15653,235.03115,253.39696,0.046,4210.0,2462.0,1028.84037,241.74116,
1500.0,0.03,5.0,2.0,0.0,0.046,0.15653,235.03115,253.39696,0.046,4210.0,2467.0,0.10309,241.74116,
1500.0,0.03,6.0,2.0,0.0,0.046,0.15653,235.03115,253.39696,0.046,4210.0,2465.0,0.38148,241.74116,68.0
