Omega,Tolerance,Step Size Rule,Iterations,Converged?,Gap LR,Gap Naive,Obj. Naive,Obj. LR,Gap,Time Naive,Time LR,Final Lambda,LB Heuristic,Heuristic Time
1500.0,0.03,1.0,3.0,0.0,0.046,0.15653,235.03115,253.39696,0.046,4210.0,2251.0,817.8,241.74116,
1500.0,0.03,2.0,3.0,0.0,0.046,0.15653,235.03115,253.39696,0.046,4210.0,3448.0,0.27491,241.74116,
1500.0,0.03,3.0,3.0,0.0,0.046,0.15653,235.03115,253.39696,0.046,4210.0,2251.0,1064.25,241.74116,
1500.0,0.03,4.0,4.0,0.0,0.046,0.15653,235.03115,253.39696,0.046,4210.0,2257.0,980.3596,241.74116,
1500.0,0.03,5.0,3.0,1.0,0.0,0.15653,235.03115,241.74116,0.0,4210.0,4343.0,0.10309,241.74116,
1500.0,0.03,6.0,3.0,0.0,0.046,0.15653,235.03115,253.39696,0.046,4210.0,4352.0,0.0,241.74116,44.0
,,,,,,,,,,,,,0.0,
,,,,,,,,,,,,,0.0,
