Omega,Tolerance,Step Size Rule,Iterations,Converged?,Gap LR,Gap Naive,Obj. Naive,Obj. LR (UB),"Obj. LR (LB),",Gap,Time Naive,Time LR,Final Lambda,LB Heuristic,BBP,Best iter,Lambda best iter,Gamma best iter
600.0,0.01,1.0,1.0,1.0,0.04837,0.09205,242.58037,260.74528,253.66701,0.04837,4252.0,2102.0,1.1375,248.13319,1.0,1.0,1.1375,0.0
600.0,0.01,2.0,1.0,1.0,0.04891,0.09205,242.58037,260.89221,253.66701,0.04891,4252.0,2102.0,1.1375,248.13319,1.0,1.0,1.1375,0.0
600.0,0.01,3.0,1.0,1.0,0.04816,0.09205,242.58037,260.68715,253.66701,0.04816,4252.0,2101.0,1.1375,248.13319,1.0,1.0,1.1375,0.0
600.0,0.01,4.0,1.0,1.0,0.04763,0.09205,242.58037,260.54245,253.66701,0.04763,4252.0,2101.0,1.1375,248.13319,1.0,1.0,1.1375,0.0
600.0,0.01,5.0,1.0,1.0,0.04891,0.09205,242.58037,260.89221,253.66701,0.04891,4252.0,2103.0,1.1375,248.13319,1.0,1.0,1.1375,0.0
600.0,0.01,6.0,1.0,1.0,0.04891,0.09205,242.58037,260.89221,253.66701,0.04891,4252.0,2102.0,1.1375,248.13319,1.0,1.0,1.1375,0.0
