Omega,Tolerance,Step Size Rule,Iterations,Converged?,Gap LR,Gap Naive,Obj. Naive,Obj. LR,Gap,Time Naive,Time LR,Final Lambda,LB Heuristic
600.0,0.01,1.0,2.0,0.0,0.00648,0.09205,242.58037,249.75237,0.00648,4252.0,2537.0,344.52,248.13319
600.0,0.01,2.0,2.0,0.0,0.00648,0.09205,242.58037,249.75237,0.00648,4252.0,2523.0,0.3367,248.13319
600.0,0.01,3.0,2.0,0.0,0.00648,0.09205,242.58037,249.75237,0.00648,4252.0,2532.0,445.5,248.13319
600.0,0.01,4.0,2.0,0.0,0.00648,0.09205,242.58037,249.75237,0.00648,4252.0,2500.0,420.02143,248.13319
600.0,0.01,5.0,2.0,0.0,0.00648,0.09205,242.58037,249.75237,0.00648,4252.0,2532.0,0.25253,248.13319
600.0,0.01,6.0,2.0,0.0,0.00648,0.09205,242.58037,249.75237,0.00648,4252.0,4249.0,12.51691,248.13319
