Omega,Tolerance,Step Size Rule,Iterations,Converged?,Gap LR,Gap Naive,Obj. Naive,Obj. LR,Gap,Time Naive,Time LR,Final Lambda,LB Heuristic
900.0,0.07,1.0,10.0,0.0,0.05768,1.0,244.30124,267.31893,0.05768,4252.0,2249.0,193.14,251.90083
900.0,0.07,2.0,3.0,0.0,0.05768,1.0,244.30124,267.31893,0.05768,4252.0,3455.0,0.4779,251.90083
900.0,0.07,3.0,10.0,0.0,0.05768,1.0,244.30124,267.31893,0.05768,4252.0,2250.0,434.99318,251.90083
900.0,0.07,4.0,1.0,1.0,0.0,1.0,244.30124,251.90083,0.0,4252.0,2121.0,0.30517,251.90083
900.0,0.07,5.0,1.0,1.0,0.0,1.0,244.30124,251.90083,0.0,4252.0,2116.0,0.30517,251.90083
900.0,0.07,6.0,1.0,1.0,0.0,1.0,244.30124,251.90083,0.0,4252.0,2126.0,0.30517,251.90083
