"Omega","Tolerance","Step Size Rule","Iterations","Converged?","Gap LR","Gap Naive","Obj. Naive","Obj. LR","Gap","Time Naive","Time LR","Final Lambda","LB Heuristic"
900.00000,0.07000,1.00000,1.00000,1.00000,0.00000,0.14477,251.90083,251.90083,0.00000,4300.00000,2175.00000,0.30517,251.90083
900.00000,0.07000,2.00000,1.00000,1.00000,0.00000,0.14477,251.90083,251.90083,0.00000,4300.00000,2164.00000,0.30517,251.90083
900.00000,0.07000,3.00000,1.00000,1.00000,0.00000,0.14477,251.90083,251.90083,0.00000,4300.00000,2157.00000,0.30517,251.90083
900.00000,0.07000,4.00000,1.00000,1.00000,0.00000,0.14477,251.90083,251.90083,0.00000,4300.00000,2160.00000,0.30517,251.90083
900.00000,0.07000,5.00000,1.00000,1.00000,0.00000,0.14477,251.90083,251.90083,0.00000,4300.00000,2160.00000,0.30517,251.90083
900.00000,0.07000,6.00000,1.00000,1.00000,0.00000,0.14477,251.90083,251.90083,0.00000,4300.00000,2142.00000,0.30517,251.90083
