"Omega","Tolerance","Step Size Rule","Iterations","Converged?","Gap LR","Gap Naive","Obj. Naive","Obj. LR","Gap","Time Naive","Time LR","Final Lambda","LB Heuristic"
900.00000,0.05000,1.00000,1.00000,1.00000,0.00000,0.14192,246.78907,246.78907,0.00000,4294.00000,2172.00000,0.29859,246.78907
900.00000,0.05000,2.00000,1.00000,1.00000,0.00000,0.14192,246.78907,246.78907,0.00000,4294.00000,2168.00000,0.29859,246.78907
900.00000,0.05000,3.00000,1.00000,1.00000,0.00000,0.14192,246.78907,246.78907,0.00000,4294.00000,2170.00000,0.29859,246.78907
900.00000,0.05000,4.00000,1.00000,1.00000,0.00000,0.14192,246.78907,246.78907,0.00000,4294.00000,2165.00000,0.29859,246.78907
900.00000,0.05000,5.00000,1.00000,1.00000,0.00000,0.14192,246.78907,246.78907,0.00000,4294.00000,2153.00000,0.29859,246.78907
900.00000,0.05000,6.00000,1.00000,1.00000,0.00000,0.14192,246.78907,246.78907,0.00000,4294.00000,2146.00000,0.29859,246.78907
