Omega,Tolerance,Step Size Rule,Iterations,Converged?,Gap LR,Gap Naive,Obj. Naive,Obj. LR (UB),"Obj. LR (LB),",Gap,Time Naive,Time LR,Final Lambda,LB Heuristic,BBP,Best iter,Lambda best iter,Gamma best iter
100.0,0.05,1.0,5.0,0.0,0.4958,0.43468,6449.58939,11093.31432,10164.76906,0.41861,4200.0,51513.0,840.88557,5593.23816,0.0,5.0,843.78557,5.0
100.0,0.05,2.0,8.0,0.0,0.51484,0.43468,6449.58939,11528.55761,10932.76906,0.44056,4200.0,55983.0,797.38557,5593.23816,0.0,8.0,997.38557,5.0
100.0,0.05,3.0,5.0,0.0,0.49286,0.43468,6449.58939,11028.92709,10361.51906,0.41521,4200.0,51510.0,880.99271,5593.23816,0.0,5.0,883.13557,5.0
100.0,0.05,4.0,5.0,0.0,0.49399,0.43468,6449.58939,11053.714,10363.15764,0.41652,4200.0,51504.0,881.22722,5593.23816,0.0,5.0,883.46329,5.0
100.0,0.05,5.0,6.0,0.0,0.49585,0.43468,6449.58939,11094.44561,9908.57124,0.41867,4200.0,51513.0,782.38557,5593.23816,0.0,6.0,832.38557,5.0
100.0,0.05,6.0,8.0,0.0,0.49333,0.43468,6449.58939,11039.19215,10266.71153,0.41576,4200.0,51522.0,0.0,5593.23816,0.0,8.0,864.94504,5.0
