,Omega,Tolerance,Step Size Rule,Iterations,Converged?,Gap LR,Gap Naive,Obj. Naive,Obj. LR,Gap,Time Naive,Time LR,Final Lambda,LB Heuristic,IR,AP
0,100.0,0.05,1.0,2.0,0.0,0.57596,0.43468,6449.58939,10009.07124,0.35563,4200.0,3603.0,849.58557,4244.27571,5593.27875,4891.33318
1,100.0,0.05,2.0,2.0,0.0,0.5443,0.43468,6449.58939,10733.57124,0.39912,4200.0,3598.0,797.38557,4891.2659,5593.27875,4891.33318
2,100.0,0.05,3.0,2.0,0.0,0.58424,0.43468,6449.58939,10208.57124,0.36822,4200.0,3610.0,888.63557,4244.27571,5593.27875,4891.33318
3,100.0,0.05,4.0,2.0,0.0,0.58424,0.43468,6449.58939,10208.57124,0.36822,4200.0,3615.0,888.85004,4244.27571,5593.27875,4891.33318
4,100.0,0.05,5.0,2.0,0.0,0.5642,0.43468,6449.58939,11223.57124,0.42535,4200.0,3596.0,947.38557,4891.2659,5593.27875,4891.33318
5,100.0,0.05,6.0,2.0,0.0,0.59741,0.43468,6449.58939,10542.30077,0.38822,4200.0,3616.0,0.0,4244.27571,5593.27875,4891.33318
