,Omega,Tolerance,Step Size Rule,Iterations,Converged?,Gap LR,Gap Naive,Obj. Naive,Obj. LR (UB),"Obj. LR (LB),",Gap,Time Naive,Time LR,Final Lambda,LB Heuristic,BBP,Best iter,Lambda best iter,Gamma best iter,Obj. LR,Time,QP,IR,AP
0,900.0,0.05,1.0,5.0,0.0,0.5783,0.65394,4448.96785,12924.47869,10538.6371,0.5783,4202.0,55009.0,479.68605,5450.20336,0.0,1.0,88.18605,-855.0,,,-4799.183,-5450.20336,-5076.61529
1,900.0,0.05,2.0,5.0,0.0,0.57294,0.65394,4448.96785,12762.02986,10538.6371,0.57294,4202.0,55011.0,288.18605,5450.20336,0.0,3.0,88.18605,-855.0,,,-4799.183,-5450.20336,-5076.61529
2,900.0,0.05,3.0,5.0,0.0,0.57871,0.65394,4448.96785,12936.9219,10538.6371,0.57871,4202.0,55010.0,840.65033,5450.20336,0.0,1.0,88.18605,-855.0,,,-4799.183,-5450.20336,-5076.61529
3,900.0,0.05,4.0,5.0,0.0,0.57871,0.65394,4448.96785,12936.9219,10538.6371,0.57871,4202.0,55011.0,842.76087,5450.20336,0.0,1.0,88.18605,-855.0,,,-4799.183,-5450.20336,-5076.61529
4,900.0,0.05,5.0,6.0,0.0,0.57871,0.65394,4448.96785,12936.9219,10538.6371,0.57871,4202.0,55030.0,73.18605,5450.20336,0.0,1.0,88.18605,-855.0,,,-4799.183,-5450.20336,-5076.61529
5,900.0,0.05,6.0,10.0,0.0,0.57871,0.65394,4448.96785,12936.9219,10538.6371,0.57871,4202.0,25202.0,85.62062,5450.20336,0.0,1.0,88.18605,-855.0,,,-4799.183,-5450.20336,-5076.61529
