Omega,Tolerance,Step Size Rule,Iterations,Converged?,Gap LR,Gap Naive,Obj. Naive,Obj. LR (UB),"Obj. LR (LB),",Gap,Time Naive,Time LR,Final Lambda,LB Heuristic,BBP,Best iter,Lambda best iter,Gamma best iter
900.0,0.05,1.0,2.0,0.0,0.58274,0.65394,4448.96785,13061.8071,10538.6371,0.58274,4202.0,4205.0,557.98605,5450.20336,0.0,1.0,88.18605,-855.0
900.0,0.05,2.0,2.0,0.0,0.58274,0.65394,4448.96785,13061.8071,10538.6371,0.58274,4202.0,4202.0,88.18605,5450.20336,0.0,1.0,88.18605,-855.0
900.0,0.05,3.0,2.0,0.0,0.58274,0.65394,4448.96785,13061.8071,10538.6371,0.58274,4202.0,4204.0,909.43605,5450.20336,0.0,1.0,88.18605,-855.0
900.0,0.05,4.0,2.0,0.0,0.58274,0.65394,4448.96785,13061.8071,10538.6371,0.58274,4202.0,4203.0,911.36624,5450.20336,0.0,1.0,88.18605,-855.0
900.0,0.05,5.0,2.0,0.0,0.58274,0.65394,4448.96785,13061.8071,10538.6371,0.58274,4202.0,4203.0,238.18605,5450.20336,0.0,1.0,88.18605,-855.0
900.0,0.05,6.0,2.0,0.0,0.58274,0.65394,4448.96785,13061.8071,10538.6371,0.58274,4202.0,4203.0,0.0,5450.20336,0.0,1.0,88.18605,-855.0
