"Omega","Tolerance","Step Size Rule","Iterations","Converged?","Gap LR","Gap Naive","Obj. Naive","Obj. LR","Gap","Time Naive","Time LR","Final Lambda","LB Heuristic"
100.00000,0.03000,1.00000,2.00000,0.00000,0.16848,0.35916,6557.37477,7857.93247,0.16551,4203.00000,4204.00000,803.15800,6534.01647
100.00000,0.03000,2.00000,10.00000,0.00000,0.19591,0.35916,6557.37477,8125.93752,0.19303,4203.00000,2284.00000,758.52803,6534.01647
100.00000,0.03000,3.00000,2.00000,0.00000,0.19576,0.35916,6557.37477,8124.46207,0.19289,4203.00000,4207.00000,801.38800,6534.01647
100.00000,0.03000,4.00000,2.00000,0.00000,0.21317,0.35916,6557.37477,8304.26129,0.21036,4203.00000,4208.00000,801.51668,6534.01647
100.00000,0.03000,5.00000,10.00000,0.00000,0.21226,0.35916,6557.37477,8294.61616,0.20944,4203.00000,2272.00000,712.60388,6534.01647
100.00000,0.03000,6.00000,3.00000,0.00000,0.20723,0.35916,6557.37477,8242.01532,0.20440,4203.00000,4215.00000,208.12679,6534.01647
