"Omega","Tolerance","Step Size Rule","Iterations","Converged?","Gap LR","Gap Naive","Obj. Naive","Obj. LR","Gap","Time Naive","Time LR","Final Lambda","LB Heuristic"
100.00000,0.05000,1.00000,3.00000,0.00000,0.31804,0.40327,6823.90249,10139.32627,0.31804,4200.00000,4289.00000,838.20795,6914.66265
100.00000,0.05000,2.00000,7.00000,0.00000,0.40450,0.40327,6823.90249,11611.61781,0.40450,4200.00000,4159.00000,803.64479,6914.66265
100.00000,0.05000,3.00000,3.00000,0.00000,0.33037,0.40327,6823.90249,10326.16963,0.33037,4200.00000,4319.00000,877.15795,6914.66265
100.00000,0.05000,4.00000,3.00000,0.00000,0.33066,0.40327,6823.90249,10330.57798,0.33066,4200.00000,4273.00000,877.48567,6914.66265
100.00000,0.05000,5.00000,9.00000,0.00000,0.42360,0.40327,6823.90249,11996.26077,0.42360,4200.00000,2728.00000,797.84153,6914.66265
100.00000,0.05000,6.00000,4.00000,0.00000,0.34286,0.40327,6823.90249,10522.34052,0.34286,4200.00000,4282.00000,189.51880,6914.66265
