Omega,Tolerance,Step Size Rule,Iterations,Converged?,Gap LR,Gap Naive,Obj. Naive,Obj. LR (UB),"Obj. LR (LB),",Gap,Time Naive,Time LR,Final Lambda,LB Heuristic,BBP,Best iter,Lambda best iter,Gamma best iter
100.0,0.05,1.0,10.0,0.0,0.05431,0.0008,282.27202,298.23474,298.23474,0.05352,335.0,37.0,31.79393,282.0367,0.0,1.0,2.79393,-95.0
100.0,0.05,2.0,10.0,0.0,0.05431,0.0008,282.27202,298.23474,298.23474,0.05352,335.0,132.0,2.79393,282.0367,0.0,1.0,2.79393,-95.0
100.0,0.05,3.0,10.0,0.0,0.05431,0.0008,282.27202,298.23474,298.23474,0.05352,335.0,31.0,78.74577,282.0367,0.0,1.0,2.79393,-95.0
100.0,0.05,4.0,10.0,0.0,0.05431,0.0008,282.27202,298.23474,298.23474,0.05352,335.0,31.0,77.68895,282.0367,0.0,1.0,2.79393,-95.0
100.0,0.05,5.0,10.0,0.0,0.01856,0.0008,282.27202,287.36894,287.36894,0.01774,335.0,56.0,0.0,282.0367,0.0,10.0,4.16667,5.0
100.0,0.05,6.0,10.0,0.0,0.00924,0.0008,282.27202,284.66804,284.66804,0.00842,335.0,173.0,2.30661,282.0367,0.0,7.0,2.96444,1.0
