Omega,Tolerance,Step Size Rule,Iterations,Converged?,Gap LR,Gap Naive,Obj. Naive,Obj. LR,Gap,Time Naive,Time LR,Final Lambda,LB Heuristic
100.0,0.05,1.0,10.0,0.0,0.05431,0.00742,282.27202,298.23474,0.05352,366.0,327.0,31.79393,282.0367
100.0,0.05,2.0,10.0,0.0,0.0193,0.00742,282.27202,287.58824,0.01849,366.0,910.0,4.21053,282.0367
100.0,0.05,3.0,10.0,0.0,0.05431,0.00742,282.27202,298.23474,0.05352,366.0,292.0,78.74577,282.0367
100.0,0.05,4.0,10.0,0.0,0.05431,0.00742,282.27202,298.23474,0.05352,366.0,304.0,77.68895,282.0367
100.0,0.05,5.0,10.0,0.0,0.00937,0.00742,282.27202,284.7036,0.00854,366.0,774.0,1.0614,282.0367
100.0,0.05,6.0,10.0,0.0,0.00924,0.00742,282.27202,284.66804,0.00842,366.0,1830.0,2.30661,282.0367
