"Omega","Tolerance","Step Size Rule","Iterations","Converged?","Gap LR","Gap Naive","Obj. Naive","Obj. LR","Gap","Time Naive","Time LR","Final Lambda","LB Heuristic"
100.00000,0.07000,1.00000,2.00000,0.00000,0.36808,0.46781,7364.62294,11580.40678,0.36404,4208.00000,4225.00000,846.22535,7317.86794
100.00000,0.07000,2.00000,2.00000,0.00000,0.41599,0.46781,7364.62294,12530.40024,0.41226,4208.00000,4221.00000,800.64643,7317.86794
100.00000,0.07000,3.00000,2.00000,0.00000,0.38062,0.46781,7364.62294,11814.80792,0.37666,4208.00000,4241.00000,884.09535,7317.86794
100.00000,0.07000,4.00000,2.00000,0.00000,0.38062,0.46781,7364.62294,11814.80792,0.37666,4208.00000,4231.00000,884.39561,7317.86794
100.00000,0.07000,5.00000,2.00000,0.00000,0.41599,0.46781,7364.62294,12530.40024,0.41226,4208.00000,4219.00000,801.18406,7317.86794
100.00000,0.07000,6.00000,2.00000,0.00000,0.40034,0.46781,7364.62294,12203.32290,0.39651,4208.00000,4081.00000,0.00000,7317.86794
