"Omega","Tolerance","Step Size Rule","Iterations","Converged?","Gap LR","Gap Naive","Obj. Naive","Obj. LR","Gap","Time Naive","Time LR","Final Lambda","LB Heuristic"
100.00000,0.07000,1.00000,2.00000,0.00000,0.36668,0.47460,7117.20963,11518.47134,0.36668,4203.00000,3131.00000,846.22535,7294.87098
100.00000,0.07000,2.00000,2.00000,0.00000,0.47448,0.47460,7117.20963,13881.27231,0.47448,4203.00000,2869.00000,800.64643,7294.87098
100.00000,0.07000,3.00000,2.00000,0.00000,0.38279,0.47460,7117.20963,11819.03734,0.38279,4203.00000,3036.00000,884.09535,7294.87098
100.00000,0.07000,4.00000,2.00000,0.00000,0.38279,0.47460,7117.20963,11819.03734,0.38279,4203.00000,3161.00000,884.39561,7294.87098
100.00000,0.07000,5.00000,2.00000,0.00000,0.40355,0.47460,7117.20963,12230.40024,0.40355,4203.00000,3104.00000,801.18406,7294.87098
100.00000,0.07000,6.00000,2.00000,0.00000,0.40226,0.47460,7117.20963,12204.18284,0.40226,4203.00000,3106.00000,0.00000,7294.87098
