"Omega","Tolerance","Step Size Rule","Iterations","Converged?","Gap LR","Gap Naive","Obj. Naive","Obj. LR","Gap","Time Naive","Time LR","Final Lambda","LB Heuristic"
100.00000,0.07000,1.00000,2.00000,0.00000,0.37662,0.47056,6934.44357,11499.07228,0.37662,4203.00000,3025.00000,846.22535,7168.26173
100.00000,0.07000,2.00000,2.00000,0.00000,0.48360,0.47056,6934.44357,13881.27231,0.48360,4203.00000,2502.00000,800.64643,7168.26173
100.00000,0.07000,3.00000,2.00000,0.00000,0.38759,0.47056,6934.44357,11704.98079,0.38759,4203.00000,3224.00000,884.09535,7168.26173
100.00000,0.07000,4.00000,2.00000,0.00000,0.38759,0.47056,6934.44357,11704.98079,0.38759,4203.00000,3076.00000,884.39561,7168.26173
100.00000,0.07000,5.00000,2.00000,0.00000,0.47985,0.47056,6934.44357,13781.27232,0.47985,4203.00000,2726.00000,801.18406,7168.26173
100.00000,0.07000,6.00000,2.00000,0.00000,0.41609,0.47056,6934.44357,12276.38576,0.41609,4203.00000,3151.00000,0.00000,7168.26173
