,Omega,Tolerance,Step Size Rule,Iterations,Converged?,Gap LR,Gap Naive,Obj. Naive,Obj. LR (UB),"Obj. LR (LB),",Gap,Time Naive,Time LR,Final Lambda,LB Heuristic,BBP,Best iter,Lambda best iter,Gamma best iter,Obj. LR,Time,QP,IR,AP
0,900.0,0.01,1.0,2.0,0.0,0.47939,0.5252,4554.11518,9781.35432,5008.46788,0.47939,4202.0,4206.0,85.3155,5092.22375,0.0,1.0,95.7555,9.0,,,-4578.747,-5092.22375,-4608.60309
1,900.0,0.01,2.0,3.0,0.0,0.47939,0.5252,4554.11518,9781.35432,5008.46788,0.47939,4202.0,4216.0,0.0,5092.22375,0.0,1.0,95.7555,9.0,,,-4578.747,-5092.22375,-4608.60309
2,900.0,0.01,3.0,2.0,0.0,0.47883,0.5252,4554.11518,9770.83249,5122.36819,0.47883,4202.0,4206.0,755.0055,5092.22375,0.0,1.0,95.7555,9.0,,,-4578.747,-5092.22375,-4608.60309
3,900.0,0.01,4.0,2.0,0.0,0.47939,0.5252,4554.11518,9781.35432,5008.46788,0.47939,4202.0,4202.0,716.78764,5092.22375,0.0,1.0,95.7555,9.0,,,-4578.747,-5092.22375,-4608.60309
4,900.0,0.01,5.0,3.0,0.0,0.47939,0.5252,4554.11518,9781.35432,5008.46788,0.47939,4202.0,4217.0,50.0,5092.22375,0.0,1.0,95.7555,9.0,,,-4578.747,-5092.22375,-4608.60309
5,900.0,0.01,6.0,3.0,0.0,0.47883,0.5252,4554.11518,9770.83249,5122.36819,0.47883,4202.0,4217.0,0.0,5092.22375,0.0,1.0,95.7555,9.0,,,-4578.747,-5092.22375,-4608.60309
