Omega,Tolerance,Step Size Rule,Iterations,Converged?,Gap LR,Gap Naive,Obj. Naive,Obj. LR,Gap,Time Naive,Time LR,Final Lambda,LB Heuristic
900.0,0.03,1.0,1.0,1.0,0.0,0.19507,226.3226,244.79895,0.0,4247.0,2142.0,0.3686,244.79895
900.0,0.03,2.0,1.0,1.0,0.0,0.19507,226.3226,244.79895,0.0,4247.0,2138.0,0.3686,244.79895
900.0,0.03,3.0,1.0,1.0,0.0,0.19507,226.3226,244.79895,0.0,4247.0,2143.0,0.3686,244.79895
900.0,0.03,4.0,1.0,1.0,0.0,0.19507,226.3226,244.79895,0.0,4247.0,2144.0,0.3686,244.79895
900.0,0.03,5.0,1.0,1.0,0.0,0.19507,226.3226,244.79895,0.0,4247.0,2144.0,0.3686,244.79895
900.0,0.03,6.0,1.0,1.0,0.0,0.19507,226.3226,244.79895,0.0,4247.0,2144.0,0.3686,244.79895
