"Omega","Tolerance","Step Size Rule","Iterations","Converged?","Gap LR","Gap Naive","Obj. Naive","Obj. LR","Gap","Time Naive","Time LR","Final Lambda","LB Heuristic"
900.00000,0.01000,1.00000,2.00000,0.00000,0.02973,0.10769,239.40735,246.74314,0.02973,4297.00000,3649.00000,516.78000,239.40735
900.00000,0.01000,2.00000,2.00000,0.00000,0.02973,0.10769,239.40735,246.74314,0.02973,4297.00000,3370.00000,0.22447,239.40735
900.00000,0.01000,3.00000,2.00000,0.00000,0.02973,0.10769,239.40735,246.74314,0.02973,4297.00000,3503.00000,668.25000,239.40735
900.00000,0.01000,4.00000,2.00000,0.00000,0.02973,0.10769,239.40735,246.74314,0.02973,4297.00000,3026.00000,630.03214,239.40735
900.00000,0.01000,5.00000,2.00000,0.00000,0.03528,0.10769,239.40735,248.16227,0.03528,4297.00000,2671.00000,0.16835,239.40735
900.00000,0.01000,6.00000,3.00000,0.00000,0.03494,0.10769,239.40735,248.07436,0.03494,4297.00000,4318.00000,6.35406,239.40735
