"Omega","Tolerance","Step Size Rule","Iterations","Converged?","Gap LR","Gap Naive","Obj. Naive","Obj. LR","Gap","Time Naive","Time LR","Final Lambda","LB Heuristic"
100.00000,0.01000,1.00000,2.00000,0.00000,0.08874,0.27241,5884.10712,6416.41660,0.08296,4203.00000,4204.00000,874.15725,5847.05081
100.00000,0.01000,2.00000,10.00000,0.00000,0.09115,0.27241,5884.10712,6433.47930,0.08539,4203.00000,2276.00000,693.49907,5847.05081
100.00000,0.01000,3.00000,2.00000,0.00000,0.07857,0.27241,5884.10712,6345.61536,0.07273,4203.00000,4208.00000,873.56725,5847.05081
100.00000,0.01000,4.00000,2.00000,0.00000,0.08147,0.27241,5884.10712,6365.64352,0.07565,4203.00000,4209.00000,873.61014,5847.05081
100.00000,0.01000,5.00000,10.00000,0.00000,0.09076,0.27241,5884.10712,6430.68989,0.08500,4203.00000,2277.00000,581.16261,5847.05081
100.00000,0.01000,6.00000,3.00000,0.00000,0.07857,0.27241,5884.10712,6345.61536,0.07273,4203.00000,4211.00000,288.88877,5847.05081
