"Omega","Tolerance","Step Size Rule","Iterations","Converged?","Gap LR","Gap Naive","Obj. Naive","Obj. LR","Gap","Time Naive","Time LR","Final Lambda","LB Heuristic"
100.00000,0.01000,1.00000,2.00000,0.00000,0.11452,0.34708,5659.23360,6327.83213,0.10566,4204.00000,4206.00000,874.15725,5603.17530
100.00000,0.01000,2.00000,10.00000,0.00000,0.11629,0.34708,5659.23360,6340.47779,0.10744,4204.00000,2360.00000,693.49907,5603.17530
100.00000,0.01000,3.00000,2.00000,0.00000,0.11629,0.34708,5659.23360,6340.47779,0.10744,4204.00000,4216.00000,873.56725,5603.17530
100.00000,0.01000,4.00000,2.00000,0.00000,0.11629,0.34708,5659.23360,6340.47779,0.10744,4204.00000,4207.00000,873.61014,5603.17530
100.00000,0.01000,5.00000,10.00000,0.00000,0.11629,0.34708,5659.23360,6340.47779,0.10744,4204.00000,2279.00000,581.16261,5603.17530
100.00000,0.01000,6.00000,3.00000,0.00000,0.11629,0.34708,5659.23360,6340.47779,0.10744,4204.00000,4214.00000,162.94586,5603.17530
