"Omega","Tolerance","Step Size Rule","Iterations","Converged?","Gap LR","Gap Naive","Obj. Naive","Obj. LR","Gap","Time Naive","Time LR","Final Lambda","LB Heuristic"
600.00000,0.07000,1.00000,2.00000,0.00000,0.62817,0.67027,4860.71869,12859.89616,0.62203,4247.00000,4353.00000,431.28944,4781.72191
600.00000,0.07000,2.00000,2.00000,0.00000,0.62229,0.67027,4860.71869,12659.89616,0.61605,4247.00000,4376.00000,132.72629,4781.72191
600.00000,0.07000,3.00000,2.00000,0.00000,0.62817,0.67027,4860.71869,12859.89616,0.62203,4247.00000,4380.00000,658.50944,4781.72191
600.00000,0.07000,4.00000,2.00000,0.00000,0.62817,0.67027,4860.71869,12859.89616,0.62203,4247.00000,4383.00000,660.31096,4781.72191
600.00000,0.07000,5.00000,2.00000,0.00000,0.61929,0.67027,4860.71869,12559.89616,0.61300,4247.00000,4354.00000,132.81589,4781.72191
600.00000,0.07000,6.00000,2.00000,0.00000,0.58668,0.67027,4860.71869,11569.05520,0.57985,4247.00000,4269.00000,0.00000,4781.72191
