Omega,Tolerance,Step Size Rule,Iterations,Converged?,Gap LR,Gap Naive,Obj. Naive,Obj. LR,Gap,Time Naive,Time LR,Final Lambda,LB Heuristic
900.0,0.03,1.0,1.0,1.0,0.0,0.13,243.661,244.62578,0.0,4252.0,2154.0,0.37499,244.62578
900.0,0.03,2.0,1.0,1.0,0.0,0.13,243.661,244.62578,0.0,4252.0,2150.0,0.37499,244.62578
900.0,0.03,3.0,1.0,1.0,0.0,0.13,243.661,244.62578,0.0,4252.0,2155.0,0.37499,244.62578
900.0,0.03,4.0,1.0,1.0,0.0,0.13,243.661,244.62578,0.0,4252.0,2150.0,0.37499,244.62578
900.0,0.03,5.0,1.0,1.0,0.0,0.13,243.661,244.62578,0.0,4252.0,2156.0,0.37499,244.62578
900.0,0.03,6.0,1.0,1.0,0.0,0.13,243.661,244.62578,0.0,4252.0,2153.0,0.37499,244.62578
