Omega,Tolerance,Step Size Rule,Iterations,Converged?,Gap LR,Gap Naive,Obj. Naive,Obj. LR,Gap,Time Naive,Time LR,Final Lambda,LB Heuristic
900.0,0.03,1.0,2.0,0.0,0.04289,0.13,243.661,255.58715,0.04289,4252.0,2276.0,506.34,244.62578
900.0,0.03,2.0,2.0,0.0,0.04289,0.13,243.661,255.58715,0.04289,4252.0,2281.0,0.2291,244.62578
900.0,0.03,3.0,2.0,0.0,0.04289,0.13,243.661,255.58715,0.04289,4252.0,2275.0,654.75,244.62578
900.0,0.03,4.0,2.0,0.0,0.04289,0.13,243.661,255.58715,0.04289,4252.0,2280.0,617.30422,244.62578
900.0,0.03,5.0,2.0,0.0,0.04289,0.13,243.661,255.58715,0.04289,4252.0,2280.0,0.17182,244.62578
900.0,0.03,6.0,2.0,0.0,0.04289,0.13,243.661,255.58715,0.04289,4252.0,2284.0,0.63206,244.62578
,,,,,,,,,,,,,0.0
,,,,,,,,,,,,,0.0
