Omega,Tolerance,Step Size Rule,Iterations,Converged?,Gap LR,Gap Naive,Obj. Naive,Obj. LR,Gap,Time Naive,Time LR,Final Lambda,LB Heuristic
100.0,0.03,1.0,2.0,0.0,0.53309,1.0,-562.67364,8268.99108,0.53309,4204.0,4200.0,856.64489,3860.85221
100.0,0.03,2.0,2.0,0.0,0.56808,1.0,-562.67364,8938.86855,0.56808,4204.0,4200.0,806.24861,3860.85221
100.0,0.03,2.0,2.0,0.0,0.56808,1.0,-562.67364,8938.86855,0.56808,4204.0,4200.0,806.24861,3860.85221
100.0,0.03,4.0,2.0,0.0,0.5401,1.0,-562.67364,8395.0483,0.5401,4204.0,4200.0,897.00357,3860.85221
100.0,0.03,5.0,2.0,0.0,0.5632,1.0,-562.67364,8838.86855,0.5632,4204.0,4200.0,806.76407,3860.85221
100.0,0.03,6.0,2.0,0.0,0.54188,1.0,-562.67364,8427.68405,0.54188,4204.0,4200.0,0.0,3860.85221
